y_m,f_hz,ey_mv,fase_deg
-100.0,10.0,0.49939080712180295,49.988417275182634
-99.0,10.0,0.49932790040561453,49.98688325381966
-98.0,10.0,0.4992592297775186,49.985164621784755
-97.0,10.0,0.49918434882464446,49.983241765520106
-96.0,10.0,0.4991027850868731,49.98109333040934
-95.0,10.0,0.49901403938260425,49.97869610865654
-94.0,10.0,0.4989175852051227,49.976024925019495
-93.0,10.0,0.4988128682003681,49.97305252103153
-92.0,10.0,0.4986993057373971,49.96974943844185
-91.0,10.0,0.4985762865832679,49.96608390270271
-90.0,10.0,0.4984431706944576,49.962021707435085
-89.0,10.0,0.49829928913725,49.95752610091003
-88.0,10.0,0.49814394414977725,49.95255767569044
-87.0,10.0,0.497976409358568,49.94707426268667
-86.0,10.0,0.49779593016253676,49.94103083098772
-85.0,10.0,0.4976017242973218,49.93437939493637
-84.0,10.0,0.4973929825927565,49.92706893002051
-83.0,10.0,0.49716886993600706,49.91904529925191
-82.0,10.0,0.49692852645254104,49.91025119179653
-81.0,10.0,0.4966710689165861,49.900626075705134
-80.0,10.0,0.49639559240209313,49.89010616666759
-79.0,10.0,0.49610117218442906,49.87862441477705
-78.0,10.0,0.4957868659020825,49.8661105113382
-77.0,10.0,0.4954517159865691,49.85249091778692
-76.0,10.0,0.4950947523674698,49.837688918801895
-75.0,10.0,0.4947149954581201,49.82162470168305
-74.0,10.0,0.49431145942589816,49.80421546404263
-73.0,10.0,0.49388315574932634,49.78537555180176
-72.0,10.0,0.4934290970623195,49.76501662940608
-71.0,10.0,0.4929483012838797,49.743047884066634
-70.0,10.0,0.4924397960293623,49.71937626569625
-69.0,10.0,0.49190262329713613,49.69390676404384
-68.0,10.0,0.49133584442203015,49.6665427243311
-67.0,10.0,0.4907385452844299,49.63718620246481
-66.0,10.0,0.49010984176126016,49.60573836063498
-65.0,10.0,0.48944888540239284,49.57209990381345
-64.0,10.0,0.48875486931326545,49.536171557340204
-63.0,10.0,0.4880270342217112,49.497854585426644
-62.0,10.0,0.4872646747042043,49.45705135001782
-61.0,10.0,0.48646714554394715,49.413665909040986
-60.0,10.0,0.4856338681904844,49.36760465262881
-59.0,10.0,0.4847643372878644,49.31877697544486
-58.0,10.0,0.4838581272357966,49.26709598276006
-57.0,10.0,0.4829148987458128,49.212479227436596
-56.0,10.0,0.48193440535215804,49.15484947447373
-55.0,10.0,0.4809164998350435,49.09413548926451
-54.0,10.0,0.47986114051201967,49.03027284520796
-53.0,10.0,0.47876839735160537,48.963204745824825
-52.0,10.0,0.47763845786196235,48.892882856042064
-51.0,10.0,0.4764716327063677,48.81926813684905
-50.0,10.0,0.47526836099653363,48.74233167709341
-49.0,10.0,0.47402921521447716,48.66205551578379
-48.0,10.0,0.472754905713679,48.57843344790727
-47.0,10.0,0.4714462847507061,48.49147180645823
-46.0,10.0,0.4701043499993264,48.40119021311885
-45.0,10.0,0.4687302475004274,48.307622289837106
-44.0,10.0,0.46732527400277557,48.21081632342067
-43.0,10.0,0.4658908786518223,48.11083587521176
-42.0,10.0,0.464428663986382,48.00776032793203
-41.0,10.0,0.4629403862060668,47.90168536189436
-40.0,10.0,0.4614279546758655,47.79272335297134
-39.0,10.0,0.4598934306381737,47.681003684993215
-38.0,10.0,0.4583390251069159,47.56667296962008
-37.0,10.0,0.45676709592311526,47.44989516719799
-36.0,10.0,0.4551801439563409,47.33085160266236
-35.0,10.0,0.45358080844186566,47.20974087119566
-34.0,10.0,0.45197186144905893,47.086778629075525
-33.0,10.0,0.45035620148248245,46.96219726595971
-32.0,10.0,0.4487368462233072,46.83624545574171
-31.0,10.0,0.44711692442497625,46.70918758406653
-30.0,10.0,0.44549966698345383,46.58130305161446
-29.0,10.0,0.4438883972088666,46.45288545333094
-28.0,10.0,0.442286520331806,46.324241634893504
-27.0,10.0,0.44069751228396237,46.195690628851594
-26.0,10.0,0.4391249077990365,46.06756247403896
-25.0,10.0,0.43757228788597285,45.940196923029625
-24.0,10.0,0.4360432667324092,45.81394204357382
-23.0,10.0,0.43454147810179045,45.68915272109555
-22.0,10.0,0.43307056129277466,45.566189070446335
-21.0,10.0,0.43163414673421835,45.44541476617412
-20.0,10.0,0.4302358412919584,45.32719530157157
-19.5,10.0,0.4295520965256642,45.26915790594328
-19.0,10.0,0.42887921335313967,45.21189618769781
-18.5,10.0,0.42821762932089746,45.15545553510916
-18.0,10.0,0.4275677776290173,45.09988110441134
-17.5,10.0,0.42693008654518444,45.045217760299394
-17.0,10.0,0.42630497862384853,44.99151001619677
-16.5,10.0,0.4256928694290865,44.938801974398615
-16.0,10.0,0.42509416504251635,44.88713726620273
-15.5,10.0,0.4245092567131475,44.8365589921407
-15.0,10.0,0.4239385090491234,44.78710966242294
-14.5,10.0,0.4233822342023984,44.738831137712026
-14.0,10.0,0.4228406369226927,44.691764570339096
-13.5,10.0,0.4223137015979645,44.6459503460783
-13.0,10.0,0.4218009688550866,44.60142802659408
-12.5,10.0,0.4213011116350714,44.5582362926757
-12.0,10.0,0.42081116502210675,44.51641288837263
-11.5,10.0,0.42032518977486427,44.475994566143434
-11.0,10.0,0.41983206347045576,44.43701703312948
-10.5,10.0,0.4193120163932047,44.39951489866328
-10.0,10.0,0.4187315031716882,44.36352162311915
-9.5,10.0,0.41803609061653196,44.32906946821207
-9.0,10.0,0.4171413299837537,44.29618944884781
-8.5,10.0,0.41592214777657627,44.264911286624915
-8.0,10.0,0.41420217050756214,44.23526336508606
-7.5,10.0,0.4117455356708812,44.20727268681297
-7.0,10.0,0.4082549220119011,44.180964832455786
-6.5,10.0,0.40338036837704955,44.156363921783694
-6.0,10.0,0.39674341491901416,44.133492576839984
-5.5,10.0,0.3879796576030714,44.112371887280155
-5.0,10.0,0.3767996304149007,44.09302137796755
-4.5,10.0,0.363063156475208,44.07545897889608
-4.0,10.0,0.34685672975780046,44.05970099750499
-3.5,10.0,0.32855854898195413,44.045762093445425
-3.0,10.0,0.30887334884798556,44.03365525585352
-2.5,10.0,0.28882081323091896,44.02339178317929
-2.0,10.0,0.26966790462893014,44.01498126561524
-1.5,10.0,0.25280627610385237,44.00843157016275
-1.0,10.0,0.23958883537732245,44.003748828369105
-0.5,10.0,0.2311511348446717,44.000937426761624
0.0,10.0,0.22825,44.0
0.5,10.0,0.2311511348446717,44.000937426761624
1.0,10.0,0.23958883537732245,44.003748828369105
1.5,10.0,0.25280627610385237,44.00843157016275
2.0,10.0,0.26966790462893014,44.01498126561524
2.5,10.0,0.28882081323091896,44.02339178317929
3.0,10.0,0.30887334884798556,44.03365525585352
3.5,10.0,0.32855854898195413,44.045762093445425
4.0,10.0,0.34685672975780046,44.05970099750499
4.5,10.0,0.363063156475208,44.07545897889608
5.0,10.0,0.3767996304149007,44.09302137796755
5.5,10.0,0.3879796576030714,44.112371887280155
6.0,10.0,0.39674341491901416,44.133492576839984
6.5,10.0,0.40338036837704955,44.156363921783694
7.0,10.0,0.4082549220119011,44.180964832455786
7.5,10.0,0.4117455356708812,44.20727268681297
8.0,10.0,0.41420217050756214,44.23526336508606
8.5,10.0,0.41592214777657627,44.264911286624915
9.0,10.0,0.4171413299837537,44.29618944884781
9.5,10.0,0.41803609061653196,44.32906946821207
10.0,10.0,0.4187315031716882,44.36352162311915
10.5,10.0,0.4193120163932047,44.39951489866328
11.0,10.0,0.41983206347045576,44.43701703312948
11.5,10.0,0.42032518977486427,44.475994566143434
12.0,10.0,0.42081116502210675,44.51641288837263
12.5,10.0,0.4213011116350714,44.5582362926757
13.0,10.0,0.4218009688550866,44.60142802659408
13.5,10.0,0.4223137015979645,44.6459503460783
14.0,10.0,0.4228406369226927,44.691764570339096
14.5,10.0,0.4233822342023984,44.738831137712026
15.0,10.0,0.4239385090491234,44.78710966242294
15.5,10.0,0.4245092567131475,44.8365589921407
16.0,10.0,0.42509416504251635,44.88713726620273
16.5,10.0,0.4256928694290865,44.938801974398615
17.0,10.0,0.42630497862384853,44.99151001619677
17.5,10.0,0.42693008654518444,45.045217760299394
18.0,10.0,0.4275677776290173,45.09988110441134
18.5,10.0,0.42821762932089746,45.15545553510916
19.0,10.0,0.42887921335313967,45.21189618769781
19.5,10.0,0.4295520965256642,45.26915790594328
20.0,10.0,0.4302358412919584,45.32719530157157
21.0,10.0,0.43163414673421835,45.44541476617412
22.0,10.0,0.43307056129277466,45.566189070446335
23.0,10.0,0.43454147810179045,45.68915272109555
24.0,10.0,0.4360432667324092,45.81394204357382
25.0,10.0,0.43757228788597285,45.940196923029625
26.0,10.0,0.4391249077990365,46.06756247403896
27.0,10.0,0.44069751228396237,46.195690628851594
28.0,10.0,0.442286520331806,46.324241634893504
29.0,10.0,0.4438883972088666,46.45288545333094
30.0,10.0,0.44549966698345383,46.58130305161446
31.0,10.0,0.44711692442497625,46.70918758406653
32.0,10.0,0.4487368462233072,46.83624545574171
33.0,10.0,0.45035620148248245,46.96219726595971
34.0,10.0,0.45197186144905893,47.086778629075525
35.0,10.0,0.45358080844186566,47.20974087119566
36.0,10.0,0.4551801439563409,47.33085160266236
37.0,10.0,0.45676709592311526,47.44989516719799
38.0,10.0,0.4583390251069159,47.56667296962008
39.0,10.0,0.4598934306381737,47.681003684993215
40.0,10.0,0.4614279546758655,47.79272335297134
41.0,10.0,0.4629403862060668,47.90168536189436
42.0,10.0,0.464428663986382,48.00776032793203
43.0,10.0,0.4658908786518223,48.11083587521176
44.0,10.0,0.46732527400277557,48.21081632342067
45.0,10.0,0.4687302475004274,48.307622289837106
46.0,10.0,0.4701043499993264,48.40119021311885
47.0,10.0,0.4714462847507061,48.49147180645823
48.0,10.0,0.472754905713679,48.57843344790727
49.0,10.0,0.47402921521447716,48.66205551578379
50.0,10.0,0.47526836099653363,48.74233167709341
51.0,10.0,0.4764716327063677,48.81926813684905
52.0,10.0,0.47763845786196235,48.892882856042064
53.0,10.0,0.47876839735160537,48.963204745824825
54.0,10.0,0.47986114051201967,49.03027284520796
55.0,10.0,0.4809164998350435,49.09413548926451
56.0,10.0,0.48193440535215804,49.15484947447373
57.0,10.0,0.4829148987458128,49.212479227436596
58.0,10.0,0.4838581272357966,49.26709598276006
59.0,10.0,0.4847643372878644,49.31877697544486
60.0,10.0,0.4856338681904844,49.36760465262881
61.0,10.0,0.48646714554394715,49.413665909040986
62.0,10.0,0.4872646747042043,49.45705135001782
63.0,10.0,0.4880270342217112,49.497854585426644
64.0,10.0,0.48875486931326545,49.536171557340204
65.0,10.0,0.48944888540239284,49.57209990381345
66.0,10.0,0.49010984176126016,49.60573836063498
67.0,10.0,0.4907385452844299,49.63718620246481
68.0,10.0,0.49133584442203015,49.6665427243311
69.0,10.0,0.49190262329713613,49.69390676404384
70.0,10.0,0.4924397960293623,49.71937626569625
71.0,10.0,0.4929483012838797,49.743047884066634
72.0,10.0,0.4934290970623195,49.76501662940608
73.0,10.0,0.49388315574932634,49.78537555180176
74.0,10.0,0.49431145942589816,49.80421546404263
75.0,10.0,0.4947149954581201,49.82162470168305
76.0,10.0,0.4950947523674698,49.837688918801895
77.0,10.0,0.4954517159865691,49.85249091778692
78.0,10.0,0.4957868659020825,49.8661105113382
79.0,10.0,0.49610117218442906,49.87862441477705
80.0,10.0,0.49639559240209313,49.89010616666759
81.0,10.0,0.4966710689165861,49.900626075705134
82.0,10.0,0.49692852645254104,49.91025119179653
83.0,10.0,0.49716886993600706,49.91904529925191
84.0,10.0,0.4973929825927565,49.92706893002051
85.0,10.0,0.4976017242973218,49.93437939493637
86.0,10.0,0.49779593016253676,49.94103083098772
87.0,10.0,0.497976409358568,49.94707426268667
88.0,10.0,0.49814394414977725,49.95255767569044
89.0,10.0,0.49829928913725,49.95752610091003
90.0,10.0,0.4984431706944576,49.962021707435085
91.0,10.0,0.4985762865832679,49.96608390270271
92.0,10.0,0.4986993057373971,49.96974943844185
93.0,10.0,0.4988128682003681,49.97305252103153
94.0,10.0,0.4989175852051227,49.976024925019495
95.0,10.0,0.49901403938260425,49.97869610865654
96.0,10.0,0.4991027850868731,49.98109333040934
97.0,10.0,0.49918434882464446,49.983241765520106
98.0,10.0,0.4992592297775186,49.985164621784755
99.0,10.0,0.49932790040561453,49.98688325381966
100.0,10.0,0.49939080712180295,49.988417275182634
-100.0,11.220184543019636,0.5016539372003704,49.88861032059626
-99.0,11.220184543019636,0.5015907454046821,49.887101866256
-98.0,11.220184543019636,0.5015217635762962,49.88541187808834
-97.0,11.220184543019636,0.5014465432792965,49.8835210694281
-96.0,11.220184543019636,0.5013646099124779,49.88140844156918
-95.0,11.220184543019636,0.501275462032058,49.879051173512266
-94.0,11.220184543019636,0.5011785707453081,49.8764245096025
-93.0,11.220184543019636,0.5010733791859566,49.873501645681
-92.0,11.220184543019636,0.5009593020827038,49.87025361446783
-91.0,11.220184543019636,0.5008357254326335,49.866649170990996
-90.0,11.220184543019636,0.5007020062916856,49.86265467897783
-89.0,11.220184543019636,0.5005574726946823,49.8582339992282
-88.0,11.220184543019636,0.5004014237176513,49.8533483810956
-87.0,11.220184543019636,0.5002331296953553,49.847956358308565
-86.0,11.220184543019636,0.5000518326070216,49.84201365047126
-85.0,11.220184543019636,0.49985674664323704,49.83547307168743
-84.0,11.220184543019636,0.49964705896685263,49.828284447853505
-83.0,11.220184543019636,0.49942193068048557,49.82039454426438
-82.0,11.220184543019636,0.4991804980128398,49.8117470052666
-81.0,11.220184543019636,0.4989218737355567,49.802282307776714
-80.0,11.220184543019636,0.49864514882165994,49.79193773055647
-79.0,11.220184543019636,0.4983493943558663,49.78064734119743
-78.0,11.220184543019636,0.49803366370608776,49.7683420028159
-77.0,11.220184543019636,0.49769699496434894,49.754949402490475
-76.0,11.220184543019636,0.4973384136640832,49.74039410348853
-75.0,11.220184543019636,0.49695693577935346,49.724597623321664
-74.0,11.220184543019636,0.49655157100995956,49.70747853964191
-73.0,11.220184543019636,0.4961213263546605,49.6889526259384
-72.0,11.220184543019636,0.49566520997284363,49.66893301891598
-71.0,11.220184543019636,0.4951822353329343,49.64733041933219
-70.0,11.220184543019636,0.49467142564365324,49.62405332793464
-69.0,11.220184543019636,0.49413181856191496,49.59900831797644
-68.0,11.220184543019636,0.4935624711687228,49.57210034559225
-67.0,11.220184543019636,0.4929624652018719,49.5432330990904
-66.0,11.220184543019636,0.4923309125316344,49.512309387957735
-65.0,11.220184543019636,0.49166696086289147,49.47923157208323
-64.0,11.220184543019636,0.4909697996444106,49.44390203138453
-63.0,11.220184543019636,0.49023866616316947,49.40622367566954
-62.0,11.220184543019636,0.48947285179881694,49.366100494184195
-61.0,11.220184543019636,0.48867170841057367,49.32343814389031
-60.0,11.220184543019636,0.48783465482612,49.278144575085
-59.0,11.220184543019636,0.4869611833993416,49.23013069252078
-58.0,11.220184543019636,0.4860508666012202,49.17931104971406
-57.0,11.220184543019636,0.48510336360570644,49.12560457364599
-56.0,11.220184543019636,0.4841184268301164,49.068935316565835
-55.0,11.220184543019636,0.4830959083874933,49.0092332311101
-54.0,11.220184543019636,0.4820357664064919,48.9464349644545
-53.0,11.220184543019636,0.4809380711727129,48.880484666727746
-52.0,11.220184543019636,0.47980301104406436,48.811334808441366
-51.0,11.220184543019636,0.4786308980916813,48.7389470012349
-50.0,11.220184543019636,0.47742217341723436,48.663292815808525
-49.0,11.220184543019636,0.4761774120971041,48.584354590520725
-48.0,11.220184543019636,0.474897327703938,48.502126223775484
-47.0,11.220184543019636,0.4735827763565437,48.41661394301726
-46.0,11.220184543019636,0.4722347602499287,48.32783704290021
-45.0,11.220184543019636,0.4708544306185877,48.23582858500649
-44.0,11.220184543019636,0.4694430900878692,48.140636051363664
-43.0,11.220184543019636,0.46800219437043544,48.042321943958235
-42.0,11.220184543019636,0.46653335326745665,47.9409643224665
-41.0,11.220184543019636,0.46503833093725816,47.83665727252945
-40.0,11.220184543019636,0.4635190453976539,47.72951129708849
-39.0,11.220184543019636,0.4619775672321398,47.61965362357666
-38.0,11.220184543019636,0.4604161174744727,47.50722842012641
-37.0,11.220184543019636,0.4588370646508964,47.39239691441136
-36.0,11.220184543019636,0.4572429209643746,47.275337409284646
-35.0,11.220184543019636,0.45563633761061817,47.15624519000907
-34.0,11.220184543019636,0.45402009922140946,47.03533231859093
-33.0,11.220184543019636,0.45239711743669986,46.91282731152705
-32.0,11.220184543019636,0.4507704236131324,46.78897469814601
-31.0,11.220184543019636,0.44914316068297755,46.664034457665416
-30.0,11.220184543019636,0.44751857418391444,46.53828133408756
-29.0,11.220184543019636,0.4459000024865854,46.41200402910876
-28.0,11.220184543019636,0.44429086625334335,46.28550427431195
-27.0,11.220184543019636,0.44269465716804196,46.1590957850374
-26.0,11.220184543019636,0.44111492598302315,46.03310309947164
-25.0,11.220184543019636,0.4395552699355819,45.9078603076458
-24.0,11.220184543019636,0.4380193195920651,45.78370967618092
-23.0,11.220184543019636,0.4365107251833401,45.661000175743965
-22.0,11.220184543019636,0.43503314250057157,45.54008591927223
-21.0,11.220184543019636,0.43359021842492684,45.42132452007121
-20.0,11.220184543019636,0.4321855761677711,45.30507537987871
-19.5,11.220184543019636,0.43149873281951534,45.24800527417756
-19.0,11.220184543019636,0.43082280028740033,45.19169791790285
-18.5,11.220184543019636,0.43015821810080385,45.13619794285734
-18.0,11.220184543019636,0.42950542142297377,45.081549752671144
-17.5,11.220184543019636,0.42886484046241097,45.02779746429441
-17.0,11.220184543019636,0.42823689968848955,44.97498484926016
-16.5,11.220184543019636,0.4276220165485321,44.923155274825305
-16.0,11.220184543019636,0.42702059896442995,44.87235164509935
-15.5,11.220184543019636,0.42643303995824733,44.82261634227169
-15.0,11.220184543019636,0.4258597057904525,44.77399116804923
-14.5,11.220184543019636,0.42530091002760406,44.726517285416826
-14.0,11.220184543019636,0.42475685834730326,44.68023516083345
-13.5,11.220184543019636,0.424227535066758,44.63518450697699
-13.0,11.220184543019636,0.4237124787310624,44.59140422615084
-12.5,11.220184543019636,0.4232103562672872,44.548932354464434
-12.0,11.220184543019636,0.42271818932326943,44.507806006899756
-11.5,11.220184543019636,0.42223001174233604,44.46806132337438
-11.0,11.220184543019636,0.42173465069720717,44.429733415910654
-10.5,11.220184543019636,0.4212122468801723,44.39285631701889
-10.0,11.220184543019636,0.4206291028995112,44.35746292940049
-9.5,11.220184543019636,0.41993053888652243,44.3235849770752
-9.0,11.220184543019636,0.4190317233939584,44.29125295803368
-8.5,11.220184543019636,0.4178070161192688,44.2604960985145
-8.0,11.220184543019636,0.4160792442888882,44.23134230900129
-7.5,11.220184543019636,0.4136114765196188,44.20381814203276
-7.0,11.220184543019636,0.41010504416183285,44.177948751914855
-6.5,11.220184543019636,0.4052084001144361,44.15375785642063
-6.0,11.220184543019636,0.3985413694327379,44.13126770055931
-5.5,11.220184543019636,0.3897378966825098,44.11049902249215
-5.0,11.220184543019636,0.37850720405266913,44.09147102166809
-4.5,11.220184543019636,0.36470847941291734,44.07420132924781
-4.0,11.220184543019636,0.3484286087088621,44.05870598087991
-3.5,11.220184543019636,0.3300475045737822,44.044999391888
-3.0,11.220184543019636,0.31027309541175285,44.03309433492262
-2.5,11.220184543019636,0.2901296860824366,44.023001920126305
-2.0,11.220184543019636,0.27088998068136566,44.01473157785499
-1.5,11.220184543019636,0.2539519389381338,44.00829104399337
-1.0,11.220184543019636,0.240674599656718,44.003686347896284
-0.5,11.220184543019636,0.23219866130791791,44.00092180298227
0.0,11.220184543019636,0.22928437915369365,44.0
0.5,11.220184543019636,0.23219866130791791,44.00092180298227
1.0,11.220184543019636,0.240674599656718,44.003686347896284
1.5,11.220184543019636,0.2539519389381338,44.00829104399337
2.0,11.220184543019636,0.27088998068136566,44.01473157785499
2.5,11.220184543019636,0.2901296860824366,44.023001920126305
3.0,11.220184543019636,0.31027309541175285,44.03309433492262
3.5,11.220184543019636,0.3300475045737822,44.044999391888
4.0,11.220184543019636,0.3484286087088621,44.05870598087991
4.5,11.220184543019636,0.36470847941291734,44.07420132924781
5.0,11.220184543019636,0.37850720405266913,44.09147102166809
5.5,11.220184543019636,0.3897378966825098,44.11049902249215
6.0,11.220184543019636,0.3985413694327379,44.13126770055931
6.5,11.220184543019636,0.4052084001144361,44.15375785642063
7.0,11.220184543019636,0.41010504416183285,44.177948751914855
7.5,11.220184543019636,0.4136114765196188,44.20381814203276
8.0,11.220184543019636,0.4160792442888882,44.23134230900129
8.5,11.220184543019636,0.4178070161192688,44.2604960985145
9.0,11.220184543019636,0.4190317233939584,44.29125295803368
9.5,11.220184543019636,0.41993053888652243,44.3235849770752
10.0,11.220184543019636,0.4206291028995112,44.35746292940049
10.5,11.220184543019636,0.4212122468801723,44.39285631701889
11.0,11.220184543019636,0.42173465069720717,44.429733415910654
11.5,11.220184543019636,0.42223001174233604,44.46806132337438
12.0,11.220184543019636,0.42271818932326943,44.507806006899756
12.5,11.220184543019636,0.4232103562672872,44.548932354464434
13.0,11.220184543019636,0.4237124787310624,44.59140422615084
13.5,11.220184543019636,0.424227535066758,44.63518450697699
14.0,11.220184543019636,0.42475685834730326,44.68023516083345
14.5,11.220184543019636,0.42530091002760406,44.726517285416826
15.0,11.220184543019636,0.4258597057904525,44.77399116804923
15.5,11.220184543019636,0.42643303995824733,44.82261634227169
16.0,11.220184543019636,0.42702059896442995,44.87235164509935
16.5,11.220184543019636,0.4276220165485321,44.923155274825305
17.0,11.220184543019636,0.42823689968848955,44.97498484926016
17.5,11.220184543019636,0.42886484046241097,45.02779746429441
18.0,11.220184543019636,0.42950542142297377,45.081549752671144
18.5,11.220184543019636,0.43015821810080385,45.13619794285734
19.0,11.220184543019636,0.43082280028740033,45.19169791790285
19.5,11.220184543019636,0.43149873281951534,45.24800527417756
20.0,11.220184543019636,0.4321855761677711,45.30507537987871
21.0,11.220184543019636,0.43359021842492684,45.42132452007121
22.0,11.220184543019636,0.43503314250057157,45.54008591927223
23.0,11.220184543019636,0.4365107251833401,45.661000175743965
24.0,11.220184543019636,0.4380193195920651,45.78370967618092
25.0,11.220184543019636,0.4395552699355819,45.9078603076458
26.0,11.220184543019636,0.44111492598302315,46.03310309947164
27.0,11.220184543019636,0.44269465716804196,46.1590957850374
28.0,11.220184543019636,0.44429086625334335,46.28550427431195
29.0,11.220184543019636,0.4459000024865854,46.41200402910876
30.0,11.220184543019636,0.44751857418391444,46.53828133408756
31.0,11.220184543019636,0.44914316068297755,46.664034457665416
32.0,11.220184543019636,0.4507704236131324,46.78897469814601
33.0,11.220184543019636,0.45239711743669986,46.91282731152705
34.0,11.220184543019636,0.45402009922140946,47.03533231859093
35.0,11.220184543019636,0.45563633761061817,47.15624519000907
36.0,11.220184543019636,0.4572429209643746,47.275337409284646
37.0,11.220184543019636,0.4588370646508964,47.39239691441136
38.0,11.220184543019636,0.4604161174744727,47.50722842012641
39.0,11.220184543019636,0.4619775672321398,47.61965362357666
40.0,11.220184543019636,0.4635190453976539,47.72951129708849
41.0,11.220184543019636,0.46503833093725816,47.83665727252945
42.0,11.220184543019636,0.46653335326745665,47.9409643224665
43.0,11.220184543019636,0.46800219437043544,48.042321943958235
44.0,11.220184543019636,0.4694430900878692,48.140636051363664
45.0,11.220184543019636,0.4708544306185877,48.23582858500649
46.0,11.220184543019636,0.4722347602499287,48.32783704290021
47.0,11.220184543019636,0.4735827763565437,48.41661394301726
48.0,11.220184543019636,0.474897327703938,48.502126223775484
49.0,11.220184543019636,0.4761774120971041,48.584354590520725
50.0,11.220184543019636,0.47742217341723436,48.663292815808525
51.0,11.220184543019636,0.4786308980916813,48.7389470012349
52.0,11.220184543019636,0.47980301104406436,48.811334808441366
53.0,11.220184543019636,0.4809380711727129,48.880484666727746
54.0,11.220184543019636,0.4820357664064919,48.9464349644545
55.0,11.220184543019636,0.4830959083874933,49.0092332311101
56.0,11.220184543019636,0.4841184268301164,49.068935316565835
57.0,11.220184543019636,0.48510336360570644,49.12560457364599
58.0,11.220184543019636,0.4860508666012202,49.17931104971406
59.0,11.220184543019636,0.4869611833993416,49.23013069252078
60.0,11.220184543019636,0.48783465482612,49.278144575085
61.0,11.220184543019636,0.48867170841057367,49.32343814389031
62.0,11.220184543019636,0.48947285179881694,49.366100494184195
63.0,11.220184543019636,0.49023866616316947,49.40622367566954
64.0,11.220184543019636,0.4909697996444106,49.44390203138453
65.0,11.220184543019636,0.49166696086289147,49.47923157208323
66.0,11.220184543019636,0.4923309125316344,49.512309387957735
67.0,11.220184543019636,0.4929624652018719,49.5432330990904
68.0,11.220184543019636,0.4935624711687228,49.57210034559225
69.0,11.220184543019636,0.49413181856191496,49.59900831797644
70.0,11.220184543019636,0.49467142564365324,49.62405332793464
71.0,11.220184543019636,0.4951822353329343,49.64733041933219
72.0,11.220184543019636,0.49566520997284363,49.66893301891598
73.0,11.220184543019636,0.4961213263546605,49.6889526259384
74.0,11.220184543019636,0.49655157100995956,49.70747853964191
75.0,11.220184543019636,0.49695693577935346,49.724597623321664
76.0,11.220184543019636,0.4973384136640832,49.74039410348853
77.0,11.220184543019636,0.49769699496434894,49.754949402490475
78.0,11.220184543019636,0.49803366370608776,49.7683420028159
79.0,11.220184543019636,0.4983493943558663,49.78064734119743
80.0,11.220184543019636,0.49864514882165994,49.79193773055647
81.0,11.220184543019636,0.4989218737355567,49.802282307776714
82.0,11.220184543019636,0.4991804980128398,49.8117470052666
83.0,11.220184543019636,0.49942193068048557,49.82039454426438
84.0,11.220184543019636,0.49964705896685263,49.828284447853505
85.0,11.220184543019636,0.49985674664323704,49.83547307168743
86.0,11.220184543019636,0.5000518326070216,49.84201365047126
87.0,11.220184543019636,0.5002331296953553,49.847956358308565
88.0,11.220184543019636,0.5004014237176513,49.8533483810956
89.0,11.220184543019636,0.5005574726946823,49.8582339992282
90.0,11.220184543019636,0.5007020062916856,49.86265467897783
91.0,11.220184543019636,0.5008357254326335,49.866649170990996
92.0,11.220184543019636,0.5009593020827038,49.87025361446783
93.0,11.220184543019636,0.5010733791859566,49.873501645681
94.0,11.220184543019636,0.5011785707453081,49.8764245096025
95.0,11.220184543019636,0.501275462032058,49.879051173512266
96.0,11.220184543019636,0.5013646099124779,49.88140844156918
97.0,11.220184543019636,0.5014465432792965,49.8835210694281
98.0,11.220184543019636,0.5015217635762962,49.88541187808834
99.0,11.220184543019636,0.5015907454046821,49.887101866256
100.0,11.220184543019636,0.5016539372003704,49.88861032059626
-100.0,12.589254117941675,0.5097894223153818,49.78880336600988
-99.0,12.589254117941675,0.5097252057177831,49.787320478692344
-98.0,12.589254117941675,0.5096551051886428,49.78565913439193
-97.0,12.589254117941675,0.5095786650196134,49.7838003733361
-96.0,12.589254117941675,0.5094954029127275,49.78172355272902
-95.0,12.589254117941675,0.5094048092921263,49.77940623836799
-94.0,12.589254117941675,0.5093063466878552,49.77682409418551
-93.0,12.589254117941675,0.5091994492027611,49.77395077033048
-92.0,12.589254117941675,0.5090835220740093,49.77075779049379
-91.0,12.589254117941675,0.5089579413411986,49.767214439279286
-90.0,12.589254117941675,0.5088220536334358,49.76328765052058
-89.0,12.589254117941675,0.5086751760880652,49.758941897546364
-88.0,12.589254117941675,0.5085165964140024,49.75413908650076
-87.0,12.589254117941675,0.5083455731127916,49.74883845393045
-86.0,12.589254117941675,0.5081613358705905,49.7429964699548
-85.0,12.589254117941675,0.5079630861342591,49.73656674843849
-84.0,12.589254117941675,0.507749997884604,49.72949996568649
-83.0,12.589254117941675,0.5075212186195703,49.72174378927685
-82.0,12.589254117941675,0.5072758705598022,49.71324281873665
-81.0,12.589254117941675,0.5070130520884697,49.703938539848295
-80.0,12.589254117941675,0.5067318394366106,49.69376929444534
-79.0,12.589254117941675,0.5064312886244201,49.68267026761781
-78.0,12.589254117941675,0.5061104376679697,49.67057349429359
-77.0,12.589254117941675,0.5057683090597093,49.657407887194026
-76.0,12.589254117941675,0.5054039125298311,49.643099288175165
-75.0,12.589254117941675,0.505016248094129,49.62757054496028
-74.0,12.589254117941675,0.5046043093923827,49.6107416152412
-73.0,12.589254117941675,0.5041670873195265,49.59252970007504
-72.0,12.589254117941675,0.5037035739499461,49.572849408425874
-71.0,12.589254117941675,0.5032127667531634,49.55161295459774
-70.0,12.589254117941675,0.5026936730969569,49.52873039017304
-69.0,12.589254117941675,0.5021453150316104,49.504109871909044
-68.0,12.589254117941675,0.501566734346503,49.4776579668534
-67.0,12.589254117941675,0.500956997887673,49.44927999571598
-66.0,12.589254117941675,0.5003152031223037,49.41888041528048
-65.0,12.589254117941675,0.499640483933329,49.386363240353006
-64.0,12.589254117941675,0.49893201662454345,49.35163250542886
-63.0,12.589254117941675,0.4981890261137593,49.31459276591242
-62.0,12.589254117941675,0.49741079228869883,49.27514963835056
-61.0,12.589254117941675,0.49659665649747264,49.23321037873962
-60.0,12.589254117941675,0.4957460281427007,49.18868449754119
-59.0,12.589254117941675,0.4948583913456062,49.1414844095967
-58.0,12.589254117941675,0.4939333116437939,49.09152611666806
-57.0,12.589254117941675,0.4929704426839274,49.03872991985537
-56.0,12.589254117941675,0.4919695328681939,48.98302115865794
-55.0,12.589254117941675,0.49093043191130564,48.924330972955694
-54.0,12.589254117941675,0.4898530972628762,48.86259708370103
-53.0,12.589254117941675,0.48873760034835084,48.79776458763067
-52.0,12.589254117941675,0.4875841325802989,48.72978676084066
-51.0,12.589254117941675,0.4863930110908147,48.65862586562075
-50.0,12.589254117941675,0.4851646841350581,48.58425395452363
-49.0,12.589254117941675,0.4838997361156104,48.50665366525766
-48.0,12.589254117941675,0.48259889217735896,48.425818999643695
-47.0,12.589254117941675,0.48126302232306856,48.341756079576285
-46.0,12.589254117941675,0.4798931450006693,48.25448387268156
-45.0,12.589254117941675,0.47849043011460024,48.16403488017587
-44.0,12.589254117941675,0.47705620141530886,48.070455779306656
-43.0,12.589254117941675,0.4755919382232234,47.9738080127047
-42.0,12.589254117941675,0.4740992764461833,47.874168317000965
-41.0,12.589254117941675,0.47258000885244356,47.77162918316454
-40.0,12.589254117941675,0.4710360845649369,47.666299241205635
-39.0,12.589254117941675,0.4694696077464856,47.558303562160106
-38.0,12.589254117941675,0.46788283545007353,47.44778387063274
-37.0,12.589254117941675,0.4662781746131051,47.33489866162472
-36.0,12.589254117941675,0.46465817817975696,47.21982321590694
-35.0,12.589254117941675,0.4630255403410434,47.10274950882247
-34.0,12.589254117941675,0.46138309088802615,46.98388600810634
-33.0,12.589254117941675,0.4597337886796693,46.86345735709439
-32.0,12.589254117941675,0.4580807142331127,46.741703940550316
-31.0,12.589254117941675,0.456427061450582,46.618881331264305
-30.0,12.589254117941675,0.4547761285036968,46.495259616560645
-29.0,12.589254117941675,0.4531313079025424,46.37112260488658
-28.0,12.589254117941675,0.45149607578346596,46.24676691373038
-27.0,12.589254117941675,0.44987398045609417,46.12250094122321
-26.0,12.589254117941675,0.44826863025647506,45.998643724904326
-25.0,12.589254117941675,0.4466836807594712,45.87552369226197
-24.0,12.589254117941675,0.44512282140950493,45.75347730878802
-23.0,12.589254117941675,0.4435897616344255,45.63284763039237
-22.0,12.589254117941675,0.4420882165125521,45.513982768098124
-21.0,12.589254117941675,0.4406218920677105,45.39723427396831
-20.0,12.589254117941675,0.43919447027006364,45.28295545818585
-19.5,12.589254117941675,0.4384964881597617,45.22685264241184
-19.0,12.589254117941675,0.43780959380985557,45.17149964810788
-18.5,12.589254117941675,0.4371342338777141,45.116940350605525
-18.0,12.589254117941675,0.4364708505837693,45.06321840093096
-17.5,12.589254117941675,0.43581988111335296,45.010377168289416
-17.0,12.589254117941675,0.43518175681959753,44.95845968232355
-16.5,12.589254117941675,0.43455690191970425,44.907508575251995
-16.0,12.589254117941675,0.43394573095096667,44.85756602399597
-15.5,12.589254117941675,0.43334864330921585,44.80867369240268
-15.0,12.589254117941675,0.4327660111946849,44.76087267367551
-14.5,12.589254117941675,0.43219815325914357,44.714203433121625
-14.0,12.589254117941675,0.43164527851573353,44.66870575132779
-13.5,12.589254117941675,0.43110737102732993,44.62441866787569
-13.0,12.589254117941675,0.4305839618554624,44.58138042570761
-12.5,12.589254117941675,0.43007369630832426,44.53962841625317
-12.0,12.589254117941675,0.4295735477328467,44.49919912542688
-11.5,12.589254117941675,0.42907745321725244,44.460128080605315
-11.0,12.589254117941675,0.4285740587408867,44.42244979869183
-10.5,12.589254117941675,0.4280431829311845,44.3861977353745
-10.0,12.589254117941675,0.42745058191486035,44.35140423568184
-9.5,12.589254117941675,0.42674068906199186,44.31810048593833
-9.0,12.589254117941675,0.42582729718615114,44.28631646721955
-8.5,12.589254117941675,0.42458272843512374,44.25608091040409
-8.0,12.589254117941675,0.42282693676683125,44.22742125291653
-7.5,12.589254117941675,0.42031914840474793,44.20036359725254
-7.0,12.589254117941675,0.4167558510925818,44.174932671373924
-6.5,12.589254117941675,0.41177979657552255,44.15115179105757
-6.0,12.589254117941675,0.4050046444881099,44.12904282427865
-5.5,12.589254117941675,0.39605840295604067,44.10862615770415
-5.0,12.589254117941675,0.38464557852986403,44.08992066536863
-4.5,12.589254117941675,0.3706230754831504,44.07294367959955
-4.0,12.589254117941675,0.3540791888191561,44.057710964254824
-3.5,12.589254117941675,0.3353999923379402,44.04423669033058
-3.0,12.589254117941675,0.3153048951488346,44.03253341399173
-2.5,12.589254117941675,0.29483481359667324,44.02261205707332
-2.0,12.589254117941675,0.2752830916333858,44.01448189009473
-1.5,12.589254117941675,0.2580703601563336,44.00815051782399
-1.0,12.589254117941675,0.2445776979439472,44.003623867423464
-0.5,12.589254117941675,0.23596430254525885,44.00090617920291
0.0,12.589254117941675,0.23300275852916433,44.0
0.5,12.589254117941675,0.23596430254525885,44.00090617920291
1.0,12.589254117941675,0.2445776979439472,44.003623867423464
1.5,12.589254117941675,0.2580703601563336,44.00815051782399
2.0,12.589254117941675,0.2752830916333858,44.01448189009473
2.5,12.589254117941675,0.29483481359667324,44.02261205707332
3.0,12.589254117941675,0.3153048951488346,44.03253341399173
3.5,12.589254117941675,0.3353999923379402,44.04423669033058
4.0,12.589254117941675,0.3540791888191561,44.057710964254824
4.5,12.589254117941675,0.3706230754831504,44.07294367959955
5.0,12.589254117941675,0.38464557852986403,44.08992066536863
5.5,12.589254117941675,0.39605840295604067,44.10862615770415
6.0,12.589254117941675,0.4050046444881099,44.12904282427865
6.5,12.589254117941675,0.41177979657552255,44.15115179105757
7.0,12.589254117941675,0.4167558510925818,44.174932671373924
7.5,12.589254117941675,0.42031914840474793,44.20036359725254
8.0,12.589254117941675,0.42282693676683125,44.22742125291653
8.5,12.589254117941675,0.42458272843512374,44.25608091040409
9.0,12.589254117941675,0.42582729718615114,44.28631646721955
9.5,12.589254117941675,0.42674068906199186,44.31810048593833
10.0,12.589254117941675,0.42745058191486035,44.35140423568184
10.5,12.589254117941675,0.4280431829311845,44.3861977353745
11.0,12.589254117941675,0.4285740587408867,44.42244979869183
11.5,12.589254117941675,0.42907745321725244,44.460128080605315
12.0,12.589254117941675,0.4295735477328467,44.49919912542688
12.5,12.589254117941675,0.43007369630832426,44.53962841625317
13.0,12.589254117941675,0.4305839618554624,44.58138042570761
13.5,12.589254117941675,0.43110737102732993,44.62441866787569
14.0,12.589254117941675,0.43164527851573353,44.66870575132779
14.5,12.589254117941675,0.43219815325914357,44.714203433121625
15.0,12.589254117941675,0.4327660111946849,44.76087267367551
15.5,12.589254117941675,0.43334864330921585,44.80867369240268
16.0,12.589254117941675,0.43394573095096667,44.85756602399597
16.5,12.589254117941675,0.43455690191970425,44.907508575251995
17.0,12.589254117941675,0.43518175681959753,44.95845968232355
17.5,12.589254117941675,0.43581988111335296,45.010377168289416
18.0,12.589254117941675,0.4364708505837693,45.06321840093096
18.5,12.589254117941675,0.4371342338777141,45.116940350605525
19.0,12.589254117941675,0.43780959380985557,45.17149964810788
19.5,12.589254117941675,0.4384964881597617,45.22685264241184
20.0,12.589254117941675,0.43919447027006364,45.28295545818585
21.0,12.589254117941675,0.4406218920677105,45.39723427396831
22.0,12.589254117941675,0.4420882165125521,45.513982768098124
23.0,12.589254117941675,0.4435897616344255,45.63284763039237
24.0,12.589254117941675,0.44512282140950493,45.75347730878802
25.0,12.589254117941675,0.4466836807594712,45.87552369226197
26.0,12.589254117941675,0.44826863025647506,45.998643724904326
27.0,12.589254117941675,0.44987398045609417,46.12250094122321
28.0,12.589254117941675,0.45149607578346596,46.24676691373038
29.0,12.589254117941675,0.4531313079025424,46.37112260488658
30.0,12.589254117941675,0.4547761285036968,46.495259616560645
31.0,12.589254117941675,0.456427061450582,46.618881331264305
32.0,12.589254117941675,0.4580807142331127,46.741703940550316
33.0,12.589254117941675,0.4597337886796693,46.86345735709439
34.0,12.589254117941675,0.46138309088802615,46.98388600810634
35.0,12.589254117941675,0.4630255403410434,47.10274950882247
36.0,12.589254117941675,0.46465817817975696,47.21982321590694
37.0,12.589254117941675,0.4662781746131051,47.33489866162472
38.0,12.589254117941675,0.46788283545007353,47.44778387063274
39.0,12.589254117941675,0.4694696077464856,47.558303562160106
40.0,12.589254117941675,0.4710360845649369,47.666299241205635
41.0,12.589254117941675,0.47258000885244356,47.77162918316454
42.0,12.589254117941675,0.4740992764461833,47.874168317000965
43.0,12.589254117941675,0.4755919382232234,47.9738080127047
44.0,12.589254117941675,0.47705620141530886,48.070455779306656
45.0,12.589254117941675,0.47849043011460024,48.16403488017587
46.0,12.589254117941675,0.4798931450006693,48.25448387268156
47.0,12.589254117941675,0.48126302232306856,48.341756079576285
48.0,12.589254117941675,0.48259889217735896,48.425818999643695
49.0,12.589254117941675,0.4838997361156104,48.50665366525766
50.0,12.589254117941675,0.4851646841350581,48.58425395452363
51.0,12.589254117941675,0.4863930110908147,48.65862586562075
52.0,12.589254117941675,0.4875841325802989,48.72978676084066
53.0,12.589254117941675,0.48873760034835084,48.79776458763067
54.0,12.589254117941675,0.4898530972628762,48.86259708370103
55.0,12.589254117941675,0.49093043191130564,48.924330972955694
56.0,12.589254117941675,0.4919695328681939,48.98302115865794
57.0,12.589254117941675,0.4929704426839274,49.03872991985537
58.0,12.589254117941675,0.4939333116437939,49.09152611666806
59.0,12.589254117941675,0.4948583913456062,49.1414844095967
60.0,12.589254117941675,0.4957460281427007,49.18868449754119
61.0,12.589254117941675,0.49659665649747264,49.23321037873962
62.0,12.589254117941675,0.49741079228869883,49.27514963835056
63.0,12.589254117941675,0.4981890261137593,49.31459276591242
64.0,12.589254117941675,0.49893201662454345,49.35163250542886
65.0,12.589254117941675,0.499640483933329,49.386363240353006
66.0,12.589254117941675,0.5003152031223037,49.41888041528048
67.0,12.589254117941675,0.500956997887673,49.44927999571598
68.0,12.589254117941675,0.501566734346503,49.4776579668534
69.0,12.589254117941675,0.5021453150316104,49.504109871909044
70.0,12.589254117941675,0.5026936730969569,49.52873039017304
71.0,12.589254117941675,0.5032127667531634,49.55161295459774
72.0,12.589254117941675,0.5037035739499461,49.572849408425874
73.0,12.589254117941675,0.5041670873195265,49.59252970007504
74.0,12.589254117941675,0.5046043093923827,49.6107416152412
75.0,12.589254117941675,0.505016248094129,49.62757054496028
76.0,12.589254117941675,0.5054039125298311,49.643099288175165
77.0,12.589254117941675,0.5057683090597093,49.657407887194026
78.0,12.589254117941675,0.5061104376679697,49.67057349429359
79.0,12.589254117941675,0.5064312886244201,49.68267026761781
80.0,12.589254117941675,0.5067318394366106,49.69376929444534
81.0,12.589254117941675,0.5070130520884697,49.703938539848295
82.0,12.589254117941675,0.5072758705598022,49.71324281873665
83.0,12.589254117941675,0.5075212186195703,49.72174378927685
84.0,12.589254117941675,0.507749997884604,49.72949996568649
85.0,12.589254117941675,0.5079630861342591,49.73656674843849
86.0,12.589254117941675,0.5081613358705905,49.7429964699548
87.0,12.589254117941675,0.5083455731127916,49.74883845393045
88.0,12.589254117941675,0.5085165964140024,49.75413908650076
89.0,12.589254117941675,0.5086751760880652,49.758941897546364
90.0,12.589254117941675,0.5088220536334358,49.76328765052058
91.0,12.589254117941675,0.5089579413411986,49.767214439279286
92.0,12.589254117941675,0.5090835220740093,49.77075779049379
93.0,12.589254117941675,0.5091994492027611,49.77395077033048
94.0,12.589254117941675,0.5093063466878552,49.77682409418551
95.0,12.589254117941675,0.5094048092921263,49.77940623836799
96.0,12.589254117941675,0.5094954029127275,49.78172355272902
97.0,12.589254117941675,0.5095786650196134,49.7838003733361
98.0,12.589254117941675,0.5096551051886428,49.78565913439193
99.0,12.589254117941675,0.5097252057177831,49.787320478692344
100.0,12.589254117941675,0.5097894223153818,49.78880336600988
-100.0,14.125375446227547,0.5247640675550166,49.6889964114235
-99.0,14.125375446227547,0.5246979646476487,49.68753909112868
-98.0,14.125375446227547,0.5246258049730866,49.685906390695514
-97.0,14.125375446227547,0.5245471194369249,49.6840796772441
-96.0,14.125375446227547,0.5244614115740899,49.68203866388887
-95.0,14.125375446227547,0.5243681568403502,49.679761303223714
-94.0,14.125375446227547,0.5242668019780138,49.67722367876852
-93.0,14.125375446227547,0.5241567644671635,49.674399894979956
-92.0,14.125375446227547,0.5240374320742953,49.671261966519765
-91.0,14.125375446227547,0.5239081625106843,49.667779707567576
-90.0,14.125375446227547,0.523768283213204,49.66392062206333
-89.0,14.125375446227547,0.5236170912606698,49.659649795864524
-88.0,14.125375446227547,0.523453853439032,49.654929791905914
-87.0,14.125375446227547,0.5232778064689273,49.64972054955234
-86.0,14.125375446227547,0.5230881574091774,49.643979289438334
-85.0,14.125375446227547,0.5228840842498002,49.63766042518955
-84.0,14.125375446227547,0.5226647367079674,49.63071548351948
-83.0,14.125375446227547,0.5224292372400773,49.62309303428932
-82.0,14.125375446227547,0.5221766822827266,49.61473863220671
-81.0,14.125375446227547,0.5219061437348325,49.605594771919876
-80.0,14.125375446227547,0.5216166706924784,49.595600858334215
-79.0,14.125375446227547,0.521307291447229,49.584693194038195
-78.0,14.125375446227547,0.5209770157576686,49.57280498577129
-77.0,14.125375446227547,0.5206248374027662,49.55986637189758
-76.0,14.125375446227547,0.5202497370243525,49.5458044728618
-75.0,14.125375446227547,0.5198506852645073,49.53054346659889
-74.0,14.125375446227547,0.5194266462020058,49.514004690840494
-73.0,14.125375446227547,0.5189765810901509,49.496106774211675
-72.0,14.125375446227547,0.5184994523963417,49.47676579793577
-71.0,14.125375446227547,0.5179942281415911,49.4558954898633
-70.0,14.125375446227547,0.5174598865359223,49.43340745241143
-69.0,14.125375446227547,0.5168954209031502,49.40921142584165
-68.0,14.125375446227547,0.5162998448860043,49.383215588114545
-67.0,14.125375446227547,0.5156721979198923,49.35532689234157
-66.0,14.125375446227547,0.515011550960838,49.32545144260323
-65.0,14.125375446227547,0.5143170124502984,49.293494908622776
-64.0,14.125375446227547,0.513587734496669,49.25936297947319
-63.0,14.125375446227547,0.5128229192503599,49.22296185615531
-62.0,14.125375446227547,0.5120218254463873,49.18419878251693
-61.0,14.125375446227547,0.5111837750855039,49.142982613588934
-60.0,14.125375446227547,0.510308160222017,49.09922441999737
-59.0,14.125375446227547,0.5093944498236348,49.05283812667262
-58.0,14.125375446227547,0.5084421966659863,49.003741183622054
-57.0,14.125375446227547,0.5074510442218907,48.95185526606476
-56.0,14.125375446227547,0.506420733503056,48.89710700075004
-55.0,14.125375446227547,0.5053511098096879,48.839428714801286
-54.0,14.125375446227547,0.5042421293415171,48.77875920294757
-53.0,14.125375446227547,0.5030938656220529,48.71504450853359
-52.0,14.125375446227547,0.5019065156864513,48.64823871323996
-51.0,14.125375446227547,0.5006804059823012,48.57830473000659
-50.0,14.125375446227547,0.49941599793188957,48.50521509323874
-49.0,14.125375446227547,0.4981138931041429,48.4289527399946
-48.0,14.125375446227547,0.4967748379444836,48.34951177551191
-47.0,14.125375446227547,0.49539972801129273,48.26689821613532
-46.0,14.125375446227547,0.49398961166857097,48.18113070246291
-45.0,14.125375446227547,0.49254569318573865,48.09224117534525
-44.0,14.125375446227547,0.49106933519732465,48.00027550724964
-43.0,14.125375446227547,0.48956206047757866,47.905294081451174
-42.0,14.125375446227547,0.4880255529877884,47.80737231153543
-41.0,14.125375446227547,0.4864616581573025,47.706601093799634
-40.0,14.125375446227547,0.4848723823629379,47.60308718532278
-39.0,14.125375446227547,0.48325989157557003,47.49695350074355
-38.0,14.125375446227547,0.4816265091472589,47.38833932113907
-37.0,14.125375446227547,0.4799747127172168,47.27740040883809
-36.0,14.125375446227547,0.478307130220257,47.16430902252924
-35.0,14.125375446227547,0.47662653498704016,47.04925382763588
-34.0,14.125375446227547,0.47493583993141464,46.932439697621746
-33.0,14.125375446227547,0.4732380908263942,46.81408740266173
-32.0,14.125375446227547,0.4715364586767776,46.694433182954626
-31.0,14.125375446227547,0.46983423120304313,46.5737282048632
-30.0,14.125375446227547,0.4681348034578906,46.45223789903374
-29.0,14.125375446227547,0.46644166760360034,46.330241180664395
-28.0,14.125375446227547,0.4647584018851675,46.208029553148826
-27.0,14.125375446227547,0.46308865884089734,46.085906097409016
-26.0,14.125375446227547,0.46143615279874334,45.96418435033701
-25.0,14.125375446227547,0.4598046467130747,45.843187076878145
-24.0,14.125375446227547,0.45819793840271117,45.72324494139512
-23.0,14.125375446227547,0.4566198462568958,45.604695085040774
-22.0,14.125375446227547,0.4550741944813197,45.48787961692402
-21.0,14.125375446227547,0.4535647979612123,45.37314402786541
-20.0,14.125375446227547,0.4520954468215833,45.26083553649299
-19.5,14.125375446227547,0.45137696206052436,45.20570001064612
-19.0,14.125375446227547,0.45066989075370867,45.15130137831292
-18.5,14.125375446227547,0.4499746926786985,45.097682758353706
-18.0,14.125375446227547,0.4492918230457873,45.04488704919077
-17.5,14.125375446227547,0.4486217318822667,44.992956872284424
-17.0,14.125375446227547,0.4479648632119127,44.94193451538693
-16.5,14.125375446227547,0.44732165371295857,44.891861875678686
-16.0,14.125375446227547,0.4466925300993896,44.84278040289259
-15.5,14.125375446227547,0.44607790349896126,44.79473104253366
-15.0,14.125375446227547,0.44547815704498267,44.74775417930179
-14.5,14.125375446227547,0.44489361874935734,44.701889580826425
-14.0,14.125375446227547,0.44432450376481625,44.657176341822144
-13.5,14.125375446227547,0.4437707956860943,44.613652828774384
-13.0,14.125375446227547,0.4432320118000393,44.57135662526437
-12.5,14.125375446227547,0.4427067576218863,44.53032447804191
-12.0,14.125375446227547,0.4421919175931202,44.490592243954
-11.5,14.125375446227547,0.4416812507089142,44.45219483783626
-11.0,14.125375446227547,0.4411630694335895,44.415166181473005
-10.5,14.125375446227547,0.4406165995833509,44.379539153730114
-10.0,14.125375446227547,0.4400065913992833,44.34534554196319
-9.5,14.125375446227547,0.4392758460273854,44.31261599480146
-9.0,14.125375446227547,0.43833562401598913,44.28137997640542
-8.5,14.125375446227547,0.43705449708092114,44.25166572229367
-8.0,14.125375446227547,0.4352471304756126,44.22350019683176
-7.5,14.125375446227547,0.4326656778917654,44.19690905247232
-7.0,14.125375446227547,0.42899771165004263,44.171916590833
-6.5,14.125375446227547,0.4238754896218028,44.14854572569451
-6.0,14.125375446227547,0.41690132301091737,44.126817947997985
-5.5,14.125375446227547,0.40769229298754844,44.106753292916146
-5.0,14.125375446227547,0.3959442262250596,44.08837030906917
-4.5,14.125375446227547,0.38150982367768055,44.07168602995128
-4.0,14.125375446227547,0.3644799739418107,44.05671594762974
-3.5,14.125375446227547,0.34525209141803787,44.04347398877315
-3.0,14.125375446227547,0.3245667172669346,44.03197249306084
-2.5,14.125375446227547,0.3034953438953436,44.02222219402033
-2.0,14.125375446227547,0.28336930617066897,44.014232202334476
-1.5,14.125375446227547,0.26565096485514017,44.00800999165461
-1.0,14.125375446227547,0.2517619667810738,44.00356138695065
-0.5,14.125375446227547,0.2428955599726582,44.000890555423545
0.0,14.125375446227547,0.239847023035445,44.0
0.5,14.125375446227547,0.2428955599726582,44.000890555423545
1.0,14.125375446227547,0.2517619667810738,44.00356138695065
1.5,14.125375446227547,0.26565096485514017,44.00800999165461
2.0,14.125375446227547,0.28336930617066897,44.014232202334476
2.5,14.125375446227547,0.3034953438953436,44.02222219402033
3.0,14.125375446227547,0.3245667172669346,44.03197249306084
3.5,14.125375446227547,0.34525209141803787,44.04347398877315
4.0,14.125375446227547,0.3644799739418107,44.05671594762974
4.5,14.125375446227547,0.38150982367768055,44.07168602995128
5.0,14.125375446227547,0.3959442262250596,44.08837030906917
5.5,14.125375446227547,0.40769229298754844,44.106753292916146
6.0,14.125375446227547,0.41690132301091737,44.126817947997985
6.5,14.125375446227547,0.4238754896218028,44.14854572569451
7.0,14.125375446227547,0.42899771165004263,44.171916590833
7.5,14.125375446227547,0.4326656778917654,44.19690905247232
8.0,14.125375446227547,0.4352471304756126,44.22350019683176
8.5,14.125375446227547,0.43705449708092114,44.25166572229367
9.0,14.125375446227547,0.43833562401598913,44.28137997640542
9.5,14.125375446227547,0.4392758460273854,44.31261599480146
10.0,14.125375446227547,0.4400065913992833,44.34534554196319
10.5,14.125375446227547,0.4406165995833509,44.379539153730114
11.0,14.125375446227547,0.4411630694335895,44.415166181473005
11.5,14.125375446227547,0.4416812507089142,44.45219483783626
12.0,14.125375446227547,0.4421919175931202,44.490592243954
12.5,14.125375446227547,0.4427067576218863,44.53032447804191
13.0,14.125375446227547,0.4432320118000393,44.57135662526437
13.5,14.125375446227547,0.4437707956860943,44.613652828774384
14.0,14.125375446227547,0.44432450376481625,44.657176341822144
14.5,14.125375446227547,0.44489361874935734,44.701889580826425
15.0,14.125375446227547,0.44547815704498267,44.74775417930179
15.5,14.125375446227547,0.44607790349896126,44.79473104253366
16.0,14.125375446227547,0.4466925300993896,44.84278040289259
16.5,14.125375446227547,0.44732165371295857,44.891861875678686
17.0,14.125375446227547,0.4479648632119127,44.94193451538693
17.5,14.125375446227547,0.4486217318822667,44.992956872284424
18.0,14.125375446227547,0.4492918230457873,45.04488704919077
18.5,14.125375446227547,0.4499746926786985,45.097682758353706
19.0,14.125375446227547,0.45066989075370867,45.15130137831292
19.5,14.125375446227547,0.45137696206052436,45.20570001064612
20.0,14.125375446227547,0.4520954468215833,45.26083553649299
21.0,14.125375446227547,0.4535647979612123,45.37314402786541
22.0,14.125375446227547,0.4550741944813197,45.48787961692402
23.0,14.125375446227547,0.4566198462568958,45.604695085040774
24.0,14.125375446227547,0.45819793840271117,45.72324494139512
25.0,14.125375446227547,0.4598046467130747,45.843187076878145
26.0,14.125375446227547,0.46143615279874334,45.96418435033701
27.0,14.125375446227547,0.46308865884089734,46.085906097409016
28.0,14.125375446227547,0.4647584018851675,46.208029553148826
29.0,14.125375446227547,0.46644166760360034,46.330241180664395
30.0,14.125375446227547,0.4681348034578906,46.45223789903374
31.0,14.125375446227547,0.46983423120304313,46.5737282048632
32.0,14.125375446227547,0.4715364586767776,46.694433182954626
33.0,14.125375446227547,0.4732380908263942,46.81408740266173
34.0,14.125375446227547,0.47493583993141464,46.932439697621746
35.0,14.125375446227547,0.47662653498704016,47.04925382763588
36.0,14.125375446227547,0.478307130220257,47.16430902252924
37.0,14.125375446227547,0.4799747127172168,47.27740040883809
38.0,14.125375446227547,0.4816265091472589,47.38833932113907
39.0,14.125375446227547,0.48325989157557003,47.49695350074355
40.0,14.125375446227547,0.4848723823629379,47.60308718532278
41.0,14.125375446227547,0.4864616581573025,47.706601093799634
42.0,14.125375446227547,0.4880255529877884,47.80737231153543
43.0,14.125375446227547,0.48956206047757866,47.905294081451174
44.0,14.125375446227547,0.49106933519732465,48.00027550724964
45.0,14.125375446227547,0.49254569318573865,48.09224117534525
46.0,14.125375446227547,0.49398961166857097,48.18113070246291
47.0,14.125375446227547,0.49539972801129273,48.26689821613532
48.0,14.125375446227547,0.4967748379444836,48.34951177551191
49.0,14.125375446227547,0.4981138931041429,48.4289527399946
50.0,14.125375446227547,0.49941599793188957,48.50521509323874
51.0,14.125375446227547,0.5006804059823012,48.57830473000659
52.0,14.125375446227547,0.5019065156864513,48.64823871323996
53.0,14.125375446227547,0.5030938656220529,48.71504450853359
54.0,14.125375446227547,0.5042421293415171,48.77875920294757
55.0,14.125375446227547,0.5053511098096879,48.839428714801286
56.0,14.125375446227547,0.506420733503056,48.89710700075004
57.0,14.125375446227547,0.5074510442218907,48.95185526606476
58.0,14.125375446227547,0.5084421966659863,49.003741183622054
59.0,14.125375446227547,0.5093944498236348,49.05283812667262
60.0,14.125375446227547,0.510308160222017,49.09922441999737
61.0,14.125375446227547,0.5111837750855039,49.142982613588934
62.0,14.125375446227547,0.5120218254463873,49.18419878251693
63.0,14.125375446227547,0.5128229192503599,49.22296185615531
64.0,14.125375446227547,0.513587734496669,49.25936297947319
65.0,14.125375446227547,0.5143170124502984,49.293494908622776
66.0,14.125375446227547,0.515011550960838,49.32545144260323
67.0,14.125375446227547,0.5156721979198923,49.35532689234157
68.0,14.125375446227547,0.5162998448860043,49.383215588114545
69.0,14.125375446227547,0.5168954209031502,49.40921142584165
70.0,14.125375446227547,0.5174598865359223,49.43340745241143
71.0,14.125375446227547,0.5179942281415911,49.4558954898633
72.0,14.125375446227547,0.5184994523963417,49.47676579793577
73.0,14.125375446227547,0.5189765810901509,49.496106774211675
74.0,14.125375446227547,0.5194266462020058,49.514004690840494
75.0,14.125375446227547,0.5198506852645073,49.53054346659889
76.0,14.125375446227547,0.5202497370243525,49.5458044728618
77.0,14.125375446227547,0.5206248374027662,49.55986637189758
78.0,14.125375446227547,0.5209770157576686,49.57280498577129
79.0,14.125375446227547,0.521307291447229,49.584693194038195
80.0,14.125375446227547,0.5216166706924784,49.595600858334215
81.0,14.125375446227547,0.5219061437348325,49.605594771919876
82.0,14.125375446227547,0.5221766822827266,49.61473863220671
83.0,14.125375446227547,0.5224292372400773,49.62309303428932
84.0,14.125375446227547,0.5226647367079674,49.63071548351948
85.0,14.125375446227547,0.5228840842498002,49.63766042518955
86.0,14.125375446227547,0.5230881574091774,49.643979289438334
87.0,14.125375446227547,0.5232778064689273,49.64972054955234
88.0,14.125375446227547,0.523453853439032,49.654929791905914
89.0,14.125375446227547,0.5236170912606698,49.659649795864524
90.0,14.125375446227547,0.523768283213204,49.66392062206333
91.0,14.125375446227547,0.5239081625106843,49.667779707567576
92.0,14.125375446227547,0.5240374320742953,49.671261966519765
93.0,14.125375446227547,0.5241567644671635,49.674399894979956
94.0,14.125375446227547,0.5242668019780138,49.67722367876852
95.0,14.125375446227547,0.5243681568403502,49.679761303223714
96.0,14.125375446227547,0.5244614115740899,49.68203866388887
97.0,14.125375446227547,0.5245471194369249,49.6840796772441
98.0,14.125375446227547,0.5246258049730866,49.685906390695514
99.0,14.125375446227547,0.5246979646476487,49.68753909112868
100.0,14.125375446227547,0.5247640675550166,49.6889964114235
-100.0,15.848931924611142,0.5471702957902481,49.589189456837126
-99.0,15.848931924611142,0.5471013704395746,49.58775770356502
-98.0,15.848931924611142,0.5470261297115686,49.58615364699911
-97.0,15.848931924611142,0.5469440844825638,49.58435898115209
-96.0,15.848931924611142,0.5468547170895609,49.58235377504871
-95.0,15.848931924611142,0.5467574805914868,49.580116368079445
-94.0,15.848931924611142,0.5466517981078084,49.577623263351526
-93.0,15.848931924611142,0.5465370622463374,49.574849019629426
-92.0,15.848931924611142,0.546412634632596,49.57176614254573
-91.0,15.848931924611142,0.5462778455535966,49.568344975855865
-90.0,15.848931924611142,0.5461319937293019,49.56455359360608
-89.0,15.848931924611142,0.5459743462253965,49.5603576941827
-88.0,15.848931924611142,0.5458041385212642,49.55572049731108
-87.0,15.848931924611142,0.5456205747472543,49.55060264517423
-86.0,15.848931924611142,0.5454228281054097,49.54496210892187
-85.0,15.848931924611142,0.545210041487798,49.53875410194061
-84.0,15.848931924611142,0.544981328306454,49.531931001352476
-83.0,15.848931924611142,0.5447357735486668,49.52444227930179
-82.0,15.848931924611142,0.5444724350709377,49.516234445676766
-81.0,15.848931924611142,0.5441903451443854,49.507251003991456
-80.0,15.848931924611142,0.543888512263666,49.497432422223085
-79.0,15.848931924611142,0.5435659232306111,49.486716120458574
-78.0,15.848931924611142,0.5432215455227565,49.475036477248985
-77.0,15.848931924611142,0.542854329955729,49.46232485660113
-76.0,15.848931924611142,0.5424632136470916,49.448509657548435
-75.0,15.848931924611142,0.5420471232876898,49.43351638823751
-74.0,15.848931924611142,0.5416049787248263,49.41726776643978
-73.0,15.848931924611142,0.5411356968596904,49.39968384834831
-72.0,15.848931924611142,0.5406381958594065,49.38068218744567
-71.0,15.848931924611142,0.54011139968184,49.36017802512886
-70.0,15.848931924611142,0.5395542429089134,49.33808451464983
-69.0,15.848931924611142,0.5389656758816654,49.31431297977425
-68.0,15.848931924611142,0.5383446701276213,49.28877320937569
-67.0,15.848931924611142,0.5376902240682723,49.261373788967155
-66.0,15.848931924611142,0.5370013689915843,49.23202246992599
-65.0,15.848931924611142,0.5362771752714992,49.20062657689255
-64.0,15.848931924611142,0.5355167588133756,49.16709345351752
-63.0,15.848931924611142,0.5347192877012669,49.1313309463982
-62.0,15.848931924611142,0.5338839890198657,49.093247926683304
-61.0,15.848931924611142,0.533010155820904,49.052754848438255
-60.0,15.848931924611142,0.5320971542007955,49.00976434245356
-59.0,15.848931924611142,0.5311444304533812,48.96419184374854
-58.0,15.848931924611142,0.5301515182588299,48.91595625057606
-57.0,15.848931924611142,0.5291180458670637,48.86498061227415
-56.0,15.848931924611142,0.5280437432315817,48.811192842842146
-55.0,15.848931924611142,0.5269284490472611,48.75452645664688
-54.0,15.848931924611142,0.5257721176436614,48.6949213221941
-53.0,15.848931924611142,0.5245748256835777,48.63232442943651
-52.0,15.848931924611142,0.5233367786151176,48.56669066563926
-51.0,15.848931924611142,0.5220583168244374,48.497983594392444
-50.0,15.848931924611142,0.5207399214355023,48.42617623195385
-49.0,15.848931924611142,0.5193822197028596,48.35125181473153
-48.0,15.848931924611142,0.517985989943448,48.27320455138012
-47.0,15.848931924611142,0.5165521659539476,48.19204035269435
-46.0,15.848931924611142,0.5150818408611099,48.10777753224426
-45.0,15.848931924611142,0.5135762703539114,48.02044747051463
-44.0,15.848931924611142,0.5120368752482659,47.93009523519263
-43.0,15.848931924611142,0.510465243337409,47.83678015019765
-42.0,15.848931924611142,0.5088631304839325,47.7405763060699
-41.0,15.848931924611142,0.5072324609128075,47.64157300443473
-40.0,15.848931924611142,0.5055753266685623,47.53987512943992
-39.0,15.848931924611142,0.5038939862040867,47.435603439327
-38.0,15.848931924611142,0.5021908620732716,47.3288947716454
-37.0,15.848931924611142,0.5004685377048702,47.219902156051454
-36.0,15.848931924611142,0.4987297532405157,47.10879482915153
-35.0,15.848931924611142,0.4969774004257595,46.99575814644928
-34.0,15.848931924611142,0.4952145165492244,46.88099338713715
-33.0,15.848931924611142,0.4934442774314817,46.764717448229064
-32.0,15.848931924611142,0.49166998947199925,46.64716242535893
-31.0,15.848931924611142,0.4898950807694175,46.52857507846209
-30.0,15.848931924611142,0.48812309133743953,46.40921618150683
-29.0,15.848931924611142,0.48635766244570633,46.28935975644221
-28.0,15.848931924611142,0.48460252512210916,46.16929219256727
-27.0,15.848931924611142,0.48286148786000427,46.04931125359482
-26.0,15.848931924611142,0.4811384235806731,45.929724975769695
-25.0,15.848931924611142,0.4794372559080498,45.81085046149432
-24.0,15.848931924611142,0.4777619448191515,45.693012574002225
-23.0,15.848931924611142,0.47611647173972893,45.576542539689186
-22.0,15.848931924611142,0.4745048241603298,45.461776465749914
-21.0,15.848931924611142,0.4729309798530777,45.34905378176251
-20.0,15.848931924611142,0.4713988907726717,45.238715614800135
-19.5,15.848931924611142,0.47064972835181235,45.184547378880396
-19.0,15.848931924611142,0.4699124667136486,45.131103108517955
-18.5,15.848931924611142,0.469187585267195,45.07842516610189
-18.0,15.848931924611142,0.46847555865918605,45.02655569745058
-17.5,15.848931924611142,0.46777685613205167,44.97553657627944
-17.0,15.848931924611142,0.46709194066837006,44.92540934845032
-16.5,15.848931924611142,0.4664212675915383,44.876215176105376
-16.0,15.848931924611142,0.4657652818352554,44.827994781789215
-15.5,15.848931924611142,0.46512441208149385,44.780788392664654
-15.0,15.848931924611142,0.4644990578224807,44.73463568492808
-14.5,15.848931924611142,0.46388956107547913,44.689575728531224
-14.0,15.848931924611142,0.46329614617975107,44.645646932316495
-13.5,15.848931924611142,0.46271879602956384,44.60288698967308
-13.0,15.848931924611142,0.4621570073010153,44.561332824821136
-12.5,15.848931924611142,0.46160932596802284,44.52102053983065
-12.0,15.848931924611142,0.46107250344483225,44.48198536248112
-11.5,15.848931924611142,0.46054003224995194,44.4442615950672
-11.0,15.848931924611142,0.45999972581659915,44.40788256425418
-10.5,15.848931924611142,0.4594299229507347,44.37288057208573
-10.0,15.848931924611142,0.4587938688091738,44.339286848244534
-9.5,15.848931924611142,0.45803192227737005,44.30713150366459
-9.0,15.848931924611142,0.4570515549315624,44.27644348559129
-8.5,15.848931924611142,0.4557157267997467,44.24725053418326
-8.0,15.848931924611142,0.4538311897645877,44.21957914074699
-7.5,15.848931924611142,0.451139515045979,44.19345450769211
-7.0,15.848931924611142,0.44731493501559855,44.16890051029207
-6.5,15.848931924611142,0.441974005795056,44.14593966033145
-6.0,15.848931924611142,0.4347020581841069,44.124593071717314
-5.5,15.848931924611142,0.42509982359265447,44.10488042812814
-5.0,15.848931924611142,0.4128501411871025,44.086819952769716
-4.5,15.848931924611142,0.39779942258854506,44.070428380303014
-4.0,15.848931924611142,0.38004243712905106,44.05572093100466
-3.5,15.848931924611142,0.3599935678972606,44.04271128721573
-3.0,15.848931924611142,0.33842497547147593,44.03141157212995
-2.5,15.848931924611142,0.31645390253929306,44.02183233096734
-2.0,15.848931924611142,0.2954685289290061,44.013982514574224
-1.5,15.848931924611142,0.2769936548704578,44.007869465485236
-1.0,15.848931924611142,0.2625116282716752,44.00349890647783
-0.5,15.848931924611142,0.25326664612462907,44.000874931644184
0.0,15.848931924611142,0.25008794361659664,44.0
0.5,15.848931924611142,0.25326664612462907,44.000874931644184
1.0,15.848931924611142,0.2625116282716752,44.00349890647783
1.5,15.848931924611142,0.2769936548704578,44.007869465485236
2.0,15.848931924611142,0.2954685289290061,44.013982514574224
2.5,15.848931924611142,0.31645390253929306,44.02183233096734
3.0,15.848931924611142,0.33842497547147593,44.03141157212995
3.5,15.848931924611142,0.3599935678972606,44.04271128721573
4.0,15.848931924611142,0.38004243712905106,44.05572093100466
4.5,15.848931924611142,0.39779942258854506,44.070428380303014
5.0,15.848931924611142,0.4128501411871025,44.086819952769716
5.5,15.848931924611142,0.42509982359265447,44.10488042812814
6.0,15.848931924611142,0.4347020581841069,44.124593071717314
6.5,15.848931924611142,0.441974005795056,44.14593966033145
7.0,15.848931924611142,0.44731493501559855,44.16890051029207
7.5,15.848931924611142,0.451139515045979,44.19345450769211
8.0,15.848931924611142,0.4538311897645877,44.21957914074699
8.5,15.848931924611142,0.4557157267997467,44.24725053418326
9.0,15.848931924611142,0.4570515549315624,44.27644348559129
9.5,15.848931924611142,0.45803192227737005,44.30713150366459
10.0,15.848931924611142,0.4587938688091738,44.339286848244534
10.5,15.848931924611142,0.4594299229507347,44.37288057208573
11.0,15.848931924611142,0.45999972581659915,44.40788256425418
11.5,15.848931924611142,0.46054003224995194,44.4442615950672
12.0,15.848931924611142,0.46107250344483225,44.48198536248112
12.5,15.848931924611142,0.46160932596802284,44.52102053983065
13.0,15.848931924611142,0.4621570073010153,44.561332824821136
13.5,15.848931924611142,0.46271879602956384,44.60288698967308
14.0,15.848931924611142,0.46329614617975107,44.645646932316495
14.5,15.848931924611142,0.46388956107547913,44.689575728531224
15.0,15.848931924611142,0.4644990578224807,44.73463568492808
15.5,15.848931924611142,0.46512441208149385,44.780788392664654
16.0,15.848931924611142,0.4657652818352554,44.827994781789215
16.5,15.848931924611142,0.4664212675915383,44.876215176105376
17.0,15.848931924611142,0.46709194066837006,44.92540934845032
17.5,15.848931924611142,0.46777685613205167,44.97553657627944
18.0,15.848931924611142,0.46847555865918605,45.02655569745058
18.5,15.848931924611142,0.469187585267195,45.07842516610189
19.0,15.848931924611142,0.4699124667136486,45.131103108517955
19.5,15.848931924611142,0.47064972835181235,45.184547378880396
20.0,15.848931924611142,0.4713988907726717,45.238715614800135
21.0,15.848931924611142,0.4729309798530777,45.34905378176251
22.0,15.848931924611142,0.4745048241603298,45.461776465749914
23.0,15.848931924611142,0.47611647173972893,45.576542539689186
24.0,15.848931924611142,0.4777619448191515,45.693012574002225
25.0,15.848931924611142,0.4794372559080498,45.81085046149432
26.0,15.848931924611142,0.4811384235806731,45.929724975769695
27.0,15.848931924611142,0.48286148786000427,46.04931125359482
28.0,15.848931924611142,0.48460252512210916,46.16929219256727
29.0,15.848931924611142,0.48635766244570633,46.28935975644221
30.0,15.848931924611142,0.48812309133743953,46.40921618150683
31.0,15.848931924611142,0.4898950807694175,46.52857507846209
32.0,15.848931924611142,0.49166998947199925,46.64716242535893
33.0,15.848931924611142,0.4934442774314817,46.764717448229064
34.0,15.848931924611142,0.4952145165492244,46.88099338713715
35.0,15.848931924611142,0.4969774004257595,46.99575814644928
36.0,15.848931924611142,0.4987297532405157,47.10879482915153
37.0,15.848931924611142,0.5004685377048702,47.219902156051454
38.0,15.848931924611142,0.5021908620732716,47.3288947716454
39.0,15.848931924611142,0.5038939862040867,47.435603439327
40.0,15.848931924611142,0.5055753266685623,47.53987512943992
41.0,15.848931924611142,0.5072324609128075,47.64157300443473
42.0,15.848931924611142,0.5088631304839325,47.7405763060699
43.0,15.848931924611142,0.510465243337409,47.83678015019765
44.0,15.848931924611142,0.5120368752482659,47.93009523519263
45.0,15.848931924611142,0.5135762703539114,48.02044747051463
46.0,15.848931924611142,0.5150818408611099,48.10777753224426
47.0,15.848931924611142,0.5165521659539476,48.19204035269435
48.0,15.848931924611142,0.517985989943448,48.27320455138012
49.0,15.848931924611142,0.5193822197028596,48.35125181473153
50.0,15.848931924611142,0.5207399214355023,48.42617623195385
51.0,15.848931924611142,0.5220583168244374,48.497983594392444
52.0,15.848931924611142,0.5233367786151176,48.56669066563926
53.0,15.848931924611142,0.5245748256835777,48.63232442943651
54.0,15.848931924611142,0.5257721176436614,48.6949213221941
55.0,15.848931924611142,0.5269284490472611,48.75452645664688
56.0,15.848931924611142,0.5280437432315817,48.811192842842146
57.0,15.848931924611142,0.5291180458670637,48.86498061227415
58.0,15.848931924611142,0.5301515182588299,48.91595625057606
59.0,15.848931924611142,0.5311444304533812,48.96419184374854
60.0,15.848931924611142,0.5320971542007955,49.00976434245356
61.0,15.848931924611142,0.533010155820904,49.052754848438255
62.0,15.848931924611142,0.5338839890198657,49.093247926683304
63.0,15.848931924611142,0.5347192877012669,49.1313309463982
64.0,15.848931924611142,0.5355167588133756,49.16709345351752
65.0,15.848931924611142,0.5362771752714992,49.20062657689255
66.0,15.848931924611142,0.5370013689915843,49.23202246992599
67.0,15.848931924611142,0.5376902240682723,49.261373788967155
68.0,15.848931924611142,0.5383446701276213,49.28877320937569
69.0,15.848931924611142,0.5389656758816654,49.31431297977425
70.0,15.848931924611142,0.5395542429089134,49.33808451464983
71.0,15.848931924611142,0.54011139968184,49.36017802512886
72.0,15.848931924611142,0.5406381958594065,49.38068218744567
73.0,15.848931924611142,0.5411356968596904,49.39968384834831
74.0,15.848931924611142,0.5416049787248263,49.41726776643978
75.0,15.848931924611142,0.5420471232876898,49.43351638823751
76.0,15.848931924611142,0.5424632136470916,49.448509657548435
77.0,15.848931924611142,0.542854329955729,49.46232485660113
78.0,15.848931924611142,0.5432215455227565,49.475036477248985
79.0,15.848931924611142,0.5435659232306111,49.486716120458574
80.0,15.848931924611142,0.543888512263666,49.497432422223085
81.0,15.848931924611142,0.5441903451443854,49.507251003991456
82.0,15.848931924611142,0.5444724350709377,49.516234445676766
83.0,15.848931924611142,0.5447357735486668,49.52444227930179
84.0,15.848931924611142,0.544981328306454,49.531931001352476
85.0,15.848931924611142,0.545210041487798,49.53875410194061
86.0,15.848931924611142,0.5454228281054097,49.54496210892187
87.0,15.848931924611142,0.5456205747472543,49.55060264517423
88.0,15.848931924611142,0.5458041385212642,49.55572049731108
89.0,15.848931924611142,0.5459743462253965,49.5603576941827
90.0,15.848931924611142,0.5461319937293019,49.56455359360608
91.0,15.848931924611142,0.5462778455535966,49.568344975855865
92.0,15.848931924611142,0.546412634632596,49.57176614254573
93.0,15.848931924611142,0.5465370622463374,49.574849019629426
94.0,15.848931924611142,0.5466517981078084,49.577623263351526
95.0,15.848931924611142,0.5467574805914868,49.580116368079445
96.0,15.848931924611142,0.5468547170895609,49.58235377504871
97.0,15.848931924611142,0.5469440844825638,49.58435898115209
98.0,15.848931924611142,0.5470261297115686,49.58615364699911
99.0,15.848931924611142,0.5471013704395746,49.58775770356502
100.0,15.848931924611142,0.5471702957902481,49.589189456837126
-100.0,17.782794100389236,0.5774534995504168,49.48938250225075
-99.0,17.782794100389236,0.5773807595181811,49.48797631600136
-98.0,17.782794100389236,0.5773013545833189,49.486400903302695
-97.0,17.782794100389236,0.5772147685515574,49.48463828506009
-96.0,17.782794100389236,0.5771204551097784,49.48266888620856
-95.0,17.782794100389236,0.5770178370463913,49.48047143293517
-94.0,17.782794100389236,0.5769063055533429,49.47802284793453
-93.0,17.782794100389236,0.5767852196222532,49.4752981442789
-92.0,17.782794100389236,0.5766539055477349,49.4722703185717
-91.0,17.782794100389236,0.5765116565514566,49.468910244144155
-90.0,17.782794100389236,0.5763577325409561,49.46518656514883
-89.0,17.782794100389236,0.5761913600175828,49.46106559250086
-88.0,17.782794100389236,0.5760117321482378,49.456511202716236
-87.0,17.782794100389236,0.5758180090157721,49.45148474079612
-86.0,17.782794100389236,0.5756093180629992,49.44594492840541
-85.0,17.782794100389236,0.5753847547452482,49.43984777869167
-84.0,17.782794100389236,0.57514338340624,49.43314651918547
-83.0,17.782794100389236,0.5748842383917786,49.425791524314256
-82.0,17.782794100389236,0.5746063254153234,49.41773025914682
-81.0,17.782794100389236,0.5743086231889254,49.40890723606304
-80.0,17.782794100389236,0.5739900853322621,49.39926398611196
-79.0,17.782794100389236,0.5736496425715947,49.38873904687896
-78.0,17.782794100389236,0.5732862052393823,49.377267968726684
-77.0,17.782794100389236,0.572898666084021,49.36478334130468
-76.0,17.782794100389236,0.5724859033977211,49.35121484223507
-75.0,17.782794100389236,0.572046784468908,49.33648930987613
-74.0,17.782794100389236,0.5715801693637076,49.32053084203907
-73.0,17.782794100389236,0.5710849150390792,49.30326092248495
-72.0,17.782794100389236,0.570559879787981,49.284598576955574
-71.0,17.782794100389236,0.5700039280146008,49.26446056039441
-70.0,17.782794100389236,0.5694159353351735,49.24276157688823
-69.0,17.782794100389236,0.5687947939972406,49.21941453370685
-68.0,17.782794100389236,0.5681394186073981,49.194330830636844
-67.0,17.782794100389236,0.5674487521546583,49.167420685592745
-66.0,17.782794100389236,0.5667217723135066,49.138593497248735
-65.0,17.782794100389236,0.5659574980076223,49.10775824516233
-64.0,17.782794100389236,0.5651549962120432,49.07482392756185
-63.0,17.782794100389236,0.5643133889683378,49.039700036641094
-62.0,17.782794100389236,0.5634318605841108,49.00229707084967
-61.0,17.782794100389236,0.5625096649849601,48.96252708328757
-60.0,17.782794100389236,0.5615461331838314,48.920304264909745
-59.0,17.782794100389236,0.560540680829634,48.875545560824456
-58.0,17.782794100389236,0.5594928157940114,48.82817131753006
-57.0,17.782794100389236,0.558402145752334,48.77810595848354
-56.0,17.782794100389236,0.5572683857123462,48.72527868493425
-55.0,17.782794100389236,0.5560913654414742,48.66962419849247
-54.0,17.782794100389236,0.5548710367416417,48.611083441440634
-53.0,17.782794100389236,0.5536074805185551,48.54960435033942
-52.0,17.782794100389236,0.5523009135908715,48.48514261803856
-51.0,17.782794100389236,0.5509516951834584,48.417662458778295
-50.0,17.782794100389236,0.5495603330481433,48.34713737066896
-49.0,17.782794100389236,0.5481274891549495,48.273550889468474
-48.0,17.782794100389236,0.546653984896857,48.19689732724833
-47.0,17.782794100389236,0.545140805751632,48.11718248925338
-46.0,17.782794100389236,0.5435891053452536,48.03442436202562
-45.0,17.782794100389236,0.5420002088629509,47.948653765684014
-44.0,17.782794100389236,0.54037561575586,47.85991496313562
-43.0,17.782794100389236,0.5387170016938179,47.76826621894411
-42.0,17.782794100389236,0.5370262197178362,47.67378030060436
-41.0,17.782794100389236,0.5353053005493411,47.576544915069825
-40.0,17.782794100389236,0.5335564520173094,47.47666307355707
-39.0,17.782794100389236,0.5317820575689685,47.37425337791045
-38.0,17.782794100389236,0.5299846738347372,47.26945022215174
-37.0,17.782794100389236,0.5281670272235338,47.162403903264824
-36.0,17.782794100389236,0.5263320095304492,47.053280635773824
-35.0,17.782794100389236,0.5244826725450294,46.942262465262694
-34.0,17.782794100389236,0.5226222216549898,46.82954707665256
-33.0,17.782794100389236,0.5207540084470612,46.7153474937964
-32.0,17.782794100389236,0.5188815223137752,46.59989166776323
-31.0,17.782794100389236,0.5170083810822905,46.48342195206098
-30.0,17.782794100389236,0.5151383206887814,46.36619446397992
-29.0,17.782794100389236,0.5132751839293811,46.24847833222003
-28.0,17.782794100389236,0.5114229083261541,46.13055483198571
-27.0,17.782794100389236,0.5095855131539653,46.01271640978063
-26.0,17.782794100389236,0.5077670856813754,45.895265601202375
-25.0,17.782794100389236,0.5059717666857424,45.77851384611049
-24.0,17.782794100389236,0.5042037353094727,45.66278020660933
-23.0,17.782794100389236,0.502467193330789,45.54838999433759
-22.0,17.782794100389236,0.5007663489283678,45.43567331457581
-21.0,17.782794100389236,0.4991054000245943,45.324963535659606
-20.0,17.782794100389236,0.49748851729556076,45.21659569310727
-19.5,17.782794100389236,0.4966978923932493,45.16339474711467
-19.0,17.782794100389236,0.49591982692383807,45.110904838722995
-18.5,17.782794100389236,0.4951548268292894,45.05916757385007
-18.0,17.782794100389236,0.49440339302571634,45.00822434571039
-17.5,17.782794100389236,0.49366602072582627,44.958116280274446
-17.0,17.782794100389236,0.4929431985360216,44.908884181513706
-16.5,17.782794100389236,0.49223540697962603,44.860568476532066
-16.0,17.782794100389236,0.4915431156152462,44.81320916068584
-15.5,17.782794100389236,0.490866776850308,44.76684574279564
-15.0,17.782794100389236,0.4902068122869825,44.721517190554366
-14.5,17.782794100389236,0.48956358287151824,44.677261876236024
-14.0,17.782794100389236,0.4889373253592593,44.63411752281084
-13.5,17.782794100389236,0.48832802169775474,44.59212115057177
-13.0,17.782794100389236,0.487735140706582,44.5513090243779
-12.5,17.782794100389236,0.48715714788641595,44.51171660161939
-12.0,17.782794100389236,0.4865906148581452,44.47337848100825
-11.5,17.782794100389236,0.48602867398295685,44.43632835229815
-11.0,17.782794100389236,0.4854584642271101,44.400598947035355
-10.5,17.782794100389236,0.48485712555525823,44.36622199044134
-10.0,17.782794100389236,0.4841858689231389,44.333228154525884
-9.5,17.782794100389236,0.4833817523717736,44.30164701252773
-9.0,17.782794100389236,0.48234712648100964,44.271506994777155
-8.5,17.782794100389236,0.4809373667856285,44.242835346072845
-8.0,17.782794100389236,0.4789485298287296,44.21565808466222
-7.5,17.782794100389236,0.47610788405926735,44.18999996291189
-7.0,17.782794100389236,0.47207163220158166,44.16588442975114
-6.5,17.782794100389236,0.46643510863116544,44.14333359496839
-6.0,17.782794100389236,0.4587606942325819,44.12236819543665
-5.5,17.782794100389236,0.448627022849105,44.10300756334014
-5.0,17.782794100389236,0.43569938034385686,44.085269596470255
-4.5,17.782794100389236,0.4198156779712099,44.06917073065474
-4.0,17.782794100389236,0.4010759300829558,44.054725914379574
-3.5,17.782794100389236,0.37991745384804687,44.041948585658304
-3.0,17.782794100389236,0.3571551451619401,44.03085065119905
-2.5,17.782794100389236,0.3339680806389237,44.021442467914355
-2.0,17.782794100389236,0.3118212690815973,44.01373282681397
-1.5,17.782794100389236,0.29232390096614763,44.007728939315854
-1.0,17.782794100389236,0.2770403649182497,44.00343642600501
-0.5,17.782794100389236,0.2672837181573309,44.00085930786482
0.0,17.782794100389236,0.26392908998870557,44.0
0.5,17.782794100389236,0.2672837181573309,44.00085930786482
1.0,17.782794100389236,0.2770403649182497,44.00343642600501
1.5,17.782794100389236,0.29232390096614763,44.007728939315854
2.0,17.782794100389236,0.3118212690815973,44.01373282681397
2.5,17.782794100389236,0.3339680806389237,44.021442467914355
3.0,17.782794100389236,0.3571551451619401,44.03085065119905
3.5,17.782794100389236,0.37991745384804687,44.041948585658304
4.0,17.782794100389236,0.4010759300829558,44.054725914379574
4.5,17.782794100389236,0.4198156779712099,44.06917073065474
5.0,17.782794100389236,0.43569938034385686,44.085269596470255
5.5,17.782794100389236,0.448627022849105,44.10300756334014
6.0,17.782794100389236,0.4587606942325819,44.12236819543665
6.5,17.782794100389236,0.46643510863116544,44.14333359496839
7.0,17.782794100389236,0.47207163220158166,44.16588442975114
7.5,17.782794100389236,0.47610788405926735,44.18999996291189
8.0,17.782794100389236,0.4789485298287296,44.21565808466222
8.5,17.782794100389236,0.4809373667856285,44.242835346072845
9.0,17.782794100389236,0.48234712648100964,44.271506994777155
9.5,17.782794100389236,0.4833817523717736,44.30164701252773
10.0,17.782794100389236,0.4841858689231389,44.333228154525884
10.5,17.782794100389236,0.48485712555525823,44.36622199044134
11.0,17.782794100389236,0.4854584642271101,44.400598947035355
11.5,17.782794100389236,0.48602867398295685,44.43632835229815
12.0,17.782794100389236,0.4865906148581452,44.47337848100825
12.5,17.782794100389236,0.48715714788641595,44.51171660161939
13.0,17.782794100389236,0.487735140706582,44.5513090243779
13.5,17.782794100389236,0.48832802169775474,44.59212115057177
14.0,17.782794100389236,0.4889373253592593,44.63411752281084
14.5,17.782794100389236,0.48956358287151824,44.677261876236024
15.0,17.782794100389236,0.4902068122869825,44.721517190554366
15.5,17.782794100389236,0.490866776850308,44.76684574279564
16.0,17.782794100389236,0.4915431156152462,44.81320916068584
16.5,17.782794100389236,0.49223540697962603,44.860568476532066
17.0,17.782794100389236,0.4929431985360216,44.908884181513706
17.5,17.782794100389236,0.49366602072582627,44.958116280274446
18.0,17.782794100389236,0.49440339302571634,45.00822434571039
18.5,17.782794100389236,0.4951548268292894,45.05916757385007
19.0,17.782794100389236,0.49591982692383807,45.110904838722995
19.5,17.782794100389236,0.4966978923932493,45.16339474711467
20.0,17.782794100389236,0.49748851729556076,45.21659569310727
21.0,17.782794100389236,0.4991054000245943,45.324963535659606
22.0,17.782794100389236,0.5007663489283678,45.43567331457581
23.0,17.782794100389236,0.502467193330789,45.54838999433759
24.0,17.782794100389236,0.5042037353094727,45.66278020660933
25.0,17.782794100389236,0.5059717666857424,45.77851384611049
26.0,17.782794100389236,0.5077670856813754,45.895265601202375
27.0,17.782794100389236,0.5095855131539653,46.01271640978063
28.0,17.782794100389236,0.5114229083261541,46.13055483198571
29.0,17.782794100389236,0.5132751839293811,46.24847833222003
30.0,17.782794100389236,0.5151383206887814,46.36619446397992
31.0,17.782794100389236,0.5170083810822905,46.48342195206098
32.0,17.782794100389236,0.5188815223137752,46.59989166776323
33.0,17.782794100389236,0.5207540084470612,46.7153474937964
34.0,17.782794100389236,0.5226222216549898,46.82954707665256
35.0,17.782794100389236,0.5244826725450294,46.942262465262694
36.0,17.782794100389236,0.5263320095304492,47.053280635773824
37.0,17.782794100389236,0.5281670272235338,47.162403903264824
38.0,17.782794100389236,0.5299846738347372,47.26945022215174
39.0,17.782794100389236,0.5317820575689685,47.37425337791045
40.0,17.782794100389236,0.5335564520173094,47.47666307355707
41.0,17.782794100389236,0.5353053005493411,47.576544915069825
42.0,17.782794100389236,0.5370262197178362,47.67378030060436
43.0,17.782794100389236,0.5387170016938179,47.76826621894411
44.0,17.782794100389236,0.54037561575586,47.85991496313562
45.0,17.782794100389236,0.5420002088629509,47.948653765684014
46.0,17.782794100389236,0.5435891053452536,48.03442436202562
47.0,17.782794100389236,0.545140805751632,48.11718248925338
48.0,17.782794100389236,0.546653984896857,48.19689732724833
49.0,17.782794100389236,0.5481274891549495,48.273550889468474
50.0,17.782794100389236,0.5495603330481433,48.34713737066896
51.0,17.782794100389236,0.5509516951834584,48.417662458778295
52.0,17.782794100389236,0.5523009135908715,48.48514261803856
53.0,17.782794100389236,0.5536074805185551,48.54960435033942
54.0,17.782794100389236,0.5548710367416417,48.611083441440634
55.0,17.782794100389236,0.5560913654414742,48.66962419849247
56.0,17.782794100389236,0.5572683857123462,48.72527868493425
57.0,17.782794100389236,0.558402145752334,48.77810595848354
58.0,17.782794100389236,0.5594928157940114,48.82817131753006
59.0,17.782794100389236,0.560540680829634,48.875545560824456
60.0,17.782794100389236,0.5615461331838314,48.920304264909745
61.0,17.782794100389236,0.5625096649849601,48.96252708328757
62.0,17.782794100389236,0.5634318605841108,49.00229707084967
63.0,17.782794100389236,0.5643133889683378,49.039700036641094
64.0,17.782794100389236,0.5651549962120432,49.07482392756185
65.0,17.782794100389236,0.5659574980076223,49.10775824516233
66.0,17.782794100389236,0.5667217723135066,49.138593497248735
67.0,17.782794100389236,0.5674487521546583,49.167420685592745
68.0,17.782794100389236,0.5681394186073981,49.194330830636844
69.0,17.782794100389236,0.5687947939972406,49.21941453370685
70.0,17.782794100389236,0.5694159353351735,49.24276157688823
71.0,17.782794100389236,0.5700039280146008,49.26446056039441
72.0,17.782794100389236,0.570559879787981,49.284598576955574
73.0,17.782794100389236,0.5710849150390792,49.30326092248495
74.0,17.782794100389236,0.5715801693637076,49.32053084203907
75.0,17.782794100389236,0.572046784468908,49.33648930987613
76.0,17.782794100389236,0.5724859033977211,49.35121484223507
77.0,17.782794100389236,0.572898666084021,49.36478334130468
78.0,17.782794100389236,0.5732862052393823,49.377267968726684
79.0,17.782794100389236,0.5736496425715947,49.38873904687896
80.0,17.782794100389236,0.5739900853322621,49.39926398611196
81.0,17.782794100389236,0.5743086231889254,49.40890723606304
82.0,17.782794100389236,0.5746063254153234,49.41773025914682
83.0,17.782794100389236,0.5748842383917786,49.425791524314256
84.0,17.782794100389236,0.57514338340624,49.43314651918547
85.0,17.782794100389236,0.5753847547452482,49.43984777869167
86.0,17.782794100389236,0.5756093180629992,49.44594492840541
87.0,17.782794100389236,0.5758180090157721,49.45148474079612
88.0,17.782794100389236,0.5760117321482378,49.456511202716236
89.0,17.782794100389236,0.5761913600175828,49.46106559250086
90.0,17.782794100389236,0.5763577325409561,49.46518656514883
91.0,17.782794100389236,0.5765116565514566,49.468910244144155
92.0,17.782794100389236,0.5766539055477349,49.4722703185717
93.0,17.782794100389236,0.5767852196222532,49.4752981442789
94.0,17.782794100389236,0.5769063055533429,49.47802284793453
95.0,17.782794100389236,0.5770178370463913,49.48047143293517
96.0,17.782794100389236,0.5771204551097784,49.48266888620856
97.0,17.782794100389236,0.5772147685515574,49.48463828506009
98.0,17.782794100389236,0.5773013545833189,49.486400903302695
99.0,17.782794100389236,0.5773807595181811,49.48797631600136
100.0,17.782794100389236,0.5774534995504168,49.48938250225075
-100.0,19.952623149688808,0.6159756972039786,49.38957554766437
-99.0,19.952623149688808,0.6158981046495896,49.3881949284377
-98.0,19.952623149688808,0.6158134025737492,49.38664815960628
-97.0,19.952623149688808,0.6157210403466193,49.384917588968094
-96.0,19.952623149688808,0.6156204352102737,49.3829839973684
-95.0,19.952623149688808,0.615510971447062,49.38082649779089
-94.0,19.952623149688808,0.615391999635056,49.378422432517546
-93.0,19.952623149688808,0.6152628360039019,49.37574726892838
-92.0,19.952623149688808,0.6151227619050055,49.37277449459767
-91.0,19.952623149688808,0.6149710234105167,49.36947551243244
-90.0,19.952623149688808,0.6148068310560529,49.365819536691575
-89.0,19.952623149688808,0.6146293597425009,49.361773490819026
-88.0,19.952623149688808,0.6144377488125418,49.35730190812139
-87.0,19.952623149688808,0.6142311023177538,49.35236683641801
-86.0,19.952623149688808,0.6140084894922457,49.34692774788895
-85.0,19.952623149688808,0.6137689454487413,49.34094145544273
-84.0,19.952623149688808,0.6135114721128859,49.33436203701846
-83.0,19.952623149688808,0.6132350394112327,49.32714076932672
-82.0,19.952623149688808,0.612938586727913,49.31922607261688
-81.0,19.952623149688808,0.6126210246443731,49.31056346813462
-80.0,19.952623149688808,0.6122812369757613,49.30109555000084
-79.0,19.952623149688808,0.6119180831165787,49.29076197329934
-78.0,19.952623149688808,0.6115304007070449,49.27949946020438
-77.0,19.952623149688808,0.6111170086302743,49.26724182600823
-76.0,19.952623149688808,0.6106767103488173,49.253920026921705
-75.0,19.952623149688808,0.6102082975873713,49.23946223151474
-74.0,19.952623149688808,0.609710554366531,49.22379391763836
-73.0,19.952623149688808,0.6091822613903108,49.20683799662159
-72.0,19.952623149688808,0.608622200787849,49.18851496646547
-71.0,19.952623149688808,0.6080291612071965,49.16874309565997
-70.0,19.952623149688808,0.6074019432564126,49.14743863912662
-69.0,19.952623149688808,0.606739365284345,49.124516087639456
-68.0,19.952623149688808,0.6060402694904796,49.09988845189799
-67.0,19.952623149688808,0.6053035283501228,49.07346758221833
-66.0,19.952623149688808,0.6045280513379385,49.04516452457148
-65.0,19.952623149688808,0.6037127919295382,49.01488991343211
-64.0,19.952623149688808,0.6028567548574205,48.98255440160618
-63.0,19.952623149688808,0.6019590035941292,48.94806912688398
-62.0,19.952623149688808,0.6010186680320414,48.91134621501604
-61.0,19.952623149688808,0.6000349523257767,48.87229931813689
-60.0,19.952623149688808,0.5990071428598361,48.83084418736593
-59.0,19.952623149688808,0.5979346163007897,48.786899277900375
-58.0,19.952623149688808,0.5968168476901641,48.740386384484054
-57.0,19.952623149688808,0.5956534185311674,48.691231304692934
-56.0,19.952623149688808,0.5944440248195746,48.63936452702636
-55.0,19.952623149688808,0.5931884849665161,48.58472194033806
-54.0,19.952623149688808,0.5918867475585992,48.52724556068717
-53.0,19.952623149688808,0.5905388988987881,48.46688427124234
-52.0,19.952623149688808,0.5891451702698159,48.40359457043786
-51.0,19.952623149688808,0.5877059448606121,48.337341323164146
-50.0,19.952623149688808,0.5862217642953698,48.268098509384075
-49.0,19.952623149688808,0.5846933347044473,48.19584996420541
-48.0,19.952623149688808,0.5831215322763414,48.12059010311654
-47.0,19.952623149688808,0.581507408230509,48.042324625812405
-46.0,19.952623149688808,0.5798521931518666,47.961071191806965
-45.0,19.952623149688808,0.5781573006293805,47.876860060853396
-44.0,19.952623149688808,0.5764243301432856,47.78973469107861
-43.0,19.952623149688808,0.5746550691481507,47.699752287690586
-42.0,19.952623149688808,0.5728514943022348,47.60698429513883
-41.0,19.952623149688808,0.5710157717973565,47.511516825704916
-40.0,19.952623149688808,0.5691502567478138,47.41345101767421
-39.0,19.952623149688808,0.5672574916017327,47.312903316493895
-38.0,19.952623149688808,0.5653402035435632,47.21000567265807
-37.0,19.952623149688808,0.5634013008622595,47.10490565047819
-36.0,19.952623149688808,0.5614438682659388,46.99776644239612
-35.0,19.952623149688808,0.5594711611304796,46.8887667840761
-34.0,19.952623149688808,0.5574865986765363,46.77810076616797
-33.0,19.952623149688808,0.555493756076785,46.66597753936374
-32.0,19.952623149688808,0.553496355502793,46.55262091016754
-31.0,19.952623149688808,0.5514982561286901,46.438268825659875
-30.0,19.952623149688808,0.5495034431167295,46.32317274645302
-29.0,19.952623149688808,0.5475160156178027,46.207596907997846
-28.0,19.952623149688808,0.5455401738279445,46.091817471404156
-27.0,19.952623149688808,0.5435802051497576,45.97612156596644
-26.0,19.952623149688808,0.5416404695154329,45.86080622663506
-25.0,19.952623149688808,0.5397253839355558,45.746177230726666
-24.0,19.952623149688808,0.5378394063451106,45.632547839216436
-23.0,19.952623149688808,0.535987018824944,45.520237448985995
-22.0,19.952623149688808,0.5341727102833341,45.4095701634017
-21.0,19.952623149688808,0.5324009586880653,45.300873289556705
-20.0,19.952623149688808,0.5306762129430157,45.19447577141441
-19.5,19.952623149688808,0.5298328450773655,45.14224211534896
-19.0,19.952623149688808,0.5290028744903588,45.09070656892803
-18.5,19.952623149688808,0.528186840875587,45.03990998159825
-18.0,19.952623149688808,0.5273852785655154,44.9898929939702
-17.5,19.952623149688808,0.5265987158087266,44.94069598426945
-17.0,19.952623149688808,0.5258276738067887,44.892359014577096
-16.5,19.952623149688808,0.5250726651389648,44.844921776958756
-16.0,19.952623149688808,0.5243341906883394,44.79842353958246
-15.5,19.952623149688808,0.5236127330426532,44.75290309292663
-15.0,19.952623149688808,0.5229087419293587,44.708398696180645
-14.5,19.952623149688808,0.5222226023736002,44.66494802394082
-14.0,19.952623149688808,0.5215545669247834,44.62258811330519
-13.5,19.952623149688808,0.52090461632617,44.58135531147047
-13.0,19.952623149688808,0.5202721839620387,44.54128522393467
-12.5,19.952623149688808,0.5196556329658842,44.50241266340813
-12.0,19.952623149688808,0.519051306249794,44.46477159953537
-11.5,19.952623149688808,0.5184518780315026,44.42839510952909
-11.0,19.952623149688808,0.5178436293115907,44.39331532981653
-10.5,19.952623149688808,0.5172021750508787,44.35956340879695
-10.0,19.952623149688808,0.5164861385695094,44.327169460807234
-9.5,19.952623149688808,0.5156283790204789,44.29616252139086
-9.0,19.952623149688808,0.5145247327443635,44.26657050396303
-8.5,19.952623149688808,0.513020927309071,44.23842015796243
-8.0,19.952623149688808,0.5108994140926743,44.21173702857745
-7.5,19.952623149688808,0.5078692674926167,44.18654541813168
-7.0,19.952623149688808,0.5035637553534325,44.16286834921021
-6.5,19.952623149688808,0.49755121661430113,44.14072752960533
-6.0,19.952623149688808,0.48936483838041706,44.120143319155986
-5.5,19.952623149688808,0.47855514495829193,44.10113469855214
-5.0,19.952623149688808,0.46476509327175136,44.083719240170794
-4.5,19.952623149688808,0.44782178155783997,44.06791308100647
-4.0,19.952623149688808,0.427831896173335,44.05373089775449
-3.5,19.952623149688808,0.4052619279235644,44.041185884100884
-3.0,19.952623149688808,0.3809811347968225,44.030289730268166
-2.5,19.952623149688808,0.35624725016923153,44.02105260486137
-2.0,19.952623149688808,0.33262301427752716,44.01348313905372
-1.5,19.952623149688808,0.3118249674600654,44.00758841314647
-1.0,19.952623149688808,0.29552185945193027,44.00337394553219
-0.5,19.952623149688808,0.2851143421442873,44.00084368408547
0.0,19.952623149688808,0.2815359251347136,44.0
0.5,19.952623149688808,0.2851143421442873,44.00084368408547
1.0,19.952623149688808,0.29552185945193027,44.00337394553219
1.5,19.952623149688808,0.3118249674600654,44.00758841314647
2.0,19.952623149688808,0.33262301427752716,44.01348313905372
2.5,19.952623149688808,0.35624725016923153,44.02105260486137
3.0,19.952623149688808,0.3809811347968225,44.030289730268166
3.5,19.952623149688808,0.4052619279235644,44.041185884100884
4.0,19.952623149688808,0.427831896173335,44.05373089775449
4.5,19.952623149688808,0.44782178155783997,44.06791308100647
5.0,19.952623149688808,0.46476509327175136,44.083719240170794
5.5,19.952623149688808,0.47855514495829193,44.10113469855214
6.0,19.952623149688808,0.48936483838041706,44.120143319155986
6.5,19.952623149688808,0.49755121661430113,44.14072752960533
7.0,19.952623149688808,0.5035637553534325,44.16286834921021
7.5,19.952623149688808,0.5078692674926167,44.18654541813168
8.0,19.952623149688808,0.5108994140926743,44.21173702857745
8.5,19.952623149688808,0.513020927309071,44.23842015796243
9.0,19.952623149688808,0.5145247327443635,44.26657050396303
9.5,19.952623149688808,0.5156283790204789,44.29616252139086
10.0,19.952623149688808,0.5164861385695094,44.327169460807234
10.5,19.952623149688808,0.5172021750508787,44.35956340879695
11.0,19.952623149688808,0.5178436293115907,44.39331532981653
11.5,19.952623149688808,0.5184518780315026,44.42839510952909
12.0,19.952623149688808,0.519051306249794,44.46477159953537
12.5,19.952623149688808,0.5196556329658842,44.50241266340813
13.0,19.952623149688808,0.5202721839620387,44.54128522393467
13.5,19.952623149688808,0.52090461632617,44.58135531147047
14.0,19.952623149688808,0.5215545669247834,44.62258811330519
14.5,19.952623149688808,0.5222226023736002,44.66494802394082
15.0,19.952623149688808,0.5229087419293587,44.708398696180645
15.5,19.952623149688808,0.5236127330426532,44.75290309292663
16.0,19.952623149688808,0.5243341906883394,44.79842353958246
16.5,19.952623149688808,0.5250726651389648,44.844921776958756
17.0,19.952623149688808,0.5258276738067887,44.892359014577096
17.5,19.952623149688808,0.5265987158087266,44.94069598426945
18.0,19.952623149688808,0.5273852785655154,44.9898929939702
18.5,19.952623149688808,0.528186840875587,45.03990998159825
19.0,19.952623149688808,0.5290028744903588,45.09070656892803
19.5,19.952623149688808,0.5298328450773655,45.14224211534896
20.0,19.952623149688808,0.5306762129430157,45.19447577141441
21.0,19.952623149688808,0.5324009586880653,45.300873289556705
22.0,19.952623149688808,0.5341727102833341,45.4095701634017
23.0,19.952623149688808,0.535987018824944,45.520237448985995
24.0,19.952623149688808,0.5378394063451106,45.632547839216436
25.0,19.952623149688808,0.5397253839355558,45.746177230726666
26.0,19.952623149688808,0.5416404695154329,45.86080622663506
27.0,19.952623149688808,0.5435802051497576,45.97612156596644
28.0,19.952623149688808,0.5455401738279445,46.091817471404156
29.0,19.952623149688808,0.5475160156178027,46.207596907997846
30.0,19.952623149688808,0.5495034431167295,46.32317274645302
31.0,19.952623149688808,0.5514982561286901,46.438268825659875
32.0,19.952623149688808,0.553496355502793,46.55262091016754
33.0,19.952623149688808,0.555493756076785,46.66597753936374
34.0,19.952623149688808,0.5574865986765363,46.77810076616797
35.0,19.952623149688808,0.5594711611304796,46.8887667840761
36.0,19.952623149688808,0.5614438682659388,46.99776644239612
37.0,19.952623149688808,0.5634013008622595,47.10490565047819
38.0,19.952623149688808,0.5653402035435632,47.21000567265807
39.0,19.952623149688808,0.5672574916017327,47.312903316493895
40.0,19.952623149688808,0.5691502567478138,47.41345101767421
41.0,19.952623149688808,0.5710157717973565,47.511516825704916
42.0,19.952623149688808,0.5728514943022348,47.60698429513883
43.0,19.952623149688808,0.5746550691481507,47.699752287690586
44.0,19.952623149688808,0.5764243301432856,47.78973469107861
45.0,19.952623149688808,0.5781573006293805,47.876860060853396
46.0,19.952623149688808,0.5798521931518666,47.961071191806965
47.0,19.952623149688808,0.581507408230509,48.042324625812405
48.0,19.952623149688808,0.5831215322763414,48.12059010311654
49.0,19.952623149688808,0.5846933347044473,48.19584996420541
50.0,19.952623149688808,0.5862217642953698,48.268098509384075
51.0,19.952623149688808,0.5877059448606121,48.337341323164146
52.0,19.952623149688808,0.5891451702698159,48.40359457043786
53.0,19.952623149688808,0.5905388988987881,48.46688427124234
54.0,19.952623149688808,0.5918867475585992,48.52724556068717
55.0,19.952623149688808,0.5931884849665161,48.58472194033806
56.0,19.952623149688808,0.5944440248195746,48.63936452702636
57.0,19.952623149688808,0.5956534185311674,48.691231304692934
58.0,19.952623149688808,0.5968168476901641,48.740386384484054
59.0,19.952623149688808,0.5979346163007897,48.786899277900375
60.0,19.952623149688808,0.5990071428598361,48.83084418736593
61.0,19.952623149688808,0.6000349523257767,48.87229931813689
62.0,19.952623149688808,0.6010186680320414,48.91134621501604
63.0,19.952623149688808,0.6019590035941292,48.94806912688398
64.0,19.952623149688808,0.6028567548574205,48.98255440160618
65.0,19.952623149688808,0.6037127919295382,49.01488991343211
66.0,19.952623149688808,0.6045280513379385,49.04516452457148
67.0,19.952623149688808,0.6053035283501228,49.07346758221833
68.0,19.952623149688808,0.6060402694904796,49.09988845189799
69.0,19.952623149688808,0.606739365284345,49.124516087639456
70.0,19.952623149688808,0.6074019432564126,49.14743863912662
71.0,19.952623149688808,0.6080291612071965,49.16874309565997
72.0,19.952623149688808,0.608622200787849,49.18851496646547
73.0,19.952623149688808,0.6091822613903108,49.20683799662159
74.0,19.952623149688808,0.609710554366531,49.22379391763836
75.0,19.952623149688808,0.6102082975873713,49.23946223151474
76.0,19.952623149688808,0.6106767103488173,49.253920026921705
77.0,19.952623149688808,0.6111170086302743,49.26724182600823
78.0,19.952623149688808,0.6115304007070449,49.27949946020438
79.0,19.952623149688808,0.6119180831165787,49.29076197329934
80.0,19.952623149688808,0.6122812369757613,49.30109555000084
81.0,19.952623149688808,0.6126210246443731,49.31056346813462
82.0,19.952623149688808,0.612938586727913,49.31922607261688
83.0,19.952623149688808,0.6132350394112327,49.32714076932672
84.0,19.952623149688808,0.6135114721128859,49.33436203701846
85.0,19.952623149688808,0.6137689454487413,49.34094145544273
86.0,19.952623149688808,0.6140084894922457,49.34692774788895
87.0,19.952623149688808,0.6142311023177538,49.35236683641801
88.0,19.952623149688808,0.6144377488125418,49.35730190812139
89.0,19.952623149688808,0.6146293597425009,49.361773490819026
90.0,19.952623149688808,0.6148068310560529,49.365819536691575
91.0,19.952623149688808,0.6149710234105167,49.36947551243244
92.0,19.952623149688808,0.6151227619050055,49.37277449459767
93.0,19.952623149688808,0.6152628360039019,49.37574726892838
94.0,19.952623149688808,0.615391999635056,49.378422432517546
95.0,19.952623149688808,0.615510971447062,49.38082649779089
96.0,19.952623149688808,0.6156204352102737,49.3829839973684
97.0,19.952623149688808,0.6157210403466193,49.384917588968094
98.0,19.952623149688808,0.6158134025737492,49.38664815960628
99.0,19.952623149688808,0.6158981046495896,49.3881949284377
100.0,19.952623149688808,0.6159756972039786,49.38957554766437
-100.0,22.38721138568341,0.6630442720480161,49.289768593077994
-99.0,22.38721138568341,0.6629607504107587,49.28841354087403
-98.0,22.38721138568341,0.6628695759919115,49.28689541590987
-97.0,22.38721138568341,0.6627701560863374,49.28519689287609
-96.0,22.38721138568341,0.6626618634058057,49.28329910852824
-95.0,22.38721138568341,0.6625440351838096,49.281181562646616
-94.0,22.38721138568341,0.6624159723741179,49.27882201710055
-93.0,22.38721138568341,0.6622769389574061,49.27619639357785
-92.0,22.38721138568341,0.6621261613709573,49.27327867062364
-91.0,22.38721138568341,0.6619628280770032,49.27004078072073
-90.0,22.38721138568341,0.6617860892857889,49.26645250823432
-89.0,22.38721138568341,0.6615950568498703,49.26248138913719
-88.0,22.38721138568341,0.6613888043464876,49.25809261352656
-87.0,22.38721138568341,0.6611663673650776,49.253248932039895
-86.0,22.38721138568341,0.6609267440170988,49.247910567372486
-85.0,22.38721138568341,0.6606688956853063,49.24203513219379
-84.0,22.38721138568341,0.6603917480294509,49.23557755485145
-83.0,22.38721138568341,0.6600941922650434,49.22849001433919
-82.0,22.38721138568341,0.6597750867313339,49.220721886086935
-81.0,22.38721138568341,0.6594332587639863,49.2122197002062
-80.0,22.38721138568341,0.6590675068870725,49.20292711388971
-79.0,22.38721138568341,0.6586766033379615,49.192784899719726
-78.0,22.38721138568341,0.6582592969374299,49.18173095168208
-77.0,22.38721138568341,0.6578143163158616,49.16970031071178
-76.0,22.38721138568341,0.6573403735047446,49.15662521160834
-75.0,22.38721138568341,0.6568361679007885,49.14243515315336
-74.0,22.38721138568341,0.6563003906079068,49.12705699323765
-73.0,22.38721138568341,0.6557317291600023,49.11041507075822
-72.0,22.38721138568341,0.6551288726249999,49.092431355975364
-71.0,22.38721138568341,0.6544905170878671,49.07302563092553
-70.0,22.38721138568341,0.6538153715074804,49.05211570136502
-69.0,22.38721138568341,0.6531021639391319,49.02961764157206
-68.0,22.38721138568341,0.6523496481112521,49.00544607315914
-67.0,22.38721138568341,0.651556610341559,48.97951447884392
-66.0,22.38721138568341,0.6507218767743621,48.95173555189423
-65.0,22.38721138568341,0.6498443209171639,48.922021581701884
-64.0,22.38721138568341,0.648922871451049,48.89028487565051
-63.0,22.38721138568341,0.6479565202856522,48.856438217126865
-62.0,22.38721138568341,0.6469443308257831,48.82039535918241
-61.0,22.38721138568341,0.6458854464130974,48.7820715529862
-60.0,22.38721138568341,0.6447790989025673,48.74138410982212
-59.0,22.38721138568341,0.6436246173299615,48.69825299497629
-58.0,22.38721138568341,0.6424214366231341,48.65260145143805
-57.0,22.38721138568341,0.6411691063066817,48.604356650902325
-56.0,22.38721138568341,0.6398672991464928,48.55345036911846
-55.0,22.38721138568341,0.6385158196779405,48.49981968218365
-54.0,22.38721138568341,0.6371146125589782,48.4434076799337
-53.0,22.38721138568341,0.6356637706872421,48.38416419214526
-52.0,22.38721138568341,0.6341635430184819,48.322046522837155
-51.0,22.38721138568341,0.6326143420222571,48.25702018754999
-50.0,22.38721138568341,0.6310167507099118,48.18905964809918
-49.0,22.38721138568341,0.6293715291693707,48.11814903894235
-48.0,22.38721138568341,0.6276796205413561,48.04428287898475
-47.0,22.38721138568341,0.6259421563721977,47.96746676237144
-46.0,22.38721138568341,0.6241604612795456,47.88771802158832
-45.0,22.38721138568341,0.6223360568689943,47.80506635602278
-44.0,22.38721138568341,0.6204706648419238,47.7195544190216
-43.0,22.38721138568341,0.6185662092377382,47.63123835643706
-42.0,22.38721138568341,0.616624817757161,47.540188289673296
-41.0,22.38721138568341,0.6146488221173102,47.446488736340015
-40.0,22.38721138568341,0.6126407573939237,47.350238961791355
-39.0,22.38721138568341,0.610603360311315,47.25155325507734
-38.0,22.38721138568341,0.6085395664463854,47.1505611231644
-37.0,22.38721138568341,0.6064525063192855,47.04740739769156
-36.0,22.38721138568341,0.6043455003500539,46.94225224901841
-35.0,22.38721138568341,0.6022220526677317,46.8352711028895
-34.0,22.38721138568341,0.6000858437660144,46.72665445568338
-33.0,22.38721138568341,0.5979407220073863,46.616607584931074
-32.0,22.38721138568341,0.595790693985855,46.50535015257184
-31.0,22.38721138568341,0.5936399137667728,46.393115699258765
-30.0,22.38721138568341,0.5914926710307509,46.280151028926106
-29.0,22.38721138568341,0.5893533781572566,46.16671548377567
-28.0,22.38721138568341,0.5872265562920673,46.05308011082259
-27.0,22.38721138568341,0.5851168204512474,45.939526722152245
-26.0,22.38721138568341,0.583028863722655,45.82634685206774
-25.0,22.38721138568341,0.5809674406340769,45.71384061534284
-24.0,22.38721138568341,0.5789373497648563,45.60231547182354
-23.0,22.38721138568341,0.5769434156852574,45.49208490363441
-22.0,22.38721138568341,0.5749904703146808,45.3834670122276
-21.0,22.38721138568341,0.5730833337960366,45.276783043453804
-20.0,22.38721138568341,0.5712267949874681,45.172355849721555
-19.5,22.38721138568341,0.570318982820386,45.12108948358323
-19.0,22.38721138568341,0.5694255916587199,45.07050829913307
-18.5,22.38721138568341,0.5685472024356887,45.02065238934643
-18.0,22.38721138568341,0.5676843903137251,44.971561642230014
-17.5,22.38721138568341,0.5668377239064912,44.92327568826447
-17.0,22.38721138568341,0.5660077642421506,44.87583384764048
-16.5,22.38721138568341,0.5651950630677056,44.82927507738545
-16.0,22.38721138568341,0.5644001595402394,44.78363791847908
-15.5,22.38721138568341,0.5636235731234881,44.73896044305762
-15.0,22.38721138568341,0.5628657879099456,44.69528020180693
-14.5,22.38721138568341,0.5621272183456977,44.65263417164562
-14.0,22.38721138568341,0.5614081362782177,44.611058703799536
-13.5,22.38721138568341,0.5607085209793009,44.570589472369164
-13.0,22.38721138568341,0.5600277625363972,44.531261423491436
-12.5,22.38721138568341,0.5593640990050578,44.49310872519687
-12.0,22.38721138568341,0.5587135938481691,44.45616471806249
-11.5,22.38721138568341,0.5580683614981817,44.42046186676003
-11.0,22.38721138568341,0.5574136346452413,44.386031712597706
-10.5,22.38721138568341,0.5567231649152238,44.35290482715256
-10.0,22.38721138568341,0.5559524139104286,44.32111076708858
-9.5,22.38721138568341,0.5550291103477056,44.29067803025399
-9.0,22.38721138568341,0.5538411311058831,44.2616340131489
-8.5,22.38721138568341,0.5522224153275314,44.23400496985201
-8.0,22.38721138568341,0.549938790839437,44.20781597249269
-7.5,22.38721138568341,0.5466771015296903,44.18309087335146
-7.0,22.38721138568341,0.5420425921244044,44.159852268669276
-6.5,22.38721138568341,0.5355706170293746,44.13812146424227
-6.0,22.38721138568341,0.5267586927579565,44.117918442875315
-5.5,22.38721138568341,0.5151229978130605,44.09926183376414
-5.0,22.38721138568341,0.5002792063720827,44.08216888387133
-4.5,22.38721138568341,0.482041204722948,44.06665543135821
-4.0,22.38721138568341,0.4605238314511527,44.05273588112941
-3.5,22.38721138568341,0.4362292233420273,44.04042318254346
-3.0,22.38721138568341,0.4100930610282439,44.02972880933727
-2.5,22.38721138568341,0.38346918511518174,44.02066274180838
-2.0,22.38721138568341,0.3580397495699046,44.01323345129346
-1.5,22.38721138568341,0.33565246079422745,44.0074478869771
-1.0,22.38721138568341,0.318103582761472,44.003311465059376
-0.5,22.38721138568341,0.3069007954300944,44.000828060306105
0.0,22.38721138568341,0.30304894070276195,44.0
0.5,22.38721138568341,0.3069007954300944,44.000828060306105
1.0,22.38721138568341,0.318103582761472,44.003311465059376
1.5,22.38721138568341,0.33565246079422745,44.0074478869771
2.0,22.38721138568341,0.3580397495699046,44.01323345129346
2.5,22.38721138568341,0.38346918511518174,44.02066274180838
3.0,22.38721138568341,0.4100930610282439,44.02972880933727
3.5,22.38721138568341,0.4362292233420273,44.04042318254346
4.0,22.38721138568341,0.4605238314511527,44.05273588112941
4.5,22.38721138568341,0.482041204722948,44.06665543135821
5.0,22.38721138568341,0.5002792063720827,44.08216888387133
5.5,22.38721138568341,0.5151229978130605,44.09926183376414
6.0,22.38721138568341,0.5267586927579565,44.117918442875315
6.5,22.38721138568341,0.5355706170293746,44.13812146424227
7.0,22.38721138568341,0.5420425921244044,44.159852268669276
7.5,22.38721138568341,0.5466771015296903,44.18309087335146
8.0,22.38721138568341,0.549938790839437,44.20781597249269
8.5,22.38721138568341,0.5522224153275314,44.23400496985201
9.0,22.38721138568341,0.5538411311058831,44.2616340131489
9.5,22.38721138568341,0.5550291103477056,44.29067803025399
10.0,22.38721138568341,0.5559524139104286,44.32111076708858
10.5,22.38721138568341,0.5567231649152238,44.35290482715256
11.0,22.38721138568341,0.5574136346452413,44.386031712597706
11.5,22.38721138568341,0.5580683614981817,44.42046186676003
12.0,22.38721138568341,0.5587135938481691,44.45616471806249
12.5,22.38721138568341,0.5593640990050578,44.49310872519687
13.0,22.38721138568341,0.5600277625363972,44.531261423491436
13.5,22.38721138568341,0.5607085209793009,44.570589472369164
14.0,22.38721138568341,0.5614081362782177,44.611058703799536
14.5,22.38721138568341,0.5621272183456977,44.65263417164562
15.0,22.38721138568341,0.5628657879099456,44.69528020180693
15.5,22.38721138568341,0.5636235731234881,44.73896044305762
16.0,22.38721138568341,0.5644001595402394,44.78363791847908
16.5,22.38721138568341,0.5651950630677056,44.82927507738545
17.0,22.38721138568341,0.5660077642421506,44.87583384764048
17.5,22.38721138568341,0.5668377239064912,44.92327568826447
18.0,22.38721138568341,0.5676843903137251,44.971561642230014
18.5,22.38721138568341,0.5685472024356887,45.02065238934643
19.0,22.38721138568341,0.5694255916587199,45.07050829913307
19.5,22.38721138568341,0.570318982820386,45.12108948358323
20.0,22.38721138568341,0.5712267949874681,45.172355849721555
21.0,22.38721138568341,0.5730833337960366,45.276783043453804
22.0,22.38721138568341,0.5749904703146808,45.3834670122276
23.0,22.38721138568341,0.5769434156852574,45.49208490363441
24.0,22.38721138568341,0.5789373497648563,45.60231547182354
25.0,22.38721138568341,0.5809674406340769,45.71384061534284
26.0,22.38721138568341,0.583028863722655,45.82634685206774
27.0,22.38721138568341,0.5851168204512474,45.939526722152245
28.0,22.38721138568341,0.5872265562920673,46.05308011082259
29.0,22.38721138568341,0.5893533781572566,46.16671548377567
30.0,22.38721138568341,0.5914926710307509,46.280151028926106
31.0,22.38721138568341,0.5936399137667728,46.393115699258765
32.0,22.38721138568341,0.595790693985855,46.50535015257184
33.0,22.38721138568341,0.5979407220073863,46.616607584931074
34.0,22.38721138568341,0.6000858437660144,46.72665445568338
35.0,22.38721138568341,0.6022220526677317,46.8352711028895
36.0,22.38721138568341,0.6043455003500539,46.94225224901841
37.0,22.38721138568341,0.6064525063192855,47.04740739769156
38.0,22.38721138568341,0.6085395664463854,47.1505611231644
39.0,22.38721138568341,0.610603360311315,47.25155325507734
40.0,22.38721138568341,0.6126407573939237,47.350238961791355
41.0,22.38721138568341,0.6146488221173102,47.446488736340015
42.0,22.38721138568341,0.616624817757161,47.540188289673296
43.0,22.38721138568341,0.6185662092377382,47.63123835643706
44.0,22.38721138568341,0.6204706648419238,47.7195544190216
45.0,22.38721138568341,0.6223360568689943,47.80506635602278
46.0,22.38721138568341,0.6241604612795456,47.88771802158832
47.0,22.38721138568341,0.6259421563721977,47.96746676237144
48.0,22.38721138568341,0.6276796205413561,48.04428287898475
49.0,22.38721138568341,0.6293715291693707,48.11814903894235
50.0,22.38721138568341,0.6310167507099118,48.18905964809918
51.0,22.38721138568341,0.6326143420222571,48.25702018754999
52.0,22.38721138568341,0.6341635430184819,48.322046522837155
53.0,22.38721138568341,0.6356637706872421,48.38416419214526
54.0,22.38721138568341,0.6371146125589782,48.4434076799337
55.0,22.38721138568341,0.6385158196779405,48.49981968218365
56.0,22.38721138568341,0.6398672991464928,48.55345036911846
57.0,22.38721138568341,0.6411691063066817,48.604356650902325
58.0,22.38721138568341,0.6424214366231341,48.65260145143805
59.0,22.38721138568341,0.6436246173299615,48.69825299497629
60.0,22.38721138568341,0.6447790989025673,48.74138410982212
61.0,22.38721138568341,0.6458854464130974,48.7820715529862
62.0,22.38721138568341,0.6469443308257831,48.82039535918241
63.0,22.38721138568341,0.6479565202856522,48.856438217126865
64.0,22.38721138568341,0.648922871451049,48.89028487565051
65.0,22.38721138568341,0.6498443209171639,48.922021581701884
66.0,22.38721138568341,0.6507218767743621,48.95173555189423
67.0,22.38721138568341,0.651556610341559,48.97951447884392
68.0,22.38721138568341,0.6523496481112521,49.00544607315914
69.0,22.38721138568341,0.6531021639391319,49.02961764157206
70.0,22.38721138568341,0.6538153715074804,49.05211570136502
71.0,22.38721138568341,0.6544905170878671,49.07302563092553
72.0,22.38721138568341,0.6551288726249999,49.092431355975364
73.0,22.38721138568341,0.6557317291600023,49.11041507075822
74.0,22.38721138568341,0.6563003906079068,49.12705699323765
75.0,22.38721138568341,0.6568361679007885,49.14243515315336
76.0,22.38721138568341,0.6573403735047446,49.15662521160834
77.0,22.38721138568341,0.6578143163158616,49.16970031071178
78.0,22.38721138568341,0.6582592969374299,49.18173095168208
79.0,22.38721138568341,0.6586766033379615,49.192784899719726
80.0,22.38721138568341,0.6590675068870725,49.20292711388971
81.0,22.38721138568341,0.6594332587639863,49.2122197002062
82.0,22.38721138568341,0.6597750867313339,49.220721886086935
83.0,22.38721138568341,0.6600941922650434,49.22849001433919
84.0,22.38721138568341,0.6603917480294509,49.23557755485145
85.0,22.38721138568341,0.6606688956853063,49.24203513219379
86.0,22.38721138568341,0.6609267440170988,49.247910567372486
87.0,22.38721138568341,0.6611663673650776,49.253248932039895
88.0,22.38721138568341,0.6613888043464876,49.25809261352656
89.0,22.38721138568341,0.6615950568498703,49.26248138913719
90.0,22.38721138568341,0.6617860892857889,49.26645250823432
91.0,22.38721138568341,0.6619628280770032,49.27004078072073
92.0,22.38721138568341,0.6621261613709573,49.27327867062364
93.0,22.38721138568341,0.6622769389574061,49.27619639357785
94.0,22.38721138568341,0.6624159723741179,49.27882201710055
95.0,22.38721138568341,0.6625440351838096,49.281181562646616
96.0,22.38721138568341,0.6626618634058057,49.28329910852824
97.0,22.38721138568341,0.6627701560863374,49.28519689287609
98.0,22.38721138568341,0.6628695759919115,49.28689541590987
99.0,22.38721138568341,0.6629607504107587,49.28841354087403
100.0,22.38721138568341,0.6630442720480161,49.289768593077994
-100.0,25.11886431509582,0.718927687265973,49.18996163849162
-99.0,25.11886431509582,0.718837126167655,49.18863215331037
-98.0,25.11886431509582,0.7187382672877236,49.187142672213454
-97.0,25.11886431509582,0.7186304679660254,49.18547619678409
-96.0,25.11886431509582,0.7185130480445441,49.18361421968809
-95.0,25.11886431509582,0.7183852888967686,49.18153662750234
-94.0,25.11886431509582,0.7182464325586961,49.17922160168356
-93.0,25.11886431509582,0.718095680977025,49.176645518227325
-92.0,25.11886431509582,0.7179321953907875,49.17378284664961
-91.0,25.11886431509582,0.7177550958633107,49.17060604900902
-90.0,25.11886431509582,0.7175634609819392,49.16708547977707
-89.0,25.11886431509582,0.7173563277434248,49.16318928745536
-88.0,25.11886431509582,0.7171326916432414,49.158883318931714
-87.0,25.11886431509582,0.7168915069873307,49.15413102766178
-86.0,25.11886431509582,0.7166316874448962,49.148893386856024
-85.0,25.11886431509582,0.71635210686083,49.14312880894485
-84.0,25.11886431509582,0.7160516003461745,49.13679307268444
-83.0,25.11886431509582,0.7157289656646663,49.129839259351655
-82.0,25.11886431509582,0.7153829649328677,49.122217699557
-81.0,25.11886431509582,0.7150123266506773,49.11387593227778
-80.0,25.11886431509582,0.714615748078072,49.104758677778584
-79.0,25.11886431509582,0.7141918979728018,49.094807826140105
-78.0,25.11886431509582,0.713739419702401,49.08396244315978
-77.0,25.11886431509582,0.713256934742303,49.07215879541533
-76.0,25.11886431509582,0.7127430465700393,49.059330396294975
-75.0,25.11886431509582,0.7121963449634646,49.04540807479197
-74.0,25.11886431509582,0.7116154107086956,49.03032006883694
-73.0,25.11886431509582,0.7109988207209464,49.013992144894864
-72.0,25.11886431509582,0.7103451535787453,48.99634774548527
-71.0,25.11886431509582,0.7096529954690813,48.97730816619108
-70.0,25.11886431509582,0.708920946537905,48.95679276360341
-69.0,25.11886431509582,0.7081476276370877,48.934719195504655
-68.0,25.11886431509582,0.70733168745545,48.91100369442029
-67.0,25.11886431509582,0.706471810017826,48.88556137546951
-66.0,25.11886431509582,0.7055667225323486,48.858306579216986
-65.0,25.11886431509582,0.70461520356226,48.82915324997166
-64.0,25.11886431509582,0.7036160914945844,48.79801534969484
-63.0,25.11886431509582,0.7025682932739925,48.76480730736976
-62.0,25.11886431509582,0.7014707933661644,48.72944450334878
-61.0,25.11886431509582,0.7003226629109496,48.69184378783552
-60.0,25.11886431509582,0.6991230690216892,48.6519240322783
-59.0,25.11886431509582,0.6978712841832182,48.60960671205221
-58.0,25.11886431509582,0.6965666956973685,48.56481651839205
-57.0,25.11886431509582,0.6952088151212809,48.517481997111716
-56.0,25.11886431509582,0.6937972876405439,48.467536211210565
-55.0,25.11886431509582,0.6923319013161698,48.41491742402924
-54.0,25.11886431509582,0.6908125961417135,48.359569799180235
-53.0,25.11886431509582,0.6892394728445105,48.301444113048184
-52.0,25.11886431509582,0.687612801363068,48.24049847523646
-51.0,25.11886431509582,0.6859330289311522,48.17669905193584
-50.0,25.11886431509582,0.6842007876981,48.11002078681429
-49.0,25.11886431509582,0.6824169018143897,48.04044811367928
-48.0,25.11886431509582,0.6805823939115512,47.967975654852964
-47.0,25.11886431509582,0.6786984909061272,47.89260889893046
-46.0,25.11886431509582,0.6767666290586264,47.814364851369675
-45.0,25.11886431509582,0.6747884582202535,47.73327265119216
-44.0,25.11886431509582,0.6727658452026886,47.64937414696458
-43.0,25.11886431509582,0.6707008762093079,47.562724425183525
-42.0,25.11886431509582,0.6685958582700109,47.47339228420776
-41.0,25.11886431509582,0.6664533196262221,47.38146064697511
-40.0,25.11886431509582,0.6642760090176779,47.2870269059085
-39.0,25.11886431509582,0.6620668938282532,47.190203193660786
-38.0,25.11886431509582,0.6598291570543201,47.09111657367073
-37.0,25.11886431509582,0.657566193065918,46.98990914490492
-36.0,25.11886431509582,0.6552816021383221,46.886738055640706
-35.0,25.11886431509582,0.6529791837393715,46.7817754217029
-34.0,25.11886431509582,0.6506629285661161,46.67520814519879
-33.0,25.11886431509582,0.6483370093328937,46.56723763049842
-32.0,25.11886431509582,0.6460057703218061,46.458079394976146
-31.0,25.11886431509582,0.6436737157156392,46.347962572857654
-30.0,25.11886431509582,0.6413454967425098,46.2371293113992
-29.0,25.11886431509582,0.6390258976708292,46.12583405955348
-28.0,25.11886431509582,0.6367198207024778,46.014342750241035
-27.0,25.11886431509582,0.6344322698213006,45.90293187833805
-26.0,25.11886431509582,0.6321683336630683,45.79188747750043
-25.0,25.11886431509582,0.629933167481826,45.681503999959006
-24.0,25.11886431509582,0.6277319742959768,45.57208310443064
-23.0,25.11886431509582,0.6255699853054392,45.46393235828281
-22.0,25.11886431509582,0.6234524396786764,45.35736386105349
-21.0,25.11886431509582,0.6213845638151019,45.252692797350896
-20.0,25.11886431509582,0.619371550192586,45.15023592802869
-19.5,25.11886431509582,0.6183872248175453,45.09993685181751
-19.0,25.11886431509582,0.6174185358947128,45.0503100293381
-18.5,25.11886431509582,0.61646611332015,45.00139479709461
-18.0,25.11886431509582,0.6155305807327522,44.95323029048982
-17.5,25.11886431509582,0.614612554670694,44.905855392259475
-17.0,25.11886431509582,0.6137126434473222,44.85930868070387
-16.5,25.11886431509582,0.6128314453125773,44.81362837781214
-16.0,25.11886431509582,0.6119695448653631,44.7688522973757
-15.5,25.11886431509582,0.6111275053514215,44.725017793188606
-15.0,25.11886431509582,0.6103058516640536,44.68216170743322
-14.5,25.11886431509582,0.6095050331801388,44.64032031935042
-14.0,25.11886431509582,0.6087253446592938,44.59952929429389
-13.5,25.11886431509582,0.6079667636262771,44.55982363326786
-13.0,25.11886431509582,0.6072286287632281,44.5212376230482
-12.5,25.11886431509582,0.6065090296235885,44.48380478698561
-12.0,25.11886431509582,0.605803697886762,44.44755783658961
-11.5,25.11886431509582,0.6051040833652569,44.41252862399097
-11.0,25.11886431509582,0.604394174114821,44.37874809537888
-10.5,25.11886431509582,0.6036455094674432,44.34624624550817
-10.0,25.11886431509582,0.6028097971919661,44.31505207336993
-9.5,25.11886431509582,0.6018086747587046,44.285193539117124
-9.0,25.11886431509582,0.6005205689641919,44.25669752233477
-8.5,25.11886431509582,0.5987654228300179,44.229589781741595
-8.0,25.11886431509582,0.5962893274303266,44.20389491640792
-7.5,25.11886431509582,0.5927527328907293,44.17963632857124
-7.0,25.11886431509582,0.5877276127459417,44.156836188128345
-6.5,25.11886431509582,0.5807101596387141,44.1355153988792
-6.0,25.11886431509582,0.5711555392251398,44.11569356659465
-5.5,25.11886431509582,0.5585391520408755,44.097388968976134
-5.0,25.11886431509582,0.5424442800982251,44.08061852757188
-4.5,25.11886431509582,0.5226691234477264,44.06539778170994
-4.0,25.11886431509582,0.4993381996248747,44.051740864504325
-3.5,25.11886431509582,0.47299596705120744,44.03966048098603
-3.0,25.11886431509582,0.4446569684075458,44.02916788840638
-2.5,25.11886431509582,0.4157891501589811,44.02027287875539
-2.0,25.11886431509582,0.38821644339450534,44.01298376353321
-1.5,25.11886431509582,0.3639422849074119,44.007307360807715
-1.0,25.11886431509582,0.34491433333604554,44.003248984586556
-0.5,25.11886431509582,0.33276734055349333,44.00081243652674
0.0,25.11886431509582,0.32859083963561025,44.0
0.5,25.11886431509582,0.33276734055349333,44.00081243652674
1.0,25.11886431509582,0.34491433333604554,44.003248984586556
1.5,25.11886431509582,0.3639422849074119,44.007307360807715
2.0,25.11886431509582,0.38821644339450534,44.01298376353321
2.5,25.11886431509582,0.4157891501589811,44.02027287875539
3.0,25.11886431509582,0.4446569684075458,44.02916788840638
3.5,25.11886431509582,0.47299596705120744,44.03966048098603
4.0,25.11886431509582,0.4993381996248747,44.051740864504325
4.5,25.11886431509582,0.5226691234477264,44.06539778170994
5.0,25.11886431509582,0.5424442800982251,44.08061852757188
5.5,25.11886431509582,0.5585391520408755,44.097388968976134
6.0,25.11886431509582,0.5711555392251398,44.11569356659465
6.5,25.11886431509582,0.5807101596387141,44.1355153988792
7.0,25.11886431509582,0.5877276127459417,44.156836188128345
7.5,25.11886431509582,0.5927527328907293,44.17963632857124
8.0,25.11886431509582,0.5962893274303266,44.20389491640792
8.5,25.11886431509582,0.5987654228300179,44.229589781741595
9.0,25.11886431509582,0.6005205689641919,44.25669752233477
9.5,25.11886431509582,0.6018086747587046,44.285193539117124
10.0,25.11886431509582,0.6028097971919661,44.31505207336993
10.5,25.11886431509582,0.6036455094674432,44.34624624550817
11.0,25.11886431509582,0.604394174114821,44.37874809537888
11.5,25.11886431509582,0.6051040833652569,44.41252862399097
12.0,25.11886431509582,0.605803697886762,44.44755783658961
12.5,25.11886431509582,0.6065090296235885,44.48380478698561
13.0,25.11886431509582,0.6072286287632281,44.5212376230482
13.5,25.11886431509582,0.6079667636262771,44.55982363326786
14.0,25.11886431509582,0.6087253446592938,44.59952929429389
14.5,25.11886431509582,0.6095050331801388,44.64032031935042
15.0,25.11886431509582,0.6103058516640536,44.68216170743322
15.5,25.11886431509582,0.6111275053514215,44.725017793188606
16.0,25.11886431509582,0.6119695448653631,44.7688522973757
16.5,25.11886431509582,0.6128314453125773,44.81362837781214
17.0,25.11886431509582,0.6137126434473222,44.85930868070387
17.5,25.11886431509582,0.614612554670694,44.905855392259475
18.0,25.11886431509582,0.6155305807327522,44.95323029048982
18.5,25.11886431509582,0.61646611332015,45.00139479709461
19.0,25.11886431509582,0.6174185358947128,45.0503100293381
19.5,25.11886431509582,0.6183872248175453,45.09993685181751
20.0,25.11886431509582,0.619371550192586,45.15023592802869
21.0,25.11886431509582,0.6213845638151019,45.252692797350896
22.0,25.11886431509582,0.6234524396786764,45.35736386105349
23.0,25.11886431509582,0.6255699853054392,45.46393235828281
24.0,25.11886431509582,0.6277319742959768,45.57208310443064
25.0,25.11886431509582,0.629933167481826,45.681503999959006
26.0,25.11886431509582,0.6321683336630683,45.79188747750043
27.0,25.11886431509582,0.6344322698213006,45.90293187833805
28.0,25.11886431509582,0.6367198207024778,46.014342750241035
29.0,25.11886431509582,0.6390258976708292,46.12583405955348
30.0,25.11886431509582,0.6413454967425098,46.2371293113992
31.0,25.11886431509582,0.6436737157156392,46.347962572857654
32.0,25.11886431509582,0.6460057703218061,46.458079394976146
33.0,25.11886431509582,0.6483370093328937,46.56723763049842
34.0,25.11886431509582,0.6506629285661161,46.67520814519879
35.0,25.11886431509582,0.6529791837393715,46.7817754217029
36.0,25.11886431509582,0.6552816021383221,46.886738055640706
37.0,25.11886431509582,0.657566193065918,46.98990914490492
38.0,25.11886431509582,0.6598291570543201,47.09111657367073
39.0,25.11886431509582,0.6620668938282532,47.190203193660786
40.0,25.11886431509582,0.6642760090176779,47.2870269059085
41.0,25.11886431509582,0.6664533196262221,47.38146064697511
42.0,25.11886431509582,0.6685958582700109,47.47339228420776
43.0,25.11886431509582,0.6707008762093079,47.562724425183525
44.0,25.11886431509582,0.6727658452026886,47.64937414696458
45.0,25.11886431509582,0.6747884582202535,47.73327265119216
46.0,25.11886431509582,0.6767666290586264,47.814364851369675
47.0,25.11886431509582,0.6786984909061272,47.89260889893046
48.0,25.11886431509582,0.6805823939115512,47.967975654852964
49.0,25.11886431509582,0.6824169018143897,48.04044811367928
50.0,25.11886431509582,0.6842007876981,48.11002078681429
51.0,25.11886431509582,0.6859330289311522,48.17669905193584
52.0,25.11886431509582,0.687612801363068,48.24049847523646
53.0,25.11886431509582,0.6892394728445105,48.301444113048184
54.0,25.11886431509582,0.6908125961417135,48.359569799180235
55.0,25.11886431509582,0.6923319013161698,48.41491742402924
56.0,25.11886431509582,0.6937972876405439,48.467536211210565
57.0,25.11886431509582,0.6952088151212809,48.517481997111716
58.0,25.11886431509582,0.6965666956973685,48.56481651839205
59.0,25.11886431509582,0.6978712841832182,48.60960671205221
60.0,25.11886431509582,0.6991230690216892,48.6519240322783
61.0,25.11886431509582,0.7003226629109496,48.69184378783552
62.0,25.11886431509582,0.7014707933661644,48.72944450334878
63.0,25.11886431509582,0.7025682932739925,48.76480730736976
64.0,25.11886431509582,0.7036160914945844,48.79801534969484
65.0,25.11886431509582,0.70461520356226,48.82915324997166
66.0,25.11886431509582,0.7055667225323486,48.858306579216986
67.0,25.11886431509582,0.706471810017826,48.88556137546951
68.0,25.11886431509582,0.70733168745545,48.91100369442029
69.0,25.11886431509582,0.7081476276370877,48.934719195504655
70.0,25.11886431509582,0.708920946537905,48.95679276360341
71.0,25.11886431509582,0.7096529954690813,48.97730816619108
72.0,25.11886431509582,0.7103451535787453,48.99634774548527
73.0,25.11886431509582,0.7109988207209464,49.013992144894864
74.0,25.11886431509582,0.7116154107086956,49.03032006883694
75.0,25.11886431509582,0.7121963449634646,49.04540807479197
76.0,25.11886431509582,0.7127430465700393,49.059330396294975
77.0,25.11886431509582,0.713256934742303,49.07215879541533
78.0,25.11886431509582,0.713739419702401,49.08396244315978
79.0,25.11886431509582,0.7141918979728018,49.094807826140105
80.0,25.11886431509582,0.714615748078072,49.104758677778584
81.0,25.11886431509582,0.7150123266506773,49.11387593227778
82.0,25.11886431509582,0.7153829649328677,49.122217699557
83.0,25.11886431509582,0.7157289656646663,49.129839259351655
84.0,25.11886431509582,0.7160516003461745,49.13679307268444
85.0,25.11886431509582,0.71635210686083,49.14312880894485
86.0,25.11886431509582,0.7166316874448962,49.148893386856024
87.0,25.11886431509582,0.7168915069873307,49.15413102766178
88.0,25.11886431509582,0.7171326916432414,49.158883318931714
89.0,25.11886431509582,0.7173563277434248,49.16318928745536
90.0,25.11886431509582,0.7175634609819392,49.16708547977707
91.0,25.11886431509582,0.7177550958633107,49.17060604900902
92.0,25.11886431509582,0.7179321953907875,49.17378284664961
93.0,25.11886431509582,0.718095680977025,49.176645518227325
94.0,25.11886431509582,0.7182464325586961,49.17922160168356
95.0,25.11886431509582,0.7183852888967686,49.18153662750234
96.0,25.11886431509582,0.7185130480445441,49.18361421968809
97.0,25.11886431509582,0.7186304679660254,49.18547619678409
98.0,25.11886431509582,0.7187382672877236,49.187142672213454
99.0,25.11886431509582,0.718837126167655,49.18863215331037
100.0,25.11886431509582,0.718927687265973,49.18996163849162
-100.0,28.183829312644566,0.7838651071669915,49.09015468390524
-99.0,28.183829312644566,0.7837663661026321,49.08885076574671
-98.0,28.183829312644566,0.783658577756343,49.08738992851704
-97.0,28.183829312644566,0.7835410414194454,49.08575550069209
-96.0,28.183829312644566,0.7834130154983885,49.08392933084793
-95.0,28.183829312644566,0.7832737164564453,49.08189169235806
-94.0,28.183829312644566,0.7831223178662228,49.07962118626657
-93.0,28.183829312644566,0.7829579495899478,49.0770946428768
-92.0,28.183829312644566,0.7827796971052456,49.07428702267558
-91.0,28.183829312644566,0.7825866009948249,49.071171317297306
-90.0,28.183829312644566,0.7823776566190778,49.06771845131982
-89.0,28.183829312644566,0.782151813991117,49.06389718577353
-88.0,28.183829312644566,0.7819079778741588,49.05967402433687
-87.0,28.183829312644566,0.7816450081214269,49.05501312328367
-86.0,28.183829312644566,0.7813617202788776,49.04987620633956
-85.0,28.183829312644566,0.7810568864710097,49.04422248569591
-84.0,28.183829312644566,0.7807292365898227,49.038008590517435
-83.0,28.183829312644566,0.7803774598065999,49.031188504364124
-82.0,28.183829312644566,0.780000206425606,49.023713513027054
-81.0,28.183829312644566,0.7795960900980039,49.01553216434936
-80.0,28.183829312644566,0.7791636904132769,49.00659024166745
-79.0,28.183829312644566,0.7787015558842065,48.99683075256049
-78.0,28.183829312644566,0.7782082073399775,48.98619393463747
-77.0,28.183829312644566,0.7776821417402622,48.974617280118885
-76.0,28.183829312644566,0.7771218364211621,48.96203558098161
-75.0,28.183829312644566,0.7765257537816749,48.948380996430586
-74.0,28.183829312644566,0.7758923464168769,48.93358314443623
-73.0,28.183829312644566,0.7752200627013015,48.9175692190315
-72.0,28.183829312644566,0.7745073528230361,48.90026413499517
-71.0,28.183829312644566,0.7737526752658653,48.88159070145664
-70.0,28.183829312644566,0.7729545037333845,48.86146982584181
-69.0,28.183829312644566,0.7721113345053796,48.839820749437266
-68.0,28.183829312644566,0.7712216942129692,48.81656131568143
-67.0,28.183829312644566,0.770284148015024,48.79160827209509
-66.0,28.183829312644566,0.7692973081542624,48.764877606539734
-65.0,28.183829312644566,0.7682598428671814,48.73628491824143
-64.0,28.183829312644566,0.7671704856176661,48.70574582373917
-63.0,28.183829312644566,0.7660280446197445,48.67317639761265
-62.0,28.183829312644566,0.7648314126105683,48.63849364751515
-61.0,28.183829312644566,0.7635795768303367,48.60161602268484
-60.0,28.183829312644566,0.7622716291615832,48.56246395473449
-59.0,28.183829312644566,0.7609067763760553,48.52096042912813
-58.0,28.183829312644566,0.7594843504333874,48.477031585346054
-57.0,28.183829312644566,0.7580038187719309,48.43060734332111
-56.0,28.183829312644566,0.7564647945285266,48.38162205330267
-55.0,28.183829312644566,0.7548670466207156,48.33001516587483
-54.0,28.183829312644566,0.7532105096219479,48.27573191842677
-53.0,28.183829312644566,0.7514952933577942,48.218724033951105
-52.0,28.183829312644566,0.7497216921490615,48.15895042763576
-51.0,28.183829312644566,0.7478901936260776,48.09637791632169
-50.0,28.183829312644566,0.7460014870373116,48.0309819255294
-49.0,28.183829312644566,0.7440564709749509,47.962747188416216
-48.0,28.183829312644566,0.7420562604401113,47.891668430721175
-47.0,28.183829312644566,0.7400021931710445,47.81775103548949
-46.0,28.183829312644566,0.7378958351590421,47.74101168115103
-45.0,28.183829312644566,0.7357389852787535,47.66147894636154
-44.0,28.183829312644566,0.7335336789623418,47.579193874907574
-43.0,28.183829312644566,0.7312821908503058,47.49421049393
-42.0,28.183829312644566,0.728987036355908,47.40659627874223
-41.0,28.183829312644566,0.7266509720849523,47.3164325576102
-40.0,28.183829312644566,0.7242769950581488,47.22381485002565
-39.0,28.183829312644566,0.7218683406894627,47.12885313224423
-38.0,28.183829312644566,0.7194284794806376,47.03167202417706
-37.0,28.183829312644566,0.7169611123994926,46.93241089211829
-36.0,28.183829312644566,0.7144701649175517,46.831223862263
-35.0,28.183829312644566,0.7119597796910484,46.728279740516314
-34.0,28.183829312644566,0.7094343078782787,46.623761834714195
-33.0,28.183829312644566,0.706898299095608,46.517867676065755
-32.0,28.183829312644566,0.7043564900240901,46.410808637380455
-31.0,28.183829312644566,0.7018137916885536,46.30280944645654
-30.0,28.183829312644566,0.6992752754410841,46.194107593872296
-29.0,28.183829312644566,0.6967461576909776,46.0849526353313
-28.0,28.183829312644566,0.6942317834333851,45.97560538965948
-27.0,28.183829312644566,0.6917376086389172,45.86633703452385
-26.0,28.183829312644566,0.6892691815763281,45.75742810293311
-25.0,28.183829312644566,0.6868321231499674,45.64916738457518
-24.0,28.183829312644566,0.684432106342877,45.54185073703774
-23.0,28.183829312644566,0.6820748348651203,45.43577981293122
-22.0,28.183829312644566,0.6797660211150672,45.33126070987939
-21.0,28.183829312644566,0.6775113635686693,45.228602551247995
-20.0,28.183829312644566,0.6753165237163571,45.12811600633584
-19.5,28.183829312644566,0.6742432887731769,45.07878422005179
-19.0,28.183829312644566,0.6731871026507656,45.03011175954314
-18.5,28.183829312644566,0.6721486521407884,44.98213720484279
-18.0,28.183829312644566,0.6711286172125644,44.93489893874963
-17.5,28.183829312644566,0.6701276700933152,44.88843509625448
-17.0,28.183829312644566,0.6691464740425249,44.84278351376726
-16.5,28.183829312644566,0.6681856813472901,44.79798167823883
-16.0,28.183829312644566,0.6672459294106357,44.75406667627232
-15.5,28.183829312644566,0.6663278323536913,44.7110751433196
-15.0,28.183829312644566,0.6654319624809476,44.6690432130595
-14.5,28.183829312644566,0.6645588097594238,44.62800646705522
-14.0,28.183829312644566,0.663708695573012,44.58799988478823
-13.5,28.183829312644566,0.6628815954163858,44.54905779416655
-13.0,28.183829312644566,0.662076788237895,44.511213822604965
-12.5,28.183829312644566,0.6612921910291604,44.47450084877434
-12.0,28.183829312644566,0.6605231499318861,44.43895095511674
-11.5,28.183829312644566,0.6597603424596066,44.40459538122192
-11.0,28.183829312644566,0.6589863103830454,44.37146447816006
-10.5,28.183829312644566,0.6581700223134057,44.33958766386378
-10.0,28.183829312644566,0.657258824005174,44.30899337965128
-9.5,28.183829312644566,0.6561672748030281,44.279709047980255
-9.0,28.183829312644566,0.6547628203571325,44.25176103152064
-8.5,28.183829312644566,0.6528491399732401,44.22517459363118
-8.0,28.183829312644566,0.6501493903040961,44.199973860323155
-7.5,28.183829312644566,0.6462933515022937,44.17618178379103
-7.0,28.183829312644566,0.6408143354474236,44.15382010758742
-6.5,28.183829312644566,0.6331630281888937,44.13290933351614
-6.0,28.183829312644566,0.6227453830111034,44.11346869031399
-5.5,28.183829312644566,0.6089894158012956,44.09551610418813
-5.0,28.183829312644566,0.5914407683592376,44.07906817127242
-4.5,28.183829312644566,0.5698794130774061,44.064140132061674
-4.0,28.183829312644566,0.5444411145855874,44.05074584787924
-3.5,28.183829312644566,0.5157195097216809,44.03889777942861
-3.0,28.183829312644566,0.48482078012441493,44.02860696747549
-2.5,28.183829312644566,0.453345465088013,44.0198830157024
-2.0,28.183829312644566,0.42328224297868855,44.012734075772954
-1.5,28.183829312644566,0.3968155117887482,44.00716683463833
-1.0,28.183829312644566,0.37606885317224764,44.003186504113735
-0.5,28.183829312644566,0.3628246785940479,44.00079681274738
0.0,28.183829312644566,0.3582709336241894,44.0
0.5,28.183829312644566,0.3628246785940479,44.00079681274738
1.0,28.183829312644566,0.37606885317224764,44.003186504113735
1.5,28.183829312644566,0.3968155117887482,44.00716683463833
2.0,28.183829312644566,0.42328224297868855,44.012734075772954
2.5,28.183829312644566,0.453345465088013,44.0198830157024
3.0,28.183829312644566,0.48482078012441493,44.02860696747549
3.5,28.183829312644566,0.5157195097216809,44.03889777942861
4.0,28.183829312644566,0.5444411145855874,44.05074584787924
4.5,28.183829312644566,0.5698794130774061,44.064140132061674
5.0,28.183829312644566,0.5914407683592376,44.07906817127242
5.5,28.183829312644566,0.6089894158012956,44.09551610418813
6.0,28.183829312644566,0.6227453830111034,44.11346869031399
6.5,28.183829312644566,0.6331630281888937,44.13290933351614
7.0,28.183829312644566,0.6408143354474236,44.15382010758742
7.5,28.183829312644566,0.6462933515022937,44.17618178379103
8.0,28.183829312644566,0.6501493903040961,44.199973860323155
8.5,28.183829312644566,0.6528491399732401,44.22517459363118
9.0,28.183829312644566,0.6547628203571325,44.25176103152064
9.5,28.183829312644566,0.6561672748030281,44.279709047980255
10.0,28.183829312644566,0.657258824005174,44.30899337965128
10.5,28.183829312644566,0.6581700223134057,44.33958766386378
11.0,28.183829312644566,0.6589863103830454,44.37146447816006
11.5,28.183829312644566,0.6597603424596066,44.40459538122192
12.0,28.183829312644566,0.6605231499318861,44.43895095511674
12.5,28.183829312644566,0.6612921910291604,44.47450084877434
13.0,28.183829312644566,0.662076788237895,44.511213822604965
13.5,28.183829312644566,0.6628815954163858,44.54905779416655
14.0,28.183829312644566,0.663708695573012,44.58799988478823
14.5,28.183829312644566,0.6645588097594238,44.62800646705522
15.0,28.183829312644566,0.6654319624809476,44.6690432130595
15.5,28.183829312644566,0.6663278323536913,44.7110751433196
16.0,28.183829312644566,0.6672459294106357,44.75406667627232
16.5,28.183829312644566,0.6681856813472901,44.79798167823883
17.0,28.183829312644566,0.6691464740425249,44.84278351376726
17.5,28.183829312644566,0.6701276700933152,44.88843509625448
18.0,28.183829312644566,0.6711286172125644,44.93489893874963
18.5,28.183829312644566,0.6721486521407884,44.98213720484279
19.0,28.183829312644566,0.6731871026507656,45.03011175954314
19.5,28.183829312644566,0.6742432887731769,45.07878422005179
20.0,28.183829312644566,0.6753165237163571,45.12811600633584
21.0,28.183829312644566,0.6775113635686693,45.228602551247995
22.0,28.183829312644566,0.6797660211150672,45.33126070987939
23.0,28.183829312644566,0.6820748348651203,45.43577981293122
24.0,28.183829312644566,0.684432106342877,45.54185073703774
25.0,28.183829312644566,0.6868321231499674,45.64916738457518
26.0,28.183829312644566,0.6892691815763281,45.75742810293311
27.0,28.183829312644566,0.6917376086389172,45.86633703452385
28.0,28.183829312644566,0.6942317834333851,45.97560538965948
29.0,28.183829312644566,0.6967461576909776,46.0849526353313
30.0,28.183829312644566,0.6992752754410841,46.194107593872296
31.0,28.183829312644566,0.7018137916885536,46.30280944645654
32.0,28.183829312644566,0.7043564900240901,46.410808637380455
33.0,28.183829312644566,0.706898299095608,46.517867676065755
34.0,28.183829312644566,0.7094343078782787,46.623761834714195
35.0,28.183829312644566,0.7119597796910484,46.728279740516314
36.0,28.183829312644566,0.7144701649175517,46.831223862263
37.0,28.183829312644566,0.7169611123994926,46.93241089211829
38.0,28.183829312644566,0.7194284794806376,47.03167202417706
39.0,28.183829312644566,0.7218683406894627,47.12885313224423
40.0,28.183829312644566,0.7242769950581488,47.22381485002565
41.0,28.183829312644566,0.7266509720849523,47.3164325576102
42.0,28.183829312644566,0.728987036355908,47.40659627874223
43.0,28.183829312644566,0.7312821908503058,47.49421049393
44.0,28.183829312644566,0.7335336789623418,47.579193874907574
45.0,28.183829312644566,0.7357389852787535,47.66147894636154
46.0,28.183829312644566,0.7378958351590421,47.74101168115103
47.0,28.183829312644566,0.7400021931710445,47.81775103548949
48.0,28.183829312644566,0.7420562604401113,47.891668430721175
49.0,28.183829312644566,0.7440564709749509,47.962747188416216
50.0,28.183829312644566,0.7460014870373116,48.0309819255294
51.0,28.183829312644566,0.7478901936260776,48.09637791632169
52.0,28.183829312644566,0.7497216921490615,48.15895042763576
53.0,28.183829312644566,0.7514952933577942,48.218724033951105
54.0,28.183829312644566,0.7532105096219479,48.27573191842677
55.0,28.183829312644566,0.7548670466207156,48.33001516587483
56.0,28.183829312644566,0.7564647945285266,48.38162205330267
57.0,28.183829312644566,0.7580038187719309,48.43060734332111
58.0,28.183829312644566,0.7594843504333874,48.477031585346054
59.0,28.183829312644566,0.7609067763760553,48.52096042912813
60.0,28.183829312644566,0.7622716291615832,48.56246395473449
61.0,28.183829312644566,0.7635795768303367,48.60161602268484
62.0,28.183829312644566,0.7648314126105683,48.63849364751515
63.0,28.183829312644566,0.7660280446197445,48.67317639761265
64.0,28.183829312644566,0.7671704856176661,48.70574582373917
65.0,28.183829312644566,0.7682598428671814,48.73628491824143
66.0,28.183829312644566,0.7692973081542624,48.764877606539734
67.0,28.183829312644566,0.770284148015024,48.79160827209509
68.0,28.183829312644566,0.7712216942129692,48.81656131568143
69.0,28.183829312644566,0.7721113345053796,48.839820749437266
70.0,28.183829312644566,0.7729545037333845,48.86146982584181
71.0,28.183829312644566,0.7737526752658653,48.88159070145664
72.0,28.183829312644566,0.7745073528230361,48.90026413499517
73.0,28.183829312644566,0.7752200627013015,48.9175692190315
74.0,28.183829312644566,0.7758923464168769,48.93358314443623
75.0,28.183829312644566,0.7765257537816749,48.948380996430586
76.0,28.183829312644566,0.7771218364211621,48.96203558098161
77.0,28.183829312644566,0.7776821417402622,48.974617280118885
78.0,28.183829312644566,0.7782082073399775,48.98619393463747
79.0,28.183829312644566,0.7787015558842065,48.99683075256049
80.0,28.183829312644566,0.7791636904132769,49.00659024166745
81.0,28.183829312644566,0.7795960900980039,49.01553216434936
82.0,28.183829312644566,0.780000206425606,49.023713513027054
83.0,28.183829312644566,0.7803774598065999,49.031188504364124
84.0,28.183829312644566,0.7807292365898227,49.038008590517435
85.0,28.183829312644566,0.7810568864710097,49.04422248569591
86.0,28.183829312644566,0.7813617202788776,49.04987620633956
87.0,28.183829312644566,0.7816450081214269,49.05501312328367
88.0,28.183829312644566,0.7819079778741588,49.05967402433687
89.0,28.183829312644566,0.782151813991117,49.06389718577353
90.0,28.183829312644566,0.7823776566190778,49.06771845131982
91.0,28.183829312644566,0.7825866009948249,49.071171317297306
92.0,28.183829312644566,0.7827796971052456,49.07428702267558
93.0,28.183829312644566,0.7829579495899478,49.0770946428768
94.0,28.183829312644566,0.7831223178662228,49.07962118626657
95.0,28.183829312644566,0.7832737164564453,49.08189169235806
96.0,28.183829312644566,0.7834130154983885,49.08392933084793
97.0,28.183829312644566,0.7835410414194454,49.08575550069209
98.0,28.183829312644566,0.783658577756343,49.08738992851704
99.0,28.183829312644566,0.7837663661026321,49.08885076574671
100.0,28.183829312644566,0.7838651071669915,49.09015468390524
-100.0,31.622776601683825,0.8580727526393561,48.99034772931886
-99.0,31.622776601683825,0.8579646638672972,48.98906937818305
-98.0,31.622776601683825,0.8578466713171031,48.98763718482063
-97.0,31.622776601683825,0.857718007944777,48.98603480460009
-96.0,31.622776601683825,0.8575778619509242,48.98424444200778
-95.0,31.622776601683825,0.8574253756222595,48.98224675721379
-94.0,31.622776601683825,0.85725964429442,48.98002077084958
-93.0,31.622776601683825,0.8570797154546486,48.97754376752628
-92.0,31.622776601683825,0.8568845880037457,48.974791198701546
-91.0,31.622776601683825,0.8566732116974428,48.97173658558559
-90.0,31.622776601683825,0.856444486788008,48.96835142286257
-89.0,31.622776601683825,0.8561972638874531,48.964605084091694
-88.0,31.622776601683825,0.8559303440741355,48.96046472974203
-87.0,31.622776601683825,0.8556424792648405,48.95589521890556
-86.0,31.622776601683825,0.8553323728745663,48.9508590258231
-85.0,31.622776601683825,0.8549986807861913,48.94531616244697
-84.0,31.622776601683825,0.8546400126519914,48.93922410835042
-83.0,31.622776601683825,0.8542549335485401,48.93253774937659
-82.0,31.622776601683825,0.853841966005895,48.92520932649711
-81.0,31.622776601683825,0.8533995924311033,48.91718839642094
-80.0,31.622776601683825,0.8529262579449504,48.90842180555633
-79.0,31.622776601683825,0.852420373649523,48.89885367898087
-78.0,31.622776601683825,0.8518803203425362,48.88842542611517
-77.0,31.622776601683825,0.851304452692491,48.877075764822436
-76.0,31.622776601683825,0.8506911038865769,48.864740765668245
-75.0,31.622776601683825,0.8500385907607996,48.85135391806921
-74.0,31.622776601683825,0.8493452194191173,48.83684622003552
-73.0,31.622776601683825,0.8486092913453914,48.821146293168134
-72.0,31.622776601683825,0.847829110008724,48.804180524505064
-71.0,31.622776601683825,0.8470029879592593,48.785873236722196
-70.0,31.622776601683825,0.8461292544077946,48.7661468880802
-69.0,31.622776601683825,0.8452062632785814,48.74492230336986
-68.0,31.622776601683825,0.8442324017205303,48.722118936942586
-67.0,31.622776601683825,0.8432060990576846,48.69765516872068
-66.0,31.622776601683825,0.8421258361553106,48.67144863386248
-65.0,31.622776601683825,0.8409901551733228,48.64341658651121
-64.0,31.622776601683825,0.8397976696740287,48.6134762977835
-63.0,31.622776601683825,0.8385470750463924,48.581545487855536
-62.0,31.622776601683825,0.8372371592042123,48.54754279168152
-61.0,31.622776601683825,0.8358668135108341,48.51138825753416
-60.0,31.622776601683825,0.8344350438783117,48.47300387719068
-59.0,31.622776601683825,0.8329409819843487,48.43231414620405
-58.0,31.622776601683825,0.8313838965459345,48.38924665230005
-57.0,31.622776601683825,0.8297632045843966,48.3437326895305
-56.0,31.622776601683825,0.8280784826126666,48.29570789539478
-55.0,31.622776601683825,0.8263294776719645,48.245112907720426
-54.0,31.622776601683825,0.8245161181418805,48.1918940376733
-53.0,31.622776601683825,0.8226385242450512,48.136003954854026
-52.0,31.622776601683825,0.8206970181653099,48.07740238003505
-51.0,31.622776601683825,0.81869213369641,48.01605678070754
-50.0,31.622776601683825,0.8166246253372131,47.95194306424451
-49.0,31.622776601683825,0.8144954767486382,47.88504626315316
-48.0,31.622776601683825,0.8123059084877278,47.81536120658939
-47.0,31.622776601683825,0.8100573849349387,47.742893172048525
-46.0,31.622776601683825,0.8077516203322316,47.66765851093238
-45.0,31.622776601683825,0.8053905838517357,47.58968524153092
-44.0,31.622776601683825,0.8029765036177329,47.509013602850565
-43.0,31.622776601683825,0.8005118696084301,47.42569656267647
-42.0,31.622776601683825,0.7979994353684903,47.339800273276694
-41.0,31.622776601683825,0.7954422184685492,47.2514044682453
-40.0,31.622776601683825,0.792843499653964,47.16060279414279
-39.0,31.622776601683825,0.7902068206317722,47.06750307082768
-38.0,31.622776601683825,0.7875359804522915,46.97222747468339
-37.0,31.622776601683825,0.7848350304498839,46.874912639331654
-36.0,31.622776601683825,0.782108267716135,46.77570966888529
-35.0,31.622776601683825,0.7793602270879764,46.67478405932972
-34.0,31.622776601683825,0.7765956716430625,46.5723155242296
-33.0,31.622776601683825,0.7738195817049245,46.46849772163309
-32.0,31.622776601683825,0.7710371423709889,46.36353787978476
-31.0,31.622776601683825,0.7682537295873906,46.25765632005544
-30.0,31.622776601683825,0.7654748948055257,46.151085876345384
-29.0,31.622776601683825,0.7627063482664072,46.04407121110912
-28.0,31.622776601683825,0.7599539409699839,45.93686802907792
-27.0,31.622776601683825,0.7572236453975892,45.82974219070966
-26.0,31.622776601683825,0.754521535066463,45.7229687283658
-25.0,31.622776601683825,0.7518537630057726,45.61683076919135
-24.0,31.622776601683825,0.7492265392536096,45.51161836964484
-23.0,31.622776601683825,0.7466461074839813,45.40762726757963
-22.0,31.622776601683825,0.7441187208817128,45.305157558705275
-21.0,31.622776601683825,0.7416506173911912,45.204512305145094
-20.0,31.622776601683825,0.7392479944699047,45.105996084642975
-19.5,31.622776601683825,0.7380731575579115,45.05763158828607
-19.0,31.622776601683825,0.7369169834597528,45.00991348974818
-18.5,31.622776601683825,0.7357802239849035,44.96287961259097
-18.0,31.622776601683825,0.7346636234746283,44.916567587009446
-17.5,31.622776601683825,0.7335679177951592,44.8710148002495
-17.0,31.622776601683825,0.732493832996024,44.82625834683064
-16.5,31.622776601683825,0.7314420831156198,44.78233497866552
-16.0,31.622776601683825,0.7304133658992129,44.739281055168945
-15.5,31.622776601683825,0.7294083536061036,44.69713249345058
-15.0,31.622776601683825,0.7284276727202174,44.65592471868578
-14.5,31.622776601683825,0.7274718595932109,44.61569261476002
-14.0,31.622776601683825,0.7265412660340353,44.57647047528258
-13.5,31.622776601683825,0.7256358652174717,44.53829195506525
-13.0,31.622776601683825,0.7247548678307052,44.50119002216173
-12.5,31.622776601683825,0.7238959936692501,44.46519691056308
-12.0,31.622776601683825,0.7230541482991762,44.43034407364386
-11.5,31.622776601683825,0.7222191266845028,44.39666213845286
-11.0,31.622776601683825,0.7213718178446358,44.36418086094123
-10.5,31.622776601683825,0.720478252683413,44.332929082219394
-10.0,31.622776601683825,0.7194807922359511,44.30293468593262
-9.5,31.622776601683825,0.7182859072742873,44.274224556843386
-9.0,31.622776601683825,0.7167484946744312,44.246824540706506
-8.5,31.622776601683825,0.7146536482784572,44.22075940552077
-8.0,31.622776601683825,0.7116983162846504,44.196052804238384
-7.5,31.622776601683825,0.7074772305408225,44.17272723901081
-7.0,31.622776601683825,0.7014795220767357,44.15080402704649
-6.5,31.622776601683825,0.6931038739957227,44.13030326815308
-6.0,31.622776601683825,0.6817000018345624,44.111243814033315
-5.5,31.622776601683825,0.6666417723751639,44.09364323940013
-5.0,31.622776601683825,0.6474318138274155,44.07751781497296
-4.5,31.622776601683825,0.6238292688127732,44.0628824824134
-4.0,31.622776601683825,0.5959827546488429,44.04975083125416
-3.5,31.622776601683825,0.564542107118474,44.03813507787118
-3.0,31.622776601683825,0.5307182288565515,44.028046046544596
-2.5,31.622776601683825,0.49626318044766426,44.01949315264941
-2.0,31.622776601683825,0.46335390624640715,44.0124843880127
-1.5,31.622776601683825,0.43438159879468646,44.00702630846896
-1.0,31.622776601683825,0.4116708768804666,44.00312402364092
-0.5,31.622776601683825,0.3971728908968514,44.00078118896802
0.0,31.622776601683825,0.39218804791126916,44.0
0.5,31.622776601683825,0.3971728908968514,44.00078118896802
1.0,31.622776601683825,0.4116708768804666,44.00312402364092
1.5,31.622776601683825,0.43438159879468646,44.00702630846896
2.0,31.622776601683825,0.46335390624640715,44.0124843880127
2.5,31.622776601683825,0.49626318044766426,44.01949315264941
3.0,31.622776601683825,0.5307182288565515,44.028046046544596
3.5,31.622776601683825,0.564542107118474,44.03813507787118
4.0,31.622776601683825,0.5959827546488429,44.04975083125416
4.5,31.622776601683825,0.6238292688127732,44.0628824824134
5.0,31.622776601683825,0.6474318138274155,44.07751781497296
5.5,31.622776601683825,0.6666417723751639,44.09364323940013
6.0,31.622776601683825,0.6817000018345624,44.111243814033315
6.5,31.622776601683825,0.6931038739957227,44.13030326815308
7.0,31.622776601683825,0.7014795220767357,44.15080402704649
7.5,31.622776601683825,0.7074772305408225,44.17272723901081
8.0,31.622776601683825,0.7116983162846504,44.196052804238384
8.5,31.622776601683825,0.7146536482784572,44.22075940552077
9.0,31.622776601683825,0.7167484946744312,44.246824540706506
9.5,31.622776601683825,0.7182859072742873,44.274224556843386
10.0,31.622776601683825,0.7194807922359511,44.30293468593262
10.5,31.622776601683825,0.720478252683413,44.332929082219394
11.0,31.622776601683825,0.7213718178446358,44.36418086094123
11.5,31.622776601683825,0.7222191266845028,44.39666213845286
12.0,31.622776601683825,0.7230541482991762,44.43034407364386
12.5,31.622776601683825,0.7238959936692501,44.46519691056308
13.0,31.622776601683825,0.7247548678307052,44.50119002216173
13.5,31.622776601683825,0.7256358652174717,44.53829195506525
14.0,31.622776601683825,0.7265412660340353,44.57647047528258
14.5,31.622776601683825,0.7274718595932109,44.61569261476002
15.0,31.622776601683825,0.7284276727202174,44.65592471868578
15.5,31.622776601683825,0.7294083536061036,44.69713249345058
16.0,31.622776601683825,0.7304133658992129,44.739281055168945
16.5,31.622776601683825,0.7314420831156198,44.78233497866552
17.0,31.622776601683825,0.732493832996024,44.82625834683064
17.5,31.622776601683825,0.7335679177951592,44.8710148002495
18.0,31.622776601683825,0.7346636234746283,44.916567587009446
18.5,31.622776601683825,0.7357802239849035,44.96287961259097
19.0,31.622776601683825,0.7369169834597528,45.00991348974818
19.5,31.622776601683825,0.7380731575579115,45.05763158828607
20.0,31.622776601683825,0.7392479944699047,45.105996084642975
21.0,31.622776601683825,0.7416506173911912,45.204512305145094
22.0,31.622776601683825,0.7441187208817128,45.305157558705275
23.0,31.622776601683825,0.7466461074839813,45.40762726757963
24.0,31.622776601683825,0.7492265392536096,45.51161836964484
25.0,31.622776601683825,0.7518537630057726,45.61683076919135
26.0,31.622776601683825,0.754521535066463,45.7229687283658
27.0,31.622776601683825,0.7572236453975892,45.82974219070966
28.0,31.622776601683825,0.7599539409699839,45.93686802907792
29.0,31.622776601683825,0.7627063482664072,46.04407121110912
30.0,31.622776601683825,0.7654748948055257,46.151085876345384
31.0,31.622776601683825,0.7682537295873906,46.25765632005544
32.0,31.622776601683825,0.7710371423709889,46.36353787978476
33.0,31.622776601683825,0.7738195817049245,46.46849772163309
34.0,31.622776601683825,0.7765956716430625,46.5723155242296
35.0,31.622776601683825,0.7793602270879764,46.67478405932972
36.0,31.622776601683825,0.782108267716135,46.77570966888529
37.0,31.622776601683825,0.7848350304498839,46.874912639331654
38.0,31.622776601683825,0.7875359804522915,46.97222747468339
39.0,31.622776601683825,0.7902068206317722,47.06750307082768
40.0,31.622776601683825,0.792843499653964,47.16060279414279
41.0,31.622776601683825,0.7954422184685492,47.2514044682453
42.0,31.622776601683825,0.7979994353684903,47.339800273276694
43.0,31.622776601683825,0.8005118696084301,47.42569656267647
44.0,31.622776601683825,0.8029765036177329,47.509013602850565
45.0,31.622776601683825,0.8053905838517357,47.58968524153092
46.0,31.622776601683825,0.8077516203322316,47.66765851093238
47.0,31.622776601683825,0.8100573849349387,47.742893172048525
48.0,31.622776601683825,0.8123059084877278,47.81536120658939
49.0,31.622776601683825,0.8144954767486382,47.88504626315316
50.0,31.622776601683825,0.8166246253372131,47.95194306424451
51.0,31.622776601683825,0.81869213369641,48.01605678070754
52.0,31.622776601683825,0.8206970181653099,48.07740238003505
53.0,31.622776601683825,0.8226385242450512,48.136003954854026
54.0,31.622776601683825,0.8245161181418805,48.1918940376733
55.0,31.622776601683825,0.8263294776719645,48.245112907720426
56.0,31.622776601683825,0.8280784826126666,48.29570789539478
57.0,31.622776601683825,0.8297632045843966,48.3437326895305
58.0,31.622776601683825,0.8313838965459345,48.38924665230005
59.0,31.622776601683825,0.8329409819843487,48.43231414620405
60.0,31.622776601683825,0.8344350438783117,48.47300387719068
61.0,31.622776601683825,0.8358668135108341,48.51138825753416
62.0,31.622776601683825,0.8372371592042123,48.54754279168152
63.0,31.622776601683825,0.8385470750463924,48.581545487855536
64.0,31.622776601683825,0.8397976696740287,48.6134762977835
65.0,31.622776601683825,0.8409901551733228,48.64341658651121
66.0,31.622776601683825,0.8421258361553106,48.67144863386248
67.0,31.622776601683825,0.8432060990576846,48.69765516872068
68.0,31.622776601683825,0.8442324017205303,48.722118936942586
69.0,31.622776601683825,0.8452062632785814,48.74492230336986
70.0,31.622776601683825,0.8461292544077946,48.7661468880802
71.0,31.622776601683825,0.8470029879592593,48.785873236722196
72.0,31.622776601683825,0.847829110008724,48.804180524505064
73.0,31.622776601683825,0.8486092913453914,48.821146293168134
74.0,31.622776601683825,0.8493452194191173,48.83684622003552
75.0,31.622776601683825,0.8500385907607996,48.85135391806921
76.0,31.622776601683825,0.8506911038865769,48.864740765668245
77.0,31.622776601683825,0.851304452692491,48.877075764822436
78.0,31.622776601683825,0.8518803203425362,48.88842542611517
79.0,31.622776601683825,0.852420373649523,48.89885367898087
80.0,31.622776601683825,0.8529262579449504,48.90842180555633
81.0,31.622776601683825,0.8533995924311033,48.91718839642094
82.0,31.622776601683825,0.853841966005895,48.92520932649711
83.0,31.622776601683825,0.8542549335485401,48.93253774937659
84.0,31.622776601683825,0.8546400126519914,48.93922410835042
85.0,31.622776601683825,0.8549986807861913,48.94531616244697
86.0,31.622776601683825,0.8553323728745663,48.9508590258231
87.0,31.622776601683825,0.8556424792648405,48.95589521890556
88.0,31.622776601683825,0.8559303440741355,48.96046472974203
89.0,31.622776601683825,0.8561972638874531,48.964605084091694
90.0,31.622776601683825,0.856444486788008,48.96835142286257
91.0,31.622776601683825,0.8566732116974428,48.97173658558559
92.0,31.622776601683825,0.8568845880037457,48.974791198701546
93.0,31.622776601683825,0.8570797154546486,48.97754376752628
94.0,31.622776601683825,0.85725964429442,48.98002077084958
95.0,31.622776601683825,0.8574253756222595,48.98224675721379
96.0,31.622776601683825,0.8575778619509242,48.98424444200778
97.0,31.622776601683825,0.857718007944777,48.98603480460009
98.0,31.622776601683825,0.8578466713171031,48.98763718482063
99.0,31.622776601683825,0.8579646638672972,48.98906937818305
100.0,31.622776601683825,0.8580727526393561,48.99034772931886
-100.0,35.48133892335758,0.941748336784895,48.890540774732486
-99.0,35.48133892335758,0.9416297076581707,48.889287990619394
-98.0,35.48133892335758,0.9415002089792341,48.887884441124214
-97.0,35.48133892335758,0.9413589989052391,48.88631410850808
-96.0,35.48133892335758,0.941205186473587,48.88455955316762
-95.0,35.48133892335758,0.941037830330462,48.88260182206951
-94.0,35.48133892335758,0.9408559375925024,48.880420355432584
-93.0,35.48133892335758,0.940658462861982,48.87799289217575
-92.0,35.48133892335758,0.9404443074167897,48.875295374727514
-91.0,35.48133892335758,0.9402123185973287,48.87230185387388
-90.0,35.48133892335758,0.9399612894131728,48.86898439440532
-89.0,35.48133892335758,0.939689958392934,48.865312982409854
-88.0,35.48133892335758,0.9393970097012599,48.86125543514719
-87.0,35.48133892335758,0.9390810735472002,48.85677731452745
-86.0,35.48133892335758,0.9387407269083297,48.85184184530664
-85.0,35.48133892335758,0.9383744945949755,48.84640983919803
-84.0,35.48133892335758,0.9379808506786507,48.84043962618342
-83.0,35.48133892335758,0.9375582203083348,48.83388699438906
-82.0,35.48133892335758,0.9371049819375371,48.82670513996717
-81.0,35.48133892335758,0.9366194699841319,48.81884462849252
-80.0,35.48133892335758,0.9360999779437352,48.8102533694452
-79.0,35.48133892335758,0.9355447619759064,48.80087660540126
-78.0,35.48133892335758,0.93495204498068,48.79065691759286
-77.0,35.48133892335758,0.9343200211808679,48.77953424952599
-76.0,35.48133892335758,0.9336468612232047,48.76744595035488
-75.0,35.48133892335758,0.9329307178087437,48.75432683970782
-74.0,35.48133892335758,0.9321697318599473,48.74010929563481
-73.0,35.48133892335758,0.931362039228649,48.724723367304776
-72.0,35.48133892335758,0.9305057779455151,48.70809691401496
-71.0,35.48133892335758,0.9295990960077988,48.69015577198775
-70.0,35.48133892335758,0.9286401596980814,48.6708239503186
-69.0,35.48133892335758,0.9276271624223491,48.650023857302465
-68.0,35.48133892335758,0.9265583340511739,48.62767655820373
-67.0,35.48133892335758,0.9254319507429988,48.60370206534626
-66.0,35.48133892335758,0.9242463452235694,48.57801966118524
-65.0,35.48133892335758,0.9229999174904716,48.550548254780985
-64.0,35.48133892335758,0.92169114590654,48.52120677182783
-63.0,35.48133892335758,0.9203185986406515,48.48991457809842
-62.0,35.48133892335758,0.9188809454091431,48.45659193584789
-61.0,35.48133892335758,0.9173769694658566,48.42116049238347
-60.0,35.48133892335758,0.9158055797836419,48.383543799646866
-59.0,35.48133892335758,0.9141658233651266,48.34366786327997
-58.0,35.48133892335758,0.9124568976157096,48.30146171925405
-57.0,35.48133892335758,0.9106781627071319,48.25685803573988
-56.0,35.48133892335758,0.908829153855678,48.209793737486876
-55.0,35.48133892335758,0.9069095934351094,48.16021064956602
-54.0,35.48133892335758,0.9049194028409007,48.10805615691984
-53.0,35.48133892335758,0.9028587140192856,48.05328387575694
-52.0,35.48133892335758,0.9007278805720865,47.99585433243435
-51.0,35.48133892335758,0.8985274883463401,47.93573564509339
-50.0,35.48133892335758,0.8962583654164097,47.87290420295962
-49.0,35.48133892335758,0.8939215913656189,47.80734533789009
-48.0,35.48133892335758,0.8915185057745115,47.739053982457605
-47.0,35.48133892335758,0.8890507158236626,47.66803530860756
-46.0,35.48133892335758,0.886520102920575,47.59430534071373
-45.0,35.48133892335758,0.8839288282626208,47.517891536700304
-44.0,35.48133892335758,0.8812793372512299,47.43883333079355
-43.0,35.48133892335758,0.8785743626766324,47.35718263142294
-42.0,35.48133892335758,0.8758169265973874,47.27300426781116
-41.0,35.48133892335758,0.8730103408447107,47.18637637888039
-40.0,35.48133892335758,0.8701582060882118,47.09739073825993
-39.0,35.48133892335758,0.8672644094070482,47.00615300941112
-38.0,35.48133892335758,0.8643331203186725,46.91278292518973
-37.0,35.48133892335758,0.8613687852262429,46.817414386545025
-36.0,35.48133892335758,0.8583761202553342,46.72019547550759
-35.0,35.48133892335758,0.8553601024607761,46.62128837814312
-34.0,35.48133892335758,0.8523259593951805,46.52086921374501
-33.0,35.48133892335758,0.8492791570419241,46.41912776720043
-32.0,35.48133892335758,0.8462253861269536,46.31626712218906
-31.0,35.48133892335758,0.8431705468356736,46.21250319365433
-30.0,35.48133892335758,0.8401207319732722,46.10806415881848
-29.0,35.48133892335758,0.8370822086190383,46.003189786886935
-28.0,35.48133892335758,0.8340613983374063,45.898130668496364
-27.0,35.48133892335758,0.8310648560205399,45.793147346895466
-26.0,35.48133892335758,0.8280992474490987,45.68850935379848
-25.0,35.48133892335758,0.8251713256693328,45.584494153807526
-24.0,35.48133892335758,0.8222879062956832,45.481386002251945
-23.0,35.48133892335758,0.8194558418585365,45.37947472222803
-22.0,35.48133892335758,0.8166819953265524,45.27905440753117
-21.0,35.48133892335758,0.8139732129417695,45.18042205904219
-20.0,35.48133892335758,0.8113362965112186,45.08387616295012
-19.5,35.48133892335758,0.8100468945293237,45.03647895652035
-19.0,35.48133892335758,0.8087779752790321,44.98971521995321
-18.5,35.48133892335758,0.8075303638830627,44.94362202033915
-18.0,35.48133892335758,0.8063048772676559,44.89823623526926
-17.5,35.48133892335758,0.8051023230575706,44.853594504244505
-17.0,35.48133892335758,0.8039234981035791,44.80973317989403
-16.5,35.48133892335758,0.8027691860740481,44.76668827909221
-16.0,35.48133892335758,0.8016401527553776,44.72449543406557
-15.5,35.48133892335758,0.8005371359627189,44.68318984358157
-15.0,35.48133892335758,0.79946082327203,44.64280622431207
-14.5,35.48133892335758,0.7984118033376867,44.60337876246482
-14.0,35.48133892335758,0.7973904622755441,44.56494106577693
-13.5,35.48133892335758,0.7963967706445026,44.527526115963944
-13.0,35.48133892335758,0.7954298621613382,44.491166221718494
-12.5,35.48133892335758,0.794487234265778,44.45589297235182
-12.0,35.48133892335758,0.7935632957364885,44.42173719217098
-11.5,35.48133892335758,0.7926468463860351,44.388728895683805
-11.0,35.48133892335758,0.7917169116127498,44.35689724372241
-10.5,35.48133892335758,0.7907362097995272,44.326270500575006
-10.0,35.48133892335758,0.7896414812761977,44.29687599221397
-9.5,35.48133892335758,0.7883300762445907,44.268740065706524
-9.0,35.48133892335758,0.7866427417447909,44.241888049892374
-8.5,35.48133892335758,0.7843436148896843,44.21634421741035
-8.0,35.48133892335758,0.7811000915622578,44.192131748153614
-7.5,35.48133892335758,0.7764673835937912,44.16927269423059
-7.0,35.48133892335758,0.7698848042574814,44.14778794650556
-6.5,35.48133892335758,0.760692398805231,44.12769720279002
-6.0,35.48133892335758,0.7481764698147737,44.10901893775265
-5.5,35.48133892335758,0.7316498262350842,44.091770374612125
-5.0,35.48133892335758,0.710566594706752,44.075967458673496
-4.5,35.48133892335758,0.6846624304700253,44.06162483276513
-4.0,35.48133892335758,0.654100443367563,44.048755814629075
-3.5,35.48133892335758,0.6195938383878689,44.03737237631376
-3.0,35.48133892335758,0.5824716002107431,44.0274851256137
-2.5,35.48133892335758,0.5446566428739605,44.01910328959642
-2.0,35.48133892335758,0.5085381970329726,44.01223470025244
-1.5,35.48133892335758,0.4767406340972502,44.00688578229958
-1.0,35.48133892335758,0.45181525973462905,44.0030615431681
-0.5,35.48133892335758,0.43590349217785307,44.000765565188665
0.0,35.48133892335758,0.4304325486286421,44.0
0.5,35.48133892335758,0.43590349217785307,44.000765565188665
1.0,35.48133892335758,0.45181525973462905,44.0030615431681
1.5,35.48133892335758,0.4767406340972502,44.00688578229958
2.0,35.48133892335758,0.5085381970329726,44.01223470025244
2.5,35.48133892335758,0.5446566428739605,44.01910328959642
3.0,35.48133892335758,0.5824716002107431,44.0274851256137
3.5,35.48133892335758,0.6195938383878689,44.03737237631376
4.0,35.48133892335758,0.654100443367563,44.048755814629075
4.5,35.48133892335758,0.6846624304700253,44.06162483276513
5.0,35.48133892335758,0.710566594706752,44.075967458673496
5.5,35.48133892335758,0.7316498262350842,44.091770374612125
6.0,35.48133892335758,0.7481764698147737,44.10901893775265
6.5,35.48133892335758,0.760692398805231,44.12769720279002
7.0,35.48133892335758,0.7698848042574814,44.14778794650556
7.5,35.48133892335758,0.7764673835937912,44.16927269423059
8.0,35.48133892335758,0.7811000915622578,44.192131748153614
8.5,35.48133892335758,0.7843436148896843,44.21634421741035
9.0,35.48133892335758,0.7866427417447909,44.241888049892374
9.5,35.48133892335758,0.7883300762445907,44.268740065706524
10.0,35.48133892335758,0.7896414812761977,44.29687599221397
10.5,35.48133892335758,0.7907362097995272,44.326270500575006
11.0,35.48133892335758,0.7917169116127498,44.35689724372241
11.5,35.48133892335758,0.7926468463860351,44.388728895683805
12.0,35.48133892335758,0.7935632957364885,44.42173719217098
12.5,35.48133892335758,0.794487234265778,44.45589297235182
13.0,35.48133892335758,0.7954298621613382,44.491166221718494
13.5,35.48133892335758,0.7963967706445026,44.527526115963944
14.0,35.48133892335758,0.7973904622755441,44.56494106577693
14.5,35.48133892335758,0.7984118033376867,44.60337876246482
15.0,35.48133892335758,0.79946082327203,44.64280622431207
15.5,35.48133892335758,0.8005371359627189,44.68318984358157
16.0,35.48133892335758,0.8016401527553776,44.72449543406557
16.5,35.48133892335758,0.8027691860740481,44.76668827909221
17.0,35.48133892335758,0.8039234981035791,44.80973317989403
17.5,35.48133892335758,0.8051023230575706,44.853594504244505
18.0,35.48133892335758,0.8063048772676559,44.89823623526926
18.5,35.48133892335758,0.8075303638830627,44.94362202033915
19.0,35.48133892335758,0.8087779752790321,44.98971521995321
19.5,35.48133892335758,0.8100468945293237,45.03647895652035
20.0,35.48133892335758,0.8113362965112186,45.08387616295012
21.0,35.48133892335758,0.8139732129417695,45.18042205904219
22.0,35.48133892335758,0.8166819953265524,45.27905440753117
23.0,35.48133892335758,0.8194558418585365,45.37947472222803
24.0,35.48133892335758,0.8222879062956832,45.481386002251945
25.0,35.48133892335758,0.8251713256693328,45.584494153807526
26.0,35.48133892335758,0.8280992474490987,45.68850935379848
27.0,35.48133892335758,0.8310648560205399,45.793147346895466
28.0,35.48133892335758,0.8340613983374063,45.898130668496364
29.0,35.48133892335758,0.8370822086190383,46.003189786886935
30.0,35.48133892335758,0.8401207319732722,46.10806415881848
31.0,35.48133892335758,0.8431705468356736,46.21250319365433
32.0,35.48133892335758,0.8462253861269536,46.31626712218906
33.0,35.48133892335758,0.8492791570419241,46.41912776720043
34.0,35.48133892335758,0.8523259593951805,46.52086921374501
35.0,35.48133892335758,0.8553601024607761,46.62128837814312
36.0,35.48133892335758,0.8583761202553342,46.72019547550759
37.0,35.48133892335758,0.8613687852262429,46.817414386545025
38.0,35.48133892335758,0.8643331203186725,46.91278292518973
39.0,35.48133892335758,0.8672644094070482,47.00615300941112
40.0,35.48133892335758,0.8701582060882118,47.09739073825993
41.0,35.48133892335758,0.8730103408447107,47.18637637888039
42.0,35.48133892335758,0.8758169265973874,47.27300426781116
43.0,35.48133892335758,0.8785743626766324,47.35718263142294
44.0,35.48133892335758,0.8812793372512299,47.43883333079355
45.0,35.48133892335758,0.8839288282626208,47.517891536700304
46.0,35.48133892335758,0.886520102920575,47.59430534071373
47.0,35.48133892335758,0.8890507158236626,47.66803530860756
48.0,35.48133892335758,0.8915185057745115,47.739053982457605
49.0,35.48133892335758,0.8939215913656189,47.80734533789009
50.0,35.48133892335758,0.8962583654164097,47.87290420295962
51.0,35.48133892335758,0.8985274883463401,47.93573564509339
52.0,35.48133892335758,0.9007278805720865,47.99585433243435
53.0,35.48133892335758,0.9028587140192856,48.05328387575694
54.0,35.48133892335758,0.9049194028409007,48.10805615691984
55.0,35.48133892335758,0.9069095934351094,48.16021064956602
56.0,35.48133892335758,0.908829153855678,48.209793737486876
57.0,35.48133892335758,0.9106781627071319,48.25685803573988
58.0,35.48133892335758,0.9124568976157096,48.30146171925405
59.0,35.48133892335758,0.9141658233651266,48.34366786327997
60.0,35.48133892335758,0.9158055797836419,48.383543799646866
61.0,35.48133892335758,0.9173769694658566,48.42116049238347
62.0,35.48133892335758,0.9188809454091431,48.45659193584789
63.0,35.48133892335758,0.9203185986406515,48.48991457809842
64.0,35.48133892335758,0.92169114590654,48.52120677182783
65.0,35.48133892335758,0.9229999174904716,48.550548254780985
66.0,35.48133892335758,0.9242463452235694,48.57801966118524
67.0,35.48133892335758,0.9254319507429988,48.60370206534626
68.0,35.48133892335758,0.9265583340511739,48.62767655820373
69.0,35.48133892335758,0.9276271624223491,48.650023857302465
70.0,35.48133892335758,0.9286401596980814,48.6708239503186
71.0,35.48133892335758,0.9295990960077988,48.69015577198775
72.0,35.48133892335758,0.9305057779455151,48.70809691401496
73.0,35.48133892335758,0.931362039228649,48.724723367304776
74.0,35.48133892335758,0.9321697318599473,48.74010929563481
75.0,35.48133892335758,0.9329307178087437,48.75432683970782
76.0,35.48133892335758,0.9336468612232047,48.76744595035488
77.0,35.48133892335758,0.9343200211808679,48.77953424952599
78.0,35.48133892335758,0.93495204498068,48.79065691759286
79.0,35.48133892335758,0.9355447619759064,48.80087660540126
80.0,35.48133892335758,0.9360999779437352,48.8102533694452
81.0,35.48133892335758,0.9366194699841319,48.81884462849252
82.0,35.48133892335758,0.9371049819375371,48.82670513996717
83.0,35.48133892335758,0.9375582203083348,48.83388699438906
84.0,35.48133892335758,0.9379808506786507,48.84043962618342
85.0,35.48133892335758,0.9383744945949755,48.84640983919803
86.0,35.48133892335758,0.9387407269083297,48.85184184530664
87.0,35.48133892335758,0.9390810735472002,48.85677731452745
88.0,35.48133892335758,0.9393970097012599,48.86125543514719
89.0,35.48133892335758,0.939689958392934,48.865312982409854
90.0,35.48133892335758,0.9399612894131728,48.86898439440532
91.0,35.48133892335758,0.9402123185973287,48.87230185387388
92.0,35.48133892335758,0.9404443074167897,48.875295374727514
93.0,35.48133892335758,0.940658462861982,48.87799289217575
94.0,35.48133892335758,0.9408559375925024,48.880420355432584
95.0,35.48133892335758,0.941037830330462,48.88260182206951
96.0,35.48133892335758,0.941205186473587,48.88455955316762
97.0,35.48133892335758,0.9413589989052391,48.88631410850808
98.0,35.48133892335758,0.9415002089792341,48.887884441124214
99.0,35.48133892335758,0.9416297076581707,48.889287990619394
100.0,35.48133892335758,0.941748336784895,48.890540774732486
-100.0,39.81071705534978,1.0350742929414243,48.79073382014611
-99.0,39.81071705534978,1.034943907832505,48.78950660305573
-98.0,39.81071705534978,1.0348015760137996,48.7881316974278
-97.0,39.81071705534978,1.0346463722170025,48.78659341241608
-96.0,39.81071705534978,1.0344773171863544,48.78487466432747
-95.0,39.81071705534978,1.0342933762811801,48.782956886925234
-94.0,39.81071705534978,1.0340934582247518,48.78081994001559
-93.0,39.81071705534978,1.033876414021876,48.778442016825224
-92.0,39.81071705534978,1.0336410360686015,48.77579955075348
-91.0,39.81071705534978,1.033386057478362,48.77286712216217
-90.0,39.81071705534978,1.0331101516496508,48.769617365948065
-89.0,39.81071705534978,1.0328119321010127,48.76602088072802
-88.0,39.81071705534978,1.0324899525996336,48.76204614055235
-87.0,39.81071705534978,1.0321427076101766,48.75765941014934
-86.0,39.81071705534978,1.0317686330906648,48.752824664790175
-85.0,39.81071705534978,1.0313661076621712,48.74750351594909
-84.0,39.81071705534978,1.0309334541788089,48.741655144016406
-83.0,39.81071705534978,1.030468941724002,48.73523623940153
-82.0,39.81071705534978,1.0299707880582478,48.728200953437224
-81.0,39.81071705534978,1.0294371625425383,48.7205008605641
-80.0,39.81071705534978,1.0288661895602678,48.712084933334076
-79.0,39.81071705534978,1.0282559524588228,48.702899531821636
-78.0,39.81071705534978,1.027604498030092,48.69288840907056
-77.0,39.81071705534978,1.0269098415468685,48.68199273422954
-76.0,39.81071705534978,1.0261699723695112,48.670151135041515
-75.0,39.81071705534978,1.0253828601343056,48.65729976134644
-74.0,39.81071705534978,1.0245464615317044,48.6433723712341
-73.0,39.81071705534978,1.0236587276790394,48.62830044144141
-72.0,39.81071705534978,1.0227176120883936,48.61201330352486
-71.0,39.81071705534978,1.0217210792261127,48.594438307253306
-70.0,39.81071705534978,1.020667113655921,48.575501012557
-69.0,39.81071705534978,1.0195537297528394,48.55512541123507
-68.0,39.81071705534978,1.0183789819700646,48.533234179464884
-67.0,39.81071705534978,1.0171409756357284,48.50974896197185
-66.0,39.81071705534978,1.015837878251006,48.484590688507986
-65.0,39.81071705534978,1.0144679312554603,48.45767992305076
-64.0,39.81071705534978,1.0130294622197893,48.42893724587216
-63.0,39.81071705534978,1.011520897420388,48.398283668341314
-62.0,39.81071705534978,1.009940774744325,48.36564108001426
-61.0,39.81071705534978,1.008287756867582,48.33093272723279
-60.0,39.81071705534978,1.0065606446437299,48.29408372210305
-59.0,39.81071705534978,1.0047583906346755,48.25502158035589
-58.0,39.81071705534978,1.0028801127098044,48.21367678620805
-57.0,39.81071705534978,1.000925107634763,48.16998338194927
-56.0,39.81071705534978,0.998892864566413,48.12387957957898
-55.0,39.81071705534978,0.9967830783661406,48.07530839141161
-54.0,39.81071705534978,0.9945956626398202,48.02421827616637
-53.0,39.81071705534978,0.992330762409375,47.97056379665986
-52.0,39.81071705534978,0.9899887663180781,47.91430628483365
-51.0,39.81071705534978,0.9875703182695965,47.85541450947924
-50.0,39.81071705534978,0.9850763283993161,47.79386534167473
-49.0,39.81071705534978,0.9825079832757732,47.72964441262703
-48.0,39.81071705534978,0.9798667552300886,47.66274675832582
-47.0,39.81071705534978,0.9771544107122065,47.59317744516658
-46.0,39.81071705534978,0.9743730175745088,47.520952170495086
-45.0,39.81071705534978,0.9715249511860341,47.446097831869686
-44.0,39.81071705534978,0.968612899284108,47.36865305873654
-43.0,39.81071705534978,0.9656398654746886,47.28866870016941
-42.0,39.81071705534978,0.9626091712981534,47.206208262345626
-41.0,39.81071705534978,0.959524456783606,47.12134828951548
-40.0,39.81071705534978,0.9563896794220283,47.034178682377075
-39.0,39.81071705534978,0.9532091114967399,46.94480294799457
-38.0,39.81071705534978,0.9499873357185997,46.85333837569606
-37.0,39.81071705534978,0.9467292391231621,46.75991613375839
-36.0,39.81071705534978,0.9434400051975156,46.664681282129884
-35.0,39.81071705534978,0.9401251042157325,46.56779269695653
-34.0,39.81071705534978,0.9367902817736496,46.469422903260416
-33.0,39.81071705534978,0.9334415455260278,46.369757812767766
-32.0,39.81071705534978,0.9300851501418752,46.26899636459336
-31.0,39.81071705534978,0.9267275805068002,46.16735006725322
-30.0,39.81071705534978,0.9233755332145485,46.06504244129157
-29.0,39.81071705534978,0.9200358964032884,45.96230836266476
-28.0,39.81071705534978,0.9167157280055985,45.8593933079148
-27.0,39.81071705534978,0.9134222324943789,45.756552503081274
-26.0,39.81071705534978,0.9101627362199228,45.65404997923117
-25.0,39.81071705534978,0.906944661446013,45.5521575384237
-24.0,39.81071705534978,0.903775499205044,45.451153634859054
-23.0,39.81071705534978,0.9006627811036755,45.351322176876444
-22.0,39.81071705534978,0.8976140502212578,45.252951256357065
-21.0,39.81071705534978,0.8946368312529364,45.15633181293929
-20.0,39.81071705534978,0.8917386000553998,45.06175624125726
-19.5,39.81071705534978,0.8903214201225065,45.015326324754625
-19.0,39.81071705534978,0.8889267527315565,44.96951695015825
-18.5,39.81071705534978,0.8875555047737874,44.92436442808733
-18.0,39.81071705534978,0.886208574131699,44.879904883529065
-17.5,39.81071705534978,0.8848868484645454,44.83617420823952
-17.0,39.81071705534978,0.8835912035899073,44.793208012957415
-16.5,39.81071705534978,0.8823225008366009,44.7510415795189
-16.0,39.81071705534978,0.8810815818793986,44.70970981296219
-15.5,39.81071705534978,0.8798692576499111,44.66924719371256
-15.0,39.81071705534978,0.8786862838619223,44.629687729938354
-14.5,39.81071705534978,0.8775333075046411,44.59106491016962
-14.0,39.81071705534978,0.8764107529574694,44.55341165627128
-13.5,39.81071705534978,0.8753185878617352,44.51676027686264
-13.0,39.81071705534978,0.8742558600867468,44.48114242127526
-12.5,39.81071705534978,0.8732198190719735,44.44658903414056
-12.0,39.81071705534978,0.8722043195137895,44.41313031069811
-11.5,39.81071705534978,0.871197051301694,44.38079565291475
-11.0,39.81071705534978,0.8701749612800368,44.34961362650358
-10.5,39.81071705534978,0.8690970732750808,44.31961191893062
-10.0,39.81071705534978,0.8678938586709366,44.29081729849531
-9.5,39.81071705534978,0.8664524952165721,44.263255574569655
-9.0,39.81071705534978,0.8645979482042582,44.23695155907825
-8.5,39.81071705534978,0.8620709810613625,44.21192902929994
-8.0,39.81071705534978,0.8585060290634257,44.18821069206885
-7.5,39.81071705534978,0.8534142261500961,44.16581814945038
-7.0,39.81071705534978,0.8461793223163152,44.14477186596463
-6.5,39.81071705534978,0.8360759622122748,44.125091137426956
-6.0,39.81071705534978,0.8223197219894033,44.10679406147199
-5.5,39.81071705534978,0.8041553109150577,44.08989750982412
-5.0,39.81071705534978,0.7809827603357692,44.07441710237404
-4.5,39.81071705534978,0.7525115292921272,44.06036718311687
-4.0,39.81071705534978,0.7189208915863431,44.04776079800399
-3.5,39.81071705534978,0.6809947298337219,44.036609674756335
-3.0,39.81071705534978,0.640193729255615,44.026924204682814
-2.5,39.81071705534978,0.598631362008323,44.018713426543435
-2.0,39.81071705534978,0.5589336281969356,44.01198501249219
-1.5,39.81071705534978,0.5239849708036908,44.0067452561302
-1.0,39.81071705534978,0.4965895263553686,44.00299906269528
-0.5,39.81071705534978,0.4791009246664016,44.0007499414093
0.0,39.81071705534978,0.4730878181869628,44.0
0.5,39.81071705534978,0.4791009246664016,44.0007499414093
1.0,39.81071705534978,0.4965895263553686,44.00299906269528
1.5,39.81071705534978,0.5239849708036908,44.0067452561302
2.0,39.81071705534978,0.5589336281969356,44.01198501249219
2.5,39.81071705534978,0.598631362008323,44.018713426543435
3.0,39.81071705534978,0.640193729255615,44.026924204682814
3.5,39.81071705534978,0.6809947298337219,44.036609674756335
4.0,39.81071705534978,0.7189208915863431,44.04776079800399
4.5,39.81071705534978,0.7525115292921272,44.06036718311687
5.0,39.81071705534978,0.7809827603357692,44.07441710237404
5.5,39.81071705534978,0.8041553109150577,44.08989750982412
6.0,39.81071705534978,0.8223197219894033,44.10679406147199
6.5,39.81071705534978,0.8360759622122748,44.125091137426956
7.0,39.81071705534978,0.8461793223163152,44.14477186596463
7.5,39.81071705534978,0.8534142261500961,44.16581814945038
8.0,39.81071705534978,0.8585060290634257,44.18821069206885
8.5,39.81071705534978,0.8620709810613625,44.21192902929994
9.0,39.81071705534978,0.8645979482042582,44.23695155907825
9.5,39.81071705534978,0.8664524952165721,44.263255574569655
10.0,39.81071705534978,0.8678938586709366,44.29081729849531
10.5,39.81071705534978,0.8690970732750808,44.31961191893062
11.0,39.81071705534978,0.8701749612800368,44.34961362650358
11.5,39.81071705534978,0.871197051301694,44.38079565291475
12.0,39.81071705534978,0.8722043195137895,44.41313031069811
12.5,39.81071705534978,0.8732198190719735,44.44658903414056
13.0,39.81071705534978,0.8742558600867468,44.48114242127526
13.5,39.81071705534978,0.8753185878617352,44.51676027686264
14.0,39.81071705534978,0.8764107529574694,44.55341165627128
14.5,39.81071705534978,0.8775333075046411,44.59106491016962
15.0,39.81071705534978,0.8786862838619223,44.629687729938354
15.5,39.81071705534978,0.8798692576499111,44.66924719371256
16.0,39.81071705534978,0.8810815818793986,44.70970981296219
16.5,39.81071705534978,0.8823225008366009,44.7510415795189
17.0,39.81071705534978,0.8835912035899073,44.793208012957415
17.5,39.81071705534978,0.8848868484645454,44.83617420823952
18.0,39.81071705534978,0.886208574131699,44.879904883529065
18.5,39.81071705534978,0.8875555047737874,44.92436442808733
19.0,39.81071705534978,0.8889267527315565,44.96951695015825
19.5,39.81071705534978,0.8903214201225065,45.015326324754625
20.0,39.81071705534978,0.8917386000553998,45.06175624125726
21.0,39.81071705534978,0.8946368312529364,45.15633181293929
22.0,39.81071705534978,0.8976140502212578,45.252951256357065
23.0,39.81071705534978,0.9006627811036755,45.351322176876444
24.0,39.81071705534978,0.903775499205044,45.451153634859054
25.0,39.81071705534978,0.906944661446013,45.5521575384237
26.0,39.81071705534978,0.9101627362199228,45.65404997923117
27.0,39.81071705534978,0.9134222324943789,45.756552503081274
28.0,39.81071705534978,0.9167157280055985,45.8593933079148
29.0,39.81071705534978,0.9200358964032884,45.96230836266476
30.0,39.81071705534978,0.9233755332145485,46.06504244129157
31.0,39.81071705534978,0.9267275805068002,46.16735006725322
32.0,39.81071705534978,0.9300851501418752,46.26899636459336
33.0,39.81071705534978,0.9334415455260278,46.369757812767766
34.0,39.81071705534978,0.9367902817736496,46.469422903260416
35.0,39.81071705534978,0.9401251042157325,46.56779269695653
36.0,39.81071705534978,0.9434400051975156,46.664681282129884
37.0,39.81071705534978,0.9467292391231621,46.75991613375839
38.0,39.81071705534978,0.9499873357185997,46.85333837569606
39.0,39.81071705534978,0.9532091114967399,46.94480294799457
40.0,39.81071705534978,0.9563896794220283,47.034178682377075
41.0,39.81071705534978,0.959524456783606,47.12134828951548
42.0,39.81071705534978,0.9626091712981534,47.206208262345626
43.0,39.81071705534978,0.9656398654746886,47.28866870016941
44.0,39.81071705534978,0.968612899284108,47.36865305873654
45.0,39.81071705534978,0.9715249511860341,47.446097831869686
46.0,39.81071705534978,0.9743730175745088,47.520952170495086
47.0,39.81071705534978,0.9771544107122065,47.59317744516658
48.0,39.81071705534978,0.9798667552300886,47.66274675832582
49.0,39.81071705534978,0.9825079832757732,47.72964441262703
50.0,39.81071705534978,0.9850763283993161,47.79386534167473
51.0,39.81071705534978,0.9875703182695965,47.85541450947924
52.0,39.81071705534978,0.9899887663180781,47.91430628483365
53.0,39.81071705534978,0.992330762409375,47.97056379665986
54.0,39.81071705534978,0.9945956626398202,48.02421827616637
55.0,39.81071705534978,0.9967830783661406,48.07530839141161
56.0,39.81071705534978,0.998892864566413,48.12387957957898
57.0,39.81071705534978,1.000925107634763,48.16998338194927
58.0,39.81071705534978,1.0028801127098044,48.21367678620805
59.0,39.81071705534978,1.0047583906346755,48.25502158035589
60.0,39.81071705534978,1.0065606446437299,48.29408372210305
61.0,39.81071705534978,1.008287756867582,48.33093272723279
62.0,39.81071705534978,1.009940774744325,48.36564108001426
63.0,39.81071705534978,1.011520897420388,48.398283668341314
64.0,39.81071705534978,1.0130294622197893,48.42893724587216
65.0,39.81071705534978,1.0144679312554603,48.45767992305076
66.0,39.81071705534978,1.015837878251006,48.484590688507986
67.0,39.81071705534978,1.0171409756357284,48.50974896197185
68.0,39.81071705534978,1.0183789819700646,48.533234179464884
69.0,39.81071705534978,1.0195537297528394,48.55512541123507
70.0,39.81071705534978,1.020667113655921,48.575501012557
71.0,39.81071705534978,1.0217210792261127,48.594438307253306
72.0,39.81071705534978,1.0227176120883936,48.61201330352486
73.0,39.81071705534978,1.0236587276790394,48.62830044144141
74.0,39.81071705534978,1.0245464615317044,48.6433723712341
75.0,39.81071705534978,1.0253828601343056,48.65729976134644
76.0,39.81071705534978,1.0261699723695112,48.670151135041515
77.0,39.81071705534978,1.0269098415468685,48.68199273422954
78.0,39.81071705534978,1.027604498030092,48.69288840907056
79.0,39.81071705534978,1.0282559524588228,48.702899531821636
80.0,39.81071705534978,1.0288661895602678,48.712084933334076
81.0,39.81071705534978,1.0294371625425383,48.7205008605641
82.0,39.81071705534978,1.0299707880582478,48.728200953437224
83.0,39.81071705534978,1.030468941724002,48.73523623940153
84.0,39.81071705534978,1.0309334541788089,48.741655144016406
85.0,39.81071705534978,1.0313661076621712,48.74750351594909
86.0,39.81071705534978,1.0317686330906648,48.752824664790175
87.0,39.81071705534978,1.0321427076101766,48.75765941014934
88.0,39.81071705534978,1.0324899525996336,48.76204614055235
89.0,39.81071705534978,1.0328119321010127,48.76602088072802
90.0,39.81071705534978,1.0331101516496508,48.769617365948065
91.0,39.81071705534978,1.033386057478362,48.77286712216217
92.0,39.81071705534978,1.0336410360686015,48.77579955075348
93.0,39.81071705534978,1.033876414021876,48.778442016825224
94.0,39.81071705534978,1.0340934582247518,48.78081994001559
95.0,39.81071705534978,1.0342933762811801,48.782956886925234
96.0,39.81071705534978,1.0344773171863544,48.78487466432747
97.0,39.81071705534978,1.0346463722170025,48.78659341241608
98.0,39.81071705534978,1.0348015760137996,48.7881316974278
99.0,39.81071705534978,1.034943907832505,48.78950660305573
100.0,39.81071705534978,1.0350742929414243,48.79073382014611
-100.0,44.66835921509637,1.1382202026020931,48.69092686555973
-99.0,44.66835921509637,1.1380768245217923,48.68972521549207
-98.0,44.66835921509637,1.1379203092333459,48.68837895373139
-97.0,44.66835921509637,1.1377496392647843,48.68687271632408
-96.0,44.66835921509637,1.137563737776797,48.68518977548731
-95.0,44.66835921509637,1.1373614670260095,48.68331195178096
-94.0,44.66835921509637,1.13714162698917,48.6812195245986
-93.0,44.66835921509637,1.136902954172875,48.6788911414747
-92.0,44.66835921509637,1.136644120634557,48.67630372677945
-91.0,44.66835921509637,1.136363733241477,48.67343239045046
-90.0,44.66835921509637,1.13606033319532,48.67025033749081
-89.0,44.66835921509637,1.1357323958507393,48.66672877904619
-88.0,44.66835921509637,1.1353783308567649,48.66283684595751
-87.0,44.66835921509637,1.134996482650363,48.658541505771225
-86.0,44.66835921509637,1.134585131331631,48.65380748427371
-85.0,44.66835921509637,1.134142493950047,48.64859719270016
-84.0,44.66835921509637,1.133666726230911,48.6428706618494
-83.0,44.66835921509637,1.1331559247705454,48.636585484414
-82.0,44.66835921509637,1.1326081297279784,48.62969676690729
-81.0,44.66835921509637,1.1320213280396876,48.62215709263569
-80.0,44.66835921509637,1.1313934571825017,48.613916497222945
-79.0,44.66835921509637,1.1307224095079738,48.60492245824202
-78.0,44.66835921509637,1.1300060371693768,48.595119900548255
-77.0,44.66835921509637,1.1292421576599876,48.58445121893309
-76.0,44.66835921509637,1.1284285599784554,48.57285631972815
-75.0,44.66835921509637,1.127563011433838,48.56027268298505
-74.0,44.66835921509637,1.1266432650992986,48.54663544683339
-73.0,44.66835921509637,1.1256670679195138,48.531877515578046
-72.0,44.66835921509637,1.1246321694725505,48.515929693034764
-71.0,44.66835921509637,1.1235363313823379,48.498720842518864
-70.0,44.66835921509637,1.1223773373729031,48.48017807479539
-69.0,44.66835921509637,1.1211530039502864,48.46022696516767
-68.0,44.66835921509637,1.119861191692524,48.43879180072603
-67.0,44.66835921509637,1.1184998171223117,48.415795858597434
-66.0,44.66835921509637,1.117066865130978,48.391161715830734
-65.0,44.66835921509637,1.1155604019162526,48.36481159132054
-64.0,44.66835921509637,1.1139785883900315,48.33666771991649
-63.0,44.66835921509637,1.1123196940060032,48.30665275858421
-62.0,44.66835921509637,1.1105821109506133,48.27469022418063
-61.0,44.66835921509637,1.1087643686345285,48.240704962082106
-60.0,44.66835921509637,1.1068651484155012,48.204623644559234
-59.0,44.66835921509637,1.1048832984774675,48.166375297431806
-58.0,44.66835921509637,1.1028178487848521,48.125891853162045
-57.0,44.66835921509637,1.1006680260254846,48.08310872815866
-56.0,44.66835921509637,1.0984332684503346,48.03796542167109
-55.0,44.66835921509637,1.0961132405135021,47.9904061332572
-54.0,44.66835921509637,1.0937078472116242,47.9403803954129
-53.0,44.66835921509637,1.0912172480181643,47.88784371756278
-52.0,44.66835921509637,1.088641870304982,47.83275823723295
-51.0,44.66835921509637,1.0859824221412153,47.77509337386509
-50.0,44.66835921509637,1.083239904357906,47.71482648038984
-49.0,44.66835921509637,1.0804156217660124,47.651943487363965
-48.0,44.66835921509637,1.077511193415527,47.58643953419403
-47.0,44.66835921509637,1.0745285617844225,47.51831958172561
-46.0,44.66835921509637,1.0714700007880809,47.44759900027643
-45.0,44.66835921509637,1.0683381225028017,47.37430412703907
-44.0,44.66835921509637,1.0651358825008992,47.29847278667953
-43.0,44.66835921509637,1.0618665836998595,47.22015476891588
-42.0,44.66835921509637,1.0585338786339866,47.13941225688009
-41.0,44.66835921509637,1.0551417700639436,47.05632020015058
-40.0,44.66835921509637,1.051694609847581,46.97096662649422
-39.0,44.66835921509637,1.048197096004373,46.88345288657802
-38.0,44.66835921509637,1.044654267915664,46.79389382620239
-37.0,44.66835921509637,1.0410714996136732,46.70241788097176
-36.0,44.66835921509637,1.0374544911237649,46.60916708875217
-35.0,44.66835921509637,1.0338092578368199,46.514297015769934
-34.0,44.66835921509637,1.030142117901499,46.41797659277583
-33.0,44.66835921509637,1.0264596776397497,46.32038785833511
-32.0,44.66835921509637,1.0227688150029177,46.22172560699767
-31.0,44.66835921509637,1.0190766611002007,46.12219694085211
-30.0,44.66835921509637,1.0153905798458047,46.02202072376466
-29.0,44.66835921509637,1.0117181457859001,45.92142693844257
-28.0,44.66835921509637,1.0080671201812041,45.82065594733324
-27.0,44.66835921509637,1.004445425435606,45.71995765926708
-26.0,44.66835921509637,1.0008611179755598,45.61959060466385
-25.0,44.66835921509637,0.9973223596988574,45.51982092303987
-24.0,44.66835921509637,0.9938373881247456,45.420921267466156
-23.0,44.66835921509637,0.9904144853899916,45.32316963152485
-22.0,44.66835921509637,0.9870619462473148,45.22684810518296
-21.0,44.66835921509637,0.98378804523323,45.13224156683639
-20.0,44.66835921509637,0.9806010031790089,45.039636319564394
-19.5,44.66835921509637,0.9790426002302143,44.9941736929889
-19.0,44.66835921509637,0.9775089532146184,44.949318680363284
-18.5,44.66835921509637,0.9760010593958334,44.90510683583551
-18.0,44.66835921509637,0.9745199061310063,44.86157353178888
-17.5,44.66835921509637,0.9730664695352844,44.81875391223453
-17.0,44.66835921509637,0.9716417127021105,44.776682846020805
-16.5,44.66835921509637,0.9702465827923468,44.73539487994559
-16.0,44.66835921509637,0.9688820053542714,44.6949241918588
-15.5,44.66835921509637,0.9675488721294231,44.65530454384355
-15.0,44.66835921509637,0.9662480141390161,44.61656923556464
-14.5,44.66835921509637,0.9649801428452074,44.57875105787442
-14.0,44.66835921509637,0.9637457249171155,44.541882246765624
-13.5,44.66835921509637,0.9625447247715041,44.50599443776133
-13.0,44.66835921509637,0.9613760953971614,44.47111862083203
-12.5,44.66835921509637,0.9602368121381906,44.4372850959293
-12.0,44.66835921509637,0.9591201173069682,44.40452342922523
-11.5,44.66835921509637,0.9580124740814873,44.372862410145686
-11.0,44.66835921509637,0.9568885320422912,44.34233000928476
-10.5,44.66835921509637,0.9557032317099865,44.31295333728623
-10.0,44.66835921509637,0.9543801158913038,44.28475860477666
-9.5,44.66835921509637,0.9527951195154515,44.257771083432786
-9.0,44.66835921509637,0.9507557655381708,44.23201506826412
-8.5,44.66835921509637,0.9479769842729324,44.20751384118952
-8.0,44.66835921509637,0.944056782203352,44.18428963598408
-7.5,44.66835921509637,0.9384575774089308,44.16236360467016
-7.0,44.66835921509637,0.9305017101212878,44.1417557854237
-6.5,44.66835921509637,0.9193915427999613,44.122485072063895
-6.0,44.66835921509637,0.9042644831866609,44.104569185191316
-5.5,44.66835921509637,0.8842899752753148,44.08802464503612
-5.0,44.66835921509637,0.8588082630977162,44.07286674607458
-4.5,44.66835921509637,0.8274998530755389,44.0591095334686
-4.0,44.66835921509637,0.7905618837763876,44.04676578137891
-3.5,44.66835921509637,0.7488563522909958,44.035846973198915
-3.0,44.66835921509637,0.703989502190402,44.02636328375192
-2.5,44.66835921509637,0.6582854146756787,44.01832356349045
-2.0,44.66835921509637,0.6146317726813079,44.01173532473194
-1.5,44.66835921509637,0.5762004560404825,44.00660472996082
-1.0,44.66835921509637,0.546075035533968,44.00293658222246
-0.5,44.66835921509637,0.5268436819070939,44.00073431762994
0.0,44.66835921509637,0.5202313649729681,44.0
0.5,44.66835921509637,0.5268436819070939,44.00073431762994
1.0,44.66835921509637,0.546075035533968,44.00293658222246
1.5,44.66835921509637,0.5762004560404825,44.00660472996082
2.0,44.66835921509637,0.6146317726813079,44.01173532473194
2.5,44.66835921509637,0.6582854146756787,44.01832356349045
3.0,44.66835921509637,0.703989502190402,44.02636328375192
3.5,44.66835921509637,0.7488563522909958,44.035846973198915
4.0,44.66835921509637,0.7905618837763876,44.04676578137891
4.5,44.66835921509637,0.8274998530755389,44.0591095334686
5.0,44.66835921509637,0.8588082630977162,44.07286674607458
5.5,44.66835921509637,0.8842899752753148,44.08802464503612
6.0,44.66835921509637,0.9042644831866609,44.104569185191316
6.5,44.66835921509637,0.9193915427999613,44.122485072063895
7.0,44.66835921509637,0.9305017101212878,44.1417557854237
7.5,44.66835921509637,0.9384575774089308,44.16236360467016
8.0,44.66835921509637,0.944056782203352,44.18428963598408
8.5,44.66835921509637,0.9479769842729324,44.20751384118952
9.0,44.66835921509637,0.9507557655381708,44.23201506826412
9.5,44.66835921509637,0.9527951195154515,44.257771083432786
10.0,44.66835921509637,0.9543801158913038,44.28475860477666
10.5,44.66835921509637,0.9557032317099865,44.31295333728623
11.0,44.66835921509637,0.9568885320422912,44.34233000928476
11.5,44.66835921509637,0.9580124740814873,44.372862410145686
12.0,44.66835921509637,0.9591201173069682,44.40452342922523
12.5,44.66835921509637,0.9602368121381906,44.4372850959293
13.0,44.66835921509637,0.9613760953971614,44.47111862083203
13.5,44.66835921509637,0.9625447247715041,44.50599443776133
14.0,44.66835921509637,0.9637457249171155,44.541882246765624
14.5,44.66835921509637,0.9649801428452074,44.57875105787442
15.0,44.66835921509637,0.9662480141390161,44.61656923556464
15.5,44.66835921509637,0.9675488721294231,44.65530454384355
16.0,44.66835921509637,0.9688820053542714,44.6949241918588
16.5,44.66835921509637,0.9702465827923468,44.73539487994559
17.0,44.66835921509637,0.9716417127021105,44.776682846020805
17.5,44.66835921509637,0.9730664695352844,44.81875391223453
18.0,44.66835921509637,0.9745199061310063,44.86157353178888
18.5,44.66835921509637,0.9760010593958334,44.90510683583551
19.0,44.66835921509637,0.9775089532146184,44.949318680363284
19.5,44.66835921509637,0.9790426002302143,44.9941736929889
20.0,44.66835921509637,0.9806010031790089,45.039636319564394
21.0,44.66835921509637,0.98378804523323,45.13224156683639
22.0,44.66835921509637,0.9870619462473148,45.22684810518296
23.0,44.66835921509637,0.9904144853899916,45.32316963152485
24.0,44.66835921509637,0.9938373881247456,45.420921267466156
25.0,44.66835921509637,0.9973223596988574,45.51982092303987
26.0,44.66835921509637,1.0008611179755598,45.61959060466385
27.0,44.66835921509637,1.004445425435606,45.71995765926708
28.0,44.66835921509637,1.0080671201812041,45.82065594733324
29.0,44.66835921509637,1.0117181457859001,45.92142693844257
30.0,44.66835921509637,1.0153905798458047,46.02202072376466
31.0,44.66835921509637,1.0190766611002007,46.12219694085211
32.0,44.66835921509637,1.0227688150029177,46.22172560699767
33.0,44.66835921509637,1.0264596776397497,46.32038785833511
34.0,44.66835921509637,1.030142117901499,46.41797659277583
35.0,44.66835921509637,1.0338092578368199,46.514297015769934
36.0,44.66835921509637,1.0374544911237649,46.60916708875217
37.0,44.66835921509637,1.0410714996136732,46.70241788097176
38.0,44.66835921509637,1.044654267915664,46.79389382620239
39.0,44.66835921509637,1.048197096004373,46.88345288657802
40.0,44.66835921509637,1.051694609847581,46.97096662649422
41.0,44.66835921509637,1.0551417700639436,47.05632020015058
42.0,44.66835921509637,1.0585338786339866,47.13941225688009
43.0,44.66835921509637,1.0618665836998595,47.22015476891588
44.0,44.66835921509637,1.0651358825008992,47.29847278667953
45.0,44.66835921509637,1.0683381225028017,47.37430412703907
46.0,44.66835921509637,1.0714700007880809,47.44759900027643
47.0,44.66835921509637,1.0745285617844225,47.51831958172561
48.0,44.66835921509637,1.077511193415527,47.58643953419403
49.0,44.66835921509637,1.0804156217660124,47.651943487363965
50.0,44.66835921509637,1.083239904357906,47.71482648038984
51.0,44.66835921509637,1.0859824221412153,47.77509337386509
52.0,44.66835921509637,1.088641870304982,47.83275823723295
53.0,44.66835921509637,1.0912172480181643,47.88784371756278
54.0,44.66835921509637,1.0937078472116242,47.9403803954129
55.0,44.66835921509637,1.0961132405135021,47.9904061332572
56.0,44.66835921509637,1.0984332684503346,48.03796542167109
57.0,44.66835921509637,1.1006680260254846,48.08310872815866
58.0,44.66835921509637,1.1028178487848521,48.125891853162045
59.0,44.66835921509637,1.1048832984774675,48.166375297431806
60.0,44.66835921509637,1.1068651484155012,48.204623644559234
61.0,44.66835921509637,1.1087643686345285,48.240704962082106
62.0,44.66835921509637,1.1105821109506133,48.27469022418063
63.0,44.66835921509637,1.1123196940060032,48.30665275858421
64.0,44.66835921509637,1.1139785883900315,48.33666771991649
65.0,44.66835921509637,1.1155604019162526,48.36481159132054
66.0,44.66835921509637,1.117066865130978,48.391161715830734
67.0,44.66835921509637,1.1184998171223117,48.415795858597434
68.0,44.66835921509637,1.119861191692524,48.43879180072603
69.0,44.66835921509637,1.1211530039502864,48.46022696516767
70.0,44.66835921509637,1.1223773373729031,48.48017807479539
71.0,44.66835921509637,1.1235363313823379,48.498720842518864
72.0,44.66835921509637,1.1246321694725505,48.515929693034764
73.0,44.66835921509637,1.1256670679195138,48.531877515578046
74.0,44.66835921509637,1.1266432650992986,48.54663544683339
75.0,44.66835921509637,1.127563011433838,48.56027268298505
76.0,44.66835921509637,1.1284285599784554,48.57285631972815
77.0,44.66835921509637,1.1292421576599876,48.58445121893309
78.0,44.66835921509637,1.1300060371693768,48.595119900548255
79.0,44.66835921509637,1.1307224095079738,48.60492245824202
80.0,44.66835921509637,1.1313934571825017,48.613916497222945
81.0,44.66835921509637,1.1320213280396876,48.62215709263569
82.0,44.66835921509637,1.1326081297279784,48.62969676690729
83.0,44.66835921509637,1.1331559247705454,48.636585484414
84.0,44.66835921509637,1.133666726230911,48.6428706618494
85.0,44.66835921509637,1.134142493950047,48.64859719270016
86.0,44.66835921509637,1.134585131331631,48.65380748427371
87.0,44.66835921509637,1.134996482650363,48.658541505771225
88.0,44.66835921509637,1.1353783308567649,48.66283684595751
89.0,44.66835921509637,1.1357323958507393,48.66672877904619
90.0,44.66835921509637,1.13606033319532,48.67025033749081
91.0,44.66835921509637,1.136363733241477,48.67343239045046
92.0,44.66835921509637,1.136644120634557,48.67630372677945
93.0,44.66835921509637,1.136902954172875,48.6788911414747
94.0,44.66835921509637,1.13714162698917,48.6812195245986
95.0,44.66835921509637,1.1373614670260095,48.68331195178096
96.0,44.66835921509637,1.137563737776797,48.68518977548731
97.0,44.66835921509637,1.1377496392647843,48.68687271632408
98.0,44.66835921509637,1.1379203092333459,48.68837895373139
99.0,44.66835921509637,1.1380768245217923,48.68972521549207
100.0,44.66835921509637,1.1382202026020931,48.69092686555973
-100.0,50.1187233627273,1.2513446709230274,48.591119910973354
-99.0,50.1187233627273,1.2511870429031577,48.58994382792841
-98.0,50.1187233627273,1.2510149720053934,48.588626210034974
-97.0,50.1187233627273,1.2508273396341194,48.587152020232075
-96.0,50.1187233627273,1.2506229619260294,48.58550488664716
-95.0,50.1187233627273,1.250400588060671,48.58366701663668
-94.0,50.1187233627273,1.250158898747895,48.58161910918161
-93.0,50.1187233627273,1.2498965049192825,48.57934026612417
-92.0,50.1187233627273,1.2496119466518314,48.57680790280542
-91.0,50.1187233627273,1.2493036923533025,48.57399765873874
-90.0,50.1187233627273,1.2489701382395655,48.57088330903356
-89.0,50.1187233627273,1.2486096081351097,48.567436677364356
-88.0,50.1187233627273,1.248220353628506,48.56362755136267
-87.0,50.1187233627273,1.2478005546150197,48.559423601393114
-86.0,50.1187233627273,1.2473483202587892,48.55479030375725
-85.0,50.1187233627273,1.2468616904069114,48.54969086945122
-84.0,50.1187233627273,1.2463386374874703,48.54408617968239
-83.0,50.1187233627273,1.2457770689229104,48.53793472942647
-82.0,50.1187233627273,1.245174830089241,48.53119258037734
-81.0,50.1187233627273,1.2445297078502813,48.52381332470726
-80.0,50.1187233627273,1.24383943469455,48.51574806111182
-79.0,50.1187233627273,1.2431016935004153,48.5069453846624
-78.0,50.1187233627273,1.2423141229527739,48.497351392025955
-77.0,50.1187233627273,1.241474323631767,48.48690970363664
-76.0,50.1187233627273,1.240579864790909,48.475561504414785
-75.0,50.1187233627273,1.2396282918384556,48.463245604623665
-74.0,50.1187233627273,1.2386171345319033,48.449898522432676
-73.0,50.1187233627273,1.237543915891168,48.43545458971468
-72.0,50.1187233627273,1.2364061618312825,48.41984608254466
-71.0,50.1187233627273,1.2352014115103456,48.403003377784415
-70.0,50.1187233627273,1.2339272283830187,48.38485513703379
-69.0,50.1187233627273,1.232581211944089,48.365328519100274
-68.0,50.1187233627273,1.231161010140529,48.344349421987175
-67.0,50.1187233627273,1.2296643324241516,48.321842755223024
-66.0,50.1187233627273,1.2280889634103662,48.29773274315349
-65.0,50.1187233627273,1.2264327771017953,48.271943259590316
-64.0,50.1187233627273,1.2246937516285998,48.24439819396082
-63.0,50.1187233627273,1.2228699844503925,48.21502184882709
-62.0,50.1187233627273,1.2209597079576036,48.183739368347
-61.0,50.1187233627273,1.218961305403209,48.15047719693142
-60.0,50.1187233627273,1.2168733270888579,48.11516356701542
-59.0,50.1187233627273,1.2146945067227652,48.077729014507725
-58.0,50.1187233627273,1.2124237778602789,48.03810692011604
-57.0,50.1187233627273,1.2100602903319309,47.996234074368054
-56.0,50.1187233627273,1.207603426558053,47.952051263763195
-55.0,50.1187233627273,1.205052817643793,47.905503875102795
-54.0,50.1187233627273,1.2024083591436736,47.85654251465944
-53.0,50.1187233627273,1.1996702263807721,47.8051236384657
-52.0,50.1187233627273,1.1968388892022215,47.751210189632246
-51.0,50.1187233627273,1.1939151260501375,47.694772238250934
-50.0,50.1187233627273,1.1909000372253125,47.635787619104946
-49.0,50.1187233627273,1.187795057220154,47.574242562100906
-48.0,50.1187233627273,1.1846019659974287,47.51013231006224
-47.0,50.1187233627273,1.1813228990924687,47.44346171828464
-46.0,50.1187233627273,1.177960356418639,47.37424583005779
-45.0,50.1187233627273,1.1745172096590712,47.30251042220845
-44.0,50.1187233627273,1.170996708132006,47.22829251462252
-43.0,50.1187233627273,1.1674024830225032,47.15164083766235
-42.0,50.1187233627273,1.1637385498798611,47.07261625141456
-41.0,50.1187233627273,1.1600093092877404,46.99129211078567
-40.0,50.1187233627273,1.1562195456227642,46.90775457061137
-39.0,50.1187233627273,1.152374423827199,46.822102825161465
-38.0,50.1187233627273,1.148479484132167,46.73444927670872
-37.0,50.1187233627273,1.144540634679663,46.64491962818512
-36.0,50.1187233627273,1.140564142004359,46.55365289537447
-35.0,50.1187233627273,1.1365566193497252,46.46080133458334
-34.0,50.1187233627273,1.132525012807246,46.36653028229124
-33.0,50.1187233627273,1.1284765852824155,46.27101790390245
-32.0,50.1187233627273,1.1244188983066,46.174454849401975
-31.0,50.1187233627273,1.120359791729656,46.077043814451
-30.0,50.1187233627273,1.1163073613442764,45.97899900623776
-29.0,50.1187233627273,1.1122699345092297,45.88054551422039
-28.0,50.1187233627273,1.1082560438548597,45.78191858675169
-27.0,50.1187233627273,1.104274399170243,45.68336281545289
-26.0,50.1187233627273,1.1003338575871424,45.585131230096536
-25.0,50.1187233627273,1.0964433921911558,45.48748430765605
-24.0,50.1187233627273,1.0926120592051367,45.39068890007326
-23.0,50.1187233627273,1.0888489639038668,45.29501708617326
-22.0,50.1187233627273,1.0851632254319448,45.200744954008854
-21.0,50.1187233627273,1.0815639407085331,45.108151320733484
-20.0,50.1187233627273,1.078060147609939,45.01751639787154
-19.5,50.1187233627273,1.0763468594248702,44.973021061223186
-19.0,50.1187233627273,1.0746607875947836,44.92912041056832
-18.5,50.1187233627273,1.0730030284984848,44.88584924358369
-18.0,50.1187233627273,1.07137466762374,44.84324218004869
-17.5,50.1187233627273,1.0697767780990037,44.801333616229535
-17.0,50.1187233627273,1.0682104187368366,44.760157679084195
-16.5,50.1187233627273,1.0666766308337252,44.71974818037227
-16.0,50.1187233627273,1.0651764319255583,44.680138570755425
-15.5,50.1187233627273,1.063710802381529,44.64136189397453
-15.0,50.1187233627273,1.0622806558156872,44.60345074119092
-14.5,50.1187233627273,1.060886774400389,44.56643720557922
-14.0,50.1187233627273,1.0595296711856699,44.530352837259976
-13.5,50.1187233627273,1.0582093070517764,44.49522859866003
-13.0,50.1187233627273,1.056924530928031,44.461094820388794
-12.5,50.1187233627273,1.0556720175465906,44.42798115771804
-12.0,50.1187233627273,1.054444337592481,44.39591654775235
-11.5,50.1187233627273,1.0532266088574604,44.36492916737663
-11.0,50.1187233627273,1.0519909614159906,44.335046392065934
-10.5,50.1187233627273,1.0506878574551912,44.306294755641844
-10.0,50.1187233627273,1.0492332409188325,44.27869991105801
-9.5,50.1187233627273,1.0474907162616343,44.25228659229592
-9.0,50.1187233627273,1.0452486766934015,44.22707857744999
-8.5,50.1187233627273,1.0421937202623281,44.2030986530791
-8.0,50.1187233627273,1.0378839004598892,44.180368579899316
-7.5,50.1187233627273,1.0317282066276339,44.15890905988994
-7.0,50.1187233627273,1.0229816283203756,44.13873970488277
-6.5,50.1187233627273,1.010767253071349,44.119879006700835
-6.0,50.1187233627273,0.9941367580313167,44.10234430891065
-5.5,50.1187233627273,0.972177040595243,44.086151780248116
-5.0,50.1187233627273,0.944162773525886,44.07131638977512
-4.5,50.1187233627273,0.9097427096869555,44.057851883820334
-4.0,50.1187233627273,0.8691335806875381,44.045770764753826
-3.5,50.1187233627273,0.8232830550573039,44.03508427164149
-3.0,50.1187233627273,0.7739570163469301,44.025802362821025
-2.5,50.1187233627273,0.7237105295773203,44.01793370043746
-2.0,50.1187233627273,0.6757182762759316,44.011485636971685
-1.5,50.1187233627273,0.63346738039031,44.00646420379144
-1.0,50.1187233627273,0.6003478800300439,44.00287410174965
-0.5,50.1187233627273,0.5792051768689068,44.00071869385058
0.0,50.1187233627273,0.5719356805631337,44.0
0.5,50.1187233627273,0.5792051768689068,44.00071869385058
1.0,50.1187233627273,0.6003478800300439,44.00287410174965
1.5,50.1187233627273,0.63346738039031,44.00646420379144
2.0,50.1187233627273,0.6757182762759316,44.011485636971685
2.5,50.1187233627273,0.7237105295773203,44.01793370043746
3.0,50.1187233627273,0.7739570163469301,44.025802362821025
3.5,50.1187233627273,0.8232830550573039,44.03508427164149
4.0,50.1187233627273,0.8691335806875381,44.045770764753826
4.5,50.1187233627273,0.9097427096869555,44.057851883820334
5.0,50.1187233627273,0.944162773525886,44.07131638977512
5.5,50.1187233627273,0.972177040595243,44.086151780248116
6.0,50.1187233627273,0.9941367580313167,44.10234430891065
6.5,50.1187233627273,1.010767253071349,44.119879006700835
7.0,50.1187233627273,1.0229816283203756,44.13873970488277
7.5,50.1187233627273,1.0317282066276339,44.15890905988994
8.0,50.1187233627273,1.0378839004598892,44.180368579899316
8.5,50.1187233627273,1.0421937202623281,44.2030986530791
9.0,50.1187233627273,1.0452486766934015,44.22707857744999
9.5,50.1187233627273,1.0474907162616343,44.25228659229592
10.0,50.1187233627273,1.0492332409188325,44.27869991105801
10.5,50.1187233627273,1.0506878574551912,44.306294755641844
11.0,50.1187233627273,1.0519909614159906,44.335046392065934
11.5,50.1187233627273,1.0532266088574604,44.36492916737663
12.0,50.1187233627273,1.054444337592481,44.39591654775235
12.5,50.1187233627273,1.0556720175465906,44.42798115771804
13.0,50.1187233627273,1.056924530928031,44.461094820388794
13.5,50.1187233627273,1.0582093070517764,44.49522859866003
14.0,50.1187233627273,1.0595296711856699,44.530352837259976
14.5,50.1187233627273,1.060886774400389,44.56643720557922
15.0,50.1187233627273,1.0622806558156872,44.60345074119092
15.5,50.1187233627273,1.063710802381529,44.64136189397453
16.0,50.1187233627273,1.0651764319255583,44.680138570755425
16.5,50.1187233627273,1.0666766308337252,44.71974818037227
17.0,50.1187233627273,1.0682104187368366,44.760157679084195
17.5,50.1187233627273,1.0697767780990037,44.801333616229535
18.0,50.1187233627273,1.07137466762374,44.84324218004869
18.5,50.1187233627273,1.0730030284984848,44.88584924358369
19.0,50.1187233627273,1.0746607875947836,44.92912041056832
19.5,50.1187233627273,1.0763468594248702,44.973021061223186
20.0,50.1187233627273,1.078060147609939,45.01751639787154
21.0,50.1187233627273,1.0815639407085331,45.108151320733484
22.0,50.1187233627273,1.0851632254319448,45.200744954008854
23.0,50.1187233627273,1.0888489639038668,45.29501708617326
24.0,50.1187233627273,1.0926120592051367,45.39068890007326
25.0,50.1187233627273,1.0964433921911558,45.48748430765605
26.0,50.1187233627273,1.1003338575871424,45.585131230096536
27.0,50.1187233627273,1.104274399170243,45.68336281545289
28.0,50.1187233627273,1.1082560438548597,45.78191858675169
29.0,50.1187233627273,1.1122699345092297,45.88054551422039
30.0,50.1187233627273,1.1163073613442764,45.97899900623776
31.0,50.1187233627273,1.120359791729656,46.077043814451
32.0,50.1187233627273,1.1244188983066,46.174454849401975
33.0,50.1187233627273,1.1284765852824155,46.27101790390245
34.0,50.1187233627273,1.132525012807246,46.36653028229124
35.0,50.1187233627273,1.1365566193497252,46.46080133458334
36.0,50.1187233627273,1.140564142004359,46.55365289537447
37.0,50.1187233627273,1.144540634679663,46.64491962818512
38.0,50.1187233627273,1.148479484132167,46.73444927670872
39.0,50.1187233627273,1.152374423827199,46.822102825161465
40.0,50.1187233627273,1.1562195456227642,46.90775457061137
41.0,50.1187233627273,1.1600093092877404,46.99129211078567
42.0,50.1187233627273,1.1637385498798611,47.07261625141456
43.0,50.1187233627273,1.1674024830225032,47.15164083766235
44.0,50.1187233627273,1.170996708132006,47.22829251462252
45.0,50.1187233627273,1.1745172096590712,47.30251042220845
46.0,50.1187233627273,1.177960356418639,47.37424583005779
47.0,50.1187233627273,1.1813228990924687,47.44346171828464
48.0,50.1187233627273,1.1846019659974287,47.51013231006224
49.0,50.1187233627273,1.187795057220154,47.574242562100906
50.0,50.1187233627273,1.1909000372253125,47.635787619104946
51.0,50.1187233627273,1.1939151260501375,47.694772238250934
52.0,50.1187233627273,1.1968388892022215,47.751210189632246
53.0,50.1187233627273,1.1996702263807721,47.8051236384657
54.0,50.1187233627273,1.2024083591436736,47.85654251465944
55.0,50.1187233627273,1.205052817643793,47.905503875102795
56.0,50.1187233627273,1.207603426558053,47.952051263763195
57.0,50.1187233627273,1.2100602903319309,47.996234074368054
58.0,50.1187233627273,1.2124237778602789,48.03810692011604
59.0,50.1187233627273,1.2146945067227652,48.077729014507725
60.0,50.1187233627273,1.2168733270888579,48.11516356701542
61.0,50.1187233627273,1.218961305403209,48.15047719693142
62.0,50.1187233627273,1.2209597079576036,48.183739368347
63.0,50.1187233627273,1.2228699844503925,48.21502184882709
64.0,50.1187233627273,1.2246937516285998,48.24439819396082
65.0,50.1187233627273,1.2264327771017953,48.271943259590316
66.0,50.1187233627273,1.2280889634103662,48.29773274315349
67.0,50.1187233627273,1.2296643324241516,48.321842755223024
68.0,50.1187233627273,1.231161010140529,48.344349421987175
69.0,50.1187233627273,1.232581211944089,48.365328519100274
70.0,50.1187233627273,1.2339272283830187,48.38485513703379
71.0,50.1187233627273,1.2352014115103456,48.403003377784415
72.0,50.1187233627273,1.2364061618312825,48.41984608254466
73.0,50.1187233627273,1.237543915891168,48.43545458971468
74.0,50.1187233627273,1.2386171345319033,48.449898522432676
75.0,50.1187233627273,1.2396282918384556,48.463245604623665
76.0,50.1187233627273,1.240579864790909,48.475561504414785
77.0,50.1187233627273,1.241474323631767,48.48690970363664
78.0,50.1187233627273,1.2423141229527739,48.497351392025955
79.0,50.1187233627273,1.2431016935004153,48.5069453846624
80.0,50.1187233627273,1.24383943469455,48.51574806111182
81.0,50.1187233627273,1.2445297078502813,48.52381332470726
82.0,50.1187233627273,1.245174830089241,48.53119258037734
83.0,50.1187233627273,1.2457770689229104,48.53793472942647
84.0,50.1187233627273,1.2463386374874703,48.54408617968239
85.0,50.1187233627273,1.2468616904069114,48.54969086945122
86.0,50.1187233627273,1.2473483202587892,48.55479030375725
87.0,50.1187233627273,1.2478005546150197,48.559423601393114
88.0,50.1187233627273,1.248220353628506,48.56362755136267
89.0,50.1187233627273,1.2486096081351097,48.567436677364356
90.0,50.1187233627273,1.2489701382395655,48.57088330903356
91.0,50.1187233627273,1.2493036923533025,48.57399765873874
92.0,50.1187233627273,1.2496119466518314,48.57680790280542
93.0,50.1187233627273,1.2498965049192825,48.57934026612417
94.0,50.1187233627273,1.250158898747895,48.58161910918161
95.0,50.1187233627273,1.250400588060671,48.58366701663668
96.0,50.1187233627273,1.2506229619260294,48.58550488664716
97.0,50.1187233627273,1.2508273396341194,48.587152020232075
98.0,50.1187233627273,1.2510149720053934,48.588626210034974
99.0,50.1187233627273,1.2511870429031577,48.58994382792841
100.0,50.1187233627273,1.2513446709230274,48.591119910973354
-100.0,56.23413251903499,1.374596807813932,48.49131295638698
-99.0,56.23413251903499,1.3744236541033918,48.49016244036475
-98.0,56.23413251903499,1.3742346349528087,48.48887346633856
-97.0,56.23413251903499,1.374028521589649,48.487431324140076
-96.0,56.23413251903499,1.3738040135450977,48.485819997807
-95.0,56.23413251903499,1.3735597367981982,48.484022081492405
-94.0,56.23413251903499,1.3732942421143242,48.482018693764616
-93.0,56.23413251903499,1.373006003607714,48.47978939077365
-92.0,56.23413251903499,1.3726934175591503,48.47731207883139
-91.0,56.23413251903499,1.3723548015210605,48.47456292702703
-90.0,56.23413251903499,1.3719883937433872,48.47151628057631
-89.0,56.23413251903499,1.3715923529544494,48.46814457568252
-88.0,56.23413251903499,1.3711647585317153,48.46441825676783
-87.0,56.23413251903499,1.3707036110978623,48.460305697015
-86.0,56.23413251903499,1.3702068335777249,48.45577312324079
-85.0,56.23413251903499,1.3696722727516621,48.45078454620228
-84.0,56.23413251903499,1.3690977013405325,48.44530169751538
-83.0,56.23413251903499,1.3684808206567771,48.439283974438936
-82.0,56.23413251903499,1.3678192638550903,48.4326883938474
-81.0,56.23413251903499,1.3671105998147748,48.42546955677885
-80.0,56.23413251903499,1.3663523376840958,48.41757962500069
-79.0,56.23413251903499,1.3655419321147795,48.40896831108278
-78.0,56.23413251903499,1.3646767892122107,48.39958288350365
-77.0,56.23413251903499,1.363754273223863,48.38936818834019
-76.0,56.23413251903499,1.3627717139850424,48.37826668910142
-75.0,56.23413251903499,1.36172641513714,48.36621852626229
-74.0,56.23413251903499,1.3606156631292543,48.35316159803197
-73.0,56.23413251903499,1.3594367370092808,48.33903166385132
-72.0,56.23413251903499,1.3581869190053872,48.323762472054554
-71.0,56.23413251903499,1.356863505893194,48.307285913049974
-70.0,56.23413251903499,1.3554638211379921,48.28953219927218
-69.0,56.23413251903499,1.3539852277949982,48.27043007303288
-68.0,56.23413251903499,1.3524251421439482,48.24990704324833
-67.0,56.23413251903499,1.3507810480273836,48.227889651848606
-66.0,56.23413251903499,1.349050511854739,48.20430377047624
-65.0,56.23413251903499,1.3472311982269218,48.179074927860086
-64.0,56.23413251903499,1.3453208861284986,48.15212866800515
-63.0,56.23413251903499,1.3433174856269323,48.12339093906998
-62.0,56.23413251903499,1.3412190550106156,48.092788512513366
-61.0,56.23413251903499,1.339023818289807,48.06024943178074
-60.0,56.23413251903499,1.3367301829770244,48.02570348947161
-59.0,56.23413251903499,1.3343367580561178,47.98908273158364
-58.0,56.23413251903499,1.3318423720421648,47.95032198707004
-57.0,56.23413251903499,1.3292460910276154,47.909359420577445
-56.0,56.23413251903499,1.3265472366038258,47.866137105855294
-55.0,56.23413251903499,1.323745403541367,47.82060161694838
-54.0,56.23413251903499,1.320840477107326,47.772704633905974
-53.0,56.23413251903499,1.3178326498933588,47.72240355936862
-52.0,56.23413251903499,1.3147224380245461,47.66966214203155
-51.0,56.23413251903499,1.3115106966162462,47.614451102636785
-50.0,56.23413251903499,1.3081986343442082,47.55674875782006
-49.0,56.23413251903499,1.304787826992251,47.49654163683784
-48.0,56.23413251903499,1.3012802298419157,47.43382508593045
-47.0,56.23413251903499,1.2976781887696973,47.36860385484367
-46.0,56.23413251903499,1.2939844499198125,47.30089265983914
-45.0,56.23413251903499,1.290202167823989,47.23071671737783
-44.0,56.23413251903499,1.2863349118445164,47.15811224256551
-43.0,56.23413251903499,1.2823866708227658,47.08312690640882
-42.0,56.23413251903499,1.2783618558225915,47.005820245949025
-41.0,56.23413251903499,1.2742653008664593,46.926264021420764
-40.0,56.23413251903499,1.2701022615717756,46.84454251472851
-39.0,56.23413251903499,1.26587841160569,46.76075276374491
-38.0,56.23413251903499,1.2615998368885664,46.675004727215054
-37.0,56.23413251903499,1.2572730274893,46.58742137539849
-36.0,56.23413251903499,1.2529048671696206,46.498138701996766
-35.0,56.23413251903499,1.2485026205494,46.40730565339675
-34.0,56.23413251903499,1.2440739178806413,46.315083971806644
-33.0,56.23413251903499,1.2396267374341916,46.221647949469784
-32.0,56.23413251903499,1.2351693855201502,46.12718409180628
-31.0,56.23413251903499,1.230710474180297,46.03189068804989
-30.0,56.23413251903499,1.22625889660853,45.935977288710845
-29.0,56.23413251903499,1.2218238003730992,45.83966408999821
-28.0,56.23413251903499,1.2174145585322067,45.74318122617013
-27.0,56.23413251903499,1.2130407387521729,45.646767971638695
-26.0,56.23413251903499,1.2087120705546308,45.55067185552922
-25.0,56.23413251903499,1.2044384108360107,45.45514769227222
-24.0,56.23413251903499,1.2002297078186641,45.36045653268036
-23.0,56.23413251903499,1.1960959636082784,45.266864540821665
-22.0,56.23413251903499,1.1920471955464749,45.17464180283475
-21.0,56.23413251903499,1.1880933965603286,45.08406107463058
-20.0,56.23413251903499,1.1842444947185882,44.995396476178676
-19.5,56.23413251903499,1.1823624549218918,44.95186842945746
-19.0,56.23413251903499,1.180510312175583,44.908922140773356
-18.5,56.23413251903499,1.178689270847125,44.86659165133187
-18.0,56.23413251903499,1.176900523340219,44.824910828308504
-17.5,56.23413251903499,1.175145248481917,44.78391332022455
-17.0,56.23413251903499,1.17342460937332,44.74363251214758
-16.5,56.23413251903499,1.171739749874198,44.70410148079896
-16.0,56.23413251903499,1.1700917877434036,44.665352949652046
-15.5,56.23413251903499,1.1684817999123338,44.627419244105525
-15.0,56.23413251903499,1.166910789982142,44.590332246817205
-14.5,56.23413251903499,1.1653796171658415,44.55412335328402
-14.0,56.23413251903499,1.163888845046717,44.51882342775433
-13.5,56.23413251903499,1.1624384306518862,44.484462759558724
-13.0,56.23413251903499,1.1610271095350964,44.45107101994556
-12.5,56.23413251903499,1.1596512289037415,44.418677219506776
-12.0,56.23413251903499,1.1583026276868669,44.38730966627947
-11.5,56.23413251903499,1.1569649578419088,44.356995924607574
-11.0,56.23413251903499,1.1556076043739991,44.32776277484711
-10.5,56.23413251903499,1.1541761502060253,44.299636173997456
-10.0,56.23413251903499,1.1525782601171202,44.272641217339356
-9.5,56.23413251903499,1.1506641041799275,44.24680210115905
-9.0,56.23413251903499,1.148201233233898,44.222142086635856
-8.5,56.23413251903499,1.1448453765656736,44.19868346496869
-8.0,56.23413251903499,1.1401110578121392,44.176447523814545
-7.5,56.23413251903499,1.1333490542744118,44.15545451510973
-7.0,56.23413251903499,1.123740975141759,44.13572362434184
-6.5,56.23413251903499,1.1103235357927996,44.117272941337774
-6.0,56.23413251903499,1.0920550076042141,44.10011943262999
-5.5,56.23413251903499,1.0679323512413934,44.08427891546012
-5.0,56.23413251903499,1.037158797813959,44.06976603347566
-4.5,56.23413251903499,0.999348503834087,44.05659423417206
-4.0,56.23413251903499,0.9547395480541198,44.04477574812874
-3.5,56.23413251903499,0.9043729403301095,44.03432157008407
-3.0,56.23413251903499,0.8501884962445544,44.02524144189014
-2.5,56.23413251903499,0.7949929438741401,44.01754383738447
-2.0,56.23413251903499,0.7422736573971176,44.01123594921143
-1.5,56.23413251903499,0.695861227663578,44.00632367762206
-1.0,56.23413251903499,0.6594795971428414,44.00281162127683
-0.5,56.23413251903499,0.6362544274920059,44.00070307007122
0.0,56.23413251903499,0.6282689166663114,44.0
0.5,56.23413251903499,0.6362544274920059,44.00070307007122
1.0,56.23413251903499,0.6594795971428414,44.00281162127683
1.5,56.23413251903499,0.695861227663578,44.00632367762206
2.0,56.23413251903499,0.7422736573971176,44.01123594921143
2.5,56.23413251903499,0.7949929438741401,44.01754383738447
3.0,56.23413251903499,0.8501884962445544,44.02524144189014
3.5,56.23413251903499,0.9043729403301095,44.03432157008407
4.0,56.23413251903499,0.9547395480541198,44.04477574812874
4.5,56.23413251903499,0.999348503834087,44.05659423417206
5.0,56.23413251903499,1.037158797813959,44.06976603347566
5.5,56.23413251903499,1.0679323512413934,44.08427891546012
6.0,56.23413251903499,1.0920550076042141,44.10011943262999
6.5,56.23413251903499,1.1103235357927996,44.117272941337774
7.0,56.23413251903499,1.123740975141759,44.13572362434184
7.5,56.23413251903499,1.1333490542744118,44.15545451510973
8.0,56.23413251903499,1.1401110578121392,44.176447523814545
8.5,56.23413251903499,1.1448453765656736,44.19868346496869
9.0,56.23413251903499,1.148201233233898,44.222142086635856
9.5,56.23413251903499,1.1506641041799275,44.24680210115905
10.0,56.23413251903499,1.1525782601171202,44.272641217339356
10.5,56.23413251903499,1.1541761502060253,44.299636173997456
11.0,56.23413251903499,1.1556076043739991,44.32776277484711
11.5,56.23413251903499,1.1569649578419088,44.356995924607574
12.0,56.23413251903499,1.1583026276868669,44.38730966627947
12.5,56.23413251903499,1.1596512289037415,44.418677219506776
13.0,56.23413251903499,1.1610271095350964,44.45107101994556
13.5,56.23413251903499,1.1624384306518862,44.484462759558724
14.0,56.23413251903499,1.163888845046717,44.51882342775433
14.5,56.23413251903499,1.1653796171658415,44.55412335328402
15.0,56.23413251903499,1.166910789982142,44.590332246817205
15.5,56.23413251903499,1.1684817999123338,44.627419244105525
16.0,56.23413251903499,1.1700917877434036,44.665352949652046
16.5,56.23413251903499,1.171739749874198,44.70410148079896
17.0,56.23413251903499,1.17342460937332,44.74363251214758
17.5,56.23413251903499,1.175145248481917,44.78391332022455
18.0,56.23413251903499,1.176900523340219,44.824910828308504
18.5,56.23413251903499,1.178689270847125,44.86659165133187
19.0,56.23413251903499,1.180510312175583,44.908922140773356
19.5,56.23413251903499,1.1823624549218918,44.95186842945746
20.0,56.23413251903499,1.1842444947185882,44.995396476178676
21.0,56.23413251903499,1.1880933965603286,45.08406107463058
22.0,56.23413251903499,1.1920471955464749,45.17464180283475
23.0,56.23413251903499,1.1960959636082784,45.266864540821665
24.0,56.23413251903499,1.2002297078186641,45.36045653268036
25.0,56.23413251903499,1.2044384108360107,45.45514769227222
26.0,56.23413251903499,1.2087120705546308,45.55067185552922
27.0,56.23413251903499,1.2130407387521729,45.646767971638695
28.0,56.23413251903499,1.2174145585322067,45.74318122617013
29.0,56.23413251903499,1.2218238003730992,45.83966408999821
30.0,56.23413251903499,1.22625889660853,45.935977288710845
31.0,56.23413251903499,1.230710474180297,46.03189068804989
32.0,56.23413251903499,1.2351693855201502,46.12718409180628
33.0,56.23413251903499,1.2396267374341916,46.221647949469784
34.0,56.23413251903499,1.2440739178806413,46.315083971806644
35.0,56.23413251903499,1.2485026205494,46.40730565339675
36.0,56.23413251903499,1.2529048671696206,46.498138701996766
37.0,56.23413251903499,1.2572730274893,46.58742137539849
38.0,56.23413251903499,1.2615998368885664,46.675004727215054
39.0,56.23413251903499,1.26587841160569,46.76075276374491
40.0,56.23413251903499,1.2701022615717756,46.84454251472851
41.0,56.23413251903499,1.2742653008664593,46.926264021420764
42.0,56.23413251903499,1.2783618558225915,47.005820245949025
43.0,56.23413251903499,1.2823866708227658,47.08312690640882
44.0,56.23413251903499,1.2863349118445164,47.15811224256551
45.0,56.23413251903499,1.290202167823989,47.23071671737783
46.0,56.23413251903499,1.2939844499198125,47.30089265983914
47.0,56.23413251903499,1.2976781887696973,47.36860385484367
48.0,56.23413251903499,1.3012802298419157,47.43382508593045
49.0,56.23413251903499,1.304787826992251,47.49654163683784
50.0,56.23413251903499,1.3081986343442082,47.55674875782006
51.0,56.23413251903499,1.3115106966162462,47.614451102636785
52.0,56.23413251903499,1.3147224380245461,47.66966214203155
53.0,56.23413251903499,1.3178326498933588,47.72240355936862
54.0,56.23413251903499,1.320840477107326,47.772704633905974
55.0,56.23413251903499,1.323745403541367,47.82060161694838
56.0,56.23413251903499,1.3265472366038258,47.866137105855294
57.0,56.23413251903499,1.3292460910276154,47.909359420577445
58.0,56.23413251903499,1.3318423720421648,47.95032198707004
59.0,56.23413251903499,1.3343367580561178,47.98908273158364
60.0,56.23413251903499,1.3367301829770244,48.02570348947161
61.0,56.23413251903499,1.339023818289807,48.06024943178074
62.0,56.23413251903499,1.3412190550106156,48.092788512513366
63.0,56.23413251903499,1.3433174856269323,48.12339093906998
64.0,56.23413251903499,1.3453208861284986,48.15212866800515
65.0,56.23413251903499,1.3472311982269218,48.179074927860086
66.0,56.23413251903499,1.349050511854739,48.20430377047624
67.0,56.23413251903499,1.3507810480273836,48.227889651848606
68.0,56.23413251903499,1.3524251421439482,48.24990704324833
69.0,56.23413251903499,1.3539852277949982,48.27043007303288
70.0,56.23413251903499,1.3554638211379921,48.28953219927218
71.0,56.23413251903499,1.356863505893194,48.307285913049974
72.0,56.23413251903499,1.3581869190053872,48.323762472054554
73.0,56.23413251903499,1.3594367370092808,48.33903166385132
74.0,56.23413251903499,1.3606156631292543,48.35316159803197
75.0,56.23413251903499,1.36172641513714,48.36621852626229
76.0,56.23413251903499,1.3627717139850424,48.37826668910142
77.0,56.23413251903499,1.363754273223863,48.38936818834019
78.0,56.23413251903499,1.3646767892122107,48.39958288350365
79.0,56.23413251903499,1.3655419321147795,48.40896831108278
80.0,56.23413251903499,1.3663523376840958,48.41757962500069
81.0,56.23413251903499,1.3671105998147748,48.42546955677885
82.0,56.23413251903499,1.3678192638550903,48.4326883938474
83.0,56.23413251903499,1.3684808206567771,48.439283974438936
84.0,56.23413251903499,1.3690977013405325,48.44530169751538
85.0,56.23413251903499,1.3696722727516621,48.45078454620228
86.0,56.23413251903499,1.3702068335777249,48.45577312324079
87.0,56.23413251903499,1.3707036110978623,48.460305697015
88.0,56.23413251903499,1.3711647585317153,48.46441825676783
89.0,56.23413251903499,1.3715923529544494,48.46814457568252
90.0,56.23413251903499,1.3719883937433872,48.47151628057631
91.0,56.23413251903499,1.3723548015210605,48.47456292702703
92.0,56.23413251903499,1.3726934175591503,48.47731207883139
93.0,56.23413251903499,1.373006003607714,48.47978939077365
94.0,56.23413251903499,1.3732942421143242,48.482018693764616
95.0,56.23413251903499,1.3735597367981982,48.484022081492405
96.0,56.23413251903499,1.3738040135450977,48.485819997807
97.0,56.23413251903499,1.374028521589649,48.487431324140076
98.0,56.23413251903499,1.3742346349528087,48.48887346633856
99.0,56.23413251903499,1.3744236541033918,48.49016244036475
100.0,56.23413251903499,1.374596807813932,48.49131295638698
-100.0,63.09573444801943,1.5081174194529605,48.39150600180059
-99.0,63.09573444801943,1.5079274465637296,48.39038105280108
-98.0,63.09573444801943,1.5077200671547388,48.389120722642154
-97.0,63.09573444801943,1.5074939330973949,48.387710628048076
-96.0,63.09573444801943,1.5072476176026472,48.38613510896684
-95.0,63.09573444801943,1.506979613184863,48.38437714634813
-94.0,63.09573444801943,1.5066883298389053,48.38241827834763
-93.0,63.09573444801943,1.5063720934630425,48.38023851542312
-92.0,63.09573444801943,1.506029144561781,48.37781625485736
-91.0,63.09573444801943,1.505657637264044,48.37512819531532
-90.0,63.09573444801943,1.5052556386932696,48.37214925211906
-89.0,63.09573444801943,1.5048211287269901,48.36885247400069
-88.0,63.09573444801943,1.5043520001841908,48.365208962172986
-87.0,63.09573444801943,1.5038460594792684,48.36118779263689
-86.0,63.09573444801943,1.5033010277816439,48.35675594272433
-85.0,63.09573444801943,1.5027145427200173,48.35187822295334
-84.0,63.09573444801943,1.5020841606698638,48.34651721534837
-83.0,63.09573444801943,1.5014073596620285,48.340633219451405
-82.0,63.09573444801943,1.5006815429491496,48.334184207317456
-81.0,63.09573444801943,1.4999040432651227,48.32712578885043
-80.0,63.09573444801943,1.4990721278108687,48.31941118888957
-79.0,63.09573444801943,1.4981830039972819,48.31099123750317
-78.0,63.09573444801943,1.4972338259733966,48.30181437498135
-77.0,63.09573444801943,1.4962217019644928,48.291826673043744
-76.0,63.09573444801943,1.4951437024410787,48.280971873788054
-75.0,63.09573444801943,1.4939968691354182,48.2691914479009
-74.0,63.09573444801943,1.4927782249175194,48.25642467363126
-73.0,63.09573444801943,1.491484784537276,48.24260873798796
-72.0,63.09573444801943,1.4901135662337681,48.227678861564456
-71.0,63.09573444801943,1.4886616042065863,48.21156844831553
-70.0,63.09573444801943,1.4871259619374766,48.19420926151058
-69.0,63.09573444801943,1.4855037463436525,48.17553162696548
-68.0,63.09573444801943,1.483792122736779,48.15546466450947
-67.0,63.09573444801943,1.4819883305539976,48.133936548474196
-66.0,63.09573444801943,1.4800896998194266,48.110874797798985
-65.0,63.09573444801943,1.4780936682864254,48.08620659612986
-64.0,63.09573444801943,1.4759977992025992,48.05985914204948
-63.0,63.09573444801943,1.4737997996311045,48.03176002931287
-62.0,63.09573444801943,1.471497539253377,48.00183765667974
-61.0,63.09573444801943,1.469089069570009,47.97002166663005
-60.0,63.09573444801943,1.4665726434082307,47.9362434119278
-59.0,63.09573444801943,1.463946734636398,47.90043644865956
-58.0,63.09573444801943,1.4612100579781238,47.862537054024045
-57.0,63.09573444801943,1.4583615888113257,47.822484766786836
-56.0,63.09573444801943,1.4554005828305556,47.7802229479474
-55.0,63.09573444801943,1.4523265954446738,47.73569935879397
-54.0,63.09573444801943,1.449139500776257,47.6888667531525
-53.0,63.09573444801943,1.4458395101242325,47.639683480271536
-52.0,63.09573444801943,1.442427189747172,47.58811409443085
-51.0,63.09573444801943,1.438903477821536,47.534129967022636
-50.0,63.09573444801943,1.4352697004270452,47.47770989653517
-49.0,63.09573444801943,1.4315275864103063,47.418840711574774
-48.0,63.09573444801943,1.4276792809779248,47.35751786179866
-47.0,63.09573444801943,1.4237273578716605,47.2937459914027
-46.0,63.09573444801943,1.4196748299807507,47.22753948962049
-45.0,63.09573444801943,1.415525158250414,47.15892301254721
-44.0,63.09573444801943,1.4112822587507408,47.08793197050849
-43.0,63.09573444801943,1.406950507776744,47.01461297515529
-42.0,63.09573444801943,1.4025347448582401,46.93902424048349
-41.0,63.09573444801943,1.3980402735674806,46.86123593205586
-40.0,63.09573444801943,1.3934728600230215,46.78133045884565
-39.0,63.09573444801943,1.3888387290001654,46.699402702328356
-38.0,63.09573444801943,1.3841445575713907,46.61556017772139
-37.0,63.09573444801943,1.3793974662144246,46.529923122611855
-36.0,63.09573444801943,1.37460500734094,46.44262450861906
-35.0,63.09573444801943,1.3697751512151712,46.35380997221015
-34.0,63.09573444801943,1.364916269248935,46.26363766132205
-33.0,63.09573444801943,1.3600371146774883,46.17227799503712
-32.0,63.09573444801943,1.3551468006392298,46.07991333421059
-31.0,63.09573444801943,1.3502547757012966,45.98673756164879
-30.0,63.09573444801943,1.3453707968924817,45.89295557118394
-29.0,63.09573444801943,1.340504900324425,45.798782665776024
-28.0,63.09573444801943,1.3356673695015462,45.704443865588566
-27.0,63.09573444801943,1.330868701439522,45.6101731278245
-26.0,63.09573444801943,1.3261195707310585,45.516212480961904
-25.0,63.09573444801943,1.32143079171613,45.422811076888394
-24.0,63.09573444801943,1.3168132789315206,45.33022416528746
-23.0,63.09573444801943,1.3122780060312724,45.23871199547007
-22.0,63.09573444801943,1.3078359633852976,45.148538651660644
-21.0,63.09573444801943,1.3034981145774676,45.05997082852768
-20.0,63.09573444801943,1.299275352033355,44.97327655448582
-19.5,63.09573444801943,1.2972105014638158,44.93071579769174
-19.0,63.09573444801943,1.2951784519761815,44.888723870978396
-18.5,63.09573444801943,1.2931805249234054,44.847334059080055
-18.0,63.09573444801943,1.2912180285325852,44.80657947656831
-17.5,63.09573444801943,1.2892922561354099,44.76649302421956
-17.0,63.09573444801943,1.2874044838100882,44.72710734521097
-16.5,63.09573444801943,1.2855559665245007,44.68845478122565
-16.0,63.09573444801943,1.2837479306103174,44.65056732854867
-15.5,63.09573444801943,1.2819815576059999,44.613476594236516
-15.0,63.09573444801943,1.2802579485968797,44.57721375244349
-14.5,63.09573444801943,1.2785780462550955,44.54180950098882
-14.0,63.09573444801943,1.2769424689072464,44.50729401824867
-13.5,63.09573444801943,1.2753511694063049,44.47369692045742
-13.0,63.09573444801943,1.273802760484814,44.44104721950232
-12.5,63.09573444801943,1.2722932345384133,44.409373281295515
-12.0,63.09573444801943,1.270813637775564,44.3787027848066
-11.5,63.09573444801943,1.2693460341966891,44.34906268183852
-11.0,63.09573444801943,1.2678568350383081,44.320479157628284
-10.5,63.09573444801943,1.266286337454145,44.29297759235307
-10.0,63.09573444801943,1.2645332372987028,44.266582523620706
-9.5,63.09573444801943,1.262433151007203,44.24131761002218
-9.0,63.09573444801943,1.2597310506135038,44.217205595821724
-8.5,63.09573444801943,1.2560492248812112,44.194268276858274
-8.0,63.09573444801943,1.2508550410006283,44.17252646772978
-7.5,63.09573444801943,1.243436214427135,44.15199997032951
-7.0,63.09573444801943,1.232894860464237,44.13270754380091
-6.5,63.09573444801943,1.2181741264340162,44.11466687597471
-6.0,63.09573444801943,1.198131096046954,44.09789455634932
-5.5,63.09573444801943,1.1716653003623971,44.08240605067211
-5.0,63.09573444801943,1.13790257683608,44.068215677176205
-4.5,63.09573444801943,1.09641960331138,44.05533658452379
-4.0,63.09573444801943,1.0474775841731525,44.04378073150366
-3.5,63.09573444801943,0.9922186471266353,44.03355886852664
-3.0,63.09573444801943,0.9327710305424259,44.024680520959244
-2.5,63.09573444801943,0.8722140922948161,44.017153974331485
-2.0,63.09573444801943,0.8143739504982038,44.01098626145117
-1.5,63.09573444801943,0.7634532780781917,44.00618315145268
-1.0,63.09573444801943,0.7235377403550376,44.002749140804006
-0.5,63.09573444801943,0.6980566081997265,44.00068744629186
0.0,63.09573444801943,0.6892954297137873,44.0
0.5,63.09573444801943,0.6980566081997265,44.00068744629186
1.0,63.09573444801943,0.7235377403550376,44.002749140804006
1.5,63.09573444801943,0.7634532780781917,44.00618315145268
2.0,63.09573444801943,0.8143739504982038,44.01098626145117
2.5,63.09573444801943,0.8722140922948161,44.017153974331485
3.0,63.09573444801943,0.9327710305424259,44.024680520959244
3.5,63.09573444801943,0.9922186471266353,44.03355886852664
4.0,63.09573444801943,1.0474775841731525,44.04378073150366
4.5,63.09573444801943,1.09641960331138,44.05533658452379
5.0,63.09573444801943,1.13790257683608,44.068215677176205
5.5,63.09573444801943,1.1716653003623971,44.08240605067211
6.0,63.09573444801943,1.198131096046954,44.09789455634932
6.5,63.09573444801943,1.2181741264340162,44.11466687597471
7.0,63.09573444801943,1.232894860464237,44.13270754380091
7.5,63.09573444801943,1.243436214427135,44.15199997032951
8.0,63.09573444801943,1.2508550410006283,44.17252646772978
8.5,63.09573444801943,1.2560492248812112,44.194268276858274
9.0,63.09573444801943,1.2597310506135038,44.217205595821724
9.5,63.09573444801943,1.262433151007203,44.24131761002218
10.0,63.09573444801943,1.2645332372987028,44.266582523620706
10.5,63.09573444801943,1.266286337454145,44.29297759235307
11.0,63.09573444801943,1.2678568350383081,44.320479157628284
11.5,63.09573444801943,1.2693460341966891,44.34906268183852
12.0,63.09573444801943,1.270813637775564,44.3787027848066
12.5,63.09573444801943,1.2722932345384133,44.409373281295515
13.0,63.09573444801943,1.273802760484814,44.44104721950232
13.5,63.09573444801943,1.2753511694063049,44.47369692045742
14.0,63.09573444801943,1.2769424689072464,44.50729401824867
14.5,63.09573444801943,1.2785780462550955,44.54180950098882
15.0,63.09573444801943,1.2802579485968797,44.57721375244349
15.5,63.09573444801943,1.2819815576059999,44.613476594236516
16.0,63.09573444801943,1.2837479306103174,44.65056732854867
16.5,63.09573444801943,1.2855559665245007,44.68845478122565
17.0,63.09573444801943,1.2874044838100882,44.72710734521097
17.5,63.09573444801943,1.2892922561354099,44.76649302421956
18.0,63.09573444801943,1.2912180285325852,44.80657947656831
18.5,63.09573444801943,1.2931805249234054,44.847334059080055
19.0,63.09573444801943,1.2951784519761815,44.888723870978396
19.5,63.09573444801943,1.2972105014638158,44.93071579769174
20.0,63.09573444801943,1.299275352033355,44.97327655448582
21.0,63.09573444801943,1.3034981145774676,45.05997082852768
22.0,63.09573444801943,1.3078359633852976,45.148538651660644
23.0,63.09573444801943,1.3122780060312724,45.23871199547007
24.0,63.09573444801943,1.3168132789315206,45.33022416528746
25.0,63.09573444801943,1.32143079171613,45.422811076888394
26.0,63.09573444801943,1.3261195707310585,45.516212480961904
27.0,63.09573444801943,1.330868701439522,45.6101731278245
28.0,63.09573444801943,1.3356673695015462,45.704443865588566
29.0,63.09573444801943,1.340504900324425,45.798782665776024
30.0,63.09573444801943,1.3453707968924817,45.89295557118394
31.0,63.09573444801943,1.3502547757012966,45.98673756164879
32.0,63.09573444801943,1.3551468006392298,46.07991333421059
33.0,63.09573444801943,1.3600371146774883,46.17227799503712
34.0,63.09573444801943,1.364916269248935,46.26363766132205
35.0,63.09573444801943,1.3697751512151712,46.35380997221015
36.0,63.09573444801943,1.37460500734094,46.44262450861906
37.0,63.09573444801943,1.3793974662144246,46.529923122611855
38.0,63.09573444801943,1.3841445575713907,46.61556017772139
39.0,63.09573444801943,1.3888387290001654,46.699402702328356
40.0,63.09573444801943,1.3934728600230215,46.78133045884565
41.0,63.09573444801943,1.3980402735674806,46.86123593205586
42.0,63.09573444801943,1.4025347448582401,46.93902424048349
43.0,63.09573444801943,1.406950507776744,47.01461297515529
44.0,63.09573444801943,1.4112822587507408,47.08793197050849
45.0,63.09573444801943,1.415525158250414,47.15892301254721
46.0,63.09573444801943,1.4196748299807507,47.22753948962049
47.0,63.09573444801943,1.4237273578716605,47.2937459914027
48.0,63.09573444801943,1.4276792809779248,47.35751786179866
49.0,63.09573444801943,1.4315275864103063,47.418840711574774
50.0,63.09573444801943,1.4352697004270452,47.47770989653517
51.0,63.09573444801943,1.438903477821536,47.534129967022636
52.0,63.09573444801943,1.442427189747172,47.58811409443085
53.0,63.09573444801943,1.4458395101242325,47.639683480271536
54.0,63.09573444801943,1.449139500776257,47.6888667531525
55.0,63.09573444801943,1.4523265954446738,47.73569935879397
56.0,63.09573444801943,1.4554005828305556,47.7802229479474
57.0,63.09573444801943,1.4583615888113257,47.822484766786836
58.0,63.09573444801943,1.4612100579781238,47.862537054024045
59.0,63.09573444801943,1.463946734636398,47.90043644865956
60.0,63.09573444801943,1.4665726434082307,47.9362434119278
61.0,63.09573444801943,1.469089069570009,47.97002166663005
62.0,63.09573444801943,1.471497539253377,48.00183765667974
63.0,63.09573444801943,1.4737997996311045,48.03176002931287
64.0,63.09573444801943,1.4759977992025992,48.05985914204948
65.0,63.09573444801943,1.4780936682864254,48.08620659612986
66.0,63.09573444801943,1.4800896998194266,48.110874797798985
67.0,63.09573444801943,1.4819883305539976,48.133936548474196
68.0,63.09573444801943,1.483792122736779,48.15546466450947
69.0,63.09573444801943,1.4855037463436525,48.17553162696548
70.0,63.09573444801943,1.4871259619374766,48.19420926151058
71.0,63.09573444801943,1.4886616042065863,48.21156844831553
72.0,63.09573444801943,1.4901135662337681,48.227678861564456
73.0,63.09573444801943,1.491484784537276,48.24260873798796
74.0,63.09573444801943,1.4927782249175194,48.25642467363126
75.0,63.09573444801943,1.4939968691354182,48.2691914479009
76.0,63.09573444801943,1.4951437024410787,48.280971873788054
77.0,63.09573444801943,1.4962217019644928,48.291826673043744
78.0,63.09573444801943,1.4972338259733966,48.30181437498135
79.0,63.09573444801943,1.4981830039972819,48.31099123750317
80.0,63.09573444801943,1.4990721278108687,48.31941118888957
81.0,63.09573444801943,1.4999040432651227,48.32712578885043
82.0,63.09573444801943,1.5006815429491496,48.334184207317456
83.0,63.09573444801943,1.5014073596620285,48.340633219451405
84.0,63.09573444801943,1.5020841606698638,48.34651721534837
85.0,63.09573444801943,1.5027145427200173,48.35187822295334
86.0,63.09573444801943,1.5033010277816439,48.35675594272433
87.0,63.09573444801943,1.5038460594792684,48.36118779263689
88.0,63.09573444801943,1.5043520001841908,48.365208962172986
89.0,63.09573444801943,1.5048211287269901,48.36885247400069
90.0,63.09573444801943,1.5052556386932696,48.37214925211906
91.0,63.09573444801943,1.505657637264044,48.37512819531532
92.0,63.09573444801943,1.506029144561781,48.37781625485736
93.0,63.09573444801943,1.5063720934630425,48.38023851542312
94.0,63.09573444801943,1.5066883298389053,48.38241827834763
95.0,63.09573444801943,1.506979613184863,48.38437714634813
96.0,63.09573444801943,1.5072476176026472,48.38613510896684
97.0,63.09573444801943,1.5074939330973949,48.387710628048076
98.0,63.09573444801943,1.5077200671547388,48.389120722642154
99.0,63.09573444801943,1.5079274465637296,48.39038105280108
100.0,63.09573444801943,1.5081174194529605,48.39150600180059
-100.0,70.79457843841391,1.6520399821291276,48.29169904721422
-99.0,70.79457843841391,1.6518318797595892,48.29059966523742
-98.0,70.79457843841391,1.651604709732439,48.28936797894574
-97.0,70.79457843841391,1.6513569952645637,48.287989931956076
-96.0,70.79457843841391,1.6510871734056738,48.28645022012669
-95.0,70.79457843841391,1.6507935928078663,48.28473221120385
-94.0,70.79457843841391,1.6504745117287385,48.282817862930635
-93.0,70.79457843841391,1.650128096303792,48.2806876400726
-92.0,70.79457843841391,1.6497524191254749,48.278320430883326
-91.0,70.79457843841391,1.649345458167662,48.27569346360361
-90.0,70.79457843841391,1.6489050960956433,48.27278222366181
-89.0,70.79457843841391,1.6484291200027557,48.26956037231886
-88.0,70.79457843841391,1.6479152216156236,48.26599966757815
-87.0,70.79457843841391,1.6473609980105268,48.26206988825878
-86.0,70.79457843841391,1.646763952883676,48.257738762207865
-85.0,70.79457843841391,1.6461214984181078,48.2529718997044
-84.0,70.79457843841391,1.6454309577894823,48.247732733181365
-83.0,70.79457843841391,1.6446895683522496,48.241982464463874
-82.0,70.79457843841391,1.6438944855464237,48.23568002078751
-81.0,70.79457843841391,1.6430427875635365,48.22878202092201
-80.0,70.79457843841391,1.6421314808082064,48.221242752778444
-79.0,70.79457843841391,1.641157506189147,48.213014163923546
-78.0,70.79457843841391,1.64011774627033,48.20404586645904
-77.0,70.79457843841391,1.6390090333093799,48.194285157747295
-76.0,70.79457843841391,1.637828158206139,48.18367705847469
-75.0,70.79457843841391,1.6365718803796578,48.172164369539516
-74.0,70.79457843841391,1.635236938586671,48.15968774923054
-73.0,70.79457843841391,1.6338200626888795,48.1461858121246
-72.0,70.79457843841391,1.6323179863701511,48.13159525107435
-71.0,70.79457843841391,1.6307274607980058,48.11585098358108
-70.0,70.79457843841391,1.6290452692165724,48.09888632374898
-69.0,70.79457843841391,1.6272682424505778,48.08063318089808
-68.0,70.79457843841391,1.6253932752918954,48.06102228577062
-67.0,70.79457843841391,1.6234173437318131,48.03998344509978
-66.0,70.79457843841391,1.621337522993486,48.01744582512174
-65.0,70.79457843841391,1.6191510063101204,47.99333826439964
-64.0,70.79457843841391,1.6168551243853262,47.96758961609381
-63.0,70.79457843841391,1.6144473654628617,47.94012911955576
-62.0,70.79457843841391,1.6119253959237412,47.91088680084611
-61.0,70.79457843841391,1.609287081319489,47.879793901479374
-60.0,70.79457843841391,1.6065305077412584,47.846783334383986
-59.0,70.79457843841391,1.6036540034157098,47.81179016573548
-58.0,70.79457843841391,1.600656160410045,47.77475212097804
-57.0,70.79457843841391,1.5975358563205138,47.73561011299623
-56.0,70.79457843841391,1.594292275811159,47.69430879003951
-55.0,70.79457843841391,1.5909249318626493,47.650797100639565
-54.0,70.79457843841391,1.5874336865848346,47.60502887239904
-53.0,70.79457843841391,1.5838187714413081,47.55696340117446
-52.0,70.79457843841391,1.580080806729792,47.506566046830145
-51.0,70.79457843841391,1.576220820158741,47.45380883140848
-50.0,70.79457843841391,1.5722402643582296,47.39867103525028
-49.0,70.79457843841391,1.5681410331620402,47.341139786311714
-48.0,70.79457843841391,1.5639254764979942,47.281210637666874
-47.0,70.79457843841391,1.559596413725006,47.21888812796173
-46.0,70.79457843841391,1.5551571452581616,47.154186319401845
-45.0,70.79457843841391,1.5506114623273763,47.087129307716594
-44.0,70.79457843841391,1.5459636547208848,47.017751698451484
-43.0,70.79457843841391,1.5412185163719987,46.94609904390176
-42.0,70.79457843841391,1.5363813486562266,46.87222823501796
-41.0,70.79457843841391,1.531457961275979,46.796207842690954
-40.0,70.79457843841391,1.5264546706216602,46.718118402962794
-39.0,70.79457843841391,1.5213782955109207,46.6380526409118
-38.0,70.79457843841391,1.5162361502221826,46.55611562822772
-37.0,70.79457843841391,1.5110360347541363,46.472424869825225
-36.0,70.79457843841391,1.5057862222597098,46.38711031524135
-35.0,70.79457843841391,1.5004954436208717,46.300314291023554
-34.0,70.79457843841391,1.4951728691494623,46.21219135083746
-33.0,70.79457843841391,1.4898280874189112,46.12290804060446
-32.0,70.79457843841391,1.4844710812520432,46.03264257661489
-31.0,70.79457843841391,1.4791122009110351,45.94158443524768
-30.0,70.79457843841391,1.4737621345568117,45.84993385365703
-29.0,70.79457843841391,1.4684318760665607,45.75790124155384
-28.0,70.79457843841391,1.4631326903194213,45.66570650500701
-27.0,70.79457843841391,1.4578760760815819,45.57357828401031
-26.0,70.79457843841391,1.4526737266427796,45.481753106394585
-25.0,70.79457843841391,1.4475374883763723,45.39047446150457
-24.0,70.79457843841391,1.442479317414502,45.29999179789456
-23.0,70.79457843841391,1.437511234648245,45.21055945011848
-22.0,70.79457843841391,1.4326452792797733,45.12243550048654
-21.0,70.79457843841391,1.427893461168975,45.03588058242478
-20.0,70.79457843841391,1.4232677122266668,44.95115663279296
-19.5,70.79457843841391,1.4210058089729811,44.909563165926016
-19.0,70.79457843841391,1.4187798370718978,44.86852560118343
-18.5,70.79457843841391,1.416591243975638,44.828076466828236
-18.0,70.79457843841391,1.4144414627579427,44.78824812482812
-17.5,70.79457843841391,1.4123319101756455,44.749072728214564
-17.0,70.79457843841391,1.410263984085567,44.71058217827435
-16.5,70.79457843841391,1.4082390592196012,44.67280808165234
-16.0,70.79457843841391,1.4062584789406198,44.63578170744529
-15.5,70.79457843841391,1.4043235375435867,44.5995339443675
-15.0,70.79457843841391,1.4024354411925368,44.56409525806978
-14.5,70.79457843841391,1.4005952225206335,44.52949564869362
-14.0,70.79457843841391,1.3988035588625798,44.49576460874302
-13.5,70.79457843841391,1.3970603985720162,44.46293108135611
-13.0,70.79457843841391,1.3953642219918687,44.43102341905909
-12.5,70.79457843841391,1.3937106390643406,44.40006934308425
-12.0,70.79457843841391,1.3920898415202465,44.37009590333372
-11.5,70.79457843841391,1.3904821816928723,44.34112943906946
-11.0,70.79457843841391,1.3888508653780651,44.31319554040946
-10.5,70.79457843841391,1.387130492171438,44.28631901070868
-10.0,70.79457843841391,1.385210090276924,44.260523829902056
-9.5,70.79457843841391,1.3829095886881702,44.23583311888532
-9.0,70.79457843841391,1.3799496216268936,44.2122691050076
-8.5,70.79457843841391,1.3759164321427582,44.18985308874786
-8.0,70.79457843841391,1.3702265572466998,44.16860541164501
-7.5,70.79457843841391,1.3620997377021455,44.148545425549294
-7.0,70.79457843841391,1.3505524019391253,44.12969146325998
-6.5,70.79457843841391,1.334426839784267,44.112060810611645
-6.0,70.79457843841391,1.3124710642356583,44.09566968006865
-5.5,70.79457843841391,1.2834795864728674,44.08053318588411
-5.0,70.79457843841391,1.2464948209290279,44.066665320876744
-4.5,70.79457843841391,1.2010530469952272,44.05407893487553
-4.0,70.79457843841391,1.147440396296047,44.042785714878576
-3.5,70.79457843841391,1.0869079919929943,44.03279616696922
-3.0,70.79457843841391,1.0217871743612876,44.02411960002835
-2.5,70.79457843841391,0.9554511703539441,44.0167641112785
-2.0,70.79457843841391,0.8920912319383518,44.01073657369092
-1.5,70.79457843841391,0.8363111012471529,44.00604262528331
-1.0,70.79457843841391,0.792586346545524,44.00268666033119
-0.5,70.79457843841391,0.7646735006573309,44.0006718225125
0.0,70.79457843841391,0.7550762259606489,44.0
0.5,70.79457843841391,0.7646735006573309,44.0006718225125
1.0,70.79457843841391,0.792586346545524,44.00268666033119
1.5,70.79457843841391,0.8363111012471529,44.00604262528331
2.0,70.79457843841391,0.8920912319383518,44.01073657369092
2.5,70.79457843841391,0.9554511703539441,44.0167641112785
3.0,70.79457843841391,1.0217871743612876,44.02411960002835
3.5,70.79457843841391,1.0869079919929943,44.03279616696922
4.0,70.79457843841391,1.147440396296047,44.042785714878576
4.5,70.79457843841391,1.2010530469952272,44.05407893487553
5.0,70.79457843841391,1.2464948209290279,44.066665320876744
5.5,70.79457843841391,1.2834795864728674,44.08053318588411
6.0,70.79457843841391,1.3124710642356583,44.09566968006865
6.5,70.79457843841391,1.334426839784267,44.112060810611645
7.0,70.79457843841391,1.3505524019391253,44.12969146325998
7.5,70.79457843841391,1.3620997377021455,44.148545425549294
8.0,70.79457843841391,1.3702265572466998,44.16860541164501
8.5,70.79457843841391,1.3759164321427582,44.18985308874786
9.0,70.79457843841391,1.3799496216268936,44.2122691050076
9.5,70.79457843841391,1.3829095886881702,44.23583311888532
10.0,70.79457843841391,1.385210090276924,44.260523829902056
10.5,70.79457843841391,1.387130492171438,44.28631901070868
11.0,70.79457843841391,1.3888508653780651,44.31319554040946
11.5,70.79457843841391,1.3904821816928723,44.34112943906946
12.0,70.79457843841391,1.3920898415202465,44.37009590333372
12.5,70.79457843841391,1.3937106390643406,44.40006934308425
13.0,70.79457843841391,1.3953642219918687,44.43102341905909
13.5,70.79457843841391,1.3970603985720162,44.46293108135611
14.0,70.79457843841391,1.3988035588625798,44.49576460874302
14.5,70.79457843841391,1.4005952225206335,44.52949564869362
15.0,70.79457843841391,1.4024354411925368,44.56409525806978
15.5,70.79457843841391,1.4043235375435867,44.5995339443675
16.0,70.79457843841391,1.4062584789406198,44.63578170744529
16.5,70.79457843841391,1.4082390592196012,44.67280808165234
17.0,70.79457843841391,1.410263984085567,44.71058217827435
17.5,70.79457843841391,1.4123319101756455,44.749072728214564
18.0,70.79457843841391,1.4144414627579427,44.78824812482812
18.5,70.79457843841391,1.416591243975638,44.828076466828236
19.0,70.79457843841391,1.4187798370718978,44.86852560118343
19.5,70.79457843841391,1.4210058089729811,44.909563165926016
20.0,70.79457843841391,1.4232677122266668,44.95115663279296
21.0,70.79457843841391,1.427893461168975,45.03588058242478
22.0,70.79457843841391,1.4326452792797733,45.12243550048654
23.0,70.79457843841391,1.437511234648245,45.21055945011848
24.0,70.79457843841391,1.442479317414502,45.29999179789456
25.0,70.79457843841391,1.4475374883763723,45.39047446150457
26.0,70.79457843841391,1.4526737266427796,45.481753106394585
27.0,70.79457843841391,1.4578760760815819,45.57357828401031
28.0,70.79457843841391,1.4631326903194213,45.66570650500701
29.0,70.79457843841391,1.4684318760665607,45.75790124155384
30.0,70.79457843841391,1.4737621345568117,45.84993385365703
31.0,70.79457843841391,1.4791122009110351,45.94158443524768
32.0,70.79457843841391,1.4844710812520432,46.03264257661489
33.0,70.79457843841391,1.4898280874189112,46.12290804060446
34.0,70.79457843841391,1.4951728691494623,46.21219135083746
35.0,70.79457843841391,1.5004954436208717,46.300314291023554
36.0,70.79457843841391,1.5057862222597098,46.38711031524135
37.0,70.79457843841391,1.5110360347541363,46.472424869825225
38.0,70.79457843841391,1.5162361502221826,46.55611562822772
39.0,70.79457843841391,1.5213782955109207,46.6380526409118
40.0,70.79457843841391,1.5264546706216602,46.718118402962794
41.0,70.79457843841391,1.531457961275979,46.796207842690954
42.0,70.79457843841391,1.5363813486562266,46.87222823501796
43.0,70.79457843841391,1.5412185163719987,46.94609904390176
44.0,70.79457843841391,1.5459636547208848,47.017751698451484
45.0,70.79457843841391,1.5506114623273763,47.087129307716594
46.0,70.79457843841391,1.5551571452581616,47.154186319401845
47.0,70.79457843841391,1.559596413725006,47.21888812796173
48.0,70.79457843841391,1.5639254764979942,47.281210637666874
49.0,70.79457843841391,1.5681410331620402,47.341139786311714
50.0,70.79457843841391,1.5722402643582296,47.39867103525028
51.0,70.79457843841391,1.576220820158741,47.45380883140848
52.0,70.79457843841391,1.580080806729792,47.506566046830145
53.0,70.79457843841391,1.5838187714413081,47.55696340117446
54.0,70.79457843841391,1.5874336865848346,47.60502887239904
55.0,70.79457843841391,1.5909249318626493,47.650797100639565
56.0,70.79457843841391,1.594292275811159,47.69430879003951
57.0,70.79457843841391,1.5975358563205138,47.73561011299623
58.0,70.79457843841391,1.600656160410045,47.77475212097804
59.0,70.79457843841391,1.6036540034157098,47.81179016573548
60.0,70.79457843841391,1.6065305077412584,47.846783334383986
61.0,70.79457843841391,1.609287081319489,47.879793901479374
62.0,70.79457843841391,1.6119253959237412,47.91088680084611
63.0,70.79457843841391,1.6144473654628617,47.94012911955576
64.0,70.79457843841391,1.6168551243853262,47.96758961609381
65.0,70.79457843841391,1.6191510063101204,47.99333826439964
66.0,70.79457843841391,1.621337522993486,48.01744582512174
67.0,70.79457843841391,1.6234173437318131,48.03998344509978
68.0,70.79457843841391,1.6253932752918954,48.06102228577062
69.0,70.79457843841391,1.6272682424505778,48.08063318089808
70.0,70.79457843841391,1.6290452692165724,48.09888632374898
71.0,70.79457843841391,1.6307274607980058,48.11585098358108
72.0,70.79457843841391,1.6323179863701511,48.13159525107435
73.0,70.79457843841391,1.6338200626888795,48.1461858121246
74.0,70.79457843841391,1.635236938586671,48.15968774923054
75.0,70.79457843841391,1.6365718803796578,48.172164369539516
76.0,70.79457843841391,1.637828158206139,48.18367705847469
77.0,70.79457843841391,1.6390090333093799,48.194285157747295
78.0,70.79457843841391,1.64011774627033,48.20404586645904
79.0,70.79457843841391,1.641157506189147,48.213014163923546
80.0,70.79457843841391,1.6421314808082064,48.221242752778444
81.0,70.79457843841391,1.6430427875635365,48.22878202092201
82.0,70.79457843841391,1.6438944855464237,48.23568002078751
83.0,70.79457843841391,1.6446895683522496,48.241982464463874
84.0,70.79457843841391,1.6454309577894823,48.247732733181365
85.0,70.79457843841391,1.6461214984181078,48.2529718997044
86.0,70.79457843841391,1.646763952883676,48.257738762207865
87.0,70.79457843841391,1.6473609980105268,48.26206988825878
88.0,70.79457843841391,1.6479152216156236,48.26599966757815
89.0,70.79457843841391,1.6484291200027557,48.26956037231886
90.0,70.79457843841391,1.6489050960956433,48.27278222366181
91.0,70.79457843841391,1.649345458167662,48.27569346360361
92.0,70.79457843841391,1.6497524191254749,48.278320430883326
93.0,70.79457843841391,1.650128096303792,48.2806876400726
94.0,70.79457843841391,1.6504745117287385,48.282817862930635
95.0,70.79457843841391,1.6507935928078663,48.28473221120385
96.0,70.79457843841391,1.6510871734056738,48.28645022012669
97.0,70.79457843841391,1.6513569952645637,48.287989931956076
98.0,70.79457843841391,1.651604709732439,48.28936797894574
99.0,70.79457843841391,1.6518318797595892,48.29059966523742
100.0,70.79457843841391,1.6520399821291276,48.29169904721422
-100.0,79.4328234724283,1.8064914491251676,48.19189209262784
-99.0,79.4328234724283,1.8062638909817932,48.19081827767376
-98.0,79.4328234724283,1.8060154825195383,48.18961523524933
-97.0,79.4328234724283,1.8057446088888258,48.18826923586407
-96.0,79.4328234724283,1.805449561017016,48.18676533128653
-95.0,79.4328234724283,1.8051285331694427,48.185087276059576
-94.0,79.4328234724283,1.8047796207658342,48.18321744751364
-93.0,79.4328234724283,1.804400818491204,48.18113676472207
-92.0,79.4328234724283,1.8039900187420435,48.178824606909295
-91.0,79.4328234724283,1.8035450104502533,48.17625873189189
-90.0,79.4328234724283,1.803063478328618,48.173415195204555
-89.0,79.4328234724283,1.8025430025828182,48.17026827063702
-88.0,79.4328234724283,1.8019810591358585,48.16679037298331
-87.0,79.4328234724283,1.8013750204114078,48.16295198388067
-86.0,79.4328234724283,1.800722156722838,48.1587215816914
-85.0,79.4328234724283,1.8000196383146543,48.15406557645546
-84.0,79.4328234724283,1.7992645381025651,48.14894825101435
-83.0,79.4328234724283,1.798453835157527,48.143331709476335
-82.0,79.4328234724283,1.7975844189777686,48.137175834257576
-81.0,79.4328234724283,1.7966530945909702,48.13043825299359
-80.0,79.4328234724283,1.7956565885264424,48.123074316667314
-79.0,79.4328234724283,1.7945915556942902,48.11503709034393
-78.0,79.4328234724283,1.7934545872051466,48.10627735793674
-77.0,79.4328234724283,1.7922422191600893,48.096743642450846
-76.0,79.4328234724283,1.7909509424358174,48.086382243161324
-75.0,79.4328234724283,1.7895772134850578,48.07513729117813
-74.0,79.4328234724283,1.7881174661664714,48.062950824829834
-73.0,79.4328234724283,1.786568124612078,48.049762886261234
-72.0,79.4328234724283,1.7849256171334034,48.035511640584254
-71.0,79.4328234724283,1.7831863911601964,48.02013351884664
-70.0,79.4328234724283,1.7813469291977,48.00356338598737
-69.0,79.4328234724283,1.7794037657801303,47.985734734830686
-68.0,79.4328234724283,1.7773535053892258,47.96657990703177
-67.0,79.4328234724283,1.7751928412975826,47.94603034172537
-66.0,79.4328234724283,1.7729185752869872,47.92401685244449
-65.0,79.4328234724283,1.7705276381821968,47.90046993266942
-64.0,79.4328234724283,1.7680171111306684,47.87532009013814
-63.0,79.4328234724283,1.7653842475486494,47.84849820979865
-62.0,79.4328234724283,1.7626264956439384,47.819935945012475
-61.0,79.4328234724283,1.7597415214155658,47.78956613632869
-60.0,79.4328234724283,1.7567272320207412,47.757323256840166
-59.0,79.4328234724283,1.7535817993897598,47.7231438828114
-58.0,79.4328234724283,1.750303683960269,47.68696718793204
-57.0,79.4328234724283,1.7468916583934642,47.64873545920561
-56.0,79.4328234724283,1.7433448311265196,47.608394632131606
-55.0,79.4328234724283,1.739662669608003,47.56589484248516
-54.0,79.4328234724283,1.7358450230562275,47.521190991645575
-53.0,79.4328234724283,1.7318921445746318,47.47424332207738
-52.0,79.4328234724283,1.7278047124534173,47.425017999229446
-51.0,79.4328234724283,1.7235838504829009,47.37348769579433
-50.0,79.4328234724283,1.7192311471015203,47.31963217396539
-49.0,79.4328234724283,1.7147486732001564,47.26343886104865
-48.0,79.4328234724283,1.7101389984045823,47.204903413535085
-47.0,79.4328234724283,1.7054052056594147,47.14403026452076
-46.0,79.4328234724283,1.70055090394004,47.0808331491832
-45.0,79.4328234724283,1.695580238923619,47.015335602885976
-44.0,79.4328234724283,1.690497901456529,46.947571426394475
-43.0,79.4328234724283,1.6853091336634327,46.877585112648234
-42.0,79.4328234724283,1.6800197325526527,46.80543222955242
-41.0,79.4328234724283,1.6746360509835874,46.731179753326046
-40.0,79.4328234724283,1.669164995874578,46.654906347079944
-39.0,79.4328234724283,1.6636140235438215,46.57670257949525
-38.0,79.4328234724283,1.6579911320915863,46.49667107873405
-37.0,79.4328234724283,1.6523048507490594,46.41492661703859
-36.0,79.4328234724283,1.6465642261374993,46.33159612186365
-35.0,79.4328234724283,1.6407788054009158,46.246818609836964
-34.0,79.4328234724283,1.634958616196087,46.160745040352865
-33.0,79.4328234724283,1.629114143545227,46.073538086171794
-32.0,79.4328234724283,1.6232563035788568,45.98537181901919
-31.0,79.4328234724283,1.6173964142192545,45.896431308846566
-30.0,79.4328234724283,1.6115461628780605,45.80691213613012
-29.0,79.4328234724283,1.6057175712650078,45.71701981733166
-28.0,79.4328234724283,1.5999229574281226,45.62696914442545
-27.0,79.4328234724283,1.5941748951688979,45.53698344019612
-26.0,79.4328234724283,1.588486170998648,45.44729373182727
-25.0,79.4328234724283,1.5828697388243032,45.35813784612074
-24.0,79.4328234724283,1.5773386725730763,45.26975943050167
-23.0,79.4328234724283,1.5719061169855155,45.182406904766886
-22.0,79.4328234724283,1.5665852368251936,45.09633234931243
-21.0,79.4328234724283,1.5613891647701506,45.01179033632188
-20.0,79.4328234724283,1.5563309482617886,44.929036711100096
-19.5,79.4328234724283,1.5538575765935887,44.8884105341603
-19.0,79.4328234724283,1.5514234955490624,44.84832733138847
-18.5,79.4328234724283,1.54903028790471,44.80881887457642
-18.0,79.4328234724283,1.5466795207142865,44.769916773087935
-17.5,79.4328234724283,1.5443727431891519,44.73165243220958
-17.0,79.4328234724283,1.5421114838736631,44.69405701133774
-16.5,79.4328234724283,1.5398972460252702,44.65716138207903
-16.0,79.4328234724283,1.5377314985996695,44.62099608634191
-15.5,79.4328234724283,1.5356156568972226,44.58559129449849
-15.0,79.4328234724283,1.5335510398478818,44.550976763696056
-14.5,79.4328234724283,1.5315387766270911,44.51718179639842
-14.0,79.4328234724283,1.5295796078944974,44.48423519923737
-13.5,79.4328234724283,1.5276734771752523,44.45216524225481
-13.0,79.4328234724283,1.525818722737473,44.42099961861585
-12.5,79.4328234724283,1.524010544090883,44.39076540487299
-12.0,79.4328234724283,1.5222382159778574,44.36148902186084
-11.5,79.4328234724283,1.520480253844574,44.3331961963004
-11.0,79.4328234724283,1.5186964235466418,44.305911923190635
-10.5,79.4328234724283,1.5168152103068324,44.27966042906429
-10.0,79.4328234724283,1.5147152674247888,44.2544651361834
-9.5,79.4328234724283,1.512199688810628,44.23034862774845
-9.0,79.4328234724283,1.50896299039913,44.20733261419347
-8.5,79.4328234724283,1.5045527325393886,44.185437900637446
-8.0,79.4328234724283,1.4983309034931727,44.16468435556024
-7.5,79.4328234724283,1.4894442965256462,44.14509088076908
-7.0,79.4328234724283,1.4768173846217414,44.12667538271905
-6.5,79.4328234724283,1.4591842217078843,44.109454745248584
-6.0,79.4328234724283,1.4351757708129154,44.09344480378799
-5.5,79.4328234724283,1.4034738403254419,44.07866032109611
-5.0,79.4328234724283,1.3630313187003067,44.06511496457728
-4.5,79.4328234724283,1.3133411314575663,44.05282128522726
-4.0,79.4328234724283,1.2547161610569204,44.04179069825349
-3.5,79.4328234724283,1.1885244998675093,44.03203346541179
-3.0,79.4328234724283,1.117315448340739,44.02355867909746
-2.5,79.4328234724283,1.0447776010097343,44.0163742482255
-2.0,79.4328234724283,0.975494055694232,44.01048688593067
-1.5,79.4328234724283,0.9144989646463332,44.005902099113925
-1.0,79.4328234724283,0.8666863231013091,44.00262417985837
-0.5,79.4328234724283,0.8361638672508258,44.00065619873314
0.0,79.4328234724283,0.8256693302771402,44.0
0.5,79.4328234724283,0.8361638672508258,44.00065619873314
1.0,79.4328234724283,0.8666863231013091,44.00262417985837
1.5,79.4328234724283,0.9144989646463332,44.005902099113925
2.0,79.4328234724283,0.975494055694232,44.01048688593067
2.5,79.4328234724283,1.0447776010097343,44.0163742482255
3.0,79.4328234724283,1.117315448340739,44.02355867909746
3.5,79.4328234724283,1.1885244998675093,44.03203346541179
4.0,79.4328234724283,1.2547161610569204,44.04179069825349
4.5,79.4328234724283,1.3133411314575663,44.05282128522726
5.0,79.4328234724283,1.3630313187003067,44.06511496457728
5.5,79.4328234724283,1.4034738403254419,44.07866032109611
6.0,79.4328234724283,1.4351757708129154,44.09344480378799
6.5,79.4328234724283,1.4591842217078843,44.109454745248584
7.0,79.4328234724283,1.4768173846217414,44.12667538271905
7.5,79.4328234724283,1.4894442965256462,44.14509088076908
8.0,79.4328234724283,1.4983309034931727,44.16468435556024
8.5,79.4328234724283,1.5045527325393886,44.185437900637446
9.0,79.4328234724283,1.50896299039913,44.20733261419347
9.5,79.4328234724283,1.512199688810628,44.23034862774845
10.0,79.4328234724283,1.5147152674247888,44.2544651361834
10.5,79.4328234724283,1.5168152103068324,44.27966042906429
11.0,79.4328234724283,1.5186964235466418,44.305911923190635
11.5,79.4328234724283,1.520480253844574,44.3331961963004
12.0,79.4328234724283,1.5222382159778574,44.36148902186084
12.5,79.4328234724283,1.524010544090883,44.39076540487299
13.0,79.4328234724283,1.525818722737473,44.42099961861585
13.5,79.4328234724283,1.5276734771752523,44.45216524225481
14.0,79.4328234724283,1.5295796078944974,44.48423519923737
14.5,79.4328234724283,1.5315387766270911,44.51718179639842
15.0,79.4328234724283,1.5335510398478818,44.550976763696056
15.5,79.4328234724283,1.5356156568972226,44.58559129449849
16.0,79.4328234724283,1.5377314985996695,44.62099608634191
16.5,79.4328234724283,1.5398972460252702,44.65716138207903
17.0,79.4328234724283,1.5421114838736631,44.69405701133774
17.5,79.4328234724283,1.5443727431891519,44.73165243220958
18.0,79.4328234724283,1.5466795207142865,44.769916773087935
18.5,79.4328234724283,1.54903028790471,44.80881887457642
19.0,79.4328234724283,1.5514234955490624,44.84832733138847
19.5,79.4328234724283,1.5538575765935887,44.8884105341603
20.0,79.4328234724283,1.5563309482617886,44.929036711100096
21.0,79.4328234724283,1.5613891647701506,45.01179033632188
22.0,79.4328234724283,1.5665852368251936,45.09633234931243
23.0,79.4328234724283,1.5719061169855155,45.182406904766886
24.0,79.4328234724283,1.5773386725730763,45.26975943050167
25.0,79.4328234724283,1.5828697388243032,45.35813784612074
26.0,79.4328234724283,1.588486170998648,45.44729373182727
27.0,79.4328234724283,1.5941748951688979,45.53698344019612
28.0,79.4328234724283,1.5999229574281226,45.62696914442545
29.0,79.4328234724283,1.6057175712650078,45.71701981733166
30.0,79.4328234724283,1.6115461628780605,45.80691213613012
31.0,79.4328234724283,1.6173964142192545,45.896431308846566
32.0,79.4328234724283,1.6232563035788568,45.98537181901919
33.0,79.4328234724283,1.629114143545227,46.073538086171794
34.0,79.4328234724283,1.634958616196087,46.160745040352865
35.0,79.4328234724283,1.6407788054009158,46.246818609836964
36.0,79.4328234724283,1.6465642261374993,46.33159612186365
37.0,79.4328234724283,1.6523048507490594,46.41492661703859
38.0,79.4328234724283,1.6579911320915863,46.49667107873405
39.0,79.4328234724283,1.6636140235438215,46.57670257949525
40.0,79.4328234724283,1.669164995874578,46.654906347079944
41.0,79.4328234724283,1.6746360509835874,46.731179753326046
42.0,79.4328234724283,1.6800197325526527,46.80543222955242
43.0,79.4328234724283,1.6853091336634327,46.877585112648234
44.0,79.4328234724283,1.690497901456529,46.947571426394475
45.0,79.4328234724283,1.695580238923619,47.015335602885976
46.0,79.4328234724283,1.70055090394004,47.0808331491832
47.0,79.4328234724283,1.7054052056594147,47.14403026452076
48.0,79.4328234724283,1.7101389984045823,47.204903413535085
49.0,79.4328234724283,1.7147486732001564,47.26343886104865
50.0,79.4328234724283,1.7192311471015203,47.31963217396539
51.0,79.4328234724283,1.7235838504829009,47.37348769579433
52.0,79.4328234724283,1.7278047124534173,47.425017999229446
53.0,79.4328234724283,1.7318921445746318,47.47424332207738
54.0,79.4328234724283,1.7358450230562275,47.521190991645575
55.0,79.4328234724283,1.739662669608003,47.56589484248516
56.0,79.4328234724283,1.7433448311265196,47.608394632131606
57.0,79.4328234724283,1.7468916583934642,47.64873545920561
58.0,79.4328234724283,1.750303683960269,47.68696718793204
59.0,79.4328234724283,1.7535817993897598,47.7231438828114
60.0,79.4328234724283,1.7567272320207412,47.757323256840166
61.0,79.4328234724283,1.7597415214155658,47.78956613632869
62.0,79.4328234724283,1.7626264956439384,47.819935945012475
63.0,79.4328234724283,1.7653842475486494,47.84849820979865
64.0,79.4328234724283,1.7680171111306684,47.87532009013814
65.0,79.4328234724283,1.7705276381821968,47.90046993266942
66.0,79.4328234724283,1.7729185752869872,47.92401685244449
67.0,79.4328234724283,1.7751928412975826,47.94603034172537
68.0,79.4328234724283,1.7773535053892258,47.96657990703177
69.0,79.4328234724283,1.7794037657801303,47.985734734830686
70.0,79.4328234724283,1.7813469291977,48.00356338598737
71.0,79.4328234724283,1.7831863911601964,48.02013351884664
72.0,79.4328234724283,1.7849256171334034,48.035511640584254
73.0,79.4328234724283,1.786568124612078,48.049762886261234
74.0,79.4328234724283,1.7881174661664714,48.062950824829834
75.0,79.4328234724283,1.7895772134850578,48.07513729117813
76.0,79.4328234724283,1.7909509424358174,48.086382243161324
77.0,79.4328234724283,1.7922422191600893,48.096743642450846
78.0,79.4328234724283,1.7934545872051466,48.10627735793674
79.0,79.4328234724283,1.7945915556942902,48.11503709034393
80.0,79.4328234724283,1.7956565885264424,48.123074316667314
81.0,79.4328234724283,1.7966530945909702,48.13043825299359
82.0,79.4328234724283,1.7975844189777686,48.137175834257576
83.0,79.4328234724283,1.798453835157527,48.143331709476335
84.0,79.4328234724283,1.7992645381025651,48.14894825101435
85.0,79.4328234724283,1.8000196383146543,48.15406557645546
86.0,79.4328234724283,1.800722156722838,48.1587215816914
87.0,79.4328234724283,1.8013750204114078,48.16295198388067
88.0,79.4328234724283,1.8019810591358585,48.16679037298331
89.0,79.4328234724283,1.8025430025828182,48.17026827063702
90.0,79.4328234724283,1.803063478328618,48.173415195204555
91.0,79.4328234724283,1.8035450104502533,48.17625873189189
92.0,79.4328234724283,1.8039900187420435,48.178824606909295
93.0,79.4328234724283,1.804400818491204,48.18113676472207
94.0,79.4328234724283,1.8047796207658342,48.18321744751364
95.0,79.4328234724283,1.8051285331694427,48.185087276059576
96.0,79.4328234724283,1.805449561017016,48.18676533128653
97.0,79.4328234724283,1.8057446088888258,48.18826923586407
98.0,79.4328234724283,1.8060154825195383,48.18961523524933
99.0,79.4328234724283,1.8062638909817932,48.19081827767376
100.0,79.4328234724283,1.8064914491251676,48.19189209262784
-100.0,89.12509381337473,1.97159292727919,48.09208513804146
-99.0,89.12509381337473,1.9713445718129967,48.091036890110104
-98.0,89.12509381337473,1.9710734604454365,48.089862491552914
-97.0,89.12509381337473,1.9707778307402655,48.08854853977207
-96.0,89.12509381337473,1.970455817426806,48.08708044244638
-95.0,89.12509381337473,1.9701054497380788,48.0854423409153
-94.0,89.12509381337473,1.9697246490276588,48.083617032096654
-93.0,89.12509381337473,1.969311226707913,48.081585889371546
-92.0,89.12509381337473,1.9688628825541863,48.079328782935264
-91.0,89.12509381337473,1.9683772034212463,48.07682400018018
-90.0,89.12509381337473,1.9678516624198021,48.0740481667473
-89.0,89.12509381337473,1.967283618602193,48.070976168955184
-88.0,89.12509381337473,1.9666703172073299,48.067581078388464
-87.0,89.12509381337473,1.9660088905156272,48.063834079502556
-86.0,89.12509381337473,1.9652963593649897,48.05970440117494
-85.0,89.12509381337473,1.964529635378818,48.05515925320652
-84.0,89.12509381337473,1.963705523956501,48.05016376884735
-83.0,89.12509381337473,1.962820728075881,48.044680954488804
-82.0,89.12509381337473,1.9618718529557113,48.03867164772763
-81.0,89.12509381337473,1.9608554116241437,48.03209448506517
-80.0,89.12509381337473,1.9597678314367228,48.02490588055619
-79.0,89.12509381337473,1.958605461584262,48.01706001676431
-78.0,89.12509381337473,1.9573645816272491,48.00850884941443
-77.0,89.12509381337473,1.9560414110891033,47.9992021271544
-76.0,89.12509381337473,1.9546321201356547,47.98908742784796
-75.0,89.12509381337473,1.953132841362634,47.978110212816745
-74.0,89.12509381337473,1.9515396827067581,47.966213900429125
-73.0,89.12509381337473,1.9498487414891503,47.95333996039787
-72.0,89.12509381337473,1.94805611959242,47.93942803009415
-71.0,89.12509381337473,1.9461579397646795,47.9244160541122
-70.0,89.12509381337473,1.9441503630352057,47.90824044822577
-69.0,89.12509381337473,1.942029607217356,47.89083628876329
-68.0,89.12509381337473,1.9397919664647547,47.87213752829292
-67.0,89.12509381337473,1.937433831836787,47.85207723835095
-66.0,89.12509381337473,1.9349517128190563,47.830587879767236
-65.0,89.12509381337473,1.9323422597338191,47.80760160093919
-64.0,89.12509381337473,1.929602286964541,47.78305056418247
-63.0,89.12509381337473,1.9267287969077167,47.75686730004154
-62.0,89.12509381337473,1.9237190045540624,47.72898508917884
-61.0,89.12509381337473,1.9205703625902177,47.69933837117801
-60.0,89.12509381337473,1.9172805869012783,47.667863179296354
-59.0,89.12509381337473,1.91384768234395,47.63449759988732
-58.0,89.12509381337473,1.9102699686499724,47.59918225488604
-57.0,89.12509381337473,1.906546106309818,47.561860805415
-56.0,89.12509381337473,1.9026751222776626,47.52248047422371
-55.0,89.12509381337473,1.8986564353303634,47.48099258433075
-54.0,89.12509381337473,1.8944898809057755,47.437353110892104
-53.0,89.12509381337473,1.8901757352393336,47.3915232429803
-52.0,89.12509381337473,1.8857147386125168,47.34346995162874
-51.0,89.12509381337473,1.8811081175227122,47.29316656018018
-50.0,89.12509381337473,1.876357605581219,47.240593312680495
-49.0,89.12509381337473,1.8714654629447718,47.18573793578559
-48.0,89.12509381337473,1.8664344940860969,47.1285961894033
-47.0,89.12509381337473,1.8612680637107428,47.06917240107979
-46.0,89.12509381337473,1.8559701106307913,47.00747997896455
-45.0,89.12509381337473,1.8505451594111244,46.94354189805536
-44.0,89.12509381337473,1.8449983296107324,46.87739115433746
-43.0,89.12509381337473,1.8393353424501142,46.8090711813947
-42.0,89.12509381337473,1.833562524746157,46.73863622408689
-41.0,89.12509381337473,1.8276868099679704,46.666151663961145
-40.0,89.12509381337473,1.821715736280962,46.591694291197086
-39.0,89.12509381337473,1.8156574414619402,46.51535251807869
-38.0,89.12509381337473,1.8095206545851164,46.437226529240384
-37.0,89.12509381337473,1.8033146843975052,46.35742836425196
-36.0,89.12509381337473,1.7970494043222534,46.27608192848594
-35.0,89.12509381337473,1.7907352340497582,46.19332292865037
-34.0,89.12509381337473,1.7843831176989038,46.10929872986827
-33.0,89.12509381337473,1.7780044985542116,46.02416813173914
-32.0,89.12509381337473,1.7716112904089851,45.9381010614235
-31.0,89.12509381337473,1.7652158455694176,45.851278182445455
-30.0,89.12509381337473,1.7588309195999703,45.76389041860322
-29.0,89.12509381337473,1.7524696329158522,45.676138393109476
-28.0,89.12509381337473,1.7461454293539422,45.588231783843895
-27.0,89.12509381337473,1.739872031878778,45.500388596381924
-26.0,89.12509381337473,1.7336633956050007,45.41283435725995
-25.0,89.12509381337473,1.7275336583417304,45.325801230736914
-24.0,89.12509381337473,1.721497088887437,45.239527063108774
-23.0,89.12509381337473,1.7155680333257994,45.1542543594153
-22.0,89.12509381337473,1.7097608595934959,45.07022919813833
-21.0,89.12509381337473,1.7040899006092631,44.98770009021898
-20.0,89.12509381337473,1.6985693962651311,44.90691678940724
-19.5,89.12509381337473,1.69586997463769,44.86725790239458
-19.0,89.12509381337473,1.6932134345394037,44.8281290615935
-18.5,89.12509381337473,1.6906015034021702,44.7895612823246
-18.0,89.12509381337473,1.6880358914981874,44.75158542134775
-17.5,89.12509381337473,1.685518289626579,44.714232136204586
-17.0,89.12509381337473,1.6830503660306377,44.67753184440113
-16.5,89.12509381337473,1.6806337613556923,44.64151468250572
-16.0,89.12509381337473,1.6782700788103608,44.60621046523853
-15.5,89.12509381337473,1.6759608630441822,44.57164864462948
-15.0,89.12509381337473,1.6737075535286616,44.53785826932234
-14.5,89.12509381337473,1.671511382638478,44.50486794410322
-14.0,89.12509381337473,1.6693731587247145,44.47270578973172
-13.5,89.12509381337473,1.6672928201510926,44.441399403153504
-13.0,89.12509381337473,1.6652685533143265,44.410975818172616
-12.5,89.12509381337473,1.6632951189907927,44.381461466661726
-12.0,89.12509381337473,1.661360811704616,44.35288214038796
-11.5,89.12509381337473,1.6594421833545705,44.32526295353134
-11.0,89.12509381337473,1.657495322659175,44.29862830597181
-10.5,89.12509381337473,1.6554421788592923,44.273001847419906
-10.0,89.12509381337473,1.6531503149614961,44.24840644246475
-9.5,89.12509381337473,1.6504048289498707,44.22486413661158
-9.0,89.12509381337473,1.6468723175178706,44.20239612337934
-8.5,89.12509381337473,1.6420589909959242,44.181022712527025
-8.0,89.12509381337473,1.6352685275546492,44.16076329947548
-7.5,89.12509381337473,1.6255697429558242,44.14163633598886
-7.0,89.12509381337473,1.611788814064535,44.12365930217812
-6.5,89.12509381337473,1.5925440956334798,44.10684867988552
-6.0,89.12509381337473,1.5663414296854214,44.09121992750732
-5.5,89.12509381337473,1.5317421505355158,44.076787456308104
-5.0,89.12509381337473,1.4876034475064668,44.06356460827782
-4.5,89.12509381337473,1.433371902834385,44.051563635578994
-4.0,89.12509381337473,1.3693889943850592,44.04079568162841
-3.5,89.12509381337473,1.2971478492032746,44.03127076385437
-3.0,89.12509381337473,1.2194307570928031,44.02299775816657
-2.5,89.12509381337473,1.1402634259509232,44.015984385172516
-2.0,89.12509381337473,1.0646478186990747,44.010237198170415
-1.5,89.12509381337473,0.998078176109831,44.00576157294454
-1.0,89.12509381337473,0.9458957725062291,44.00256169938555
-0.5,89.12509381337473,0.9125837642444982,44.00064057495378
0.0,89.12509381337473,0.9011300953758142,44.0
0.5,89.12509381337473,0.9125837642444982,44.00064057495378
1.0,89.12509381337473,0.9458957725062291,44.00256169938555
1.5,89.12509381337473,0.998078176109831,44.00576157294454
2.0,89.12509381337473,1.0646478186990747,44.010237198170415
2.5,89.12509381337473,1.1402634259509232,44.015984385172516
3.0,89.12509381337473,1.2194307570928031,44.02299775816657
3.5,89.12509381337473,1.2971478492032746,44.03127076385437
4.0,89.12509381337473,1.3693889943850592,44.04079568162841
4.5,89.12509381337473,1.433371902834385,44.051563635578994
5.0,89.12509381337473,1.4876034475064668,44.06356460827782
5.5,89.12509381337473,1.5317421505355158,44.076787456308104
6.0,89.12509381337473,1.5663414296854214,44.09121992750732
6.5,89.12509381337473,1.5925440956334798,44.10684867988552
7.0,89.12509381337473,1.611788814064535,44.12365930217812
7.5,89.12509381337473,1.6255697429558242,44.14163633598886
8.0,89.12509381337473,1.6352685275546492,44.16076329947548
8.5,89.12509381337473,1.6420589909959242,44.181022712527025
9.0,89.12509381337473,1.6468723175178706,44.20239612337934
9.5,89.12509381337473,1.6504048289498707,44.22486413661158
10.0,89.12509381337473,1.6531503149614961,44.24840644246475
10.5,89.12509381337473,1.6554421788592923,44.273001847419906
11.0,89.12509381337473,1.657495322659175,44.29862830597181
11.5,89.12509381337473,1.6594421833545705,44.32526295353134
12.0,89.12509381337473,1.661360811704616,44.35288214038796
12.5,89.12509381337473,1.6632951189907927,44.381461466661726
13.0,89.12509381337473,1.6652685533143265,44.410975818172616
13.5,89.12509381337473,1.6672928201510926,44.441399403153504
14.0,89.12509381337473,1.6693731587247145,44.47270578973172
14.5,89.12509381337473,1.671511382638478,44.50486794410322
15.0,89.12509381337473,1.6737075535286616,44.53785826932234
15.5,89.12509381337473,1.6759608630441822,44.57164864462948
16.0,89.12509381337473,1.6782700788103608,44.60621046523853
16.5,89.12509381337473,1.6806337613556923,44.64151468250572
17.0,89.12509381337473,1.6830503660306377,44.67753184440113
17.5,89.12509381337473,1.685518289626579,44.714232136204586
18.0,89.12509381337473,1.6880358914981874,44.75158542134775
18.5,89.12509381337473,1.6906015034021702,44.7895612823246
19.0,89.12509381337473,1.6932134345394037,44.8281290615935
19.5,89.12509381337473,1.69586997463769,44.86725790239458
20.0,89.12509381337473,1.6985693962651311,44.90691678940724
21.0,89.12509381337473,1.7040899006092631,44.98770009021898
22.0,89.12509381337473,1.7097608595934959,45.07022919813833
23.0,89.12509381337473,1.7155680333257994,45.1542543594153
24.0,89.12509381337473,1.721497088887437,45.239527063108774
25.0,89.12509381337473,1.7275336583417304,45.325801230736914
26.0,89.12509381337473,1.7336633956050007,45.41283435725995
27.0,89.12509381337473,1.739872031878778,45.500388596381924
28.0,89.12509381337473,1.7461454293539422,45.588231783843895
29.0,89.12509381337473,1.7524696329158522,45.676138393109476
30.0,89.12509381337473,1.7588309195999703,45.76389041860322
31.0,89.12509381337473,1.7652158455694176,45.851278182445455
32.0,89.12509381337473,1.7716112904089851,45.9381010614235
33.0,89.12509381337473,1.7780044985542116,46.02416813173914
34.0,89.12509381337473,1.7843831176989038,46.10929872986827
35.0,89.12509381337473,1.7907352340497582,46.19332292865037
36.0,89.12509381337473,1.7970494043222534,46.27608192848594
37.0,89.12509381337473,1.8033146843975052,46.35742836425196
38.0,89.12509381337473,1.8095206545851164,46.437226529240384
39.0,89.12509381337473,1.8156574414619402,46.51535251807869
40.0,89.12509381337473,1.821715736280962,46.591694291197086
41.0,89.12509381337473,1.8276868099679704,46.666151663961145
42.0,89.12509381337473,1.833562524746157,46.73863622408689
43.0,89.12509381337473,1.8393353424501142,46.8090711813947
44.0,89.12509381337473,1.8449983296107324,46.87739115433746
45.0,89.12509381337473,1.8505451594111244,46.94354189805536
46.0,89.12509381337473,1.8559701106307913,47.00747997896455
47.0,89.12509381337473,1.8612680637107428,47.06917240107979
48.0,89.12509381337473,1.8664344940860969,47.1285961894033
49.0,89.12509381337473,1.8714654629447718,47.18573793578559
50.0,89.12509381337473,1.876357605581219,47.240593312680495
51.0,89.12509381337473,1.8811081175227122,47.29316656018018
52.0,89.12509381337473,1.8857147386125168,47.34346995162874
53.0,89.12509381337473,1.8901757352393336,47.3915232429803
54.0,89.12509381337473,1.8944898809057755,47.437353110892104
55.0,89.12509381337473,1.8986564353303634,47.48099258433075
56.0,89.12509381337473,1.9026751222776626,47.52248047422371
57.0,89.12509381337473,1.906546106309818,47.561860805415
58.0,89.12509381337473,1.9102699686499724,47.59918225488604
59.0,89.12509381337473,1.91384768234395,47.63449759988732
60.0,89.12509381337473,1.9172805869012783,47.667863179296354
61.0,89.12509381337473,1.9205703625902177,47.69933837117801
62.0,89.12509381337473,1.9237190045540624,47.72898508917884
63.0,89.12509381337473,1.9267287969077167,47.75686730004154
64.0,89.12509381337473,1.929602286964541,47.78305056418247
65.0,89.12509381337473,1.9323422597338191,47.80760160093919
66.0,89.12509381337473,1.9349517128190563,47.830587879767236
67.0,89.12509381337473,1.937433831836787,47.85207723835095
68.0,89.12509381337473,1.9397919664647547,47.87213752829292
69.0,89.12509381337473,1.942029607217356,47.89083628876329
70.0,89.12509381337473,1.9441503630352057,47.90824044822577
71.0,89.12509381337473,1.9461579397646795,47.9244160541122
72.0,89.12509381337473,1.94805611959242,47.93942803009415
73.0,89.12509381337473,1.9498487414891503,47.95333996039787
74.0,89.12509381337473,1.9515396827067581,47.966213900429125
75.0,89.12509381337473,1.953132841362634,47.978110212816745
76.0,89.12509381337473,1.9546321201356547,47.98908742784796
77.0,89.12509381337473,1.9560414110891033,47.9992021271544
78.0,89.12509381337473,1.9573645816272491,48.00850884941443
79.0,89.12509381337473,1.958605461584262,48.01706001676431
80.0,89.12509381337473,1.9597678314367228,48.02490588055619
81.0,89.12509381337473,1.9608554116241437,48.03209448506517
82.0,89.12509381337473,1.9618718529557113,48.03867164772763
83.0,89.12509381337473,1.962820728075881,48.044680954488804
84.0,89.12509381337473,1.963705523956501,48.05016376884735
85.0,89.12509381337473,1.964529635378818,48.05515925320652
86.0,89.12509381337473,1.9652963593649897,48.05970440117494
87.0,89.12509381337473,1.9660088905156272,48.063834079502556
88.0,89.12509381337473,1.9666703172073299,48.067581078388464
89.0,89.12509381337473,1.967283618602193,48.070976168955184
90.0,89.12509381337473,1.9678516624198021,48.0740481667473
91.0,89.12509381337473,1.9683772034212463,48.07682400018018
92.0,89.12509381337473,1.9688628825541863,48.079328782935264
93.0,89.12509381337473,1.969311226707913,48.081585889371546
94.0,89.12509381337473,1.9697246490276588,48.083617032096654
95.0,89.12509381337473,1.9701054497380788,48.0854423409153
96.0,89.12509381337473,1.970455817426806,48.08708044244638
97.0,89.12509381337473,1.9707778307402655,48.08854853977207
98.0,89.12509381337473,1.9710734604454365,48.089862491552914
99.0,89.12509381337473,1.9713445718129967,48.091036890110104
100.0,89.12509381337473,1.97159292727919,48.09208513804146
-100.0,100.0000000000002,2.1474602502544013,47.992278183455085
-99.0,100.0000000000002,2.1471897413251977,47.99125550254644
-98.0,100.0000000000002,2.146894446653984,47.9901097478565
-97.0,100.0000000000002,2.1465724465941007,47.98882784368007
-96.0,100.0000000000002,2.1462217094915585,47.98739555360622
-95.0,100.0000000000002,2.1458400887857296,47.98579740577103
-94.0,100.0000000000002,2.145425320413628,47.98401661667966
-93.0,100.0000000000002,2.1449750205642326,47.98203501402102
-92.0,100.0000000000002,2.1444866838314107,47.97983295896123
-91.0,100.0000000000002,2.1439576818158654,47.97738926846847
-90.0,100.0000000000002,2.143385262228198,47.97468113829005
-89.0,100.0000000000002,2.142766548546565,47.97168406727335
-88.0,100.0000000000002,2.142098540283464,47.96837178379362
-87.0,100.0000000000002,2.1413781139169275,47.964716175124444
-86.0,100.0000000000002,2.140602024541737,47.96068722065848
-85.0,100.0000000000002,2.139766908296168,47.95625292995758
-84.0,100.0000000000002,2.138869285619235,47.951379286680336
-83.0,100.0000000000002,2.137905565392341,47.94603019950127
-82.0,100.0000000000002,2.1368720500176273,47.94016746119769
-81.0,100.0000000000002,2.1357649414831745,47.93375071713675
-80.0,100.0000000000002,2.1345803484624066,47.92673744444506
-79.0,100.0000000000002,2.1333142944916723,47.9190829431847
-78.0,100.0000000000002,2.1319627272659263,47.91074034089213
-77.0,100.0000000000002,2.1305215290877118,47.90166061185795
-76.0,100.0000000000002,2.1289865284992535,47.891792612534594
-75.0,100.0000000000002,2.127353513121401,47.881083134455366
-74.0,100.0000000000002,2.1256182437163904,47.869476976028416
-73.0,100.0000000000002,2.1237764694839476,47.856917034534504
-72.0,100.0000000000002,2.1218239445921707,47.84334441960405
-71.0,100.0000000000002,2.1197564459358773,47.82869858937775
-70.0,100.0000000000002,2.117569792105753,47.81291751046416
-69.0,100.0000000000002,2.1152598635417403,47.79593784269589
-68.0,100.0000000000002,2.112822623833647,47.77769514955406
-67.0,100.0000000000002,2.110254142121097,47.75812413497654
-66.0,100.0000000000002,2.1075506165336257,47.737158907089984
-65.0,100.0000000000002,2.104708398600138,47.71473326920896
-64.0,100.0000000000002,2.101724018545111,47.6907810382268
-63.0,100.0000000000002,2.098594211376931,47.66523639028443
-62.0,100.0000000000002,2.095315943661743,47.638034233345216
-61.0,100.0000000000002,2.091886440864241,47.60911060602732
-60.0,100.0000000000002,2.088303215125041,47.57840310175254
-59.0,100.0000000000002,2.0845640933328196,47.54585131696324
-58.0,100.0000000000002,2.080667245338335,47.511397321840036
-57.0,100.0000000000002,2.0766112121469718,47.47498615162439
-56.0,100.0000000000002,2.07239493391661,47.43656631631582
-55.0,100.0000000000002,2.0680177775786377,47.39609032617634
-54.0,100.0000000000002,2.0634795638918644,47.35351523013864
-53.0,100.0000000000002,2.0587805937320978,47.30880316388322
-52.0,100.0000000000002,2.053921673414389,47.26192190402804
-51.0,100.0000000000002,2.048904138840459,47.212845424566034
-50.0,100.0000000000002,2.0437298782608204,47.16155445139561
-49.0,100.0000000000002,2.0384013534396024,47.10803701052252
-48.0,100.0000000000002,2.0329216190102537,47.052288965271515
-47.0,100.0000000000002,2.0272943398121637,46.99431453763882
-46.0,100.0000000000002,2.0215238060019165,46.9341268087459
-45.0,100.0000000000002,2.015614945738413,46.87174819322474
-44.0,100.0000000000002,2.0095733352485103,46.80721088228045
-43.0,100.0000000000002,2.0034052060891554,46.74055725014117
-42.0,100.0000000000002,1.9971174494332617,46.671840218621355
-41.0,100.0000000000002,1.990717617219722,46.60112357459624
-40.0,100.0000000000002,1.9842139200230162,46.52848223531423
-39.0,100.0000000000002,1.9776152215147367,46.45400245666214
-38.0,100.0000000000002,1.9709310294079774,46.377781979746715
-37.0,100.0000000000002,1.964171482795812,46.29993011146532
-36.0,100.0000000000002,1.9573473358169116,46.22056773510823
-35.0,100.0000000000002,1.950469937604577,46.13982724746377
-34.0,100.0000000000002,1.943551208499946,46.05785241938368
-33.0,100.0000000000002,1.9366036125356814,45.974798177306475
-32.0,100.0000000000002,1.9296401262229044,45.890830303827805
-31.0,100.0000000000002,1.9226742037012512,45.80612505604435
-30.0,100.0000000000002,1.9157197383395161,45.720868701076306
-29.0,100.0000000000002,1.9087910209021555,45.6352569688873
-28.0,100.0000000000002,1.9019026944247113,45.54949442326234
-27.0,100.0000000000002,1.895069705968746,45.46379375256773
-26.0,100.0000000000002,1.8883072554538602,45.378374982692634
-25.0,100.0000000000002,1.881630741790595,45.29346461535308
-24.0,100.0000000000002,1.8750557065631739,45.209294695715876
-23.0,100.0000000000002,1.868597775534918,45.1261018140637
-22.0,100.0000000000002,1.8622725982714485,45.04412604696422
-21.0,100.0000000000002,1.8560957861968241,44.96360984411608
-20.0,100.0000000000002,1.850082849410354,44.88479686771438
-19.5,100.0000000000002,1.8471426376843938,44.846105270628854
-19.0,100.0000000000002,1.844249132546825,44.80793079179854
-18.5,100.0000000000002,1.8414042155175523,44.77030369007278
-18.0,100.0000000000002,1.8386097494261235,44.733254069607554
-17.5,100.0000000000002,1.8358675758920024,44.696811840199594
-17.0,100.0000000000002,1.8331795119668275,44.66100667746451
-16.5,100.0000000000002,1.830547344642518,44.62586798293241
-16.0,100.0000000000002,1.8279728201349037,44.591424844135155
-15.5,100.0000000000002,1.8254576208772288,44.55770599476047
-15.0,100.0000000000002,1.8230033147427582,44.52473977494863
-14.5,100.0000000000002,1.8206112440347628,44.49255409180802
-14.0,100.0000000000002,1.818282289209749,44.461176380226064
-13.5,100.0000000000002,1.8160163831334428,44.4306335640522
-13.0,100.0000000000002,1.813811550428011,44.40095201772938
-12.5,100.0000000000002,1.8116620845278033,44.372157528450465
-12.0,100.0000000000002,1.8095552358211717,44.34427525891509
-11.5,100.0000000000002,1.8074654646215866,44.31732971076229
-11.0,100.0000000000002,1.805344942733778,44.291344688752986
-10.5,100.0000000000002,1.803108657222048,44.26634326577552
-10.0,100.0000000000002,1.8006123576302744,44.2423477487461
-9.5,100.0000000000002,1.7976219725482323,44.21937964547471
-9.0,100.0000000000002,1.7937743588857824,44.197459632565206
-8.5,100.0000000000002,1.7885316806258031,44.17660752441661
-8.0,100.0000000000002,1.7811355035959602,44.156842243390706
-7.5,100.0000000000002,1.7705715813412282,44.13818179120865
-7.0,100.0000000000002,1.7555613849684573,44.12064322163719
-6.5,100.0000000000002,1.7346000256096263,44.10424261452246
-6.0,100.0000000000002,1.706060065460854,44.088995051226654
-5.5,100.0000000000002,1.6683745089578623,44.074914591520105
-5.0,100.0000000000002,1.6202986059957476,44.06201425197837
-4.5,100.0000000000002,1.561229573599741,44.05030598593072
-4.0,100.0000000000002,1.4915393496749643,44.03980066500333
-3.5,100.0000000000002,1.4128542491330247,44.030508062296946
-3.0,100.0000000000002,1.3282047437694038,44.022436837235674
-2.5,100.0000000000002,1.241975637145184,44.01559452211953
-2.0,100.0000000000002,1.1596150704047257,44.00998751041016
-1.5,100.0000000000002,1.0871073740359205,44.00562104677517
-1.0,100.0000000000002,1.0302702673740955,44.00249921891273
-0.5,100.0000000000002,0.9939868071281036,44.000624951174416
0.0,100.0000000000002,0.9815114638284002,44.0
0.5,100.0000000000002,0.9939868071281036,44.000624951174416
1.0,100.0000000000002,1.0302702673740955,44.00249921891273
1.5,100.0000000000002,1.0871073740359205,44.00562104677517
2.0,100.0000000000002,1.1596150704047257,44.00998751041016
2.5,100.0000000000002,1.241975637145184,44.01559452211953
3.0,100.0000000000002,1.3282047437694038,44.022436837235674
3.5,100.0000000000002,1.4128542491330247,44.030508062296946
4.0,100.0000000000002,1.4915393496749643,44.03980066500333
4.5,100.0000000000002,1.561229573599741,44.05030598593072
5.0,100.0000000000002,1.6202986059957476,44.06201425197837
5.5,100.0000000000002,1.6683745089578623,44.074914591520105
6.0,100.0000000000002,1.706060065460854,44.088995051226654
6.5,100.0000000000002,1.7346000256096263,44.10424261452246
7.0,100.0000000000002,1.7555613849684573,44.12064322163719
7.5,100.0000000000002,1.7705715813412282,44.13818179120865
8.0,100.0000000000002,1.7811355035959602,44.156842243390706
8.5,100.0000000000002,1.7885316806258031,44.17660752441661
9.0,100.0000000000002,1.7937743588857824,44.197459632565206
9.5,100.0000000000002,1.7976219725482323,44.21937964547471
10.0,100.0000000000002,1.8006123576302744,44.2423477487461
10.5,100.0000000000002,1.803108657222048,44.26634326577552
11.0,100.0000000000002,1.805344942733778,44.291344688752986
11.5,100.0000000000002,1.8074654646215866,44.31732971076229
12.0,100.0000000000002,1.8095552358211717,44.34427525891509
12.5,100.0000000000002,1.8116620845278033,44.372157528450465
13.0,100.0000000000002,1.813811550428011,44.40095201772938
13.5,100.0000000000002,1.8160163831334428,44.4306335640522
14.0,100.0000000000002,1.818282289209749,44.461176380226064
14.5,100.0000000000002,1.8206112440347628,44.49255409180802
15.0,100.0000000000002,1.8230033147427582,44.52473977494863
15.5,100.0000000000002,1.8254576208772288,44.55770599476047
16.0,100.0000000000002,1.8279728201349037,44.591424844135155
16.5,100.0000000000002,1.830547344642518,44.62586798293241
17.0,100.0000000000002,1.8331795119668275,44.66100667746451
17.5,100.0000000000002,1.8358675758920024,44.696811840199594
18.0,100.0000000000002,1.8386097494261235,44.733254069607554
18.5,100.0000000000002,1.8414042155175523,44.77030369007278
19.0,100.0000000000002,1.844249132546825,44.80793079179854
19.5,100.0000000000002,1.8471426376843938,44.846105270628854
20.0,100.0000000000002,1.850082849410354,44.88479686771438
21.0,100.0000000000002,1.8560957861968241,44.96360984411608
22.0,100.0000000000002,1.8622725982714485,45.04412604696422
23.0,100.0000000000002,1.868597775534918,45.1261018140637
24.0,100.0000000000002,1.8750557065631739,45.209294695715876
25.0,100.0000000000002,1.881630741790595,45.29346461535308
26.0,100.0000000000002,1.8883072554538602,45.378374982692634
27.0,100.0000000000002,1.895069705968746,45.46379375256773
28.0,100.0000000000002,1.9019026944247113,45.54949442326234
29.0,100.0000000000002,1.9087910209021555,45.6352569688873
30.0,100.0000000000002,1.9157197383395161,45.720868701076306
31.0,100.0000000000002,1.9226742037012512,45.80612505604435
32.0,100.0000000000002,1.9296401262229044,45.890830303827805
33.0,100.0000000000002,1.9366036125356814,45.974798177306475
34.0,100.0000000000002,1.943551208499946,46.05785241938368
35.0,100.0000000000002,1.950469937604577,46.13982724746377
36.0,100.0000000000002,1.9573473358169116,46.22056773510823
37.0,100.0000000000002,1.964171482795812,46.29993011146532
38.0,100.0000000000002,1.9709310294079774,46.377781979746715
39.0,100.0000000000002,1.9776152215147367,46.45400245666214
40.0,100.0000000000002,1.9842139200230162,46.52848223531423
41.0,100.0000000000002,1.990717617219722,46.60112357459624
42.0,100.0000000000002,1.9971174494332617,46.671840218621355
43.0,100.0000000000002,2.0034052060891554,46.74055725014117
44.0,100.0000000000002,2.0095733352485103,46.80721088228045
45.0,100.0000000000002,2.015614945738413,46.87174819322474
46.0,100.0000000000002,2.0215238060019165,46.9341268087459
47.0,100.0000000000002,2.0272943398121637,46.99431453763882
48.0,100.0000000000002,2.0329216190102537,47.052288965271515
49.0,100.0000000000002,2.0384013534396024,47.10803701052252
50.0,100.0000000000002,2.0437298782608204,47.16155445139561
51.0,100.0000000000002,2.048904138840459,47.212845424566034
52.0,100.0000000000002,2.053921673414389,47.26192190402804
53.0,100.0000000000002,2.0587805937320978,47.30880316388322
54.0,100.0000000000002,2.0634795638918644,47.35351523013864
55.0,100.0000000000002,2.0680177775786377,47.39609032617634
56.0,100.0000000000002,2.07239493391661,47.43656631631582
57.0,100.0000000000002,2.0766112121469718,47.47498615162439
58.0,100.0000000000002,2.080667245338335,47.511397321840036
59.0,100.0000000000002,2.0845640933328196,47.54585131696324
60.0,100.0000000000002,2.088303215125041,47.57840310175254
61.0,100.0000000000002,2.091886440864241,47.60911060602732
62.0,100.0000000000002,2.095315943661743,47.638034233345216
63.0,100.0000000000002,2.098594211376931,47.66523639028443
64.0,100.0000000000002,2.101724018545111,47.6907810382268
65.0,100.0000000000002,2.104708398600138,47.71473326920896
66.0,100.0000000000002,2.1075506165336257,47.737158907089984
67.0,100.0000000000002,2.110254142121097,47.75812413497654
68.0,100.0000000000002,2.112822623833647,47.77769514955406
69.0,100.0000000000002,2.1152598635417403,47.79593784269589
70.0,100.0000000000002,2.117569792105753,47.81291751046416
71.0,100.0000000000002,2.1197564459358773,47.82869858937775
72.0,100.0000000000002,2.1218239445921707,47.84334441960405
73.0,100.0000000000002,2.1237764694839476,47.856917034534504
74.0,100.0000000000002,2.1256182437163904,47.869476976028416
75.0,100.0000000000002,2.127353513121401,47.881083134455366
76.0,100.0000000000002,2.1289865284992535,47.891792612534594
77.0,100.0000000000002,2.1305215290877118,47.90166061185795
78.0,100.0000000000002,2.1319627272659263,47.91074034089213
79.0,100.0000000000002,2.1333142944916723,47.9190829431847
80.0,100.0000000000002,2.1345803484624066,47.92673744444506
81.0,100.0000000000002,2.1357649414831745,47.93375071713675
82.0,100.0000000000002,2.1368720500176273,47.94016746119769
83.0,100.0000000000002,2.137905565392341,47.94603019950127
84.0,100.0000000000002,2.138869285619235,47.951379286680336
85.0,100.0000000000002,2.139766908296168,47.95625292995758
86.0,100.0000000000002,2.140602024541737,47.96068722065848
87.0,100.0000000000002,2.1413781139169275,47.964716175124444
88.0,100.0000000000002,2.142098540283464,47.96837178379362
89.0,100.0000000000002,2.142766548546565,47.97168406727335
90.0,100.0000000000002,2.143385262228198,47.97468113829005
91.0,100.0000000000002,2.1439576818158654,47.97738926846847
92.0,100.0000000000002,2.1444866838314107,47.97983295896123
93.0,100.0000000000002,2.1449750205642326,47.98203501402102
94.0,100.0000000000002,2.145425320413628,47.98401661667966
95.0,100.0000000000002,2.1458400887857296,47.98579740577103
96.0,100.0000000000002,2.1462217094915585,47.98739555360622
97.0,100.0000000000002,2.1465724465941007,47.98882784368007
98.0,100.0000000000002,2.146894446653984,47.9901097478565
99.0,100.0000000000002,2.1471897413251977,47.99125550254644
100.0,100.0000000000002,2.1474602502544013,47.992278183455085
-100.0,112.20184543019653,2.334204468826602,47.89247122886871
-99.0,112.20184543019653,2.3339104363054743,47.89147411498278
-98.0,112.20184543019653,2.3335894626618012,47.89035700416009
-97.0,112.20184543019653,2.3332394613154888,47.889107147588064
-96.0,112.20184543019653,2.332858223938899,47.88771066476607
-95.0,112.20184543019653,2.332443417305418,47.886152470626755
-94.0,112.20184543019653,2.331992580468008,47.88441620126267
-93.0,112.20184543019653,2.3315031223182494,47.88248413867049
-92.0,112.20184543019653,2.3309723195786365,47.8803371349872
-91.0,112.20184543019653,2.330397315282953,47.87795453675676
-90.0,112.20184543019653,2.329775117801338,47.87531410983281
-89.0,112.20184543019653,2.3291026004681674,47.87239196559152
-88.0,112.20184543019653,2.3283765018720426,47.869162489198786
-87.0,112.20184543019653,2.3275934268679626,47.86559827074633
-86.0,112.20184543019653,2.326749848372126,47.861670040142016
-85.0,112.20184543019653,2.325842109999708,47.85734660670864
-84.0,112.20184543019653,2.3248664296053594,47.85259480451333
-83.0,112.20184543019653,2.32381890378501,47.84737944451374
-82.0,112.20184543019653,2.3226955133958413,47.841663274667745
-81.0,112.20184543019653,2.3214921301489158,47.835406949208334
-80.0,112.20184543019653,2.320204524325949,47.828569008333936
-79.0,112.20184543019653,2.3188283736680195,47.82110586960508
-78.0,112.20184543019653,2.317359273479608,47.812971832369826
-77.0,112.20184543019653,2.3157927479862237,47.8041190965615
-76.0,112.20184543019653,2.3141242629780345,47.79449779722123
-75.0,112.20184543019653,2.312349239765291,47.78405605609398
-74.0,112.20184543019653,2.31046307046399,47.77274005162771
-73.0,112.20184543019653,2.3084611346221378,47.760494108671146
-72.0,112.20184543019653,2.306338817188164,47.747260809113946
-71.0,112.20184543019653,2.304091527813545,47.73298112464331
-70.0,112.20184543019653,2.3017147214715195,47.71759457270256
-69.0,112.20184543019653,2.2992039203630235,47.701039396628495
-68.0,112.20184543019653,2.296554737069615,47.683252770815216
-67.0,112.20184543019653,2.2937628989013312,47.66417103160212
-66.0,112.20184543019653,2.2908242733751467,47.64372993441274
-65.0,112.20184543019653,2.2877348947470955,47.62186493747874
-64.0,112.20184543019653,2.2844909915082368,47.59851151227113
-63.0,112.20184543019653,2.281089014741651,47.57360548052732
-62.0,112.20184543019653,2.277525667224557,47.54708337751158
-61.0,112.20184543019653,2.2737979331466693,47.51888284087664
-60.0,112.20184543019653,2.2699031083031067,47.48894302420873
-59.0,112.20184543019653,2.265838830607696,47.457205034039156
-58.0,112.20184543019653,2.2616031107605012,47.42361238879404
-57.0,112.20184543019653,2.2571943628920055,47.38811149783378
-56.0,112.20184543019653,2.252611434995686,47.350652158407925
-55.0,112.20184543019653,2.2478536389509696,47.311188068021934
-54.0,112.20184543019653,2.2429207799297597,47.26967734938518
-53.0,112.20184543019653,2.2378131849721763,47.22608308478614
-52.0,112.20184543019653,2.2325317305108308,47.18037385642734
-51.0,112.20184543019653,2.2270778686181267,47.13252428895188
-50.0,112.20184543019653,2.2214536517477868,47.08251559011072
-49.0,112.20184543019653,2.2156617557401805,47.030336085259464
-48.0,112.20184543019653,2.209705500861212,46.97598174113973
-47.0,112.20184543019653,2.2035888706465383,46.919456674197846
-46.0,112.20184543019653,2.1973165283269083,46.860773638527256
-45.0,112.20184543019653,2.1908938306163885,46.79995448839412
-44.0,112.20184543019653,2.184326838653315,46.73703061022344
-43.0,112.20184543019653,2.177622325893947,46.672043318887646
-42.0,112.20184543019653,2.170787782771045,46.60504421315582
-41.0,112.20184543019653,2.1638314179438893,46.53609548523133
-40.0,112.20184543019653,2.1567621559826273,46.46527017943137
-39.0,112.20184543019653,2.1495896313481713,46.39265239524559
-38.0,112.20184543019653,2.1423241785491056,46.31833743025305
-37.0,112.20184543019653,2.1349768183791147,46.24243185867869
-36.0,112.20184543019653,2.127559240162152,46.16505354173053
-35.0,112.20184543019653,2.1200837799578345,46.08633156627718
-34.0,112.20184543019653,2.112563394706132,46.00640610889909
-33.0,112.20184543019653,2.105011632318229,45.92542822287381
-32.0,112.20184543019653,2.0974425977491507,45.84355954623211
-31.0,112.20184543019653,2.0898709151172525,45.76097192964324
-30.0,112.20184543019653,2.0823116859656357,45.6778469835494
-29.0,112.20184543019653,2.074780443790788,45.59437554466511
-28.0,112.20184543019653,2.067293104993955,45.510757062680774
-27.0,112.20184543019653,2.0598659164406556,45.42719890875354
-26.0,112.20184543019653,2.05251539984311,45.34391560812532
-25.0,112.20184543019653,2.0452582932088292,45.261127999969254
-24.0,112.20184543019653,2.0381114896259827,45.17906232832298
-23.0,112.20184543019653,2.0310919736820936,45.09794926871211
-22.0,112.20184543019653,2.0242167558368456,45.01802289579012
-21.0,112.20184543019653,2.0175028050915484,44.93951959801318
-20.0,112.20184543019653,2.010966980311515,44.86267694602152
-19.5,112.20184543019653,2.007771086301733,44.82495263886313
-19.0,112.20184543019653,2.0046259605086543,44.78773252200358
-18.5,112.20184543019653,2.001533648070097,44.751046097820954
-18.0,112.20184543019653,1.9984961738081986,44.71492271786737
-17.5,112.20184543019653,1.9955155394905737,44.67939154419461
-17.0,112.20184543019653,1.9925937201805815,44.6444815105279
-16.5,112.20184543019653,1.9897326582678518,44.6102212833591
-16.0,112.20184543019653,1.986934251820019,44.576639223031776
-15.5,112.20184543019653,1.9842003295755635,44.54376334489145
-15.0,112.20184543019653,1.9815325957507948,44.511621280574914
-14.5,112.20184543019653,1.9789325093763483,44.48024023951282
-14.0,112.20184543019653,1.976401027473669,44.449646970720416
-13.5,112.20184543019653,1.9739380770704527,44.41986772495089
-13.0,112.20184543019653,1.9715415110090204,44.39092821728615
-12.5,112.20184543019653,1.9692051264779167,44.362853590239204
-12.0,112.20184543019653,1.96691506515288,44.33566837744221
-11.5,112.20184543019653,1.9646435664034532,44.30939646799323
-11.0,112.20184543019653,1.9623386428705585,44.28406107153416
-10.5,112.20184543019653,1.9599078888510444,44.25968468413113
-10.0,112.20184543019653,1.9571945097969001,44.23628905502744
-9.5,112.20184543019653,1.9539440793308702,44.21389515433784
-9.0,112.20184543019653,1.949761875257875,44.192523141751074
-8.5,112.20184543019653,1.9440632910714557,44.172192336306196
-8.0,112.20184543019653,1.9360239387839118,44.15292118730594
-7.5,112.20184543019653,1.924541372560667,44.13472724642843
-7.0,112.20184543019653,1.9082258819958775,44.117627141096264
-6.5,112.20184543019653,1.8854417123320772,44.1016365491594
-6.0,112.20184543019653,1.8544199029591184,44.08677017494599
-5.5,112.20184543019653,1.8134571915938769,44.0730417267321
-5.0,112.20184543019653,1.761200584039093,44.06046389567891
-4.5,112.20184543019653,1.6969948790107052,44.04904833628245
-4.0,112.20184543019653,1.6212443583202898,44.03880564837824
-3.5,112.20184543019653,1.5357167620384462,44.029745360739525
-3.0,112.20184543019653,1.4437060933053145,44.021875916304786
-2.5,112.20184543019653,1.349978460395073,44.01520465906654
-2.0,112.20184543019653,1.2604557775338214,44.0097378226499
-1.5,112.20184543019653,1.181642775584967,44.005480520605786
-1.0,112.20184543019653,1.1198630856701064,44.00243673843992
-0.5,112.20184543019653,1.0804243975543875,44.00060932739506
0.0,112.20184543019653,1.0668641921550726,44.0
0.5,112.20184543019653,1.0804243975543875,44.00060932739506
1.0,112.20184543019653,1.1198630856701064,44.00243673843992
1.5,112.20184543019653,1.181642775584967,44.005480520605786
2.0,112.20184543019653,1.2604557775338214,44.0097378226499
2.5,112.20184543019653,1.349978460395073,44.01520465906654
3.0,112.20184543019653,1.4437060933053145,44.021875916304786
3.5,112.20184543019653,1.5357167620384462,44.029745360739525
4.0,112.20184543019653,1.6212443583202898,44.03880564837824
4.5,112.20184543019653,1.6969948790107052,44.04904833628245
5.0,112.20184543019653,1.761200584039093,44.06046389567891
5.5,112.20184543019653,1.8134571915938769,44.0730417267321
6.0,112.20184543019653,1.8544199029591184,44.08677017494599
6.5,112.20184543019653,1.8854417123320772,44.1016365491594
7.0,112.20184543019653,1.9082258819958775,44.117627141096264
7.5,112.20184543019653,1.924541372560667,44.13472724642843
8.0,112.20184543019653,1.9360239387839118,44.15292118730594
8.5,112.20184543019653,1.9440632910714557,44.172192336306196
9.0,112.20184543019653,1.949761875257875,44.192523141751074
9.5,112.20184543019653,1.9539440793308702,44.21389515433784
10.0,112.20184543019653,1.9571945097969001,44.23628905502744
10.5,112.20184543019653,1.9599078888510444,44.25968468413113
11.0,112.20184543019653,1.9623386428705585,44.28406107153416
11.5,112.20184543019653,1.9646435664034532,44.30939646799323
12.0,112.20184543019653,1.96691506515288,44.33566837744221
12.5,112.20184543019653,1.9692051264779167,44.362853590239204
13.0,112.20184543019653,1.9715415110090204,44.39092821728615
13.5,112.20184543019653,1.9739380770704527,44.41986772495089
14.0,112.20184543019653,1.976401027473669,44.449646970720416
14.5,112.20184543019653,1.9789325093763483,44.48024023951282
15.0,112.20184543019653,1.9815325957507948,44.511621280574914
15.5,112.20184543019653,1.9842003295755635,44.54376334489145
16.0,112.20184543019653,1.986934251820019,44.576639223031776
16.5,112.20184543019653,1.9897326582678518,44.6102212833591
17.0,112.20184543019653,1.9925937201805815,44.6444815105279
17.5,112.20184543019653,1.9955155394905737,44.67939154419461
18.0,112.20184543019653,1.9984961738081986,44.71492271786737
18.5,112.20184543019653,2.001533648070097,44.751046097820954
19.0,112.20184543019653,2.0046259605086543,44.78773252200358
19.5,112.20184543019653,2.007771086301733,44.82495263886313
20.0,112.20184543019653,2.010966980311515,44.86267694602152
21.0,112.20184543019653,2.0175028050915484,44.93951959801318
22.0,112.20184543019653,2.0242167558368456,45.01802289579012
23.0,112.20184543019653,2.0310919736820936,45.09794926871211
24.0,112.20184543019653,2.0381114896259827,45.17906232832298
25.0,112.20184543019653,2.0452582932088292,45.261127999969254
26.0,112.20184543019653,2.05251539984311,45.34391560812532
27.0,112.20184543019653,2.0598659164406556,45.42719890875354
28.0,112.20184543019653,2.067293104993955,45.510757062680774
29.0,112.20184543019653,2.074780443790788,45.59437554466511
30.0,112.20184543019653,2.0823116859656357,45.6778469835494
31.0,112.20184543019653,2.0898709151172525,45.76097192964324
32.0,112.20184543019653,2.0974425977491507,45.84355954623211
33.0,112.20184543019653,2.105011632318229,45.92542822287381
34.0,112.20184543019653,2.112563394706132,46.00640610889909
35.0,112.20184543019653,2.1200837799578345,46.08633156627718
36.0,112.20184543019653,2.127559240162152,46.16505354173053
37.0,112.20184543019653,2.1349768183791147,46.24243185867869
38.0,112.20184543019653,2.1423241785491056,46.31833743025305
39.0,112.20184543019653,2.1495896313481713,46.39265239524559
40.0,112.20184543019653,2.1567621559826273,46.46527017943137
41.0,112.20184543019653,2.1638314179438893,46.53609548523133
42.0,112.20184543019653,2.170787782771045,46.60504421315582
43.0,112.20184543019653,2.177622325893947,46.672043318887646
44.0,112.20184543019653,2.184326838653315,46.73703061022344
45.0,112.20184543019653,2.1908938306163885,46.79995448839412
46.0,112.20184543019653,2.1973165283269083,46.860773638527256
47.0,112.20184543019653,2.2035888706465383,46.919456674197846
48.0,112.20184543019653,2.209705500861212,46.97598174113973
49.0,112.20184543019653,2.2156617557401805,47.030336085259464
50.0,112.20184543019653,2.2214536517477868,47.08251559011072
51.0,112.20184543019653,2.2270778686181267,47.13252428895188
52.0,112.20184543019653,2.2325317305108308,47.18037385642734
53.0,112.20184543019653,2.2378131849721763,47.22608308478614
54.0,112.20184543019653,2.2429207799297597,47.26967734938518
55.0,112.20184543019653,2.2478536389509696,47.311188068021934
56.0,112.20184543019653,2.252611434995686,47.350652158407925
57.0,112.20184543019653,2.2571943628920055,47.38811149783378
58.0,112.20184543019653,2.2616031107605012,47.42361238879404
59.0,112.20184543019653,2.265838830607696,47.457205034039156
60.0,112.20184543019653,2.2699031083031067,47.48894302420873
61.0,112.20184543019653,2.2737979331466693,47.51888284087664
62.0,112.20184543019653,2.277525667224557,47.54708337751158
63.0,112.20184543019653,2.281089014741651,47.57360548052732
64.0,112.20184543019653,2.2844909915082368,47.59851151227113
65.0,112.20184543019653,2.2877348947470955,47.62186493747874
66.0,112.20184543019653,2.2908242733751467,47.64372993441274
67.0,112.20184543019653,2.2937628989013312,47.66417103160212
68.0,112.20184543019653,2.296554737069615,47.683252770815216
69.0,112.20184543019653,2.2992039203630235,47.701039396628495
70.0,112.20184543019653,2.3017147214715195,47.71759457270256
71.0,112.20184543019653,2.304091527813545,47.73298112464331
72.0,112.20184543019653,2.306338817188164,47.747260809113946
73.0,112.20184543019653,2.3084611346221378,47.760494108671146
74.0,112.20184543019653,2.31046307046399,47.77274005162771
75.0,112.20184543019653,2.312349239765291,47.78405605609398
76.0,112.20184543019653,2.3141242629780345,47.79449779722123
77.0,112.20184543019653,2.3157927479862237,47.8041190965615
78.0,112.20184543019653,2.317359273479608,47.812971832369826
79.0,112.20184543019653,2.3188283736680195,47.82110586960508
80.0,112.20184543019653,2.320204524325949,47.828569008333936
81.0,112.20184543019653,2.3214921301489158,47.835406949208334
82.0,112.20184543019653,2.3226955133958413,47.841663274667745
83.0,112.20184543019653,2.32381890378501,47.84737944451374
84.0,112.20184543019653,2.3248664296053594,47.85259480451333
85.0,112.20184543019653,2.325842109999708,47.85734660670864
86.0,112.20184543019653,2.326749848372126,47.861670040142016
87.0,112.20184543019653,2.3275934268679626,47.86559827074633
88.0,112.20184543019653,2.3283765018720426,47.869162489198786
89.0,112.20184543019653,2.3291026004681674,47.87239196559152
90.0,112.20184543019653,2.329775117801338,47.87531410983281
91.0,112.20184543019653,2.330397315282953,47.87795453675676
92.0,112.20184543019653,2.3309723195786365,47.8803371349872
93.0,112.20184543019653,2.3315031223182494,47.88248413867049
94.0,112.20184543019653,2.331992580468008,47.88441620126267
95.0,112.20184543019653,2.332443417305418,47.886152470626755
96.0,112.20184543019653,2.332858223938899,47.88771066476607
97.0,112.20184543019653,2.3332394613154888,47.889107147588064
98.0,112.20184543019653,2.3335894626618012,47.89035700416009
99.0,112.20184543019653,2.3339104363054743,47.89147411498278
100.0,112.20184543019653,2.334204468826602,47.89247122886871
-100.0,125.89254117941701,2.5319322736999874,47.79266427428233
-99.0,125.89254117941701,2.5316133340185223,47.79169272741912
-98.0,125.89254117941701,2.5312651710626732,47.790604260463674
-97.0,125.89254117941701,2.5308855215005197,47.789386451496064
-96.0,125.89254117941701,2.530471989939502,47.78802577592591
-95.0,125.89254117941701,2.5300220455080344,47.78650753548248
-94.0,125.89254117941701,2.5295330187950555,47.78481578584568
-93.0,125.89254117941701,2.529002099202299,47.78293326331997
-92.0,125.89254117941701,2.5284263327665206,47.78084131101317
-91.0,125.89254117941701,2.5278026205111463,47.77851980504505
-90.0,125.89254117941701,2.527127717388753,47.77594708137555
-89.0,125.89254117941701,2.5263982318774283,47.773099863909685
-88.0,125.89254117941701,2.5256106262953257,47.76995319460394
-87.0,125.89254117941701,2.524761217898573,47.76648036636823
-86.0,125.89254117941701,2.523846180828114,47.762652859625554
-85.0,125.89254117941701,2.522861548970925,47.7584402834597
-84.0,125.89254117941701,2.521803219800426,47.753810322346325
-83.0,125.89254117941701,2.5206669592596302,47.74872868952621
-82.0,125.89254117941701,2.519448407748704,47.7431590881378
-81.0,125.89254117941701,2.5181430872760493,47.737063181279915
-80.0,125.89254117941701,2.516746409828759,47.730400572222806
-79.0,125.89254117941701,2.5152536870142765,47.72312879602546
-78.0,125.89254117941701,2.5136601410203356,47.715203323847525
-77.0,125.89254117941701,2.5119609169346804,47.70657758126505
-76.0,125.89254117941701,2.5101510964597233,47.697202981907864
-75.0,125.89254117941701,2.5082257130501153,47.687028977732595
-74.0,125.89254117941701,2.506179768493242,47.67600312722699
-73.0,125.89254117941701,2.504008250943877,47.66407118280778
-72.0,125.89254117941701,2.5017061544146832,47.65117719862385
-71.0,125.89254117941701,2.4992684997139354,47.63726365990887
-70.0,125.89254117941701,2.496690356810827,47.62227163494095
-69.0,125.89254117941701,2.4939668685970298,47.6061409505611
-68.0,125.89254117941701,2.4910932760008766,47.58881039207636
-67.0,125.89254117941701,2.488064944397699,47.57021792822771
-66.0,125.89254117941701,2.4848773912465374,47.55030096173549
-65.0,125.89254117941701,2.4815263148697646,47.52899660574852
-64.0,125.89254117941701,2.4780076242782094,47.50624198631546
-63.0,125.89254117941701,2.4743174699302375,47.481974570770205
-62.0,125.89254117941701,2.470452275299077,47.45613252167795
-61.0,125.89254117941701,2.4664087691085848,47.428655075725956
-60.0,125.89254117941701,2.4621840180837604,47.39948294666491
-59.0,125.89254117941701,2.4577754600487984,47.368558751115074
-58.0,125.89254117941701,2.453180937192429,47.33582745574804
-57.0,125.89254117941701,2.448398729307932,47.301236844043174
-56.0,125.89254117941701,2.4434275868036237,47.264738000500024
-55.0,125.89254117941701,2.4382667632690187,47.22628580986752
-54.0,125.89254117941701,2.432916047372355,47.18583946863171
-53.0,125.89254117941701,2.4273757938569496,47.143363005689054
-52.0,125.89254117941701,2.4216469533970217,47.09882580882664
-51.0,125.89254117941701,2.4157311010683777,47.05220315333773
-50.0,125.89254117941701,2.4096304631857586,47.003476728825824
-49.0,125.89254117941701,2.4033479422569286,46.9526351599964
-48.0,125.89254117941701,2.396887139803738,46.89967451700794
-47.0,125.89254117941701,2.3902523768026174,46.84459881075688
-46.0,125.89254117941701,2.3834487115012872,46.7874204683086
-45.0,125.89254117941701,2.376481954374968,46.7281607835635
-44.0,125.89254117941701,2.3693586799941277,46.66685033816643
-43.0,125.89254117941701,2.3620862355868004,46.60352938763411
-42.0,125.89254117941701,2.354672746091783,46.53824820769029
-41.0,125.89254117941701,2.3471271155145432,46.47106739586643
-40.0,125.89254117941701,2.339459024415413,46.40205812354852
-39.0,125.89254117941701,2.3316789233795268,46.331302333829036
-38.0,125.89254117941701,2.323798022339934,46.25889288075938
-37.0,125.89254117941701,2.3158282756492126,46.184933605892056
-36.0,125.89254117941701,2.3077823628206495,46.109539348352826
-35.0,125.89254117941701,2.299673664887436,46.032835885090584
-34.0,125.89254117941701,2.2915162363571864,45.9549597984145
-33.0,125.89254117941701,2.2833247727692267,45.87605826844115
-32.0,125.89254117941701,2.2751145738932754,45.79628878863642
-31.0,125.89254117941701,2.266901502640116,45.71581880324213
-30.0,125.89254117941701,2.2587019397873833,45.63482526602249
-29.0,125.89254117941701,2.2505327346563813,45.55349412044293
-28.0,125.89254117941701,2.242411151908595,45.47201970209922
-27.0,125.89254117941701,2.2343548146630376,45.39060406493934
-26.0,125.89254117941701,2.2263816441673745,45.309456233558
-25.0,125.89254117941701,2.21850979628669,45.22879138458543
-24.0,125.89254117941701,2.2107575951034315,45.14882996093008
-23.0,125.89254117941701,2.2031434639502088,45.06979672336052
-22.0,125.89254117941701,2.1956858542233912,44.99191974461601
-21.0,125.89254117941701,2.1884031723490844,44.91542935191027
-20.0,125.89254117941701,2.1813137052879004,44.84055702432866
-19.5,125.89254117941701,2.1778470907325955,44.80380000709741
-19.0,125.89254117941701,2.174435544911871,44.76753425220861
-18.5,125.89254117941701,2.1710812862048425,44.731788505569135
-18.0,125.89254117941701,2.167786510954026,44.69659136612718
-17.5,125.89254117941701,2.164553390494495,44.661971248189616
-17.0,125.89254117941701,2.161384067194978,44.627956343591286
-16.5,125.89254117941701,2.158280647982721,44.59457458378579
-16.0,125.89254117941701,2.1552451917085067,44.5618536019284
-15.5,125.89254117941701,2.1522796820211734,44.529820695022444
-15.0,125.89254117941701,2.1493859674992537,44.49850278620119
-14.5,125.89254117941701,2.146565630766209,44.46792638721762
-14.0,125.89254117941701,2.1438197099116816,44.43811756121476
-13.5,125.89254117941701,2.141148125781967,44.40910188584959
-13.0,125.89254117941701,2.1385485493361025,44.38090441684292
-12.5,125.89254117941701,2.13601425232953,44.353549652027944
-12.0,125.89254117941701,2.1335302025151077,44.32706149596933
-11.5,125.89254117941701,2.131066287690956,44.301463225224175
-11.0,125.89254117941701,2.128566116707957,44.27677745431534
-10.5,125.89254117941701,2.1259294562809776,44.25302610248674
-10.0,125.89254117941701,2.122986229974234,44.23023036130879
-9.5,125.89254117941701,2.1194604592415196,44.20841066320098
-9.0,125.89254117941701,2.114923985419696,44.18758665093694
-8.5,125.89254117941701,2.1087426806502623,44.16777714819578
-8.0,125.89254117941701,2.100022323977006,44.14900013122117
-7.5,125.89254117941701,2.087567082632984,44.131272701648214
-7.0,125.89254117941701,2.0698695254249797,44.11461106055533
-6.5,125.89254117941701,2.04515533467106,44.09903048379634
-6.0,125.89254117941701,2.0115057031203816,44.08454529866532
-5.5,125.89254117941701,1.9670730870796584,44.071168861944095
-5.0,125.89254117941701,1.9103898817525156,44.058913539379446
-4.5,125.89254117941701,1.8407453844995578,44.04779068663419
-4.0,125.89254117941701,1.758578123384658,44.03781063175316
-3.5,125.89254117941701,1.6658055817285955,44.0289826591821
-3.0,125.89254117941701,1.5660007939298448,44.02131499537389
-2.5,125.89254117941701,1.4643335998719733,44.01481479601355
-2.0,125.89254117941701,1.3672275523976678,44.00948813488965
-1.5,125.89254117941701,1.2817383907211854,44.005339994436405
-1.0,125.89254117941701,1.2147254135618857,44.0023742579671
-0.5,125.89254117941701,1.171945919046234,44.0005937036157
0.0,125.89254117941701,1.157237044075317,44.0
0.5,125.89254117941701,1.171945919046234,44.0005937036157
1.0,125.89254117941701,1.2147254135618857,44.0023742579671
1.5,125.89254117941701,1.2817383907211854,44.005339994436405
2.0,125.89254117941701,1.3672275523976678,44.00948813488965
2.5,125.89254117941701,1.4643335998719733,44.01481479601355
3.0,125.89254117941701,1.5660007939298448,44.02131499537389
3.5,125.89254117941701,1.6658055817285955,44.0289826591821
4.0,125.89254117941701,1.758578123384658,44.03781063175316
4.5,125.89254117941701,1.8407453844995578,44.04779068663419
5.0,125.89254117941701,1.9103898817525156,44.058913539379446
5.5,125.89254117941701,1.9670730870796584,44.071168861944095
6.0,125.89254117941701,2.0115057031203816,44.08454529866532
6.5,125.89254117941701,2.04515533467106,44.09903048379634
7.0,125.89254117941701,2.0698695254249797,44.11461106055533
7.5,125.89254117941701,2.087567082632984,44.131272701648214
8.0,125.89254117941701,2.100022323977006,44.14900013122117
8.5,125.89254117941701,2.1087426806502623,44.16777714819578
9.0,125.89254117941701,2.114923985419696,44.18758665093694
9.5,125.89254117941701,2.1194604592415196,44.20841066320098
10.0,125.89254117941701,2.122986229974234,44.23023036130879
10.5,125.89254117941701,2.1259294562809776,44.25302610248674
11.0,125.89254117941701,2.128566116707957,44.27677745431534
11.5,125.89254117941701,2.131066287690956,44.301463225224175
12.0,125.89254117941701,2.1335302025151077,44.32706149596933
12.5,125.89254117941701,2.13601425232953,44.353549652027944
13.0,125.89254117941701,2.1385485493361025,44.38090441684292
13.5,125.89254117941701,2.141148125781967,44.40910188584959
14.0,125.89254117941701,2.1438197099116816,44.43811756121476
14.5,125.89254117941701,2.146565630766209,44.46792638721762
15.0,125.89254117941701,2.1493859674992537,44.49850278620119
15.5,125.89254117941701,2.1522796820211734,44.529820695022444
16.0,125.89254117941701,2.1552451917085067,44.5618536019284
16.5,125.89254117941701,2.158280647982721,44.59457458378579
17.0,125.89254117941701,2.161384067194978,44.627956343591286
17.5,125.89254117941701,2.164553390494495,44.661971248189616
18.0,125.89254117941701,2.167786510954026,44.69659136612718
18.5,125.89254117941701,2.1710812862048425,44.731788505569135
19.0,125.89254117941701,2.174435544911871,44.76753425220861
19.5,125.89254117941701,2.1778470907325955,44.80380000709741
20.0,125.89254117941701,2.1813137052879004,44.84055702432866
21.0,125.89254117941701,2.1884031723490844,44.91542935191027
22.0,125.89254117941701,2.1956858542233912,44.99191974461601
23.0,125.89254117941701,2.2031434639502088,45.06979672336052
24.0,125.89254117941701,2.2107575951034315,45.14882996093008
25.0,125.89254117941701,2.21850979628669,45.22879138458543
26.0,125.89254117941701,2.2263816441673745,45.309456233558
27.0,125.89254117941701,2.2343548146630376,45.39060406493934
28.0,125.89254117941701,2.242411151908595,45.47201970209922
29.0,125.89254117941701,2.2505327346563813,45.55349412044293
30.0,125.89254117941701,2.2587019397873833,45.63482526602249
31.0,125.89254117941701,2.266901502640116,45.71581880324213
32.0,125.89254117941701,2.2751145738932754,45.79628878863642
33.0,125.89254117941701,2.2833247727692267,45.87605826844115
34.0,125.89254117941701,2.2915162363571864,45.9549597984145
35.0,125.89254117941701,2.299673664887436,46.032835885090584
36.0,125.89254117941701,2.3077823628206495,46.109539348352826
37.0,125.89254117941701,2.3158282756492126,46.184933605892056
38.0,125.89254117941701,2.323798022339934,46.25889288075938
39.0,125.89254117941701,2.3316789233795268,46.331302333829036
40.0,125.89254117941701,2.339459024415413,46.40205812354852
41.0,125.89254117941701,2.3471271155145432,46.47106739586643
42.0,125.89254117941701,2.354672746091783,46.53824820769029
43.0,125.89254117941701,2.3620862355868004,46.60352938763411
44.0,125.89254117941701,2.3693586799941277,46.66685033816643
45.0,125.89254117941701,2.376481954374968,46.7281607835635
46.0,125.89254117941701,2.3834487115012872,46.7874204683086
47.0,125.89254117941701,2.3902523768026174,46.84459881075688
48.0,125.89254117941701,2.396887139803738,46.89967451700794
49.0,125.89254117941701,2.4033479422569286,46.9526351599964
50.0,125.89254117941701,2.4096304631857586,47.003476728825824
51.0,125.89254117941701,2.4157311010683777,47.05220315333773
52.0,125.89254117941701,2.4216469533970217,47.09882580882664
53.0,125.89254117941701,2.4273757938569496,47.143363005689054
54.0,125.89254117941701,2.432916047372355,47.18583946863171
55.0,125.89254117941701,2.4382667632690187,47.22628580986752
56.0,125.89254117941701,2.4434275868036237,47.264738000500024
57.0,125.89254117941701,2.448398729307932,47.301236844043174
58.0,125.89254117941701,2.453180937192429,47.33582745574804
59.0,125.89254117941701,2.4577754600487984,47.368558751115074
60.0,125.89254117941701,2.4621840180837604,47.39948294666491
61.0,125.89254117941701,2.4664087691085848,47.428655075725956
62.0,125.89254117941701,2.470452275299077,47.45613252167795
63.0,125.89254117941701,2.4743174699302375,47.481974570770205
64.0,125.89254117941701,2.4780076242782094,47.50624198631546
65.0,125.89254117941701,2.4815263148697646,47.52899660574852
66.0,125.89254117941701,2.4848773912465374,47.55030096173549
67.0,125.89254117941701,2.488064944397699,47.57021792822771
68.0,125.89254117941701,2.4910932760008766,47.58881039207636
69.0,125.89254117941701,2.4939668685970298,47.6061409505611
70.0,125.89254117941701,2.496690356810827,47.62227163494095
71.0,125.89254117941701,2.4992684997139354,47.63726365990887
72.0,125.89254117941701,2.5017061544146832,47.65117719862385
73.0,125.89254117941701,2.504008250943877,47.66407118280778
74.0,125.89254117941701,2.506179768493242,47.67600312722699
75.0,125.89254117941701,2.5082257130501153,47.687028977732595
76.0,125.89254117941701,2.5101510964597233,47.697202981907864
77.0,125.89254117941701,2.5119609169346804,47.70657758126505
78.0,125.89254117941701,2.5136601410203356,47.715203323847525
79.0,125.89254117941701,2.5152536870142765,47.72312879602546
80.0,125.89254117941701,2.516746409828759,47.730400572222806
81.0,125.89254117941701,2.5181430872760493,47.737063181279915
82.0,125.89254117941701,2.519448407748704,47.7431590881378
83.0,125.89254117941701,2.5206669592596302,47.74872868952621
84.0,125.89254117941701,2.521803219800426,47.753810322346325
85.0,125.89254117941701,2.522861548970925,47.7584402834597
86.0,125.89254117941701,2.523846180828114,47.762652859625554
87.0,125.89254117941701,2.524761217898573,47.76648036636823
88.0,125.89254117941701,2.5256106262953257,47.76995319460394
89.0,125.89254117941701,2.5263982318774283,47.773099863909685
90.0,125.89254117941701,2.527127717388753,47.77594708137555
91.0,125.89254117941701,2.5278026205111463,47.77851980504505
92.0,125.89254117941701,2.5284263327665206,47.78084131101317
93.0,125.89254117941701,2.529002099202299,47.78293326331997
94.0,125.89254117941701,2.5295330187950555,47.78481578584568
95.0,125.89254117941701,2.5300220455080344,47.78650753548248
96.0,125.89254117941701,2.530471989939502,47.78802577592591
97.0,125.89254117941701,2.5308855215005197,47.789386451496064
98.0,125.89254117941701,2.5312651710626732,47.790604260463674
99.0,125.89254117941701,2.5316133340185223,47.79169272741912
100.0,125.89254117941701,2.5319322736999874,47.79266427428233
-100.0,141.25375446227582,2.7407463628692907,47.69285731969595
-99.0,141.25375446227582,2.7404011195225277,47.69191133985546
-98.0,141.25375446227582,2.7400242427929085,47.69085151676726
-97.0,141.25375446227582,2.7396132826864923,47.689665755404064
-96.0,141.25375446227582,2.7391656462573652,47.68834088708575
-95.0,141.25375446227582,2.7386785939073293,47.6868626003382
-94.0,141.25375446227582,2.7381492360730517,47.685215370428686
-93.0,141.25375446227582,2.7375745303599732,47.683382387969445
-92.0,141.25375446227582,2.7369512791849266,47.68134548703914
-91.0,141.25375446227582,2.736276127991844,47.67908507333333
-90.0,141.25375446227582,2.7355455641070185,47.6765800529183
-89.0,141.25375446227582,2.7347559163021793,47.67380776222785
-88.0,141.25375446227582,2.7339033551349847,47.6707439000091
-87.0,141.25375446227582,2.73298389413748,47.66736246199011
-86.0,141.25375446227582,2.7319933919234987,47.66363567910909
-85.0,141.25375446227582,2.7309275552858487,47.65953396021076
-84.0,141.25375446227582,2.7297819433534554,47.65502584017931
-83.0,141.25375446227582,2.728551972877228,47.65007793453868
-82.0,141.25375446227582,2.7272329247114335,47.64465490160786
-81.0,141.25375446227582,2.725819951554541,47.638719413351495
-80.0,141.25375446227582,2.7243080870100096,47.63223213611168
-79.0,141.25375446227582,2.7226922560231146,47.62515172244584
-78.0,141.25375446227582,2.720967286744779,47.617434815325225
-77.0,141.25375446227582,2.7191279238673296,47.6090360659686
-76.0,141.25375446227582,2.717168843470232,47.5999081665945
-75.0,141.25375446227582,2.715084669406089,47.59000189937121
-74.0,141.25375446227582,2.712869991248569,47.57926620282628
-73.0,141.25375446227582,2.710519383814417,47.567648256944416
-72.0,141.25375446227582,2.708027428261379,47.555093588133744
-71.0,141.25375446227582,2.7053887347527086,47.54154619517442
-70.0,141.25375446227582,2.702597966666987,47.52694869717935
-69.0,141.25375446227582,2.699649866319352,47.511242504493694
-68.0,141.25375446227582,2.6965392821469067,47.49436801333751
-67.0,141.25375446227582,2.6932611972971716,47.4762648248533
-66.0,141.25375446227582,2.689810759544059,47.456871989058236
-65.0,141.25375446227582,2.6861833124410146,47.436128274018294
-64.0,141.25375446227582,2.682374427605886,47.41397246035979
-63.0,141.25375446227582,2.678379938016775,47.3903436610131
-62.0,141.25375446227582,2.674195972182786,47.365181665844325
-61.0,141.25375446227582,2.669818989038353,47.33842731057527
-60.0,141.25375446227582,2.6652458133947583,47.3100228691211
-59.0,141.25375446227582,2.660473671767856,47.27991246819099
-58.0,141.25375446227582,2.6555002283868796,47.248042522702036
-57.0,141.25375446227582,2.650323621175832,47.214362190252565
-56.0,141.25375446227582,2.6449424974864217,47.17882384259213
-55.0,141.25375446227582,2.639356049350031,47.14138355171311
-54.0,141.25375446227582,2.633564048005897,47.10200158787824
-53.0,141.25375446227582,2.627566877453806,47.060642926591974
-52.0,141.25375446227582,2.6213655667721976,47.01727776122594
-51.0,141.25375446227582,2.6149618209368835,46.97188201772358
-50.0,141.25375446227582,2.608358049871737,46.92443786754094
-49.0,141.25375446227582,2.6015573954607962,46.87493423473333
-48.0,141.25375446227582,2.5945637562514334,46.82336729287615
-47.0,141.25375446227582,2.5873818095806214,46.76974094731591
-46.0,141.25375446227582,2.580017030861027,46.71406729808996
-45.0,141.25375446227582,2.5724757097706923,46.656367078732885
-44.0,141.25375446227582,2.5647649630995426,46.59667006610942
-43.0,141.25375446227582,2.556892744017859,46.535015456380584
-42.0,141.25375446227582,2.548867847546222,46.471452202224754
-41.0,141.25375446227582,2.5406999120232454,46.40603930650152
-40.0,141.25375446227582,2.532399416386615,46.33884606766566
-39.0,141.25375446227582,2.523977673104477,46.26995227241248
-38.0,141.25375446227582,2.5154468166180064,46.199448331265714
-37.0,141.25375446227582,2.5068197871818425,46.127435353105426
-36.0,141.25375446227582,2.4981103100169486,46.054025154975115
-35.0,141.25375446227582,2.4893328697201023,45.97934020390399
-34.0,141.25375446227582,2.480502679905437,45.90351348792991
-33.0,141.25375446227582,2.4716356480861106,45.826688314008486
-32.0,141.25375446227582,2.4627483358378988,45.74901803104072
-31.0,141.25375446227582,2.453857914321138,45.670665676841026
-30.0,141.25375446227582,2.444982115272649,45.591803548495584
-29.0,141.25375446227582,2.4361391776147596,45.51261269622075
-28.0,141.25375446227582,2.4273477898640086,45.43328234151766
-27.0,141.25375446227582,2.418627028557253,45.354009221125146
-26.0,141.25375446227582,2.4099962929473335,45.27499685899069
-25.0,141.25375446227582,2.4014752362539333,45.1964547692016
-24.0,141.25375446227582,2.393083693787358,45.11859759353718
-23.0,141.25375446227582,2.3848416082934563,45.04164417800892
-22.0,141.25375446227582,2.3767689528963176,44.96581659344191
-21.0,141.25375446227582,2.3688856520409702,44.89133910580737
-20.0,141.25375446227582,2.3612115008543637,44.8184371026358
-19.5,141.25375446227582,2.357458986882085,44.78264737533169
-19.0,141.25375446227582,2.3537660832854783,44.74733598241365
-18.5,141.25375446227582,2.3501351913983197,44.712530913317316
-18.0,141.25375446227582,2.3465686887003825,44.67826001438699
-17.5,141.25375446227582,2.343068925601574,44.64455095218463
-17.0,141.25375446227582,2.3396382211565396,44.611431176654676
-16.5,141.25375446227582,2.336278856055504,44.57892788421248
-16.0,141.25375446227582,2.332993058947257,44.54706798082502
-15.5,141.25375446227582,2.3297829770765692,44.51587804515343
-15.0,141.25375446227582,2.3266506114783607,44.48538429182748
-14.5,141.25375446227582,2.3235976752985694,44.455612534922416
-14.0,141.25375446227582,2.3206252922404023,44.42658815170911
-13.5,141.25375446227582,2.3177333766221717,44.398336046748284
-13.0,141.25375446227582,2.314919407321724,44.37088061639968
-12.5,141.25375446227582,2.3121761012012003,44.34424571381668
-12.0,141.25375446227582,2.3094871862705824,44.31845461449645
-11.5,141.25375446227582,2.306820066907692,44.29352998245512
-11.0,141.25375446227582,2.3041137012598494,44.26949383709651
-10.5,141.25375446227582,2.301259589579838,44.246367520842355
-10.0,141.25375446227582,2.298073628849726,44.22417166759014
-9.5,141.25375446227582,2.2942570799584416,44.20292617206411
-9.0,141.25375446227582,2.2893464730450725,44.18265016012282
-8.5,141.25375446227582,2.2826553823154394,44.16336196008537
-8.0,141.25375446227582,2.273215838421075,44.1450790751364
-7.5,141.25375446227582,2.2597333856055406,44.127818156868
-7.0,141.25375446227582,2.240576271470482,44.1115949800144
-6.5,141.25375446227582,2.2138238464061732,44.09642441843328
-6.0,141.25375446227582,2.177399054857684,44.082320422384655
-5.5,141.25375446227582,2.1293019820918238,44.0692959971561
-5.0,141.25375446227582,2.0679439866786544,44.057363183079985
-4.5,141.25375446227582,1.9925557527505133,44.04653303698592
-4.0,141.25375446227582,1.903611974756601,44.03681561512808
-3.5,141.25375446227582,1.8031882751343256,44.02821995762468
-3.0,141.25375446227582,1.695152364380427,44.020754074443
-2.5,141.25375446227582,1.5851004505786224,44.014424932960566
-2.0,141.25375446227582,1.4799858512694977,44.0092384471294
-1.5,141.25375446227582,1.3874462081821382,44.00519946826703
-1.0,141.25375446227582,1.314906521665959,44.00231177749428
-0.5,141.25375446227582,1.2685989070361958,44.00057807983634
0.0,141.25375446227582,1.252676958413325,44.0
0.5,141.25375446227582,1.2685989070361958,44.00057807983634
1.0,141.25375446227582,1.314906521665959,44.00231177749428
1.5,141.25375446227582,1.3874462081821382,44.00519946826703
2.0,141.25375446227582,1.4799858512694977,44.0092384471294
2.5,141.25375446227582,1.5851004505786224,44.014424932960566
3.0,141.25375446227582,1.695152364380427,44.020754074443
3.5,141.25375446227582,1.8031882751343256,44.02821995762468
4.0,141.25375446227582,1.903611974756601,44.03681561512808
4.5,141.25375446227582,1.9925557527505133,44.04653303698592
5.0,141.25375446227582,2.0679439866786544,44.057363183079985
5.5,141.25375446227582,2.1293019820918238,44.0692959971561
6.0,141.25375446227582,2.177399054857684,44.082320422384655
6.5,141.25375446227582,2.2138238464061732,44.09642441843328
7.0,141.25375446227582,2.240576271470482,44.1115949800144
7.5,141.25375446227582,2.2597333856055406,44.127818156868
8.0,141.25375446227582,2.273215838421075,44.1450790751364
8.5,141.25375446227582,2.2826553823154394,44.16336196008537
9.0,141.25375446227582,2.2893464730450725,44.18265016012282
9.5,141.25375446227582,2.2942570799584416,44.20292617206411
10.0,141.25375446227582,2.298073628849726,44.22417166759014
10.5,141.25375446227582,2.301259589579838,44.246367520842355
11.0,141.25375446227582,2.3041137012598494,44.26949383709651
11.5,141.25375446227582,2.306820066907692,44.29352998245512
12.0,141.25375446227582,2.3094871862705824,44.31845461449645
12.5,141.25375446227582,2.3121761012012003,44.34424571381668
13.0,141.25375446227582,2.314919407321724,44.37088061639968
13.5,141.25375446227582,2.3177333766221717,44.398336046748284
14.0,141.25375446227582,2.3206252922404023,44.42658815170911
14.5,141.25375446227582,2.3235976752985694,44.455612534922416
15.0,141.25375446227582,2.3266506114783607,44.48538429182748
15.5,141.25375446227582,2.3297829770765692,44.51587804515343
16.0,141.25375446227582,2.332993058947257,44.54706798082502
16.5,141.25375446227582,2.336278856055504,44.57892788421248
17.0,141.25375446227582,2.3396382211565396,44.611431176654676
17.5,141.25375446227582,2.343068925601574,44.64455095218463
18.0,141.25375446227582,2.3465686887003825,44.67826001438699
18.5,141.25375446227582,2.3501351913983197,44.712530913317316
19.0,141.25375446227582,2.3537660832854783,44.74733598241365
19.5,141.25375446227582,2.357458986882085,44.78264737533169
20.0,141.25375446227582,2.3612115008543637,44.8184371026358
21.0,141.25375446227582,2.3688856520409702,44.89133910580737
22.0,141.25375446227582,2.3767689528963176,44.96581659344191
23.0,141.25375446227582,2.3848416082934563,45.04164417800892
24.0,141.25375446227582,2.393083693787358,45.11859759353718
25.0,141.25375446227582,2.4014752362539333,45.1964547692016
26.0,141.25375446227582,2.4099962929473335,45.27499685899069
27.0,141.25375446227582,2.418627028557253,45.354009221125146
28.0,141.25375446227582,2.4273477898640086,45.43328234151766
29.0,141.25375446227582,2.4361391776147596,45.51261269622075
30.0,141.25375446227582,2.444982115272649,45.591803548495584
31.0,141.25375446227582,2.453857914321138,45.670665676841026
32.0,141.25375446227582,2.4627483358378988,45.74901803104072
33.0,141.25375446227582,2.4716356480861106,45.826688314008486
34.0,141.25375446227582,2.480502679905437,45.90351348792991
35.0,141.25375446227582,2.4893328697201023,45.97934020390399
36.0,141.25375446227582,2.4981103100169486,46.054025154975115
37.0,141.25375446227582,2.5068197871818425,46.127435353105426
38.0,141.25375446227582,2.5154468166180064,46.199448331265714
39.0,141.25375446227582,2.523977673104477,46.26995227241248
40.0,141.25375446227582,2.532399416386615,46.33884606766566
41.0,141.25375446227582,2.5406999120232454,46.40603930650152
42.0,141.25375446227582,2.548867847546222,46.471452202224754
43.0,141.25375446227582,2.556892744017859,46.535015456380584
44.0,141.25375446227582,2.5647649630995426,46.59667006610942
45.0,141.25375446227582,2.5724757097706923,46.656367078732885
46.0,141.25375446227582,2.580017030861027,46.71406729808996
47.0,141.25375446227582,2.5873818095806214,46.76974094731591
48.0,141.25375446227582,2.5945637562514334,46.82336729287615
49.0,141.25375446227582,2.6015573954607962,46.87493423473333
50.0,141.25375446227582,2.608358049871737,46.92443786754094
51.0,141.25375446227582,2.6149618209368835,46.97188201772358
52.0,141.25375446227582,2.6213655667721976,47.01727776122594
53.0,141.25375446227582,2.627566877453806,47.060642926591974
54.0,141.25375446227582,2.633564048005897,47.10200158787824
55.0,141.25375446227582,2.639356049350031,47.14138355171311
56.0,141.25375446227582,2.6449424974864217,47.17882384259213
57.0,141.25375446227582,2.650323621175832,47.214362190252565
58.0,141.25375446227582,2.6555002283868796,47.248042522702036
59.0,141.25375446227582,2.660473671767856,47.27991246819099
60.0,141.25375446227582,2.6652458133947583,47.3100228691211
61.0,141.25375446227582,2.669818989038353,47.33842731057527
62.0,141.25375446227582,2.674195972182786,47.365181665844325
63.0,141.25375446227582,2.678379938016775,47.3903436610131
64.0,141.25375446227582,2.682374427605886,47.41397246035979
65.0,141.25375446227582,2.6861833124410146,47.436128274018294
66.0,141.25375446227582,2.689810759544059,47.456871989058236
67.0,141.25375446227582,2.6932611972971716,47.4762648248533
68.0,141.25375446227582,2.6965392821469067,47.49436801333751
69.0,141.25375446227582,2.699649866319352,47.511242504493694
70.0,141.25375446227582,2.702597966666987,47.52694869717935
71.0,141.25375446227582,2.7053887347527086,47.54154619517442
72.0,141.25375446227582,2.708027428261379,47.555093588133744
73.0,141.25375446227582,2.710519383814417,47.567648256944416
74.0,141.25375446227582,2.712869991248569,47.57926620282628
75.0,141.25375446227582,2.715084669406089,47.59000189937121
76.0,141.25375446227582,2.717168843470232,47.5999081665945
77.0,141.25375446227582,2.7191279238673296,47.6090360659686
78.0,141.25375446227582,2.720967286744779,47.617434815325225
79.0,141.25375446227582,2.7226922560231146,47.62515172244584
80.0,141.25375446227582,2.7243080870100096,47.63223213611168
81.0,141.25375446227582,2.725819951554541,47.638719413351495
82.0,141.25375446227582,2.7272329247114335,47.64465490160786
83.0,141.25375446227582,2.728551972877228,47.65007793453868
84.0,141.25375446227582,2.7297819433534554,47.65502584017931
85.0,141.25375446227582,2.7309275552858487,47.65953396021076
86.0,141.25375446227582,2.7319933919234987,47.66363567910909
87.0,141.25375446227582,2.73298389413748,47.66736246199011
88.0,141.25375446227582,2.7339033551349847,47.6707439000091
89.0,141.25375446227582,2.7347559163021793,47.67380776222785
90.0,141.25375446227582,2.7355455641070185,47.6765800529183
91.0,141.25375446227582,2.736276127991844,47.67908507333333
92.0,141.25375446227582,2.7369512791849266,47.68134548703914
93.0,141.25375446227582,2.7375745303599732,47.683382387969445
94.0,141.25375446227582,2.7381492360730517,47.685215370428686
95.0,141.25375446227582,2.7386785939073293,47.6868626003382
96.0,141.25375446227582,2.7391656462573652,47.68834088708575
97.0,141.25375446227582,2.7396132826864923,47.689665755404064
98.0,141.25375446227582,2.7400242427929085,47.69085151676726
99.0,141.25375446227582,2.7404011195225277,47.69191133985546
100.0,141.25375446227582,2.7407463628692907,47.69285731969595
-100.0,158.48931924611173,2.9607457629621092,47.593050365109576
-99.0,158.48931924611173,2.9603728069710087,47.5921299522918
-98.0,158.48931924611173,2.9599656783889934,47.591098773070854
-97.0,158.48931924611173,2.959521730561386,47.58994505931206
-96.0,158.48931924611173,2.9590381624067987,47.5886559982456
-95.0,158.48931924611173,2.9585120144197954,47.587217665193926
-94.0,158.48931924611173,2.957940165092123,47.58561495501169
-93.0,158.48931924611173,2.9573193278165544,47.583831512618914
-92.0,158.48931924611173,2.9566460483402848,47.581849663065114
-91.0,158.48931924611173,2.9559167028374103,47.57965034162162
-90.0,158.48931924611173,2.955127496672304,47.57721302446105
-89.0,158.48931924611173,2.9542744639276166,47.57451566054601
-88.0,158.48931924611173,2.953353467772104,47.571534605414264
-87.0,158.48931924611173,2.9523602017444808,47.568244557612005
-86.0,158.48931924611173,2.9512901920299806,47.56461849859263
-85.0,158.48931924611173,2.950138800806158,47.56062763696182
-84.0,158.48931924611173,2.948901230733719,47.5562413580123
-83.0,158.48931924611173,2.947572530666689,47.55142717955115
-82.0,158.48931924611173,2.946147602654039,47.54615071507792
-81.0,158.48931924611173,2.944621210301896,47.540375645423076
-80.0,158.48931924611173,2.9429879885616295,47.53406370000055
-79.0,158.48931924611173,2.9412424550044474,47.52717464886623
-78.0,158.48931924611173,2.939379022637534,47.51966630680292
-77.0,158.48931924611173,2.937392014310263,47.511494550672154
-76.0,158.48931924611173,2.9352756787516032,47.502613351281134
-75.0,158.48931924611173,2.9330242082714135,47.492974821009824
-74.0,158.48931924611173,2.930631758149054,47.482529278425574
-73.0,158.48931924611173,2.928092467722425,47.47122533108106
-72.0,158.48931924611173,2.925400483179418,47.459009977643646
-71.0,158.48931924611173,2.922549982041702,47.44582873043998
-70.0,158.48931924611173,2.9195351993178598,47.43162575941775
-69.0,158.48931924611173,2.9163504552892627,47.416344058426304
-68.0,158.48931924611173,2.9129901848776427,47.39992563459866
-67.0,158.48931924611173,2.9094489685283405,47.382311721478885
-66.0,158.48931924611173,2.9057215645276293,47.36344301638099
-65.0,158.48931924611173,2.9018029426565186,47.34325994228807
-64.0,158.48931924611173,2.897688319067121,47.32170293440412
-63.0,158.48931924611173,2.893373192251163,47.298712751255984
-62.0,158.48931924611173,2.8888533799536136,47.27423081001069
-61.0,158.48931924611173,2.884125056867974,47.24819954542459
-60.0,158.48931924611173,2.879184792933489,47.22056279157729
-59.0,158.48931924611173,2.874029592038754,47.19126618526691
-58.0,158.48931924611173,2.868656930920947,47.160257589656034
-57.0,158.48931924611173,2.8630647980354422,47.127487536461956
-56.0,158.48931924611173,2.8572517321570237,47.09290968468424
-55.0,158.48931924611173,2.851216860461523,47.056481293558704
-54.0,158.48931924611173,2.8449599358255773,47.01816370712478
-53.0,158.48931924611173,2.838481373072592,46.977922847494895
-52.0,158.48931924611173,2.831782283885017,46.935729713625236
-51.0,158.48931924611173,2.824864510096879,46.89156088210943
-50.0,158.48931924611173,2.8177306550763666,46.845399006256045
-49.0,158.48931924611173,2.8103841129061955,46.79723330947027
-48.0,158.48931924611173,2.802829095069693,46.74706006874436
-47.0,158.48931924611173,2.7950706543531414,46.694883083874934
-46.0,158.48931924611173,2.787114705679961,46.64071412787131
-45.0,158.48931924611173,2.778968043599939,46.584573373902266
-44.0,158.48931924611173,2.770638356166922,46.5264897940524
-43.0,158.48931924611173,2.7621342349512674,46.46650152512706
-42.0,158.48931924611173,2.753465180948863,46.40465619675922
-41.0,158.48931924611173,2.74464160616667,46.34101121713661
-40.0,158.48931924611173,2.7356748306855154,46.275634011782806
-39.0,158.48931924611173,2.7265770750240828,46.20860221099593
-38.0,158.48931924611173,2.717361447653766,46.140003781772045
-37.0,158.48931924611173,2.708041927541977,46.06993710031879
-36.0,158.48931924611173,2.698633341631613,45.99851096159741
-35.0,158.48931924611173,2.689151337196392,45.9258445227174
-34.0,158.48931924611173,2.6796123490455326,45.85206717744531
-33.0,158.48931924611173,2.670033561586471,45.77731835957582
-32.0,158.48931924611173,2.660432865790795,45.70174727344502
-31.0,158.48931924611173,2.6508288111459355,45.625512550439915
-30.0,158.48931924611173,2.64124055271322,45.54878183096868
-29.0,158.48931924611173,2.631687793451204,45.471731271998564
-28.0,158.48931924611173,2.6221907220015344,45.394544980936104
-27.0,158.48931924611173,2.6127699461725187,45.31741437731095
-26.0,158.48931924611173,2.6034464223928273,45.24053748442337
-25.0,158.48931924611173,2.5942413814438603,45.164118153817775
-24.0,158.48931924611173,2.585176250814035,45.08836522614429
-23.0,158.48931924611173,2.5762725740511496,45.013491632657335
-22.0,158.48931924611173,2.5675519275197023,44.9397134422678
-21.0,158.48931924611173,2.559035834997668,44.86724885970447
-20.0,158.48931924611173,2.5507456805645923,44.79631718094294
-19.5,158.48931924611173,2.5466919527208214,44.76149474356597
-19.0,158.48931924611173,2.542702620170824,44.727137712618685
-18.5,158.48931924611173,2.5387802770031676,44.6932733210655
-18.0,158.48931924611173,2.5349274915376583,44.6599286626468
-17.5,158.48931924611173,2.5311468028513393,44.62713065617964
-17.0,158.48931924611173,2.527440716149111,44.594906009718066
-16.5,158.48931924611173,2.5238116951919434,44.56328118463917
-16.0,158.48931924611173,2.520262147522012,44.53228235972164
-15.5,158.48931924611173,2.5167943927431824,44.50193539528442
-15.0,158.48931924611173,2.51341059251322,44.472265797453765
-14.5,158.48931924611173,2.510112597492095,44.443298682627216
-14.0,158.48931924611173,2.5069016215825415,44.415058742203456
-13.5,158.48931924611173,2.5037775722252142,44.38757020764698
-13.0,158.48931924611173,2.5007377259277686,44.360856815956446
-12.5,158.48931924611173,2.4977742149356947,44.33494177560542
-12.0,158.48931924611173,2.49486946110818,44.30984773302358
-11.5,158.48931924611173,2.4919882523761445,44.285596739686056
-11.0,158.48931924611173,2.4890646470643096,44.26221021987769
-10.5,158.48931924611173,2.4859814361630397,44.23970893919797
-10.0,158.48931924611173,2.4825397387260084,44.218112973871484
-9.5,158.48931924611173,2.4784168358875354,44.19744168092724
-9.0,158.48931924611173,2.473112055113473,44.17771366930869
-8.5,158.48931924611173,2.4658838712888973,44.15894677197495
-8.0,158.48931924611173,2.455686616275385,44.14115801905164
-7.5,158.48931924611173,2.4411219284995562,44.124363612087784
-7.0,158.48931924611173,2.4204270749828747,44.10857889947347
-6.5,158.48931924611173,2.3915272357890025,44.09381835307022
-6.0,158.48931924611173,2.3521786303488903,44.08009554610399
-5.5,158.48931924611173,2.3002208110002513,44.06742313236809
-5.0,158.48931924611173,2.2339376162455187,44.05581282678053
-4.5,158.48931924611173,2.152497977319476,44.04527538733765
-4.0,158.48931924611173,2.0564146923409905,44.035820598502994
-3.5,158.48931924611173,1.9479299937254066,44.02745725606725
-3.0,158.48931924611173,1.8312220526529286,44.02019315351211
-2.5,158.48931924611173,1.7123362841962495,44.01403506990758
-2.0,158.48931924611173,1.5987841479073093,44.008988759369146
-1.5,158.48931924611173,1.4988163581516425,44.00505894209765
-1.0,158.48931924611173,1.420453919215654,44.002249297021464
-0.5,158.48931924611173,1.3704291976049985,44.000562456056976
0.0,158.48931924611173,1.3532291959697091,44.0
0.5,158.48931924611173,1.3704291976049985,44.000562456056976
1.0,158.48931924611173,1.420453919215654,44.002249297021464
1.5,158.48931924611173,1.4988163581516425,44.00505894209765
2.0,158.48931924611173,1.5987841479073093,44.008988759369146
2.5,158.48931924611173,1.7123362841962495,44.01403506990758
3.0,158.48931924611173,1.8312220526529286,44.02019315351211
3.5,158.48931924611173,1.9479299937254066,44.02745725606725
4.0,158.48931924611173,2.0564146923409905,44.035820598502994
4.5,158.48931924611173,2.152497977319476,44.04527538733765
5.0,158.48931924611173,2.2339376162455187,44.05581282678053
5.5,158.48931924611173,2.3002208110002513,44.06742313236809
6.0,158.48931924611173,2.3521786303488903,44.08009554610399
6.5,158.48931924611173,2.3915272357890025,44.09381835307022
7.0,158.48931924611173,2.4204270749828747,44.10857889947347
7.5,158.48931924611173,2.4411219284995562,44.124363612087784
8.0,158.48931924611173,2.455686616275385,44.14115801905164
8.5,158.48931924611173,2.4658838712888973,44.15894677197495
9.0,158.48931924611173,2.473112055113473,44.17771366930869
9.5,158.48931924611173,2.4784168358875354,44.19744168092724
10.0,158.48931924611173,2.4825397387260084,44.218112973871484
10.5,158.48931924611173,2.4859814361630397,44.23970893919797
11.0,158.48931924611173,2.4890646470643096,44.26221021987769
11.5,158.48931924611173,2.4919882523761445,44.285596739686056
12.0,158.48931924611173,2.49486946110818,44.30984773302358
12.5,158.48931924611173,2.4977742149356947,44.33494177560542
13.0,158.48931924611173,2.5007377259277686,44.360856815956446
13.5,158.48931924611173,2.5037775722252142,44.38757020764698
14.0,158.48931924611173,2.5069016215825415,44.415058742203456
14.5,158.48931924611173,2.510112597492095,44.443298682627216
15.0,158.48931924611173,2.51341059251322,44.472265797453765
15.5,158.48931924611173,2.5167943927431824,44.50193539528442
16.0,158.48931924611173,2.520262147522012,44.53228235972164
16.5,158.48931924611173,2.5238116951919434,44.56328118463917
17.0,158.48931924611173,2.527440716149111,44.594906009718066
17.5,158.48931924611173,2.5311468028513393,44.62713065617964
18.0,158.48931924611173,2.5349274915376583,44.6599286626468
18.5,158.48931924611173,2.5387802770031676,44.6932733210655
19.0,158.48931924611173,2.542702620170824,44.727137712618685
19.5,158.48931924611173,2.5466919527208214,44.76149474356597
20.0,158.48931924611173,2.5507456805645923,44.79631718094294
21.0,158.48931924611173,2.559035834997668,44.86724885970447
22.0,158.48931924611173,2.5675519275197023,44.9397134422678
23.0,158.48931924611173,2.5762725740511496,45.013491632657335
24.0,158.48931924611173,2.585176250814035,45.08836522614429
25.0,158.48931924611173,2.5942413814438603,45.164118153817775
26.0,158.48931924611173,2.6034464223928273,45.24053748442337
27.0,158.48931924611173,2.6127699461725187,45.31741437731095
28.0,158.48931924611173,2.6221907220015344,45.394544980936104
29.0,158.48931924611173,2.631687793451204,45.471731271998564
30.0,158.48931924611173,2.64124055271322,45.54878183096868
31.0,158.48931924611173,2.6508288111459355,45.625512550439915
32.0,158.48931924611173,2.660432865790795,45.70174727344502
33.0,158.48931924611173,2.670033561586471,45.77731835957582
34.0,158.48931924611173,2.6796123490455326,45.85206717744531
35.0,158.48931924611173,2.689151337196392,45.9258445227174
36.0,158.48931924611173,2.698633341631613,45.99851096159741
37.0,158.48931924611173,2.708041927541977,46.06993710031879
38.0,158.48931924611173,2.717361447653766,46.140003781772045
39.0,158.48931924611173,2.7265770750240828,46.20860221099593
40.0,158.48931924611173,2.7356748306855154,46.275634011782806
41.0,158.48931924611173,2.74464160616667,46.34101121713661
42.0,158.48931924611173,2.753465180948863,46.40465619675922
43.0,158.48931924611173,2.7621342349512674,46.46650152512706
44.0,158.48931924611173,2.770638356166922,46.5264897940524
45.0,158.48931924611173,2.778968043599939,46.584573373902266
46.0,158.48931924611173,2.787114705679961,46.64071412787131
47.0,158.48931924611173,2.7950706543531414,46.694883083874934
48.0,158.48931924611173,2.802829095069693,46.74706006874436
49.0,158.48931924611173,2.8103841129061955,46.79723330947027
50.0,158.48931924611173,2.8177306550763666,46.845399006256045
51.0,158.48931924611173,2.824864510096879,46.89156088210943
52.0,158.48931924611173,2.831782283885017,46.935729713625236
53.0,158.48931924611173,2.838481373072592,46.977922847494895
54.0,158.48931924611173,2.8449599358255773,47.01816370712478
55.0,158.48931924611173,2.851216860461523,47.056481293558704
56.0,158.48931924611173,2.8572517321570237,47.09290968468424
57.0,158.48931924611173,2.8630647980354422,47.127487536461956
58.0,158.48931924611173,2.868656930920947,47.160257589656034
59.0,158.48931924611173,2.874029592038754,47.19126618526691
60.0,158.48931924611173,2.879184792933489,47.22056279157729
61.0,158.48931924611173,2.884125056867974,47.24819954542459
62.0,158.48931924611173,2.8888533799536136,47.27423081001069
63.0,158.48931924611173,2.893373192251163,47.298712751255984
64.0,158.48931924611173,2.897688319067121,47.32170293440412
65.0,158.48931924611173,2.9018029426565186,47.34325994228807
66.0,158.48931924611173,2.9057215645276293,47.36344301638099
67.0,158.48931924611173,2.9094489685283405,47.382311721478885
68.0,158.48931924611173,2.9129901848776427,47.39992563459866
69.0,158.48931924611173,2.9163504552892627,47.416344058426304
70.0,158.48931924611173,2.9195351993178598,47.43162575941775
71.0,158.48931924611173,2.922549982041702,47.44582873043998
72.0,158.48931924611173,2.925400483179418,47.459009977643646
73.0,158.48931924611173,2.928092467722425,47.47122533108106
74.0,158.48931924611173,2.930631758149054,47.482529278425574
75.0,158.48931924611173,2.9330242082714135,47.492974821009824
76.0,158.48931924611173,2.9352756787516032,47.502613351281134
77.0,158.48931924611173,2.937392014310263,47.511494550672154
78.0,158.48931924611173,2.939379022637534,47.51966630680292
79.0,158.48931924611173,2.9412424550044474,47.52717464886623
80.0,158.48931924611173,2.9429879885616295,47.53406370000055
81.0,158.48931924611173,2.944621210301896,47.540375645423076
82.0,158.48931924611173,2.946147602654039,47.54615071507792
83.0,158.48931924611173,2.947572530666689,47.55142717955115
84.0,158.48931924611173,2.948901230733719,47.5562413580123
85.0,158.48931924611173,2.950138800806158,47.56062763696182
86.0,158.48931924611173,2.9512901920299806,47.56461849859263
87.0,158.48931924611173,2.9523602017444808,47.568244557612005
88.0,158.48931924611173,2.953353467772104,47.571534605414264
89.0,158.48931924611173,2.9542744639276166,47.57451566054601
90.0,158.48931924611173,2.955127496672304,47.57721302446105
91.0,158.48931924611173,2.9559167028374103,47.57965034162162
92.0,158.48931924611173,2.9566460483402848,47.581849663065114
93.0,158.48931924611173,2.9573193278165544,47.583831512618914
94.0,158.48931924611173,2.957940165092123,47.58561495501169
95.0,158.48931924611173,2.9585120144197954,47.587217665193926
96.0,158.48931924611173,2.9590381624067987,47.5886559982456
97.0,158.48931924611173,2.959521730561386,47.58994505931206
98.0,158.48931924611173,2.9599656783889934,47.591098773070854
99.0,158.48931924611173,2.9603728069710087,47.5921299522918
100.0,158.48931924611173,2.9607457629621092,47.593050365109576
-100.0,177.82794100389265,3.192026112053862,47.4932434105232
-99.0,177.82794100389265,3.1916240223921517,47.49234856472813
-98.0,177.82794100389265,3.191185090728037,47.49134602937444
-97.0,177.82794100389265,3.190706463661898,47.49022436322006
-96.0,177.82794100389265,3.1901851213042693,47.48897110940544
-95.0,177.82794100389265,3.1896178729662563,47.48757273004965
-94.0,177.82794100389265,3.1890013533012023,47.486014539594706
-93.0,177.82794100389265,3.188332018966677,47.48428063726839
-92.0,177.82794100389265,3.1876061458789415,47.48235383909108
-91.0,177.82794100389265,3.1868198271348573,47.48021560990991
-90.0,177.82794100389265,3.185968971678665,47.4778459960038
-89.0,177.82794100389265,3.1850493037931136,47.47522355886418
-88.0,177.82794100389265,3.184056363496019,47.47232531081942
-87.0,177.82794100389265,3.1829855079244087,47.46912665323389
-86.0,177.82794100389265,3.181831913788917,47.46560131807617
-85.0,177.82794100389265,3.1805905809809443,47.46172131371288
-84.0,177.82794100389265,3.179256337414293,47.457456875845295
-83.0,177.82794100389265,3.1778238451813885,47.452776424563616
-82.0,177.82794100389265,3.176287608101841,47.44764652854798
-81.0,177.82794100389265,3.174641980737874,47.44203187749466
-80.0,177.82794100389265,3.172881178947014,47.43589526388943
-79.0,177.82794100389265,3.1709992920374077,47.42919757528661
-78.0,177.82794100389265,3.1689902965850982,47.42189779828062
-77.0,177.82794100389265,3.166848071965592,47.413953035375705
-76.0,177.82794100389265,3.1645664176440294,47.40531853596777
-75.0,177.82794100389265,3.162139072259232,47.395947742648445
-74.0,177.82794100389265,3.159559734526864,47.385792354024865
-73.0,177.82794100389265,3.156822085975852,47.37480240521769
-72.0,177.82794100389265,3.153919815520206,47.36292636715354
-71.0,177.82794100389265,3.1508466458553688,47.350111265705536
-70.0,177.82794100389265,3.147596361654322,47.33630282165614
-69.0,177.82794100389265,3.1441628395239656,47.3214456123589
-68.0,177.82794100389265,3.140540079666759,47.305483255859805
-67.0,177.82794100389265,3.136722239176431,47.288358618104475
-66.0,177.82794100389265,3.1327036668797876,47.27001404370374
-65.0,177.82794100389265,3.128478939619404,47.25039161055785
-64.0,177.82794100389265,3.124042899854379,47.22943340844845
-63.0,177.82794100389265,3.119390694438544,47.207081841498876
-62.0,177.82794100389265,3.1145178144176247,47.18327995417706
-61.0,177.82794100389265,3.109420135669116,47.15797178027391
-60.0,177.82794100389265,3.104093960191105,47.131102714033474
-59.0,177.82794100389265,3.0985360578292305,47.10261990234283
-58.0,177.82794100389265,3.0927437082145515,47.07247265661003
-57.0,177.82794100389265,3.086714742669483,47.04061288267135
-56.0,177.82794100389265,3.080447585824365,47.00699552677634
-55.0,177.82794100389265,3.0739412966738704,46.9715790354043
-54.0,177.82794100389265,3.067195608790453,46.934325826371314
-53.0,177.82794100389265,3.060210969401687,46.895202768397816
-52.0,177.82794100389265,3.052988577029731,46.85418166602454
-51.0,177.82794100389265,3.0455304173845317,46.811239746495275
-50.0,177.82794100389265,3.0378392971978734,46.76636014497116
-49.0,177.82794100389265,3.029918875683184,46.719532384207206
-48.0,177.82794100389265,3.021773693306221,46.67075284461257
-47.0,177.82794100389265,3.0134091975545565,46.620025220433966
-46.0,177.82794100389265,3.0048317653992385,46.56736095765267
-45.0,177.82794100389265,2.9960487221501984,46.51277966907165
-44.0,177.82794100389265,2.9870683564180065,46.456309521995394
-43.0,177.82794100389265,2.977899930908454,46.39798759387352
-42.0,177.82794100389265,2.9685536887931576,46.337860191293686
-41.0,177.82794100389265,2.9590408554189604,46.27598312777171
-40.0,177.82794100389265,2.949373635141278,46.21242195589995
-39.0,177.82794100389265,2.9395652030916026,46.14725214957937
-38.0,177.82794100389265,2.9296296917170697,46.080559232278375
-37.0,177.82794100389265,2.9195821719601285,46.01243884753216
-36.0,177.82794100389265,2.9094386289788026,45.94299676821971
-35.0,177.82794100389265,2.8992159323425493,45.8723488415308
-34.0,177.82794100389265,2.8889318006751092,45.80062086696072
-33.0,177.82794100389265,2.8786047607537393,45.72794840514317
-32.0,177.82794100389265,2.868254101113506,45.65447651584933
-31.0,177.82794100389265,2.8578998202456636,45.580359424038804
-30.0,177.82794100389265,2.847562569520113,45.50576011344177
-29.0,177.82794100389265,2.8372635910032917,45.430849847776386
-28.0,177.82794100389265,2.827024650384135,45.35580762035454
-27.0,177.82794100389265,2.816867965261689,45.28081953349676
-26.0,177.82794100389265,2.8068161290880367,45.20607810985606
-25.0,177.82794100389265,2.796892031099214,45.13178153843395
-24.0,177.82794100389265,2.787118772604154,45.05813285875139
-23.0,177.82794100389265,2.7775195800372168,44.98533908730574
-22.0,177.82794100389265,2.768117715212956,44.9136102910937
-21.0,177.82794100389265,2.758936383251578,44.84315861360157
-20.0,177.82794100389265,2.7499986386622344,44.77419725925008
-19.5,177.82794100389265,2.7456282515488426,44.740342111800246
-19.0,177.82794100389265,2.7413272900044383,44.706939442823725
-18.5,177.82794100389265,2.737098550756301,44.67401572881368
-18.0,177.82794100389265,2.7329448027500067,44.64159731090661
-17.5,177.82794100389265,2.7288687834040557,44.609710360174645
-17.0,177.82794100389265,2.7248731936188615,44.57838084278145
-16.5,177.82794100389265,2.720960689613492,44.54763448506586
-16.0,177.82794100389265,2.717133866996657,44.51749673861826
-15.5,177.82794100389265,2.713395226569406,44.48799274541541
-15.0,177.82794100389265,2.709747098848636,44.45914730308005
-14.5,177.82794100389265,2.7061914790596804,44.430984830332015
-14.0,177.82794100389265,2.7027296759299797,44.40352933269781
-13.5,177.82794100389265,2.699361589669862,44.37680436854568
-13.0,177.82794100389265,2.6960842840398205,44.35083301551321
-12.5,177.82794100389265,2.692889276691201,44.325637837394154
-12.0,177.82794100389265,2.6897576163566645,44.3012408515507
-11.5,177.82794100389265,2.686651340356211,44.277663496917
-11.0,177.82794100389265,2.683499355942872,44.25492660265886
-10.5,177.82794100389265,2.68017529825817,44.23305035755358
-10.0,177.82794100389265,2.6764647506568786,44.212054280152834
-9.5,177.82794100389265,2.6720197849044998,44.19195718979037
-9.0,177.82794100389265,2.6663006181454505,44.172777178494556
-8.5,177.82794100389265,2.6585078006062344,44.15453158386454
-8.0,177.82794100389265,2.647513981183577,44.13723696296687
-7.5,177.82794100389265,2.631811564489803,44.120909067307565
-7.0,177.82794100389265,2.609500120651313,44.10556281893254
-6.5,177.82794100389265,2.578342753985454,44.09121228770716
-6.0,177.82794100389265,2.5359204097203785,44.07787066982332
-5.5,177.82794100389265,2.4799038755886853,44.065550267580086
-5.0,177.82794100389265,2.4084429311556237,44.05426247048107
-4.5,177.82794100389265,2.3206415882439346,44.04401773768938
-4.0,177.82794100389265,2.217052702490908,44.03482558187791
-3.5,177.82794100389265,2.1000936595797763,44.02669455450983
-3.0,177.82794100389265,1.9742690109227818,44.019632232581216
-2.5,177.82794100389265,1.8460964126495525,44.01364520685459
-2.0,177.82794100389265,1.7236740862721711,44.008739071608886
-1.5,177.82794100389265,1.6158972554290012,44.00491841592827
-1.0,177.82794100389265,1.53141348974503,44.002186816548644
-0.5,177.82794100389265,1.477481058387032,44.000546832277614
0.0,177.82794100389265,1.4589374687840242,44.0
0.5,177.82794100389265,1.477481058387032,44.000546832277614
1.0,177.82794100389265,1.53141348974503,44.002186816548644
1.5,177.82794100389265,1.6158972554290012,44.00491841592827
2.0,177.82794100389265,1.7236740862721711,44.008739071608886
2.5,177.82794100389265,1.8460964126495525,44.01364520685459
3.0,177.82794100389265,1.9742690109227818,44.019632232581216
3.5,177.82794100389265,2.1000936595797763,44.02669455450983
4.0,177.82794100389265,2.217052702490908,44.03482558187791
4.5,177.82794100389265,2.3206415882439346,44.04401773768938
5.0,177.82794100389265,2.4084429311556237,44.05426247048107
5.5,177.82794100389265,2.4799038755886853,44.065550267580086
6.0,177.82794100389265,2.5359204097203785,44.07787066982332
6.5,177.82794100389265,2.578342753985454,44.09121228770716
7.0,177.82794100389265,2.609500120651313,44.10556281893254
7.5,177.82794100389265,2.631811564489803,44.120909067307565
8.0,177.82794100389265,2.647513981183577,44.13723696296687
8.5,177.82794100389265,2.6585078006062344,44.15453158386454
9.0,177.82794100389265,2.6663006181454505,44.172777178494556
9.5,177.82794100389265,2.6720197849044998,44.19195718979037
10.0,177.82794100389265,2.6764647506568786,44.212054280152834
10.5,177.82794100389265,2.68017529825817,44.23305035755358
11.0,177.82794100389265,2.683499355942872,44.25492660265886
11.5,177.82794100389265,2.686651340356211,44.277663496917
12.0,177.82794100389265,2.6897576163566645,44.3012408515507
12.5,177.82794100389265,2.692889276691201,44.325637837394154
13.0,177.82794100389265,2.6960842840398205,44.35083301551321
13.5,177.82794100389265,2.699361589669862,44.37680436854568
14.0,177.82794100389265,2.7027296759299797,44.40352933269781
14.5,177.82794100389265,2.7061914790596804,44.430984830332015
15.0,177.82794100389265,2.709747098848636,44.45914730308005
15.5,177.82794100389265,2.713395226569406,44.48799274541541
16.0,177.82794100389265,2.717133866996657,44.51749673861826
16.5,177.82794100389265,2.720960689613492,44.54763448506586
17.0,177.82794100389265,2.7248731936188615,44.57838084278145
17.5,177.82794100389265,2.7288687834040557,44.609710360174645
18.0,177.82794100389265,2.7329448027500067,44.64159731090661
18.5,177.82794100389265,2.737098550756301,44.67401572881368
19.0,177.82794100389265,2.7413272900044383,44.706939442823725
19.5,177.82794100389265,2.7456282515488426,44.740342111800246
20.0,177.82794100389265,2.7499986386622344,44.77419725925008
21.0,177.82794100389265,2.758936383251578,44.84315861360157
22.0,177.82794100389265,2.768117715212956,44.9136102910937
23.0,177.82794100389265,2.7775195800372168,44.98533908730574
24.0,177.82794100389265,2.787118772604154,45.05813285875139
25.0,177.82794100389265,2.796892031099214,45.13178153843395
26.0,177.82794100389265,2.8068161290880367,45.20607810985606
27.0,177.82794100389265,2.816867965261689,45.28081953349676
28.0,177.82794100389265,2.827024650384135,45.35580762035454
29.0,177.82794100389265,2.8372635910032917,45.430849847776386
30.0,177.82794100389265,2.847562569520113,45.50576011344177
31.0,177.82794100389265,2.8578998202456636,45.580359424038804
32.0,177.82794100389265,2.868254101113506,45.65447651584933
33.0,177.82794100389265,2.8786047607537393,45.72794840514317
34.0,177.82794100389265,2.8889318006751092,45.80062086696072
35.0,177.82794100389265,2.8992159323425493,45.8723488415308
36.0,177.82794100389265,2.9094386289788026,45.94299676821971
37.0,177.82794100389265,2.9195821719601285,46.01243884753216
38.0,177.82794100389265,2.9296296917170697,46.080559232278375
39.0,177.82794100389265,2.9395652030916026,46.14725214957937
40.0,177.82794100389265,2.949373635141278,46.21242195589995
41.0,177.82794100389265,2.9590408554189604,46.27598312777171
42.0,177.82794100389265,2.9685536887931576,46.337860191293686
43.0,177.82794100389265,2.977899930908454,46.39798759387352
44.0,177.82794100389265,2.9870683564180065,46.456309521995394
45.0,177.82794100389265,2.9960487221501984,46.51277966907165
46.0,177.82794100389265,3.0048317653992385,46.56736095765267
47.0,177.82794100389265,3.0134091975545565,46.620025220433966
48.0,177.82794100389265,3.021773693306221,46.67075284461257
49.0,177.82794100389265,3.029918875683184,46.719532384207206
50.0,177.82794100389265,3.0378392971978734,46.76636014497116
51.0,177.82794100389265,3.0455304173845317,46.811239746495275
52.0,177.82794100389265,3.052988577029731,46.85418166602454
53.0,177.82794100389265,3.060210969401687,46.895202768397816
54.0,177.82794100389265,3.067195608790453,46.934325826371314
55.0,177.82794100389265,3.0739412966738704,46.9715790354043
56.0,177.82794100389265,3.080447585824365,47.00699552677634
57.0,177.82794100389265,3.086714742669483,47.04061288267135
58.0,177.82794100389265,3.0927437082145515,47.07247265661003
59.0,177.82794100389265,3.0985360578292305,47.10261990234283
60.0,177.82794100389265,3.104093960191105,47.131102714033474
61.0,177.82794100389265,3.109420135669116,47.15797178027391
62.0,177.82794100389265,3.1145178144176247,47.18327995417706
63.0,177.82794100389265,3.119390694438544,47.207081841498876
64.0,177.82794100389265,3.124042899854379,47.22943340844845
65.0,177.82794100389265,3.128478939619404,47.25039161055785
66.0,177.82794100389265,3.1327036668797876,47.27001404370374
67.0,177.82794100389265,3.136722239176431,47.288358618104475
68.0,177.82794100389265,3.140540079666759,47.305483255859805
69.0,177.82794100389265,3.1441628395239656,47.3214456123589
70.0,177.82794100389265,3.147596361654322,47.33630282165614
71.0,177.82794100389265,3.1508466458553688,47.350111265705536
72.0,177.82794100389265,3.153919815520206,47.36292636715354
73.0,177.82794100389265,3.156822085975852,47.37480240521769
74.0,177.82794100389265,3.159559734526864,47.385792354024865
75.0,177.82794100389265,3.162139072259232,47.395947742648445
76.0,177.82794100389265,3.1645664176440294,47.40531853596777
77.0,177.82794100389265,3.166848071965592,47.413953035375705
78.0,177.82794100389265,3.1689902965850982,47.42189779828062
79.0,177.82794100389265,3.1709992920374077,47.42919757528661
80.0,177.82794100389265,3.172881178947014,47.43589526388943
81.0,177.82794100389265,3.174641980737874,47.44203187749466
82.0,177.82794100389265,3.176287608101841,47.44764652854798
83.0,177.82794100389265,3.1778238451813885,47.452776424563616
84.0,177.82794100389265,3.179256337414293,47.457456875845295
85.0,177.82794100389265,3.1805905809809443,47.46172131371288
86.0,177.82794100389265,3.181831913788917,47.46560131807617
87.0,177.82794100389265,3.1829855079244087,47.46912665323389
88.0,177.82794100389265,3.184056363496019,47.47232531081942
89.0,177.82794100389265,3.1850493037931136,47.47522355886418
90.0,177.82794100389265,3.185968971678665,47.4778459960038
91.0,177.82794100389265,3.1868198271348573,47.48021560990991
92.0,177.82794100389265,3.1876061458789415,47.48235383909108
93.0,177.82794100389265,3.188332018966677,47.48428063726839
94.0,177.82794100389265,3.1890013533012023,47.486014539594706
95.0,177.82794100389265,3.1896178729662563,47.48757273004965
96.0,177.82794100389265,3.1901851213042693,47.48897110940544
97.0,177.82794100389265,3.190706463661898,47.49022436322006
98.0,177.82794100389265,3.191185090728037,47.49134602937444
99.0,177.82794100389265,3.1916240223921517,47.49234856472813
100.0,177.82794100389265,3.192026112053862,47.4932434105232
-100.0,199.5262314968885,3.434679909969642,47.39343645593682
-99.0,199.5262314968885,3.4342472539591324,47.39256717716447
-98.0,199.5262314968885,3.4337749552636767,47.39159328567803
-97.0,199.5262314968885,3.4332599435718145,47.39050366712806
-96.0,199.5262314968885,3.432698969425895,47.38928622056529
-95.0,199.5262314968885,3.4320885995848776,47.38792779490537
-94.0,199.5262314968885,3.4314252128726994,47.38641412417771
-93.0,199.5262314968885,3.4307049965865093,47.38472976191787
-92.0,199.5262314968885,3.4299239435424194,47.38285801511705
-91.0,199.5262314968885,3.429077849839445,47.3807808781982
-90.0,199.5262314968885,3.428162313424929,47.37847896754655
-89.0,199.5262314968885,3.4271727335469886,47.37593145718235
-88.0,199.5262314968885,3.426104311181222,47.37311601622458
-87.0,199.5262314968885,3.42495205052007,47.37000874885578
-86.0,199.5262314968885,3.4237107616137954,47.366584137559705
-85.0,199.5262314968885,3.4223750642518502,47.36281499046394
-84.0,199.5262314968885,3.42093939317257,47.35867239367829
-83.0,199.5262314968885,3.41939800468738,47.354125669576085
-82.0,199.5262314968885,3.4177449848031927,47.349142342018034
-81.0,199.5262314968885,3.415974258923172,47.34368810956624
-80.0,199.5262314968885,3.414079603201633,47.337726827778305
-79.0,199.5262314968885,3.4120546576233837,47.331220501706994
-78.0,199.5262314968885,3.409892940871378,47.32412928975831
-77.0,199.5262314968885,3.4075878670389694,47.31641152007926
-76.0,199.5262314968885,3.4051327642344607,47.308023720654404
-75.0,199.5262314968885,3.402520895115898,47.29892066428706
-74.0,199.5262314968885,3.399745479383258,47.28905542962415
-73.0,199.5262314968885,3.3967997182432685,47.27837947935433
-72.0,199.5262314968885,3.393676820849146,47.26684275666344
-71.0,199.5262314968885,3.390370032703559,47.25439380097109
-70.0,199.5262314968885,3.3868726659981703,47.24097988389454
-69.0,199.5262314968885,3.383178131847263,47.2265471662915
-68.0,199.5262314968885,3.3792799743562565,47.21104087712096
-67.0,199.5262314968885,3.3751719064485157,47.19440551473006
-66.0,199.5262314968885,3.370847847355791,47.17658507102649
-65.0,199.5262314968885,3.3663019616590715,47.15752327882762
-64.0,199.5262314968885,3.361528699747704,47.13716388249278
-63.0,199.5262314968885,3.35652283954547,47.11545093174176
-62.0,199.5262314968885,3.3512795293330813,47.092329098343434
-61.0,199.5262314968885,3.3457943314774425,47.067744015123225
-60.0,199.5262314968885,3.3400632668592,47.04164263648966
-59.0,199.5262314968885,3.334082859771734,47.01397361941875
-58.0,199.5262314968885,3.327850183047089,46.98468772356403
-57.0,199.5262314968885,3.3213629031475445,46.95373822888074
-56.0,199.5262314968885,3.314619324945829,46.92108136886844
-55.0,199.5262314968885,3.307618435902575,46.88667677724989
-54.0,199.5262314968885,3.300359949336752,46.85048794561784
-53.0,199.5262314968885,3.2928443464736095,46.81248268930074
-52.0,199.5262314968885,3.2850729169454493,46.77263361842383
-51.0,199.5262314968885,3.277047797413382,46.730918610881126
-50.0,199.5262314968885,3.2687720079734013,46.687321283686266
-49.0,199.5262314968885,3.260249486007724,46.64183145894415
-48.0,199.5262314968885,3.251485117142585,46.59444562048078
-47.0,199.5262314968885,3.2424847629766904,46.545167356993
-46.0,199.5262314968885,3.2332552852503817,46.494007787434015
-45.0,199.5262314968885,3.2238045661344086,46.44098596424102
-44.0,199.5262314968885,3.2141415243290603,46.386129249938385
-43.0,199.5262314968885,3.2042761266793365,46.329473662619996
-42.0,199.5262314968885,3.194219395029837,46.27106418582815
-41.0,199.5262314968885,3.18398340806411,46.2109550384068
-40.0,199.5262314968885,3.173581297897272,46.1492099000171
-39.0,199.5262314968885,3.1630272412176903,46.08590208816282
-38.0,199.5262314968885,3.152336444803301,46.021114682784706
-37.0,199.5262314968885,3.1415251252705847,45.95494059474552
-36.0,199.5262314968885,3.1306104829491104,45.887482574842
-35.0,199.5262314968885,3.1196106698117227,45.818853160344204
-34.0,199.5262314968885,3.108544751429586,45.74917455647613
-33.0,199.5262314968885,3.0974326629621887,45.6785784507105
-32.0,199.5262314968885,3.086295159234699,45.607205758253635
-31.0,199.5262314968885,3.0751537589984466,45.5352062976377
-30.0,199.5262314968885,3.0640306835144178,45.46273839591486
-29.0,199.5262314968885,3.05294878964414,45.3899684235542
-28.0,199.5262314968885,3.0419314976767633,45.31707025977298
-27.0,199.5262314968885,3.0310027141651807,45.24422468968257
-26.0,199.5262314968885,3.0201867500872006,45.17161873528874
-25.0,199.5262314968885,3.0095082346897035,45.09944492305012
-24.0,199.5262314968885,2.9989920254139832,45.027900491358494
-23.0,199.5262314968885,2.988663114338636,44.957186541954144
-22.0,199.5262314968885,2.9785465316120123,44.88750713991959
-21.0,199.5262314968885,2.9686672463782773,44.819068367498666
-20.0,199.5262314968885,2.9590500657212857,44.752077337557225
-19.5,199.5262314968885,2.9543474472933,44.71918948003452
-19.0,199.5262314968885,2.949719532078467,44.68674117302876
-18.5,199.5262314968885,2.9451693294077463,44.65475813656186
-18.0,199.5262314968885,2.9406998187184636,44.623265959166424
-17.5,199.5262314968885,2.936313945524219,44.59229006416966
-17.0,199.5262314968885,2.9320146160444684,44.56185567584484
-16.5,199.5262314968885,2.9278046884207023,44.53198778549255
-16.0,199.5262314968885,2.92368695557653,44.50271111751488
-15.5,199.5262314968885,2.919664108420741,44.474050095546396
-15.0,199.5262314968885,2.9157386546331874,44.44602880870633
-14.5,199.5262314968885,2.911912741113715,44.418670978036815
-14.0,199.5262314968885,2.9081877760775727,44.39199992319215
-13.5,199.5262314968885,2.9045636521492044,44.36603852944437
-13.0,199.5262314968885,2.9010372098798802,44.340809215069974
-12.5,199.5262314968885,2.897599322103502,44.316333899182894
-12.0,199.5262314968885,2.8942295969012983,44.29263397007782
-11.5,199.5262314968885,2.890887185718228,44.269730254147944
-11.0,199.5262314968885,2.8874955914263927,44.24764298544004
-10.5,199.5262314968885,2.883918843070196,44.22639177590919
-10.0,199.5262314968885,2.8799262243215535,44.205995586434184
-9.5,199.5262314968885,2.8751433578805345,44.1864726986535
-9.0,199.5262314968885,2.8689894272798746,44.167840687680425
-8.5,199.5262314968885,2.860604209582899,44.15011639575412
-8.0,199.5262314968885,2.8487746538777485,44.1333159068821
-7.5,199.5262314968885,2.8318785592773894,44.11745452252735
-7.0,199.5262314968885,2.8078710276268515,44.10254673839161
-6.5,199.5262314968885,2.774345117255797,44.0886062223441
-6.0,199.5262314968885,2.7286978799005492,44.075645793542655
-5.5,199.5262314968885,2.6684230395157194,44.06367740279209
-5.0,199.5262314968885,2.5915297242433812,44.05271211418161
-4.5,199.5262314968885,2.4970538340154365,44.04276008804111
-4.0,199.5262314968885,2.3855902518572285,44.03383056525283
-3.5,199.5262314968885,2.2597401300618083,44.025931852952404
-3.0,199.5262314968885,2.1243504503567454,44.01907131165032
-2.5,199.5262314968885,1.986434332867841,44.0132553438016
-2.0,199.5262314968885,1.854705615689652,44.008489383848634
-1.5,199.5262314968885,1.7387357261391416,44.00477788975889
-1.0,199.5262314968885,1.6478296111742454,44.00212433607582
-0.5,199.5262314968885,1.5897973044266223,44.00053120849825
0.0,199.5262314968885,1.5698440545369494,44.0
0.5,199.5262314968885,1.5897973044266223,44.00053120849825
1.0,199.5262314968885,1.6478296111742454,44.00212433607582
1.5,199.5262314968885,1.7387357261391416,44.00477788975889
2.0,199.5262314968885,1.854705615689652,44.008489383848634
2.5,199.5262314968885,1.986434332867841,44.0132553438016
3.0,199.5262314968885,2.1243504503567454,44.01907131165032
3.5,199.5262314968885,2.2597401300618083,44.025931852952404
4.0,199.5262314968885,2.3855902518572285,44.03383056525283
4.5,199.5262314968885,2.4970538340154365,44.04276008804111
5.0,199.5262314968885,2.5915297242433812,44.05271211418161
5.5,199.5262314968885,2.6684230395157194,44.06367740279209
6.0,199.5262314968885,2.7286978799005492,44.075645793542655
6.5,199.5262314968885,2.774345117255797,44.0886062223441
7.0,199.5262314968885,2.8078710276268515,44.10254673839161
7.5,199.5262314968885,2.8318785592773894,44.11745452252735
8.0,199.5262314968885,2.8487746538777485,44.1333159068821
8.5,199.5262314968885,2.860604209582899,44.15011639575412
9.0,199.5262314968885,2.8689894272798746,44.167840687680425
9.5,199.5262314968885,2.8751433578805345,44.1864726986535
10.0,199.5262314968885,2.8799262243215535,44.205995586434184
10.5,199.5262314968885,2.883918843070196,44.22639177590919
11.0,199.5262314968885,2.8874955914263927,44.24764298544004
11.5,199.5262314968885,2.890887185718228,44.269730254147944
12.0,199.5262314968885,2.8942295969012983,44.29263397007782
12.5,199.5262314968885,2.897599322103502,44.316333899182894
13.0,199.5262314968885,2.9010372098798802,44.340809215069974
13.5,199.5262314968885,2.9045636521492044,44.36603852944437
14.0,199.5262314968885,2.9081877760775727,44.39199992319215
14.5,199.5262314968885,2.911912741113715,44.418670978036815
15.0,199.5262314968885,2.9157386546331874,44.44602880870633
15.5,199.5262314968885,2.919664108420741,44.474050095546396
16.0,199.5262314968885,2.92368695557653,44.50271111751488
16.5,199.5262314968885,2.9278046884207023,44.53198778549255
17.0,199.5262314968885,2.9320146160444684,44.56185567584484
17.5,199.5262314968885,2.936313945524219,44.59229006416966
18.0,199.5262314968885,2.9406998187184636,44.623265959166424
18.5,199.5262314968885,2.9451693294077463,44.65475813656186
19.0,199.5262314968885,2.949719532078467,44.68674117302876
19.5,199.5262314968885,2.9543474472933,44.71918948003452
20.0,199.5262314968885,2.9590500657212857,44.752077337557225
21.0,199.5262314968885,2.9686672463782773,44.819068367498666
22.0,199.5262314968885,2.9785465316120123,44.88750713991959
23.0,199.5262314968885,2.988663114338636,44.957186541954144
24.0,199.5262314968885,2.9989920254139832,45.027900491358494
25.0,199.5262314968885,3.0095082346897035,45.09944492305012
26.0,199.5262314968885,3.0201867500872006,45.17161873528874
27.0,199.5262314968885,3.0310027141651807,45.24422468968257
28.0,199.5262314968885,3.0419314976767633,45.31707025977298
29.0,199.5262314968885,3.05294878964414,45.3899684235542
30.0,199.5262314968885,3.0640306835144178,45.46273839591486
31.0,199.5262314968885,3.0751537589984466,45.5352062976377
32.0,199.5262314968885,3.086295159234699,45.607205758253635
33.0,199.5262314968885,3.0974326629621887,45.6785784507105
34.0,199.5262314968885,3.108544751429586,45.74917455647613
35.0,199.5262314968885,3.1196106698117227,45.818853160344204
36.0,199.5262314968885,3.1306104829491104,45.887482574842
37.0,199.5262314968885,3.1415251252705847,45.95494059474552
38.0,199.5262314968885,3.152336444803301,46.021114682784706
39.0,199.5262314968885,3.1630272412176903,46.08590208816282
40.0,199.5262314968885,3.173581297897272,46.1492099000171
41.0,199.5262314968885,3.18398340806411,46.2109550384068
42.0,199.5262314968885,3.194219395029837,46.27106418582815
43.0,199.5262314968885,3.2042761266793365,46.329473662619996
44.0,199.5262314968885,3.2141415243290603,46.386129249938385
45.0,199.5262314968885,3.2238045661344086,46.44098596424102
46.0,199.5262314968885,3.2332552852503817,46.494007787434015
47.0,199.5262314968885,3.2424847629766904,46.545167356993
48.0,199.5262314968885,3.251485117142585,46.59444562048078
49.0,199.5262314968885,3.260249486007724,46.64183145894415
50.0,199.5262314968885,3.2687720079734013,46.687321283686266
51.0,199.5262314968885,3.277047797413382,46.730918610881126
52.0,199.5262314968885,3.2850729169454493,46.77263361842383
53.0,199.5262314968885,3.2928443464736095,46.81248268930074
54.0,199.5262314968885,3.300359949336752,46.85048794561784
55.0,199.5262314968885,3.307618435902575,46.88667677724989
56.0,199.5262314968885,3.314619324945829,46.92108136886844
57.0,199.5262314968885,3.3213629031475445,46.95373822888074
58.0,199.5262314968885,3.327850183047089,46.98468772356403
59.0,199.5262314968885,3.334082859771734,47.01397361941875
60.0,199.5262314968885,3.3400632668592,47.04164263648966
61.0,199.5262314968885,3.3457943314774425,47.067744015123225
62.0,199.5262314968885,3.3512795293330813,47.092329098343434
63.0,199.5262314968885,3.35652283954547,47.11545093174176
64.0,199.5262314968885,3.361528699747704,47.13716388249278
65.0,199.5262314968885,3.3663019616590715,47.15752327882762
66.0,199.5262314968885,3.370847847355791,47.17658507102649
67.0,199.5262314968885,3.3751719064485157,47.19440551473006
68.0,199.5262314968885,3.3792799743562565,47.21104087712096
69.0,199.5262314968885,3.383178131847263,47.2265471662915
70.0,199.5262314968885,3.3868726659981703,47.24097988389454
71.0,199.5262314968885,3.390370032703559,47.25439380097109
72.0,199.5262314968885,3.393676820849146,47.26684275666344
73.0,199.5262314968885,3.3967997182432685,47.27837947935433
74.0,199.5262314968885,3.399745479383258,47.28905542962415
75.0,199.5262314968885,3.402520895115898,47.29892066428706
76.0,199.5262314968885,3.4051327642344607,47.308023720654404
77.0,199.5262314968885,3.4075878670389694,47.31641152007926
78.0,199.5262314968885,3.409892940871378,47.32412928975831
79.0,199.5262314968885,3.4120546576233837,47.331220501706994
80.0,199.5262314968885,3.414079603201633,47.337726827778305
81.0,199.5262314968885,3.415974258923172,47.34368810956624
82.0,199.5262314968885,3.4177449848031927,47.349142342018034
83.0,199.5262314968885,3.41939800468738,47.354125669576085
84.0,199.5262314968885,3.42093939317257,47.35867239367829
85.0,199.5262314968885,3.4223750642518502,47.36281499046394
86.0,199.5262314968885,3.4237107616137954,47.366584137559705
87.0,199.5262314968885,3.42495205052007,47.37000874885578
88.0,199.5262314968885,3.426104311181222,47.37311601622458
89.0,199.5262314968885,3.4271727335469886,47.37593145718235
90.0,199.5262314968885,3.428162313424929,47.37847896754655
91.0,199.5262314968885,3.429077849839445,47.3807808781982
92.0,199.5262314968885,3.4299239435424194,47.38285801511705
93.0,199.5262314968885,3.4307049965865093,47.38472976191787
94.0,199.5262314968885,3.4314252128726994,47.38641412417771
95.0,199.5262314968885,3.4320885995848776,47.38792779490537
96.0,199.5262314968885,3.432698969425895,47.38928622056529
97.0,199.5262314968885,3.4332599435718145,47.39050366712806
98.0,199.5262314968885,3.4337749552636767,47.39159328567803
99.0,199.5262314968885,3.4342472539591324,47.39256717716447
100.0,199.5262314968885,3.434679909969642,47.39343645593682
-100.0,223.8721138568347,3.6887967409476388,47.293629501350445
-99.0,223.8721138568347,3.6883320746254915,47.29278578960081
-98.0,223.8721138568347,3.687824832630832,47.291840541981614
-97.0,223.8721138568347,3.6872717174933842,47.29078297103605
-96.0,223.8721138568347,3.6866692393424456,47.28960133172513
-95.0,223.8721138568347,3.6860137109266007,47.2882828597611
-94.0,223.8721138568347,3.6853012431549264,47.28681370876072
-93.0,223.8721138568347,3.684527741239489,47.28517888656734
-92.0,223.8721138568347,3.6836889015225234,47.28336219114302
-91.0,223.8721138568347,3.682780209074936,47.281346146486484
-90.0,223.8721138568347,3.681796936155593,47.2791119390893
-89.0,223.8721138568347,3.6807341416232533,47.276639355500514
-88.0,223.8721138568347,3.679586671394847,47.273906721629736
-87.0,223.8721138568347,3.678349160045029,47.27089084447767
-86.0,223.8721138568347,3.677016033642551,47.26756695704324
-85.0,223.8721138568347,3.6755815139187966,47.263908667215
-84.0,223.8721138568347,3.674039623862914,47.25988791151128
-83.0,223.8721138568347,3.672384194836122,47.25547491458855
-82.0,223.8721138568347,3.670608875295045,47.25063815548809
-81.0,223.8721138568347,3.6687071412101977,47.24534434163782
-80.0,223.8721138568347,3.6666723082609773,47.239558391667174
-79.0,223.8721138568347,3.6644975458826954,47.23324342812737
-78.0,223.8721138568347,3.662175893234218,47.22636078123601
-77.0,223.8721138568347,3.65970027714669,47.21887000478281
-76.0,223.8721138568347,3.657063532104546,47.21072890534104
-75.0,223.8721138568347,3.6542584222995917,47.201893585925674
-74.0,223.8721138568347,3.6512776657872834,47.19231850522344
-73.0,223.8721138568347,3.6481139607615947,47.18195655349097
-72.0,223.8721138568347,3.6447600139509135,47.17075914617334
-71.0,223.8721138568347,3.641208571122416,47.158676336236645
-70.0,223.8721138568347,3.6374524496662977,47.14565694613293
-69.0,223.8721138568347,3.6334845732142216,47.131648720224106
-68.0,223.8721138568347,3.629298008228417,47.1165984983821
-67.0,223.8721138568347,3.6248860024791534,47.10045241135565
-66.0,223.8721138568347,3.6202420253089347,47.083156098349235
-65.0,223.8721138568347,3.615359809561812,47.064654947097395
-64.0,223.8721138568347,3.6102333950358956,47.04489435653711
-63.0,223.8721138568347,3.6048571732965597,47.023820021984655
-62.0,223.8721138568347,3.599225933667185,47.0013782425098
-61.0,223.8721138568347,3.5933349101937595,46.97751624997254
-60.0,223.8721138568347,3.5871798293594237,46.95218255894584
-59.0,223.8721138568347,3.5807569583053405,46.92532733649467
-58.0,223.8721138568347,3.5740631532952967,46.89690279051803
-57.0,223.8721138568347,3.5670959081434,46.86686357509012
-56.0,223.8721138568347,3.5598534023073802,46.83516721096055
-55.0,223.8721138568347,3.5523345483345454,46.80177451909548
-54.0,223.8721138568347,3.544539038333599,46.76665006486438
-53.0,223.8721138568347,3.5364673891335245,46.72976261020365
-52.0,223.8721138568347,3.528120985780836,46.691085570823134
-51.0,223.8721138568347,3.519502123018784,46.65059747526698
-50.0,223.8721138568347,3.5106140443869567,46.60828242240137
-49.0,223.8721138568347,3.5014609785771285,46.56413053368108
-48.0,223.8721138568347,3.492048172681492,46.518138396348995
-47.0,223.8721138568347,3.48238192197261,46.47030949355202
-46.0,223.8721138568347,3.4724695958607548,46.42065461721537
-45.0,223.8721138568347,3.4623196596837555,46.369192259410404
-44.0,223.8721138568347,3.4519416919972343,46.31594897788137
-43.0,223.8721138568347,3.441346397049131,46.26095973136647
-42.0,223.8721138568347,3.4305456121417577,46.20426818036262
-41.0,223.8721138568347,3.419552309607231,46.14592694904189
-40.0,223.8721138568347,3.4083805931479967,46.08599784413424
-39.0,223.8721138568347,3.397045688323121,46.024552026746264
-38.0,223.8721138568347,3.3855639269930284,45.96167013329104
-37.0,223.8721138568347,3.373952725570192,45.89744234195889
-36.0,223.8721138568347,3.3622305569607684,45.83196838146429
-35.0,223.8721138568347,3.3504169161220836,45.765357479157615
-34.0,223.8721138568347,3.3385322792028953,45.697728245991534
-33.0,223.8721138568347,3.3265980562772954,45.62920849627784
-32.0,223.8721138568347,3.3146365377285063,45.55993500065794
-31.0,223.8721138568347,3.3026708343854416,45.49005317123659
-30.0,223.8721138568347,3.290724811562266,45.41971667838795
-29.0,223.8721138568347,3.2788230171989685,45.349086999332016
-28.0,223.8721138568347,3.266990604348687,45.278332899191426
-27.0,223.8721138568347,3.255253248304815,45.207629845868375
-26.0,223.8721138568347,3.243637058707278,45.13715936072143
-25.0,223.8721138568347,3.232168487012399,45.067108307666295
-24.0,223.8721138568347,3.220874229754015,44.997668123965596
-23.0,223.8721138568347,3.2097811280644852,44.929033996602556
-22.0,223.8721138568347,3.1989160639625362,44.86140398874549
-21.0,223.8721138568347,3.1883058539492786,44.794978121395765
-20.0,223.8721138568347,3.177977140475385,44.72995741586436
-19.5,223.8721138568347,3.1729265960328816,44.698036848268806
-19.0,223.8721138568347,3.167956281765079,44.6665429032338
-18.5,223.8721138568347,3.1630694296500725,44.63550054431004
-18.0,223.8721138568347,3.158269239560626,44.60493460742623
-17.5,223.8721138568347,3.1535588749359116,44.57486976816467
-17.0,223.8721138568347,3.1489414570137555,44.54533050890822
-16.5,223.8721138568347,3.1444200553969415,44.51634108591924
-16.0,223.8721138568347,3.13999766964519,44.4879254964115
-15.5,223.8721138568347,3.1356771897557745,44.46010744567739
-15.0,223.8721138568347,3.1314613089407275,44.43291031433262
-14.5,223.8721138568347,3.127352332939554,44.406357125741614
-14.0,223.8721138568347,3.1233517741551444,44.380470513686504
-13.5,223.8721138568347,3.119459517267697,44.355272690343064
-13.0,223.8721138568347,3.115672169074794,44.33078541462674
-12.5,223.8721138568347,3.111979927131539,44.30702996097163
-12.0,223.8721138568347,3.1083608908109492,44.284027088604944
-11.5,223.8721138568347,3.1047711893534053,44.26179701137889
-11.0,223.8721138568347,3.1011286659456125,44.24035936822121
-10.5,223.8721138568347,3.097287289740153,44.219733194264805
-10.0,223.8721138568347,3.0929992747245207,44.19993689271553
-9.5,223.8721138568347,3.087862545072128,44.180988207516634
-9.0,223.8721138568347,3.081253312264774,44.16290419686629
-8.5,223.8721138568347,3.072247709261432,44.145701207643704
-8.0,223.8721138568347,3.059542936858812,44.12939485079733
-7.5,223.8721138568347,3.041396774674779,44.113999977747135
-7.0,223.8721138568347,3.015613031551105,44.099530657850686
-6.5,223.8721138568347,2.9796066868099027,44.08600015698103
-6.0,223.8721138568347,2.930582211515845,44.07342091726199
-5.5,223.8721138568347,2.8658479013033213,44.06180453800408
-5.0,223.8721138568347,2.783265588478786,44.05116175788215
-4.5,223.8721138568347,2.6817998434585895,44.04150243839285
-4.0,223.8721138568347,2.5620895620416584,44.032835548627745
-3.5,223.8721138568347,2.4269283443167398,44.025169151394984
-3.0,223.8721138568347,2.281521778830294,44.018510390719435
-2.5,223.8721138568347,2.133401855561602,44.012865480748616
-2.0,223.8721138568347,1.9919271110866756,44.00823969608838
-1.5,223.8721138568347,1.8673771204513732,44.00463736358951
-1.0,223.8721138568347,1.7697452626350552,44.002061855603
-0.5,223.8721138568347,1.7074194012414101,44.0005155847189
0.0,223.8721138568347,1.685989898320135,44.0
0.5,223.8721138568347,1.7074194012414101,44.0005155847189
1.0,223.8721138568347,1.7697452626350552,44.002061855603
1.5,223.8721138568347,1.8673771204513732,44.00463736358951
2.0,223.8721138568347,1.9919271110866756,44.00823969608838
2.5,223.8721138568347,2.133401855561602,44.012865480748616
3.0,223.8721138568347,2.281521778830294,44.018510390719435
3.5,223.8721138568347,2.4269283443167398,44.025169151394984
4.0,223.8721138568347,2.5620895620416584,44.032835548627745
4.5,223.8721138568347,2.6817998434585895,44.04150243839285
5.0,223.8721138568347,2.783265588478786,44.05116175788215
5.5,223.8721138568347,2.8658479013033213,44.06180453800408
6.0,223.8721138568347,2.930582211515845,44.07342091726199
6.5,223.8721138568347,2.9796066868099027,44.08600015698103
7.0,223.8721138568347,3.015613031551105,44.099530657850686
7.5,223.8721138568347,3.041396774674779,44.113999977747135
8.0,223.8721138568347,3.059542936858812,44.12939485079733
8.5,223.8721138568347,3.072247709261432,44.145701207643704
9.0,223.8721138568347,3.081253312264774,44.16290419686629
9.5,223.8721138568347,3.087862545072128,44.180988207516634
10.0,223.8721138568347,3.0929992747245207,44.19993689271553
10.5,223.8721138568347,3.097287289740153,44.219733194264805
11.0,223.8721138568347,3.1011286659456125,44.24035936822121
11.5,223.8721138568347,3.1047711893534053,44.26179701137889
12.0,223.8721138568347,3.1083608908109492,44.284027088604944
12.5,223.8721138568347,3.111979927131539,44.30702996097163
13.0,223.8721138568347,3.115672169074794,44.33078541462674
13.5,223.8721138568347,3.119459517267697,44.355272690343064
14.0,223.8721138568347,3.1233517741551444,44.380470513686504
14.5,223.8721138568347,3.127352332939554,44.406357125741614
15.0,223.8721138568347,3.1314613089407275,44.43291031433262
15.5,223.8721138568347,3.1356771897557745,44.46010744567739
16.0,223.8721138568347,3.13999766964519,44.4879254964115
16.5,223.8721138568347,3.1444200553969415,44.51634108591924
17.0,223.8721138568347,3.1489414570137555,44.54533050890822
17.5,223.8721138568347,3.1535588749359116,44.57486976816467
18.0,223.8721138568347,3.158269239560626,44.60493460742623
18.5,223.8721138568347,3.1630694296500725,44.63550054431004
19.0,223.8721138568347,3.167956281765079,44.6665429032338
19.5,223.8721138568347,3.1729265960328816,44.698036848268806
20.0,223.8721138568347,3.177977140475385,44.72995741586436
21.0,223.8721138568347,3.1883058539492786,44.794978121395765
22.0,223.8721138568347,3.1989160639625362,44.86140398874549
23.0,223.8721138568347,3.2097811280644852,44.929033996602556
24.0,223.8721138568347,3.220874229754015,44.997668123965596
25.0,223.8721138568347,3.232168487012399,45.067108307666295
26.0,223.8721138568347,3.243637058707278,45.13715936072143
27.0,223.8721138568347,3.255253248304815,45.207629845868375
28.0,223.8721138568347,3.266990604348687,45.278332899191426
29.0,223.8721138568347,3.2788230171989685,45.349086999332016
30.0,223.8721138568347,3.290724811562266,45.41971667838795
31.0,223.8721138568347,3.3026708343854416,45.49005317123659
32.0,223.8721138568347,3.3146365377285063,45.55993500065794
33.0,223.8721138568347,3.3265980562772954,45.62920849627784
34.0,223.8721138568347,3.3385322792028953,45.697728245991534
35.0,223.8721138568347,3.3504169161220836,45.765357479157615
36.0,223.8721138568347,3.3622305569607684,45.83196838146429
37.0,223.8721138568347,3.373952725570192,45.89744234195889
38.0,223.8721138568347,3.3855639269930284,45.96167013329104
39.0,223.8721138568347,3.397045688323121,46.024552026746264
40.0,223.8721138568347,3.4083805931479967,46.08599784413424
41.0,223.8721138568347,3.419552309607231,46.14592694904189
42.0,223.8721138568347,3.4305456121417577,46.20426818036262
43.0,223.8721138568347,3.441346397049131,46.26095973136647
44.0,223.8721138568347,3.4519416919972343,46.31594897788137
45.0,223.8721138568347,3.4623196596837555,46.369192259410404
46.0,223.8721138568347,3.4724695958607548,46.42065461721537
47.0,223.8721138568347,3.48238192197261,46.47030949355202
48.0,223.8721138568347,3.492048172681492,46.518138396348995
49.0,223.8721138568347,3.5014609785771285,46.56413053368108
50.0,223.8721138568347,3.5106140443869567,46.60828242240137
51.0,223.8721138568347,3.519502123018784,46.65059747526698
52.0,223.8721138568347,3.528120985780836,46.691085570823134
53.0,223.8721138568347,3.5364673891335245,46.72976261020365
54.0,223.8721138568347,3.544539038333599,46.76665006486438
55.0,223.8721138568347,3.5523345483345454,46.80177451909548
56.0,223.8721138568347,3.5598534023073802,46.83516721096055
57.0,223.8721138568347,3.5670959081434,46.86686357509012
58.0,223.8721138568347,3.5740631532952967,46.89690279051803
59.0,223.8721138568347,3.5807569583053405,46.92532733649467
60.0,223.8721138568347,3.5871798293594237,46.95218255894584
61.0,223.8721138568347,3.5933349101937595,46.97751624997254
62.0,223.8721138568347,3.599225933667185,47.0013782425098
63.0,223.8721138568347,3.6048571732965597,47.023820021984655
64.0,223.8721138568347,3.6102333950358956,47.04489435653711
65.0,223.8721138568347,3.615359809561812,47.064654947097395
66.0,223.8721138568347,3.6202420253089347,47.083156098349235
67.0,223.8721138568347,3.6248860024791534,47.10045241135565
68.0,223.8721138568347,3.629298008228417,47.1165984983821
69.0,223.8721138568347,3.6334845732142216,47.131648720224106
70.0,223.8721138568347,3.6374524496662977,47.14565694613293
71.0,223.8721138568347,3.641208571122416,47.158676336236645
72.0,223.8721138568347,3.6447600139509135,47.17075914617334
73.0,223.8721138568347,3.6481139607615947,47.18195655349097
74.0,223.8721138568347,3.6512776657872834,47.19231850522344
75.0,223.8721138568347,3.6542584222995917,47.201893585925674
76.0,223.8721138568347,3.657063532104546,47.21072890534104
77.0,223.8721138568347,3.65970027714669,47.21887000478281
78.0,223.8721138568347,3.662175893234218,47.22636078123601
79.0,223.8721138568347,3.6644975458826954,47.23324342812737
80.0,223.8721138568347,3.6666723082609773,47.239558391667174
81.0,223.8721138568347,3.6687071412101977,47.24534434163782
82.0,223.8721138568347,3.670608875295045,47.25063815548809
83.0,223.8721138568347,3.672384194836122,47.25547491458855
84.0,223.8721138568347,3.674039623862914,47.25988791151128
85.0,223.8721138568347,3.6755815139187966,47.263908667215
86.0,223.8721138568347,3.677016033642551,47.26756695704324
87.0,223.8721138568347,3.678349160045029,47.27089084447767
88.0,223.8721138568347,3.679586671394847,47.273906721629736
89.0,223.8721138568347,3.6807341416232533,47.276639355500514
90.0,223.8721138568347,3.681796936155593,47.2791119390893
91.0,223.8721138568347,3.682780209074936,47.281346146486484
92.0,223.8721138568347,3.6836889015225234,47.28336219114302
93.0,223.8721138568347,3.684527741239489,47.28517888656734
94.0,223.8721138568347,3.6853012431549264,47.28681370876072
95.0,223.8721138568347,3.6860137109266007,47.2882828597611
96.0,223.8721138568347,3.6866692393424456,47.28960133172513
97.0,223.8721138568347,3.6872717174933842,47.29078297103605
98.0,223.8721138568347,3.687824832630832,47.291840541981614
99.0,223.8721138568347,3.6883320746254915,47.29278578960081
100.0,223.8721138568347,3.6887967409476388,47.293629501350445
-100.0,251.18864315095874,3.954463472650326,47.19382254676407
-99.0,251.18864315095874,3.953965341111251,47.193004402037154
-98.0,251.18864315095874,3.953421567604457,47.1920877982852
-97.0,251.18864315095874,3.952828617176225,47.19106227494405
-96.0,251.18864315095874,3.9521827486157513,47.18991644288498
-95.0,251.18864315095874,3.9514800091161826,47.18863792461682
-94.0,251.18864315095874,3.9507162294947,47.187213293343724
-93.0,251.18864315095874,3.9498870200571976,47.185628011216814
-92.0,251.18864315095874,3.9489877671969555,47.18386636716899
-91.0,251.18864315095874,3.9480136308201885,47.181911414774774
-90.0,251.18864315095874,3.9469595426943704,47.179744910632046
-89.0,251.18864315095874,3.945820205817818,47.17734725381868
-88.0,251.18864315095874,3.944590094910969,47.1746974270349
-87.0,251.18864315095874,3.9432634581311428,47.17177294009956
-86.0,251.18864315095874,3.94183432011318,47.16854977652678
-85.0,251.18864315095874,3.9402964864382004,47.16500234396606
-84.0,251.18864315095874,3.9386435496316947,47.16110342934427
-83.0,251.18864315095874,3.9368688967902017,47.156824159601015
-82.0,251.18864315095874,3.9349657189328964,47.15213396895815
-81.0,251.18864315095874,3.9329270221704147,47.1470005737094
-80.0,251.18864315095874,3.930745640778126,47.14138995555605
-79.0,251.18864315095874,3.928414252254832,47.13526635454775
-78.0,251.18864315095874,3.925925394440393,47.1285922727137
-77.0,251.18864315095874,3.9232714847571177,47.12132848948636
-76.0,251.18864315095874,3.920444841629806,47.113434090027674
-75.0,251.18864315095874,3.91743770812816,47.10486650756429
-74.0,251.18864315095874,3.9142422778627997,47.09558158082273
-73.0,251.18864315095874,3.9108507231524383,47.085533627627605
-72.0,251.18864315095874,3.9072552254648523,47.07467553568324
-71.0,251.18864315095874,3.903448008118176,47.062958871502204
-70.0,251.18864315095874,3.8994213712118437,47.05033400837133
-69.0,251.18864315095874,3.8951677287382567,47.03675027415671
-68.0,251.18864315095874,3.890679647807024,47.02215611964325
-67.0,251.18864315095874,3.8859498898935794,47.00649930798123
-66.0,251.18864315095874,3.8809714540031988,46.98972712567199
-65.0,251.18864315095874,3.8757376216200585,46.97178661536717
-64.0,251.18864315095874,3.8702420032891895,46.95262483058144
-63.0,251.18864315095874,3.864478586657128,46.93218911222754
-62.0,251.18864315095874,3.8584417857749025,46.91042738667617
-61.0,251.18864315095874,3.8521264914450226,46.88728848482186
-60.0,251.18864315095874,3.8455281223724187,46.86272248140203
-59.0,251.18864315095874,3.838642676858175,46.83668105357059
-58.0,251.18864315095874,3.8314667847545447,46.80911785747203
-57.0,251.18864315095874,3.823997759380407,46.77998892129951
-56.0,251.18864315095874,3.8162336490782383,46.749253053052655
-55.0,251.18864315095874,3.8081732880771257,46.716872260941074
-54.0,251.18864315095874,3.799816346311474,46.682812184110915
-53.0,251.18864315095874,3.791163377832235,46.64704253110657
-52.0,251.18864315095874,3.782215867436817,46.609537523222436
-51.0,251.18864315095874,3.7729762751356253,46.57027633965282
-50.0,251.18864315095874,3.7634480780676087,46.52924356111649
-49.0,251.18864315095874,3.7536358094744546,46.48642960841802
-48.0,251.18864315095874,3.743545094343352,46.441831172217206
-47.0,251.18864315095874,3.733182681331695,46.395451630111054
-46.0,251.18864315095874,3.722556470593865,46.347301446996724
-45.0,251.18864315095874,3.711675537140382,46.297398554579786
-44.0,251.18864315095874,3.7005501493733806,46.24576870582436
-43.0,251.18864315095874,3.689191782459549,46.192445800112935
-42.0,251.18864315095874,3.6776131262223966,46.137472174897084
-41.0,251.18864315095874,3.665828087259959,46.080898859676985
-40.0,251.18864315095874,3.653851785021766,46.02278578825138
-39.0,251.18864315095874,3.6417005416099584,45.963201965329716
-38.0,251.18864315095874,3.629391865103734,45.902225583797374
-37.0,251.18864315095874,3.6169444262436583,45.839944089172256
-36.0,251.18864315095874,3.6043780283525386,45.77645418808659
-35.0,251.18864315095874,3.5917135704123626,45.71186179797102
-34.0,251.18864315095874,3.5789730032618485,45.64628193550694
-33.0,251.18864315095874,3.5661792789262465,45.57983854184518
-32.0,251.18864315095874,3.553356293139704,45.51266424306225
-31.0,251.18864315095874,3.540528821170467,45.44490004483548
-30.0,251.18864315095874,3.527722447109976,45.376694960861045
-29.0,251.18864315095874,3.5149634868381328,45.30820557510984
-28.0,251.18864315095874,3.502278904928169,45.23959553860987
-27.0,251.18864315095874,3.4896962258052584,45.17103500205418
-26.0,251.18864315095874,3.4772434395226934,45.10269998615411
-25.0,251.18864315095874,3.464948902567747,45.03477169228247
-24.0,251.18864315095874,3.452841234155656,44.9674357565727
-23.0,251.18864315095874,3.440949208514153,44.90088145125096
-22.0,251.18864315095874,3.4293016437019688,44.83530083757138
-21.0,251.18864315095874,3.417927287541646,44.77088787529286
-20.0,251.18864315095874,3.4068547012701966,44.70783749417151
-19.5,251.18864315095874,3.401440417177725,44.67688421650308
-19.0,251.18864315095874,3.3961121414282265,44.64634463343883
-18.5,251.18864315095874,3.390873338766502,44.61624295205822
-18.0,251.18864315095874,3.3857274395197963,44.58660325568604
-17.5,251.18864315095874,3.3806778349578184,44.557449472159675
-17.0,251.18864315095874,3.375727871109597,44.52880534197161
-16.5,251.18864315095874,3.370880838650368,44.50069438634593
-16.0,251.18864315095874,3.3661399531678087,44.47313987530812
-15.5,251.18864315095874,3.361508312796475,44.44616479580837
-15.0,251.18864315095874,3.3569888047132332,44.4197918199589
-14.5,251.18864315095874,3.3525839007166898,44.394043273446414
-14.0,251.18864315095874,3.348295222132823,44.368941104180855
-13.5,251.18864315095874,3.3441226453365136,44.34450685124176
-13.0,251.18864315095874,3.3400625327472806,44.32076161418351
-12.5,251.18864315095874,3.3361043759492346,44.29772602276037
-12.0,251.18864315095874,3.3322246970346714,44.27542020713207
-11.5,251.18864315095874,3.3283764656767323,44.25386376860983
-11.0,251.18864315095874,3.3244716081375527,44.23307575100239
-10.5,251.18864315095874,3.320353576444297,44.21307461262041
-10.0,251.18864315095874,3.315756739063353,44.19387819899688
-9.5,251.18864315095874,3.310250062711745,44.17550371637977
-9.0,251.18864315095874,3.303164833691452,44.15796770605216
-8.5,251.18864315095874,3.2935106481597343,44.14128601953329
-8.0,251.18864315095874,3.2798908794593333,44.12547379471257
-7.5,251.18864315095874,3.2604378326896404,44.110545432966916
-7.0,251.18864315095874,3.232797147249061,44.096514577309755
-6.5,251.18864315095874,3.194197629557511,44.08339409161797
-6.0,251.18864315095874,3.1416424169961394,44.07119604098132
-5.5,251.18864315095874,3.072245948949792,44.059931673216084
-5.0,251.18864315095874,2.983716067125045,44.049611401582695
-4.5,251.18864315095874,2.8749427704146004,44.04024478874458
-4.0,251.18864315095874,2.7466109678218844,44.03184053200266
-3.5,251.18864315095874,2.6017154542038536,44.02440644983756
-3.0,251.18864315095874,2.445836724016088,44.01794946978854
-2.5,251.18864315095874,2.2870492203198722,44.01247561769562
-2.0,251.18864315095874,2.135385480456311,44.00799000832813
-1.5,251.18864315095874,2.001865413324687,44.004496837420135
-1.0,251.18864315095874,1.8972021199488538,44.00199937513019
-0.5,251.18864315095874,1.8303875569379024,44.000499960939536
0.0,251.18864315095874,1.8074147035956318,44.0
0.5,251.18864315095874,1.8303875569379024,44.000499960939536
1.0,251.18864315095874,1.8972021199488538,44.00199937513019
1.5,251.18864315095874,2.001865413324687,44.004496837420135
2.0,251.18864315095874,2.135385480456311,44.00799000832813
2.5,251.18864315095874,2.2870492203198722,44.01247561769562
3.0,251.18864315095874,2.445836724016088,44.01794946978854
3.5,251.18864315095874,2.6017154542038536,44.02440644983756
4.0,251.18864315095874,2.7466109678218844,44.03184053200266
4.5,251.18864315095874,2.8749427704146004,44.04024478874458
5.0,251.18864315095874,2.983716067125045,44.049611401582695
5.5,251.18864315095874,3.072245948949792,44.059931673216084
6.0,251.18864315095874,3.1416424169961394,44.07119604098132
6.5,251.18864315095874,3.194197629557511,44.08339409161797
7.0,251.18864315095874,3.232797147249061,44.096514577309755
7.5,251.18864315095874,3.2604378326896404,44.110545432966916
8.0,251.18864315095874,3.2798908794593333,44.12547379471257
8.5,251.18864315095874,3.2935106481597343,44.14128601953329
9.0,251.18864315095874,3.303164833691452,44.15796770605216
9.5,251.18864315095874,3.310250062711745,44.17550371637977
10.0,251.18864315095874,3.315756739063353,44.19387819899688
10.5,251.18864315095874,3.320353576444297,44.21307461262041
11.0,251.18864315095874,3.3244716081375527,44.23307575100239
11.5,251.18864315095874,3.3283764656767323,44.25386376860983
12.0,251.18864315095874,3.3322246970346714,44.27542020713207
12.5,251.18864315095874,3.3361043759492346,44.29772602276037
13.0,251.18864315095874,3.3400625327472806,44.32076161418351
13.5,251.18864315095874,3.3441226453365136,44.34450685124176
14.0,251.18864315095874,3.348295222132823,44.368941104180855
14.5,251.18864315095874,3.3525839007166898,44.394043273446414
15.0,251.18864315095874,3.3569888047132332,44.4197918199589
15.5,251.18864315095874,3.361508312796475,44.44616479580837
16.0,251.18864315095874,3.3661399531678087,44.47313987530812
16.5,251.18864315095874,3.370880838650368,44.50069438634593
17.0,251.18864315095874,3.375727871109597,44.52880534197161
17.5,251.18864315095874,3.3806778349578184,44.557449472159675
18.0,251.18864315095874,3.3857274395197963,44.58660325568604
18.5,251.18864315095874,3.390873338766502,44.61624295205822
19.0,251.18864315095874,3.3961121414282265,44.64634463343883
19.5,251.18864315095874,3.401440417177725,44.67688421650308
20.0,251.18864315095874,3.4068547012701966,44.70783749417151
21.0,251.18864315095874,3.417927287541646,44.77088787529286
22.0,251.18864315095874,3.4293016437019688,44.83530083757138
23.0,251.18864315095874,3.440949208514153,44.90088145125096
24.0,251.18864315095874,3.452841234155656,44.9674357565727
25.0,251.18864315095874,3.464948902567747,45.03477169228247
26.0,251.18864315095874,3.4772434395226934,45.10269998615411
27.0,251.18864315095874,3.4896962258052584,45.17103500205418
28.0,251.18864315095874,3.502278904928169,45.23959553860987
29.0,251.18864315095874,3.5149634868381328,45.30820557510984
30.0,251.18864315095874,3.527722447109976,45.376694960861045
31.0,251.18864315095874,3.540528821170467,45.44490004483548
32.0,251.18864315095874,3.553356293139704,45.51266424306225
33.0,251.18864315095874,3.5661792789262465,45.57983854184518
34.0,251.18864315095874,3.5789730032618485,45.64628193550694
35.0,251.18864315095874,3.5917135704123626,45.71186179797102
36.0,251.18864315095874,3.6043780283525386,45.77645418808659
37.0,251.18864315095874,3.6169444262436583,45.839944089172256
38.0,251.18864315095874,3.629391865103734,45.902225583797374
39.0,251.18864315095874,3.6417005416099584,45.963201965329716
40.0,251.18864315095874,3.653851785021766,46.02278578825138
41.0,251.18864315095874,3.665828087259959,46.080898859676985
42.0,251.18864315095874,3.6776131262223966,46.137472174897084
43.0,251.18864315095874,3.689191782459549,46.192445800112935
44.0,251.18864315095874,3.7005501493733806,46.24576870582436
45.0,251.18864315095874,3.711675537140382,46.297398554579786
46.0,251.18864315095874,3.722556470593865,46.347301446996724
47.0,251.18864315095874,3.733182681331695,46.395451630111054
48.0,251.18864315095874,3.743545094343352,46.441831172217206
49.0,251.18864315095874,3.7536358094744546,46.48642960841802
50.0,251.18864315095874,3.7634480780676087,46.52924356111649
51.0,251.18864315095874,3.7729762751356253,46.57027633965282
52.0,251.18864315095874,3.782215867436817,46.609537523222436
53.0,251.18864315095874,3.791163377832235,46.64704253110657
54.0,251.18864315095874,3.799816346311474,46.682812184110915
55.0,251.18864315095874,3.8081732880771257,46.716872260941074
56.0,251.18864315095874,3.8162336490782383,46.749253053052655
57.0,251.18864315095874,3.823997759380407,46.77998892129951
58.0,251.18864315095874,3.8314667847545447,46.80911785747203
59.0,251.18864315095874,3.838642676858175,46.83668105357059
60.0,251.18864315095874,3.8455281223724187,46.86272248140203
61.0,251.18864315095874,3.8521264914450226,46.88728848482186
62.0,251.18864315095874,3.8584417857749025,46.91042738667617
63.0,251.18864315095874,3.864478586657128,46.93218911222754
64.0,251.18864315095874,3.8702420032891895,46.95262483058144
65.0,251.18864315095874,3.8757376216200585,46.97178661536717
66.0,251.18864315095874,3.8809714540031988,46.98972712567199
67.0,251.18864315095874,3.8859498898935794,47.00649930798123
68.0,251.18864315095874,3.890679647807024,47.02215611964325
69.0,251.18864315095874,3.8951677287382567,47.03675027415671
70.0,251.18864315095874,3.8994213712118437,47.05033400837133
71.0,251.18864315095874,3.903448008118176,47.062958871502204
72.0,251.18864315095874,3.9072552254648523,47.07467553568324
73.0,251.18864315095874,3.9108507231524383,47.085533627627605
74.0,251.18864315095874,3.9142422778627997,47.09558158082273
75.0,251.18864315095874,3.91743770812816,47.10486650756429
76.0,251.18864315095874,3.920444841629806,47.113434090027674
77.0,251.18864315095874,3.9232714847571177,47.12132848948636
78.0,251.18864315095874,3.925925394440393,47.1285922727137
79.0,251.18864315095874,3.928414252254832,47.13526635454775
80.0,251.18864315095874,3.930745640778126,47.14138995555605
81.0,251.18864315095874,3.9329270221704147,47.1470005737094
82.0,251.18864315095874,3.9349657189328964,47.15213396895815
83.0,251.18864315095874,3.9368688967902017,47.156824159601015
84.0,251.18864315095874,3.9386435496316947,47.16110342934427
85.0,251.18864315095874,3.9402964864382004,47.16500234396606
86.0,251.18864315095874,3.94183432011318,47.16854977652678
87.0,251.18864315095874,3.9432634581311428,47.17177294009956
88.0,251.18864315095874,3.944590094910969,47.1746974270349
89.0,251.18864315095874,3.945820205817818,47.17734725381868
90.0,251.18864315095874,3.9469595426943704,47.179744910632046
91.0,251.18864315095874,3.9480136308201885,47.181911414774774
92.0,251.18864315095874,3.9489877671969555,47.18386636716899
93.0,251.18864315095874,3.9498870200571976,47.185628011216814
94.0,251.18864315095874,3.9507162294947,47.187213293343724
95.0,251.18864315095874,3.9514800091161826,47.18863792461682
96.0,251.18864315095874,3.9521827486157513,47.18991644288498
97.0,251.18864315095874,3.952828617176225,47.19106227494405
98.0,251.18864315095874,3.953421567604457,47.1920877982852
99.0,251.18864315095874,3.953965341111251,47.193004402037154
100.0,251.18864315095874,3.954463472650326,47.19382254676407
-100.0,281.83829312644605,4.231764434809683,47.09401559217769
-99.0,281.83829312644605,4.2312313725256345,47.093223014473494
-98.0,281.83829312644605,4.230649467697696,47.09233505458879
-97.0,281.83829312644605,4.230014937488693,47.09134157885205
-96.0,281.83829312644605,4.2293237783408895,47.09023155404482
-95.0,281.83829312644605,4.22857176026264,47.088992989472544
-94.0,281.83829312644605,4.227754421713283,47.08761287792674
-93.0,281.83829312644605,4.226867065177839,47.08607713586629
-92.0,281.83829312644605,4.22590475352717,47.08437054319496
-91.0,281.83829312644605,4.224862307263002,47.082476683063064
-90.0,281.83829312644605,4.22373430275042,47.080377882174794
-89.0,281.83829312644605,4.222515071543251,47.07805515213685
-88.0,281.83829312644605,4.221198700909794,47.07548813244006
-87.0,281.83829312644605,4.21977903566782,47.072655035721446
-86.0,281.83829312644605,4.218249681438434,47.06953259601032
-85.0,281.83829312644605,4.216604009428201,47.066096020717126
-84.0,281.83829312644605,4.21483516284784,47.06231894717726
-83.0,281.83829312644605,4.212936065073716,47.058173404613484
-82.0,281.83829312644605,4.210899429655192,47.05362978242821
-81.0,281.83829312644605,4.208717772266648,47.04865680578098
-80.0,281.83829312644605,4.206383424697506,47.04322151944492
-79.0,281.83829312644605,4.203888550966889,47.03728928096814
-78.0,281.83829312644605,4.201225165641603,47.0308237641914
-77.0,281.83829312644605,4.198385154426792,47.02378697418991
-76.0,281.83829312644605,4.195360297088045,47.01613927471431
-75.0,281.83829312644605,4.1921422927516785,47.0078394292029
-74.0,281.83829312644605,4.188722787616686,46.99884465642202
-73.0,281.83829312644605,4.18509340509709,46.98911070176424
-72.0,281.83829312644605,4.18124577839754,46.978591925193136
-71.0,281.83829312644605,4.177171585507737,46.967241406767755
-70.0,281.83829312644605,4.172862586582862,46.95501107060973
-69.0,281.83829312644605,4.168310663657637,46.94185182808931
-68.0,281.83829312644605,4.163507862621113,46.9277137409044
-67.0,281.83829312644605,4.158446437357787,46.91254620460682
-66.0,281.83829312644605,4.153118895938427,46.89629815299474
-65.0,281.83829312644605,4.147518048721121,46.87891828363695
-64.0,281.83829312644605,4.141637058199727,46.86035530462577
-63.0,281.83829312644605,4.135469490413293,46.84055820247043
-62.0,281.83829312644605,4.129009367706353,46.81947653084254
-61.0,281.83829312644605,4.122251222606424,46.79706071967117
-60.0,281.83829312644605,4.115190152561825,46.77326240385822
-59.0,281.83829312644605,4.107821875260361,46.74803477064651
-58.0,281.83829312644605,4.100142784227609,46.72133292442603
-57.0,281.83829312644605,4.092150004382868,46.6931142675089
-56.0,281.83829312644605,4.083841447211485,46.66333889514476
-55.0,281.83829312644605,4.075215865194571,46.631970002786666
-54.0,281.83829312644605,4.066272905121164,46.598974303357444
-53.0,281.83829312644605,4.057013159894226,46.56432245200949
-52.0,281.83829312644605,4.047438218430412,46.52798947562173
-51.0,281.83829312644605,4.037550713244754,46.48995520403867
-50.0,281.83829312644605,4.027354365305481,46.450204699831595
-49.0,281.83829312644605,4.016854025741216,46.408728683154955
-48.0,281.83829312644605,4.006055713983142,46.36552394808542
-47.0,281.83829312644605,3.994966651928372,46.320593766670086
-46.0,281.83829312644605,3.98359529371805,46.27394827677807
-45.0,281.83829312644605,3.971951350734523,46.22560484974917
-44.0,281.83829312644605,3.960045811436594,46.175588433767345
-43.0,281.83829312644605,3.9478909556702164,46.12393186885941
-42.0,281.83829312644605,3.935500363114198,46.07067616943155
-41.0,281.83829312644605,3.922888915546403,46.015870770312084
-40.0,281.83829312644605,3.9100727926456273,45.959573732368526
-39.0,281.83829312644605,3.897069461077529,45.90185190391316
-38.0,281.83829312644605,3.883897656649732,45.842781034303705
-37.0,281.83829312644605,3.870577359361151,45.78244583638563
-36.0,281.83829312644605,3.857129761213616,45.72093999470888
-35.0,281.83829312644605,3.8435772266996326,45.65836611678442
-34.0,281.83829312644605,3.829943245928351,45.594835625022355
-33.0,281.83829312644605,3.816252380402193,45.530468587412514
-32.0,281.83829312644605,3.8025302015086826,45.46539348546655
-31.0,281.83829312644605,3.788803221845483,45.39974691843437
-30.0,281.83829312644605,3.775098819550996,45.33367324333414
-29.0,281.83829312644605,3.761445155867677,45.26732415088765
-28.0,281.83829312644605,3.747871086219984,45.20085817802831
-27.0,281.83829312644605,3.7344060651431126,45.13444015823999
-26.0,281.83829312644605,3.721080045451868,45.068240611586795
-25.0,281.83829312644605,3.7079233720906832,45.00243507689864
-24.0,281.83829312644605,3.6949666711553686,44.9372033891798
-23.0,281.83829312644605,3.682240734624255,44.87272890589937
-22.0,281.83829312644605,3.6697764013802545,44.80919768639727
-21.0,281.83829312644605,3.6576044351448824,44.746797629189956
-20.0,281.83829312644605,3.645755399970086,44.685717572478644
-19.5,281.83829312644605,3.639961447131492,44.65573158473736
-19.0,281.83829312644605,3.6342595338450168,44.62614636364387
-18.5,281.83829312644605,3.6286533678156174,44.5969853598064
-18.0,281.83829312644605,3.6231466199172155,44.568271903945856
-17.5,281.83829312644605,3.6177429192273447,44.54002917615469
-17.0,281.83829312644605,3.61244584641042,44.512280175035
-16.5,281.83829312644605,3.6072589228954617,44.48504768677262
-16.0,281.83829312644605,3.6021855897585264,44.45835425420474
-15.5,281.83829312644605,3.5972291623863186,44.43222214593936
-15.0,281.83829312644605,3.5923927304147574,44.40667332558519
-14.5,281.83829312644605,3.5876789389737067,44.38172942115121
-14.0,281.83829312644605,3.583089523082258,44.3574116946752
-13.5,281.83829312644605,3.578624350446259,44.33374101214046
-13.0,281.83829312644605,3.5742795284052242,44.310737813740275
-12.5,281.83829312644605,3.5700438116559825,44.28842208454911
-12.0,281.83829312644605,3.5658920759369193,44.26681332565919
-11.5,281.83829312644605,3.5617739929883547,44.24593052584078
-11.0,281.83829312644605,3.5575953130304834,44.225792133783564
-10.5,281.83829312644605,3.553188510393042,44.20641603097602
-10.0,281.83829312644605,3.548269326519978,44.18781950527823
-9.5,281.83829312644605,3.5423765025503275,44.1700192252429
-9.0,281.83829312644605,3.534794432216912,44.15303121523804
-8.5,281.83829312644605,3.524463261057352,44.136870831422875
-8.0,281.83829312644605,3.5098884260145438,44.1215527386278
-7.5,281.83829312644605,3.489071262817053,44.107090888186704
-7.0,281.83829312644605,3.4594923147726013,44.093498496768824
-6.5,281.83829312644605,3.4181860624079965,44.08078802625491
-6.0,281.83829312644605,3.3619454925002867,44.068971164700656
-5.5,281.83829312644605,3.2876826987202956,44.05805880842808
-5.0,281.83829312644605,3.192944788529717,44.048061045283234
-4.5,281.83829312644605,3.0765439236185137,44.03898713909631
-4.0,281.83829312644605,2.939213041231351,44.03084551537758
-3.5,281.83829312644605,2.7841569418305094,44.023643748280136
-3.0,281.83829312644605,2.617347443876092,44.017388548857646
-2.5,281.83829312644605,2.4474251989290408,44.012085754642634
-2.0,281.83829312644605,2.2851262613250727,44.007740320567876
-1.5,281.83829312644605,2.142243294943208,44.00435631125075
-1.0,281.83829312644605,2.030240641333904,44.00193689465737
-0.5,281.83829312644605,1.9587408049003163,44.000484337160174
0.0,281.83829312644605,1.934157013846921,44.0
0.5,281.83829312644605,1.9587408049003163,44.000484337160174
1.0,281.83829312644605,2.030240641333904,44.00193689465737
1.5,281.83829312644605,2.142243294943208,44.00435631125075
2.0,281.83829312644605,2.2851262613250727,44.007740320567876
2.5,281.83829312644605,2.4474251989290408,44.012085754642634
3.0,281.83829312644605,2.617347443876092,44.017388548857646
3.5,281.83829312644605,2.7841569418305094,44.023643748280136
4.0,281.83829312644605,2.939213041231351,44.03084551537758
4.5,281.83829312644605,3.0765439236185137,44.03898713909631
5.0,281.83829312644605,3.192944788529717,44.048061045283234
5.5,281.83829312644605,3.2876826987202956,44.05805880842808
6.0,281.83829312644605,3.3619454925002867,44.068971164700656
6.5,281.83829312644605,3.4181860624079965,44.08078802625491
7.0,281.83829312644605,3.4594923147726013,44.093498496768824
7.5,281.83829312644605,3.489071262817053,44.107090888186704
8.0,281.83829312644605,3.5098884260145438,44.1215527386278
8.5,281.83829312644605,3.524463261057352,44.136870831422875
9.0,281.83829312644605,3.534794432216912,44.15303121523804
9.5,281.83829312644605,3.5423765025503275,44.1700192252429
10.0,281.83829312644605,3.548269326519978,44.18781950527823
10.5,281.83829312644605,3.553188510393042,44.20641603097602
11.0,281.83829312644605,3.5575953130304834,44.225792133783564
11.5,281.83829312644605,3.5617739929883547,44.24593052584078
12.0,281.83829312644605,3.5658920759369193,44.26681332565919
12.5,281.83829312644605,3.5700438116559825,44.28842208454911
13.0,281.83829312644605,3.5742795284052242,44.310737813740275
13.5,281.83829312644605,3.578624350446259,44.33374101214046
14.0,281.83829312644605,3.583089523082258,44.3574116946752
14.5,281.83829312644605,3.5876789389737067,44.38172942115121
15.0,281.83829312644605,3.5923927304147574,44.40667332558519
15.5,281.83829312644605,3.5972291623863186,44.43222214593936
16.0,281.83829312644605,3.6021855897585264,44.45835425420474
16.5,281.83829312644605,3.6072589228954617,44.48504768677262
17.0,281.83829312644605,3.61244584641042,44.512280175035
17.5,281.83829312644605,3.6177429192273447,44.54002917615469
18.0,281.83829312644605,3.6231466199172155,44.568271903945856
18.5,281.83829312644605,3.6286533678156174,44.5969853598064
19.0,281.83829312644605,3.6342595338450168,44.62614636364387
19.5,281.83829312644605,3.639961447131492,44.65573158473736
20.0,281.83829312644605,3.645755399970086,44.685717572478644
21.0,281.83829312644605,3.6576044351448824,44.746797629189956
22.0,281.83829312644605,3.6697764013802545,44.80919768639727
23.0,281.83829312644605,3.682240734624255,44.87272890589937
24.0,281.83829312644605,3.6949666711553686,44.9372033891798
25.0,281.83829312644605,3.7079233720906832,45.00243507689864
26.0,281.83829312644605,3.721080045451868,45.068240611586795
27.0,281.83829312644605,3.7344060651431126,45.13444015823999
28.0,281.83829312644605,3.747871086219984,45.20085817802831
29.0,281.83829312644605,3.761445155867677,45.26732415088765
30.0,281.83829312644605,3.775098819550996,45.33367324333414
31.0,281.83829312644605,3.788803221845483,45.39974691843437
32.0,281.83829312644605,3.8025302015086826,45.46539348546655
33.0,281.83829312644605,3.816252380402193,45.530468587412514
34.0,281.83829312644605,3.829943245928351,45.594835625022355
35.0,281.83829312644605,3.8435772266996326,45.65836611678442
36.0,281.83829312644605,3.857129761213616,45.72093999470888
37.0,281.83829312644605,3.870577359361151,45.78244583638563
38.0,281.83829312644605,3.883897656649732,45.842781034303705
39.0,281.83829312644605,3.897069461077529,45.90185190391316
40.0,281.83829312644605,3.9100727926456273,45.959573732368526
41.0,281.83829312644605,3.922888915546403,46.015870770312084
42.0,281.83829312644605,3.935500363114198,46.07067616943155
43.0,281.83829312644605,3.9478909556702164,46.12393186885941
44.0,281.83829312644605,3.960045811436594,46.175588433767345
45.0,281.83829312644605,3.971951350734523,46.22560484974917
46.0,281.83829312644605,3.98359529371805,46.27394827677807
47.0,281.83829312644605,3.994966651928372,46.320593766670086
48.0,281.83829312644605,4.006055713983142,46.36552394808542
49.0,281.83829312644605,4.016854025741216,46.408728683154955
50.0,281.83829312644605,4.027354365305481,46.450204699831595
51.0,281.83829312644605,4.037550713244754,46.48995520403867
52.0,281.83829312644605,4.047438218430412,46.52798947562173
53.0,281.83829312644605,4.057013159894226,46.56432245200949
54.0,281.83829312644605,4.066272905121164,46.598974303357444
55.0,281.83829312644605,4.075215865194571,46.631970002786666
56.0,281.83829312644605,4.083841447211485,46.66333889514476
57.0,281.83829312644605,4.092150004382868,46.6931142675089
58.0,281.83829312644605,4.100142784227609,46.72133292442603
59.0,281.83829312644605,4.107821875260361,46.74803477064651
60.0,281.83829312644605,4.115190152561825,46.77326240385822
61.0,281.83829312644605,4.122251222606424,46.79706071967117
62.0,281.83829312644605,4.129009367706353,46.81947653084254
63.0,281.83829312644605,4.135469490413293,46.84055820247043
64.0,281.83829312644605,4.141637058199727,46.86035530462577
65.0,281.83829312644605,4.147518048721121,46.87891828363695
66.0,281.83829312644605,4.153118895938427,46.89629815299474
67.0,281.83829312644605,4.158446437357787,46.91254620460682
68.0,281.83829312644605,4.163507862621113,46.9277137409044
69.0,281.83829312644605,4.168310663657637,46.94185182808931
70.0,281.83829312644605,4.172862586582862,46.95501107060973
71.0,281.83829312644605,4.177171585507737,46.967241406767755
72.0,281.83829312644605,4.18124577839754,46.978591925193136
73.0,281.83829312644605,4.18509340509709,46.98911070176424
74.0,281.83829312644605,4.188722787616686,46.99884465642202
75.0,281.83829312644605,4.1921422927516785,47.0078394292029
76.0,281.83829312644605,4.195360297088045,47.01613927471431
77.0,281.83829312644605,4.198385154426792,47.02378697418991
78.0,281.83829312644605,4.201225165641603,47.0308237641914
79.0,281.83829312644605,4.203888550966889,47.03728928096814
80.0,281.83829312644605,4.206383424697506,47.04322151944492
81.0,281.83829312644605,4.208717772266648,47.04865680578098
82.0,281.83829312644605,4.210899429655192,47.05362978242821
83.0,281.83829312644605,4.212936065073716,47.058173404613484
84.0,281.83829312644605,4.21483516284784,47.06231894717726
85.0,281.83829312644605,4.216604009428201,47.066096020717126
86.0,281.83829312644605,4.218249681438434,47.06953259601032
87.0,281.83829312644605,4.21977903566782,47.072655035721446
88.0,281.83829312644605,4.221198700909794,47.07548813244006
89.0,281.83829312644605,4.222515071543251,47.07805515213685
90.0,281.83829312644605,4.22373430275042,47.080377882174794
91.0,281.83829312644605,4.224862307263002,47.082476683063064
92.0,281.83829312644605,4.22590475352717,47.08437054319496
93.0,281.83829312644605,4.226867065177839,47.08607713586629
94.0,281.83829312644605,4.227754421713283,47.08761287792674
95.0,281.83829312644605,4.22857176026264,47.088992989472544
96.0,281.83829312644605,4.2293237783408895,47.09023155404482
97.0,281.83829312644605,4.230014937488693,47.09134157885205
98.0,281.83829312644605,4.230649467697696,47.09233505458879
99.0,281.83829312644605,4.2312313725256345,47.093223014473494
100.0,281.83829312644605,4.231764434809683,47.09401559217769
-100.0,316.2277660168389,4.520781580236133,46.99420863759131
-99.0,316.2277660168389,4.520212111355725,46.99344162690983
-98.0,316.2277660168389,4.519590464128399,46.992582310892374
-97.0,316.2277660168389,4.518912597360256,46.991620882760046
-96.0,316.2277660168389,4.518174234062267,46.99054666520466
-95.0,316.2277660168389,4.517370855346716,46.98934805432827
-94.0,316.2277660168389,4.51649769496275,46.988012462509744
-93.0,316.2277660168389,4.515549734568844,46.98652626051576
-92.0,316.2277660168389,4.514521699844368,46.984874719220926
-91.0,316.2277660168389,4.513408057546447,46.98304195135135
-90.0,316.2277660168389,4.512203013621752,46.98101085371754
-89.0,316.2277660168389,4.510900512485802,46.978763050455015
-88.0,316.2277660168389,4.509494237584595,46.976278837845214
-87.0,316.2277660168389,4.5079776133549405,46.973537131343335
-86.0,316.2277660168389,4.506343808700553,46.97051541549386
-85.0,316.2277660168389,4.504585742100773,46.967189697468186
-84.0,316.2277660168389,4.50269608846765,46.963534465010255
-83.0,316.2277660168389,4.500667287864832,46.95952264962595
-82.0,316.2277660168389,4.4984915561983945,46.95512559589827
-81.0,316.2277660168389,4.496160897985148,46.95031303785256
-80.0,316.2277660168389,4.493667121298138,46.9450530833338
-79.0,316.2277660168389,4.491001854981892,46.93931220738852
-78.0,316.2277660168389,4.48815656822146,46.933055255669096
-77.0,316.2277660168389,4.485122592539363,46.92624545889346
-76.0,316.2277660168389,4.4818911462831945,46.918844459400944
-75.0,316.2277660168389,4.478453361653857,46.910812350841525
-74.0,316.2277660168389,4.474800314310145,46.90210773202131
-73.0,316.2277660168389,4.4709230555697355,46.89268777590088
-72.0,316.2277660168389,4.466812647209603,46.88250831470304
-71.0,316.2277660168389,4.462460198850465,46.87152394203331
-70.0,316.2277660168389,4.457856907890175,46.85968813284812
-69.0,316.2277660168389,4.452994101930152,46.846953382021916
-68.0,316.2277660168389,4.447863283616908,46.83327136216555
-67.0,316.2277660168389,4.442456177797887,46.8185931012324
-66.0,316.2277660168389,4.436764780866981,46.80286918031749
-65.0,316.2277660168389,4.430781412150747,46.786049951906726
-64.0,316.2277660168389,4.42449876716135,46.7680857786701
-63.0,316.2277660168389,4.417909972517108,46.74892729271332
-62.0,316.2277660168389,4.411008642306153,46.72852567500891
-61.0,316.2277660168389,4.403788935643607,46.70683295452049
-60.0,316.2277660168389,4.396245615147834,46.68380232631441
-59.0,316.2277660168389,4.388374106037231,46.659388487722424
-58.0,316.2277660168389,4.38017055552571,46.63354799138003
-57.0,316.2277660168389,4.371631892172958,46.606239613718294
-56.0,316.2277660168389,4.3627558848248755,46.57742473723686
-55.0,316.2277660168389,4.353541200760677,46.54706774463225
-54.0,316.2277660168389,4.343987462646125,46.51513642260398
-53.0,316.2277660168389,4.334095303877722,46.48160237291241
-52.0,316.2277660168389,4.323866421890486,46.44644142802103
-51.0,316.2277660168389,4.313303628992535,46.40963406842452
-50.0,316.2277660168389,4.302410900283353,46.3711658385467
-49.0,316.2277660168389,4.291193418209475,46.33102775789189
-48.0,316.2277660168389,4.279657613311643,46.28921672395363
-47.0,316.2277660168389,4.26781120072144,46.24573590322911
-46.0,316.2277660168389,4.255663211973149,46.200595106559426
-45.0,316.2277660168389,4.2432240217081505,46.15381114491855
-44.0,316.2277660168389,4.230505368864877,46.105408161710336
-43.0,316.2277660168389,4.217520371966878,46.05541793760588
-42.0,316.2277660168389,4.204283538145343,46.003880163966016
-41.0,316.2277660168389,4.190810765560078,45.950842680947176
-40.0,316.2277660168389,4.177119338914664,45.89636167648567
-39.0,316.2277660168389,4.163227917796984,45.84050184249661
-38.0,316.2277660168389,4.149156517615576,45.783336484810036
-37.0,316.2277660168389,4.1349264829448975,45.72494758359899
-36.0,316.2277660168389,4.120560453138579,45.665425801331175
-35.0,316.2277660168389,4.106082320118615,45.60487043559783
-34.0,316.2277660168389,4.091517178299969,45.54338931453776
-33.0,316.2277660168389,4.076891266663909,45.48109863297985
-32.0,316.2277660168389,4.062231903049007,45.41812272787085
-31.0,316.2277660168389,4.047567410785874,45.35459379203326
-30.0,316.2277660168389,4.032927037859764,45.29065152580723
-29.0,316.2277660168389,4.018340868843704,45.22644272666547
-28.0,316.2277660168389,4.003839729903324,45.16212081744675
-27.0,316.2277660168389,3.989455087232506,45.0978453144258
-26.0,316.2277660168389,3.9752189393357837,45.033781237019475
-25.0,316.2277660168389,3.9611637036286234,44.97009846151481
-24.0,316.2277660168389,3.947322097879689,44.90697102178691
-23.0,316.2277660168389,3.933727017069455,44.84457636054778
-22.0,316.2277660168389,3.9204114062864224,44.783094535223164
-21.0,316.2277660168389,3.9074081303243946,44.722707383087055
-20.0,316.2277660168389,3.8947498406707552,44.66359765078578
-19.5,316.2277660168389,3.8885601777835648,44.63457895297164
-19.0,316.2277660168389,3.882468840480959,44.6059480938489
-18.5,316.2277660168389,3.876479789693307,44.577727767554585
-18.0,316.2277660168389,3.870596947004494,44.54994055220567
-17.5,316.2277660168389,3.864824189347444,44.5226088801497
-17.0,316.2277660168389,3.8591653419354905,44.495755008098385
-16.5,316.2277660168389,3.8536241667009636,44.46940098719931
-16.0,316.2277660168389,3.848204339735361,44.443568633101364
-15.5,316.2277660168389,3.8429094028566118,44.41827949607035
-15.0,316.2277660168389,3.837742656713739,44.39355483121147
-14.5,316.2277660168389,3.8327069270912477,44.36941556885601
-14.0,316.2277660168389,3.827804067504963,44.34588228516955
-13.5,316.2277660168389,3.823033936625429,44.32297517303915
-13.0,316.2277660168389,3.8183923759348235,44.30071401329704
-12.5,316.2277660168389,3.8138673721086285,44.27911814633785
-12.0,316.2277660168389,3.8094320849715757,44.258206444186314
-11.5,316.2277660168389,3.805032748990911,44.237997283071714
-11.0,316.2277660168389,3.8005686774022718,44.21850851656474
-10.5,316.2277660168389,3.7958609030216373,44.199757449331635
-10.0,316.2277660168389,3.790605753264195,44.18176081155957
-9.5,316.2277660168389,3.7843104666366045,44.164534734106034
-9.0,316.2277660168389,3.776210563054683,44.148094724423906
-8.5,316.2277660168389,3.7651738030932305,44.13245564331246
-8.0,316.2277660168389,3.7496035494055464,44.11763168254303
-7.5,316.2277660168389,3.727364634790675,44.103636343406485
-7.0,316.2277660168389,3.695765531026258,44.09048241622789
-6.5,316.2277660168389,3.6516381823245125,44.07818196089185
-6.0,316.2277660168389,3.5915565458304446,44.06674628841999
-5.5,316.2277660168389,3.512221820235646,44.056185943640074
-5.0,316.2277660168389,3.4110135876089416,44.04651068898377
-4.5,316.2277660168389,3.286662883754654,44.03772948944804
-4.0,316.2277660168389,3.139952703389574,44.029850498752495
-3.5,316.2277660168389,2.974306725482935,44.02288104672271
-3.0,316.2277660168389,2.79610462624565,44.01682762792676
-2.5,316.2277660168389,2.6145771884917686,44.011695891589646
-2.0,316.2277660168389,2.44119370769674,44.00749063280762
-1.5,316.2277660168389,2.288552252223645,44.00421578508138
-1.0,316.2277660168389,2.1689001446513374,44.00187441418455
-0.5,316.2277660168389,2.092517078316173,44.00046871338081
0.0,316.2277660168389,2.0662542861691517,44.0
0.5,316.2277660168389,2.092517078316173,44.00046871338081
1.0,316.2277660168389,2.1689001446513374,44.00187441418455
1.5,316.2277660168389,2.288552252223645,44.00421578508138
2.0,316.2277660168389,2.44119370769674,44.00749063280762
2.5,316.2277660168389,2.6145771884917686,44.011695891589646
3.0,316.2277660168389,2.79610462624565,44.01682762792676
3.5,316.2277660168389,2.974306725482935,44.02288104672271
4.0,316.2277660168389,3.139952703389574,44.029850498752495
4.5,316.2277660168389,3.286662883754654,44.03772948944804
5.0,316.2277660168389,3.4110135876089416,44.04651068898377
5.5,316.2277660168389,3.512221820235646,44.056185943640074
6.0,316.2277660168389,3.5915565458304446,44.06674628841999
6.5,316.2277660168389,3.6516381823245125,44.07818196089185
7.0,316.2277660168389,3.695765531026258,44.09048241622789
7.5,316.2277660168389,3.727364634790675,44.103636343406485
8.0,316.2277660168389,3.7496035494055464,44.11763168254303
8.5,316.2277660168389,3.7651738030932305,44.13245564331246
9.0,316.2277660168389,3.776210563054683,44.148094724423906
9.5,316.2277660168389,3.7843104666366045,44.164534734106034
10.0,316.2277660168389,3.790605753264195,44.18176081155957
10.5,316.2277660168389,3.7958609030216373,44.199757449331635
11.0,316.2277660168389,3.8005686774022718,44.21850851656474
11.5,316.2277660168389,3.805032748990911,44.237997283071714
12.0,316.2277660168389,3.8094320849715757,44.258206444186314
12.5,316.2277660168389,3.8138673721086285,44.27911814633785
13.0,316.2277660168389,3.8183923759348235,44.30071401329704
13.5,316.2277660168389,3.823033936625429,44.32297517303915
14.0,316.2277660168389,3.827804067504963,44.34588228516955
14.5,316.2277660168389,3.8327069270912477,44.36941556885601
15.0,316.2277660168389,3.837742656713739,44.39355483121147
15.5,316.2277660168389,3.8429094028566118,44.41827949607035
16.0,316.2277660168389,3.848204339735361,44.443568633101364
16.5,316.2277660168389,3.8536241667009636,44.46940098719931
17.0,316.2277660168389,3.8591653419354905,44.495755008098385
17.5,316.2277660168389,3.864824189347444,44.5226088801497
18.0,316.2277660168389,3.870596947004494,44.54994055220567
18.5,316.2277660168389,3.876479789693307,44.577727767554585
19.0,316.2277660168389,3.882468840480959,44.6059480938489
19.5,316.2277660168389,3.8885601777835648,44.63457895297164
20.0,316.2277660168389,3.8947498406707552,44.66359765078578
21.0,316.2277660168389,3.9074081303243946,44.722707383087055
22.0,316.2277660168389,3.9204114062864224,44.783094535223164
23.0,316.2277660168389,3.933727017069455,44.84457636054778
24.0,316.2277660168389,3.947322097879689,44.90697102178691
25.0,316.2277660168389,3.9611637036286234,44.97009846151481
26.0,316.2277660168389,3.9752189393357837,45.033781237019475
27.0,316.2277660168389,3.989455087232506,45.0978453144258
28.0,316.2277660168389,4.003839729903324,45.16212081744675
29.0,316.2277660168389,4.018340868843704,45.22644272666547
30.0,316.2277660168389,4.032927037859764,45.29065152580723
31.0,316.2277660168389,4.047567410785874,45.35459379203326
32.0,316.2277660168389,4.062231903049007,45.41812272787085
33.0,316.2277660168389,4.076891266663909,45.48109863297985
34.0,316.2277660168389,4.091517178299969,45.54338931453776
35.0,316.2277660168389,4.106082320118615,45.60487043559783
36.0,316.2277660168389,4.120560453138579,45.665425801331175
37.0,316.2277660168389,4.1349264829448975,45.72494758359899
38.0,316.2277660168389,4.149156517615576,45.783336484810036
39.0,316.2277660168389,4.163227917796984,45.84050184249661
40.0,316.2277660168389,4.177119338914664,45.89636167648567
41.0,316.2277660168389,4.190810765560078,45.950842680947176
42.0,316.2277660168389,4.204283538145343,46.003880163966016
43.0,316.2277660168389,4.217520371966878,46.05541793760588
44.0,316.2277660168389,4.230505368864877,46.105408161710336
45.0,316.2277660168389,4.2432240217081505,46.15381114491855
46.0,316.2277660168389,4.255663211973149,46.200595106559426
47.0,316.2277660168389,4.26781120072144,46.24573590322911
48.0,316.2277660168389,4.279657613311643,46.28921672395363
49.0,316.2277660168389,4.291193418209475,46.33102775789189
50.0,316.2277660168389,4.302410900283353,46.3711658385467
51.0,316.2277660168389,4.313303628992535,46.40963406842452
52.0,316.2277660168389,4.323866421890486,46.44644142802103
53.0,316.2277660168389,4.334095303877722,46.48160237291241
54.0,316.2277660168389,4.343987462646125,46.51513642260398
55.0,316.2277660168389,4.353541200760677,46.54706774463225
56.0,316.2277660168389,4.3627558848248755,46.57742473723686
57.0,316.2277660168389,4.371631892172958,46.606239613718294
58.0,316.2277660168389,4.38017055552571,46.63354799138003
59.0,316.2277660168389,4.388374106037231,46.659388487722424
60.0,316.2277660168389,4.396245615147834,46.68380232631441
61.0,316.2277660168389,4.403788935643607,46.70683295452049
62.0,316.2277660168389,4.411008642306153,46.72852567500891
63.0,316.2277660168389,4.417909972517108,46.74892729271332
64.0,316.2277660168389,4.42449876716135,46.7680857786701
65.0,316.2277660168389,4.430781412150747,46.786049951906726
66.0,316.2277660168389,4.436764780866981,46.80286918031749
67.0,316.2277660168389,4.442456177797887,46.8185931012324
68.0,316.2277660168389,4.447863283616908,46.83327136216555
69.0,316.2277660168389,4.452994101930152,46.846953382021916
70.0,316.2277660168389,4.457856907890175,46.85968813284812
71.0,316.2277660168389,4.462460198850465,46.87152394203331
72.0,316.2277660168389,4.466812647209603,46.88250831470304
73.0,316.2277660168389,4.4709230555697355,46.89268777590088
74.0,316.2277660168389,4.474800314310145,46.90210773202131
75.0,316.2277660168389,4.478453361653857,46.910812350841525
76.0,316.2277660168389,4.4818911462831945,46.918844459400944
77.0,316.2277660168389,4.485122592539363,46.92624545889346
78.0,316.2277660168389,4.48815656822146,46.933055255669096
79.0,316.2277660168389,4.491001854981892,46.93931220738852
80.0,316.2277660168389,4.493667121298138,46.9450530833338
81.0,316.2277660168389,4.496160897985148,46.95031303785256
82.0,316.2277660168389,4.4984915561983945,46.95512559589827
83.0,316.2277660168389,4.500667287864832,46.95952264962595
84.0,316.2277660168389,4.50269608846765,46.963534465010255
85.0,316.2277660168389,4.504585742100773,46.967189697468186
86.0,316.2277660168389,4.506343808700553,46.97051541549386
87.0,316.2277660168389,4.5079776133549405,46.973537131343335
88.0,316.2277660168389,4.509494237584595,46.976278837845214
89.0,316.2277660168389,4.510900512485802,46.978763050455015
90.0,316.2277660168389,4.512203013621752,46.98101085371754
91.0,316.2277660168389,4.513408057546447,46.98304195135135
92.0,316.2277660168389,4.514521699844368,46.984874719220926
93.0,316.2277660168389,4.515549734568844,46.98652626051576
94.0,316.2277660168389,4.51649769496275,46.988012462509744
95.0,316.2277660168389,4.517370855346716,46.98934805432827
96.0,316.2277660168389,4.518174234062267,46.99054666520466
97.0,316.2277660168389,4.518912597360256,46.991620882760046
98.0,316.2277660168389,4.519590464128399,46.992582310892374
99.0,316.2277660168389,4.520212111355725,46.99344162690983
100.0,316.2277660168389,4.520781580236133,46.99420863759131
-100.0,354.81338923357674,4.821594630474349,46.894401683004936
-99.0,354.81338923357674,4.8209872691039175,46.89366023934617
-98.0,354.81338923357674,4.820324257436548,46.89282956719596
-97.0,354.81338923357674,4.819601285377083,46.891900186668046
-96.0,354.81338923357674,4.818813791345412,46.89086177636451
-95.0,354.81338923357674,4.817956955766786,46.88970311918399
-94.0,354.81338923357674,4.817025695243766,46.88841204709275
-93.0,354.81338923357674,4.816014657514109,46.886975385165236
-92.0,354.81338923357674,4.814918217303605,46.885378895246895
-91.0,354.81338923357674,4.813730473187102,46.88360721963964
-90.0,354.81338923357674,4.812445245574647,46.88164382526029
-89.0,354.81338923357674,4.811056075942842,46.879470948773175
-88.0,354.81338923357674,4.809556227433842,46.87706954325038
-87.0,354.81338923357674,4.807938686946128,46.87441922696522
-86.0,354.81338923357674,4.806196168841896,46.871498234977395
-85.0,354.81338923357674,4.804321120395723,46.868283374219246
-84.0,354.81338923357674,4.802305729107908,46.86474998284324
-83.0,354.81338923357674,4.800141932003527,46.86087189463842
-82.0,354.81338923357674,4.797821427034627,46.85662140936832
-81.0,354.81338923357674,4.795335686698135,46.85196926992414
-80.0,354.81338923357674,4.792675973975837,46.846884647222666
-79.0,354.81338923357674,4.78983336069512,46.841335133808904
-78.0,354.81338923357674,4.786798748400151,46.835286747146796
-77.0,354.81338923357674,4.783562891812488,46.82870394359701
-76.0,354.81338923357674,4.780116424948103,46.82154964408758
-75.0,354.81338923357674,4.776449889944066,46.81378527248014
-74.0,354.81338923357674,4.772553768633028,46.8053708076206
-73.0,354.81338923357674,4.768418516886858,46.79626485003752
-72.0,354.81338923357674,4.764034601732693,46.78642470421293
-71.0,354.81338923357674,4.759392541224929,46.77580647729887
-70.0,354.81338923357674,4.754482947035801,46.76436519508651
-69.0,354.81338923357674,4.749296569704857,46.75205493595452
-68.0,354.81338923357674,4.743824346464249,46.7388289834267
-67.0,354.81338923357674,4.738057451532325,46.72463999785799
-66.0,354.81338923357674,4.731987348742595,46.70944020764024
-65.0,354.81338923357674,4.72560584634919,46.693181620176496
-64.0,354.81338923357674,4.718905153823259,46.67581625271443
-63.0,354.81338923357674,4.711877940427933,46.65729638295621
-62.0,354.81338923357674,4.7045173953324255,46.63757481917528
-61.0,354.81338923357674,4.696817288999061,46.61660518936981
-60.0,354.81338923357674,4.6887720355505484,46.59434224877059
-59.0,354.81338923357674,4.68037675579907,46.57074220479834
-58.0,354.81338923357674,4.671627340593944,46.545763058334025
-57.0,354.81338923357674,4.66252051412105,46.519364959927685
-56.0,354.81338923357674,4.65305389676518,46.49151057932897
-55.0,354.81338923357674,4.643226067126233,46.46216548647784
-54.0,354.81338923357674,4.633036622762129,46.431298541850516
-53.0,354.81338923357674,4.6224862392156085,46.39888229381533
-52.0,354.81338923357674,4.611576726869109,46.36489338042033
-51.0,354.81338923357674,4.600311085161882,46.32931293281037
-50.0,354.81338923357674,4.588693553696745,46.292126977261816
-49.0,354.81338923357674,4.576729659760504,46.25332683262883
-48.0,354.81338923357674,4.564426261782431,46.21290949982185
-47.0,354.81338923357674,4.551791588259381,46.17087803978814
-46.0,354.81338923357674,4.5388352716844125,46.12724193634078
-45.0,354.81338923357674,4.525568377028106,46.08201744008793
-44.0,354.81338923357674,4.512003424338489,46.03522788965333
-43.0,354.81338923357674,4.498154405046376,45.98690400635235
-42.0,354.81338923357674,4.484036791588249,45.93708415850048
-41.0,354.81338923357674,4.4696675399883254,45.88581459158227
-40.0,354.81338923357674,4.455065085075294,45.83314962060282
-39.0,354.81338923357674,4.440249328047023,45.77915178108005
-38.0,354.81338923357674,4.425241616138413,45.72389193531637
-37.0,354.81338923357674,4.410064714193059,45.66744933081236
-36.0,354.81338923357674,4.394742767988403,45.60991160795347
-35.0,354.81338923357674,4.3793012592162155,45.551374754411235
-34.0,354.81338923357674,4.36376695207519,45.49194300405317
-33.0,354.81338923357674,4.348167831489822,45.431728678547195
-32.0,354.81338923357674,4.332533033029133,45.370851970275154
-31.0,354.81338923357674,4.316892764659684,45.30944066563215
-30.0,354.81338923357674,4.301278220529245,45.24762980828032
-29.0,354.81338923357674,4.285721487039955,45.18556130244329
-28.0,354.81338923357674,4.270255441532167,45.12338345686519
-27.0,354.81338923357674,4.254913643962004,45.061250470611604
-26.0,354.81338923357674,4.239730222016215,44.99932186245216
-25.0,354.81338923357674,4.224739750166841,44.93776184613098
-24.0,354.81338923357674,4.209977123224639,44.87673865439401
-23.0,354.81338923357674,4.195477425003858,44.81642381519618
-22.0,354.81338923357674,4.181275792760966,44.75699138404906
-21.0,354.81338923357674,4.167407278114918,44.698617136984154
-20.0,354.81338923357674,4.15390670518483,44.64147772909293
-19.5,354.81338923357674,4.147305181795202,44.61342632120592
-19.0,354.81338923357674,4.140808526579863,44.58574982405394
-18.5,354.81338923357674,4.1344209640297,44.55847017530276
-18.0,354.81338923357674,4.128146676671003,44.531609200465475
-17.5,354.81338923357674,4.121989799408022,44.505188584144705
-17.0,354.81338923357674,4.1159544119839895,44.479229841161775
-16.5,354.81338923357674,4.11004452665042,44.453754287626
-16.0,354.81338923357674,4.104264064106135,44.428783011997986
-15.5,354.81338923357674,4.09861680184182,44.40433684620134
-15.0,354.81338923357674,4.093106260131862,44.380436336837754
-14.5,354.81338923357674,4.08773545278862,44.35710171656081
-14.0,354.81338923357674,4.0825063566609625,44.334352875663896
-13.5,354.81338923357674,4.077418821015363,44.312209333937844
-13.0,354.81338923357674,4.072468410626,44.290690212853804
-12.5,354.81338923357674,4.067642312801093,44.26981420812659
-12.0,354.81338923357674,4.062911901418663,44.249599562713435
-11.5,354.81338923357674,4.058219833384507,44.23006404030266
-11.0,354.81338923357674,4.05345872223153,44.211224899345915
-10.5,354.81338923357674,4.048437692289631,44.19309886768725
-10.0,354.81338923357674,4.042832864583821,44.17570211784092
-9.5,354.81338923357674,4.03611868924441,44.159050242969165
-9.0,354.81338923357674,4.0274798176411695,44.143158233609775
-8.5,354.81338923357674,4.0157086710764665,44.12804045520205
-8.0,354.81338923357674,3.9991023718684113,44.113710626458264
-7.5,354.81338923357674,3.97538367867531,44.100181798626274
-7.0,354.81338923357674,3.941681968841686,44.08746633568696
-6.5,354.81338923357674,3.8946183839767228,44.075575895528786
-6.0,354.81338923357674,3.8305389121490268,44.06452141213933
-5.5,354.81338923357674,3.7459252496331614,44.054313078852076
-5.0,354.81338923357674,3.6379826157474455,44.04496033268432
-4.5,354.81338923357674,3.505357609350163,44.03647183979977
-4.0,354.81338923357674,3.3488853256687987,44.02885548212741
-3.5,354.81338923357674,3.1722172554559025,44.02211834516529
-3.0,354.81338923357674,2.9821575789216364,44.016266706995864
-2.5,354.81338923357674,2.788551295666482,44.01130602853666
-2.0,354.81338923357674,2.6036308687055763,44.007240945047364
-1.5,354.81338923357674,2.4408326425505265,44.004075258911996
-1.0,354.81338923357674,2.313218877285308,44.001811933711735
-0.5,354.81338923357674,2.2317532775954514,44.00045308960145
0.0,354.81338923357674,2.2037429578421293,44.0
0.5,354.81338923357674,2.2317532775954514,44.00045308960145
1.0,354.81338923357674,2.313218877285308,44.001811933711735
1.5,354.81338923357674,2.4408326425505265,44.004075258911996
2.0,354.81338923357674,2.6036308687055763,44.007240945047364
2.5,354.81338923357674,2.788551295666482,44.01130602853666
3.0,354.81338923357674,2.9821575789216364,44.016266706995864
3.5,354.81338923357674,3.1722172554559025,44.02211834516529
4.0,354.81338923357674,3.3488853256687987,44.02885548212741
4.5,354.81338923357674,3.505357609350163,44.03647183979977
5.0,354.81338923357674,3.6379826157474455,44.04496033268432
5.5,354.81338923357674,3.7459252496331614,44.054313078852076
6.0,354.81338923357674,3.8305389121490268,44.06452141213933
6.5,354.81338923357674,3.8946183839767228,44.075575895528786
7.0,354.81338923357674,3.941681968841686,44.08746633568696
7.5,354.81338923357674,3.97538367867531,44.100181798626274
8.0,354.81338923357674,3.9991023718684113,44.113710626458264
8.5,354.81338923357674,4.0157086710764665,44.12804045520205
9.0,354.81338923357674,4.0274798176411695,44.143158233609775
9.5,354.81338923357674,4.03611868924441,44.159050242969165
10.0,354.81338923357674,4.042832864583821,44.17570211784092
10.5,354.81338923357674,4.048437692289631,44.19309886768725
11.0,354.81338923357674,4.05345872223153,44.211224899345915
11.5,354.81338923357674,4.058219833384507,44.23006404030266
12.0,354.81338923357674,4.062911901418663,44.249599562713435
12.5,354.81338923357674,4.067642312801093,44.26981420812659
13.0,354.81338923357674,4.072468410626,44.290690212853804
13.5,354.81338923357674,4.077418821015363,44.312209333937844
14.0,354.81338923357674,4.0825063566609625,44.334352875663896
14.5,354.81338923357674,4.08773545278862,44.35710171656081
15.0,354.81338923357674,4.093106260131862,44.380436336837754
15.5,354.81338923357674,4.09861680184182,44.40433684620134
16.0,354.81338923357674,4.104264064106135,44.428783011997986
16.5,354.81338923357674,4.11004452665042,44.453754287626
17.0,354.81338923357674,4.1159544119839895,44.479229841161775
17.5,354.81338923357674,4.121989799408022,44.505188584144705
18.0,354.81338923357674,4.128146676671003,44.531609200465475
18.5,354.81338923357674,4.1344209640297,44.55847017530276
19.0,354.81338923357674,4.140808526579863,44.58574982405394
19.5,354.81338923357674,4.147305181795202,44.61342632120592
20.0,354.81338923357674,4.15390670518483,44.64147772909293
21.0,354.81338923357674,4.167407278114918,44.698617136984154
22.0,354.81338923357674,4.181275792760966,44.75699138404906
23.0,354.81338923357674,4.195477425003858,44.81642381519618
24.0,354.81338923357674,4.209977123224639,44.87673865439401
25.0,354.81338923357674,4.224739750166841,44.93776184613098
26.0,354.81338923357674,4.239730222016215,44.99932186245216
27.0,354.81338923357674,4.254913643962004,45.061250470611604
28.0,354.81338923357674,4.270255441532167,45.12338345686519
29.0,354.81338923357674,4.285721487039955,45.18556130244329
30.0,354.81338923357674,4.301278220529245,45.24762980828032
31.0,354.81338923357674,4.316892764659684,45.30944066563215
32.0,354.81338923357674,4.332533033029133,45.370851970275154
33.0,354.81338923357674,4.348167831489822,45.431728678547195
34.0,354.81338923357674,4.36376695207519,45.49194300405317
35.0,354.81338923357674,4.3793012592162155,45.551374754411235
36.0,354.81338923357674,4.394742767988403,45.60991160795347
37.0,354.81338923357674,4.410064714193059,45.66744933081236
38.0,354.81338923357674,4.425241616138413,45.72389193531637
39.0,354.81338923357674,4.440249328047023,45.77915178108005
40.0,354.81338923357674,4.455065085075294,45.83314962060282
41.0,354.81338923357674,4.4696675399883254,45.88581459158227
42.0,354.81338923357674,4.484036791588249,45.93708415850048
43.0,354.81338923357674,4.498154405046376,45.98690400635235
44.0,354.81338923357674,4.512003424338489,46.03522788965333
45.0,354.81338923357674,4.525568377028106,46.08201744008793
46.0,354.81338923357674,4.5388352716844125,46.12724193634078
47.0,354.81338923357674,4.551791588259381,46.17087803978814
48.0,354.81338923357674,4.564426261782431,46.21290949982185
49.0,354.81338923357674,4.576729659760504,46.25332683262883
50.0,354.81338923357674,4.588693553696745,46.292126977261816
51.0,354.81338923357674,4.600311085161882,46.32931293281037
52.0,354.81338923357674,4.611576726869109,46.36489338042033
53.0,354.81338923357674,4.6224862392156085,46.39888229381533
54.0,354.81338923357674,4.633036622762129,46.431298541850516
55.0,354.81338923357674,4.643226067126233,46.46216548647784
56.0,354.81338923357674,4.65305389676518,46.49151057932897
57.0,354.81338923357674,4.66252051412105,46.519364959927685
58.0,354.81338923357674,4.671627340593944,46.545763058334025
59.0,354.81338923357674,4.68037675579907,46.57074220479834
60.0,354.81338923357674,4.6887720355505484,46.59434224877059
61.0,354.81338923357674,4.696817288999061,46.61660518936981
62.0,354.81338923357674,4.7045173953324255,46.63757481917528
63.0,354.81338923357674,4.711877940427933,46.65729638295621
64.0,354.81338923357674,4.718905153823259,46.67581625271443
65.0,354.81338923357674,4.72560584634919,46.693181620176496
66.0,354.81338923357674,4.731987348742595,46.70944020764024
67.0,354.81338923357674,4.738057451532325,46.72463999785799
68.0,354.81338923357674,4.743824346464249,46.7388289834267
69.0,354.81338923357674,4.749296569704857,46.75205493595452
70.0,354.81338923357674,4.754482947035801,46.76436519508651
71.0,354.81338923357674,4.759392541224929,46.77580647729887
72.0,354.81338923357674,4.764034601732693,46.78642470421293
73.0,354.81338923357674,4.768418516886858,46.79626485003752
74.0,354.81338923357674,4.772553768633028,46.8053708076206
75.0,354.81338923357674,4.776449889944066,46.81378527248014
76.0,354.81338923357674,4.780116424948103,46.82154964408758
77.0,354.81338923357674,4.783562891812488,46.82870394359701
78.0,354.81338923357674,4.786798748400151,46.835286747146796
79.0,354.81338923357674,4.78983336069512,46.841335133808904
80.0,354.81338923357674,4.792675973975837,46.846884647222666
81.0,354.81338923357674,4.795335686698135,46.85196926992414
82.0,354.81338923357674,4.797821427034627,46.85662140936832
83.0,354.81338923357674,4.800141932003527,46.86087189463842
84.0,354.81338923357674,4.802305729107908,46.86474998284324
85.0,354.81338923357674,4.804321120395723,46.868283374219246
86.0,354.81338923357674,4.806196168841896,46.871498234977395
87.0,354.81338923357674,4.807938686946128,46.87441922696522
88.0,354.81338923357674,4.809556227433842,46.87706954325038
89.0,354.81338923357674,4.811056075942842,46.879470948773175
90.0,354.81338923357674,4.812445245574647,46.88164382526029
91.0,354.81338923357674,4.813730473187102,46.88360721963964
92.0,354.81338923357674,4.814918217303605,46.885378895246895
93.0,354.81338923357674,4.816014657514109,46.886975385165236
94.0,354.81338923357674,4.817025695243766,46.88841204709275
95.0,354.81338923357674,4.817956955766786,46.88970311918399
96.0,354.81338923357674,4.818813791345412,46.89086177636451
97.0,354.81338923357674,4.819601285377083,46.891900186668046
98.0,354.81338923357674,4.820324257436548,46.89282956719596
99.0,354.81338923357674,4.8209872691039175,46.89366023934617
100.0,354.81338923357674,4.821594630474349,46.894401683004936
-100.0,398.1071705534986,5.134281208027934,46.79459472841856
-99.0,398.1071705534986,5.133634458495947,46.79387885178251
-98.0,398.1071705534986,5.132928449674101,46.79307682349955
-97.0,398.1071705534986,5.132158591952057,46.792179490576046
-96.0,398.1071705534986,5.1313200279253985,46.79117688752435
-95.0,398.1071705534986,5.130407625463794,46.790058184039715
-94.0,398.1071705534986,5.129415971504976,46.78881163167576
-93.0,398.1071705534986,5.128339366685654,46.78742450981471
-92.0,398.1071705534986,5.127171820925391,46.78588307127286
-91.0,398.1071705534986,5.125907050084067,46.784172487927925
-90.0,398.1071705534986,5.124538473817419,46.78227679680304
-89.0,398.1071705534986,5.123059214758547,46.78017884709134
-88.0,398.1071705534986,5.121462099155759,46.777860248655536
-87.0,398.1071705534986,5.1197396590989355,46.77530132258711
-86.0,398.1071705534986,5.117884136467344,46.77248105446093
-85.0,398.1071705534986,5.1158874887316586,46.769377050970306
-84.0,398.1071705534986,5.113741396741583,46.76596550067624
-83.0,398.1071705534986,5.111437274627959,46.76222113965089
-82.0,398.1071705534986,5.108966281944406,46.75811722283838
-81.0,398.1071705534986,5.106319338168373,46.75362550199573
-80.0,398.1071705534986,5.103487139674842,46.74871621111154
-79.0,398.1071705534986,5.100460179287789,46.74335806022928
-78.0,398.1071705534986,5.097228768504883,46.73751823862449
-77.0,398.1071705534986,5.093783062479557,46.731162428300564
-76.0,398.1071705534986,5.090113087831737,46.724254828774214
-75.0,398.1071705534986,5.086208773343991,46.71675819411875
-74.0,398.1071705534986,5.082059983583641,46.70863388321989
-73.0,398.1071705534986,5.0776565554736495,46.69984192417415
-72.0,398.1071705534986,5.072988337815665,46.690341093722836
-71.0,398.1071705534986,5.068045233747791,46.68008901256442
-70.0,398.1071705534986,5.0628172460971985,46.66904225732491
-69.0,398.1071705534986,5.057294525564097,46.65715648988712
-68.0,398.1071705534986,5.0514674216485576,46.644386604687845
-67.0,398.1071705534986,5.045326536205698,46.630686894483574
-66.0,398.1071705534986,5.038862779487717,46.61601123496299
-65.0,398.1071705534986,5.0320674285035505,46.60031328844627
-64.0,398.1071705534986,5.02493218749859,46.583546726758755
-63.0,398.1071705534986,5.017449250328305,46.5656654731991
-62.0,398.1071705534986,5.009611364470822,46.54662396334165
-61.0,398.1071705534986,5.001411896394983,46.52637742421913
-60.0,398.1071705534986,4.992844897972211,46.504882171226775
-59.0,398.1071705534986,4.9839051735931195,46.48209592187427
-58.0,398.1071705534986,4.974588347623348,46.45797812528802
-57.0,398.1071705534986,4.964890931808044,46.432490306137076
-56.0,398.1071705534986,4.9548103922109075,46.40559642142107
-55.0,398.1071705534986,4.944345215252224,46.377263228323436
-54.0,398.1071705534986,4.933494972391032,46.347460661097045
-53.0,398.1071705534986,4.922260382979882,46.31616221471825
-52.0,398.1071705534986,4.910643374806827,46.28334533281963
-51.0,398.1071705534986,4.898647141828588,46.24899179719622
-50.0,398.1071705534986,4.886276198591649,46.21308811597692
-49.0,398.1071705534986,4.873536430834435,46.17562590736576
-48.0,398.1071705534986,4.860435141764123,46.13660227569006
-47.0,398.1071705534986,4.846981093506113,46.096020176347174
-46.0,398.1071705534986,4.833184543232956,46.05388876612213
-45.0,398.1071705534986,4.819057273492724,46.01022373525731
-44.0,398.1071705534986,4.804612616274572,45.96504761759631
-43.0,398.1071705534986,4.789865470371493,45.91839007509882
-42.0,398.1071705534986,4.774832311627258,45.87028815303495
-41.0,398.1071705534986,4.759531195685943,45.820786502217366
-40.0,398.1071705534986,4.743981752898448,45.76993756471996
-39.0,398.1071705534986,4.728205175080774,45.7178017196635
-38.0,398.1071705534986,4.712224193863302,45.6644473858227
-37.0,398.1071705534986,4.696063050418846,45.60995107802572
-36.0,398.1071705534986,4.679747456409392,45.55439741457576
-35.0,398.1071705534986,4.6633045460470095,45.49787907322464
-34.0,398.1071705534986,4.646762819222899,45.440496693568576
-33.0,398.1071705534986,4.630152075719699,45.38235872411453
-32.0,398.1071705534986,4.613503340585339,45.323581212679464
-31.0,398.1071705534986,4.596848780811642,45.26428753923104
-30.0,398.1071705534986,4.580221613526748,45.20460809075342
-29.0,398.1071705534986,4.563656005977011,45.144679878221105
-28.0,398.1071705534986,4.5471869676403465,45.084646096283635
-27.0,398.1071705534986,4.530850234878947,45.02465562679741
-26.0,398.1071705534986,4.51468214860369,44.964862487884844
-25.0,398.1071705534986,4.498719525485343,44.905425230747156
-24.0,398.1071705534986,4.48299952330776,44.84650628700111
-23.0,398.1071705534986,4.467559501115411,44.78827126984459
-22.0,398.1071705534986,4.452436874860779,44.73088823287495
-21.0,398.1071705534986,4.437668969305132,44.67452689088125
-20.0,398.1071705534986,4.42329286695624,44.619357807400064
-19.5,398.1071705534986,4.416263226332889,44.5922736894402
-19.0,398.1071705534986,4.409345254719029,44.56555155425898
-18.5,398.1071705534986,4.4025434505691905,44.53921258305094
-18.0,398.1071705534986,4.395862267651838,44.51327784872529
-17.5,398.1071705534986,4.38930610902505,44.48776828813972
-17.0,398.1071705534986,4.382879319008626,44.46270467422516
-16.5,398.1071705534986,4.37658617005372,44.43810758805269
-16.0,398.1071705534986,4.370430837121488,44.41399739089461
-15.5,398.1071705534986,4.364417342677717,44.39039419633232
-15.0,398.1071705534986,4.358549435291087,44.36731784246404
-14.5,398.1071705534986,4.352830324223546,44.34478786426561
-14.0,398.1071705534986,4.347262114525137,44.32282346615825
-13.5,398.1071705534986,4.341844645687073,44.30144349483654
-13.0,398.1071705534986,4.3365731948534645,44.28066641241057
-12.5,398.1071705534986,4.331434118413085,44.26051026991533
-12.0,398.1071705534986,4.326396933803342,44.24099268124056
-11.5,398.1071705534986,4.321400579157039,44.2221307975336
-11.0,398.1071705534986,4.31633070385737,44.20394128212709
-10.5,398.1071705534986,4.310984053702938,44.18644028604286
-10.0,398.1071705534986,4.305015745753054,44.16964342412227
-9.5,398.1071705534986,4.297866147556917,44.153565751832296
-9.0,398.1071705534986,4.288667034082976,44.13822174279564
-8.5,398.1071705534986,4.276132513610824,44.123625267091626
-8.0,398.1071705534986,4.258449274663294,44.10978957037349
-7.5,398.1071705534986,4.233192393885587,44.096727253846055
-7.0,398.1071705534986,4.19730508507212,44.08445025514603
-6.5,398.1071705534986,4.147189366544609,44.072969830165725
-6.0,398.1071705534986,4.0789542590252275,44.06229653585866
-5.5,398.1071705534986,3.988853292292799,44.05244021406407
-5.0,398.1071705534986,3.8739104405645213,44.04340997638486
-4.5,398.1071705534986,3.732684532903934,44.03521419015151
-4.0,398.1071705534986,3.5660648215319295,44.02786046550233
-3.5,398.1071705534986,3.377939601045819,44.02135564360786
-3.0,398.1071705534986,3.175554311443456,44.01570578606498
-2.5,398.1071705534986,2.969392413139019,44.01091616548367
-2.0,398.1071705534986,2.772479660016827,44.00699125728711
-1.5,398.1071705534986,2.599123760712218,44.003934732742614
-1.0,398.1071705534986,2.4632340795793937,44.001749453238915
-0.5,398.1071705534986,2.3764853315729257,44.000437465822095
0.0,398.1071705534986,2.346658506764515,44.0
0.5,398.1071705534986,2.3764853315729257,44.000437465822095
1.0,398.1071705534986,2.4632340795793937,44.001749453238915
1.5,398.1071705534986,2.599123760712218,44.003934732742614
2.0,398.1071705534986,2.772479660016827,44.00699125728711
2.5,398.1071705534986,2.969392413139019,44.01091616548367
3.0,398.1071705534986,3.175554311443456,44.01570578606498
3.5,398.1071705534986,3.377939601045819,44.02135564360786
4.0,398.1071705534986,3.5660648215319295,44.02786046550233
4.5,398.1071705534986,3.732684532903934,44.03521419015151
5.0,398.1071705534986,3.8739104405645213,44.04340997638486
5.5,398.1071705534986,3.988853292292799,44.05244021406407
6.0,398.1071705534986,4.0789542590252275,44.06229653585866
6.5,398.1071705534986,4.147189366544609,44.072969830165725
7.0,398.1071705534986,4.19730508507212,44.08445025514603
7.5,398.1071705534986,4.233192393885587,44.096727253846055
8.0,398.1071705534986,4.258449274663294,44.10978957037349
8.5,398.1071705534986,4.276132513610824,44.123625267091626
9.0,398.1071705534986,4.288667034082976,44.13822174279564
9.5,398.1071705534986,4.297866147556917,44.153565751832296
10.0,398.1071705534986,4.305015745753054,44.16964342412227
10.5,398.1071705534986,4.310984053702938,44.18644028604286
11.0,398.1071705534986,4.31633070385737,44.20394128212709
11.5,398.1071705534986,4.321400579157039,44.2221307975336
12.0,398.1071705534986,4.326396933803342,44.24099268124056
12.5,398.1071705534986,4.331434118413085,44.26051026991533
13.0,398.1071705534986,4.3365731948534645,44.28066641241057
13.5,398.1071705534986,4.341844645687073,44.30144349483654
14.0,398.1071705534986,4.347262114525137,44.32282346615825
14.5,398.1071705534986,4.352830324223546,44.34478786426561
15.0,398.1071705534986,4.358549435291087,44.36731784246404
15.5,398.1071705534986,4.364417342677717,44.39039419633232
16.0,398.1071705534986,4.370430837121488,44.41399739089461
16.5,398.1071705534986,4.37658617005372,44.43810758805269
17.0,398.1071705534986,4.382879319008626,44.46270467422516
17.5,398.1071705534986,4.38930610902505,44.48776828813972
18.0,398.1071705534986,4.395862267651838,44.51327784872529
18.5,398.1071705534986,4.4025434505691905,44.53921258305094
19.0,398.1071705534986,4.409345254719029,44.56555155425898
19.5,398.1071705534986,4.416263226332889,44.5922736894402
20.0,398.1071705534986,4.42329286695624,44.619357807400064
21.0,398.1071705534986,4.437668969305132,44.67452689088125
22.0,398.1071705534986,4.452436874860779,44.73088823287495
23.0,398.1071705534986,4.467559501115411,44.78827126984459
24.0,398.1071705534986,4.48299952330776,44.84650628700111
25.0,398.1071705534986,4.498719525485343,44.905425230747156
26.0,398.1071705534986,4.51468214860369,44.964862487884844
27.0,398.1071705534986,4.530850234878947,45.02465562679741
28.0,398.1071705534986,4.5471869676403465,45.084646096283635
29.0,398.1071705534986,4.563656005977011,45.144679878221105
30.0,398.1071705534986,4.580221613526748,45.20460809075342
31.0,398.1071705534986,4.596848780811642,45.26428753923104
32.0,398.1071705534986,4.613503340585339,45.323581212679464
33.0,398.1071705534986,4.630152075719699,45.38235872411453
34.0,398.1071705534986,4.646762819222899,45.440496693568576
35.0,398.1071705534986,4.6633045460470095,45.49787907322464
36.0,398.1071705534986,4.679747456409392,45.55439741457576
37.0,398.1071705534986,4.696063050418846,45.60995107802572
38.0,398.1071705534986,4.712224193863302,45.6644473858227
39.0,398.1071705534986,4.728205175080774,45.7178017196635
40.0,398.1071705534986,4.743981752898448,45.76993756471996
41.0,398.1071705534986,4.759531195685943,45.820786502217366
42.0,398.1071705534986,4.774832311627258,45.87028815303495
43.0,398.1071705534986,4.789865470371493,45.91839007509882
44.0,398.1071705534986,4.804612616274572,45.96504761759631
45.0,398.1071705534986,4.819057273492724,46.01022373525731
46.0,398.1071705534986,4.833184543232956,46.05388876612213
47.0,398.1071705534986,4.846981093506113,46.096020176347174
48.0,398.1071705534986,4.860435141764123,46.13660227569006
49.0,398.1071705534986,4.873536430834435,46.17562590736576
50.0,398.1071705534986,4.886276198591649,46.21308811597692
51.0,398.1071705534986,4.898647141828588,46.24899179719622
52.0,398.1071705534986,4.910643374806827,46.28334533281963
53.0,398.1071705534986,4.922260382979882,46.31616221471825
54.0,398.1071705534986,4.933494972391032,46.347460661097045
55.0,398.1071705534986,4.944345215252224,46.377263228323436
56.0,398.1071705534986,4.9548103922109075,46.40559642142107
57.0,398.1071705534986,4.964890931808044,46.432490306137076
58.0,398.1071705534986,4.974588347623348,46.45797812528802
59.0,398.1071705534986,4.9839051735931195,46.48209592187427
60.0,398.1071705534986,4.992844897972211,46.504882171226775
61.0,398.1071705534986,5.001411896394983,46.52637742421913
62.0,398.1071705534986,5.009611364470822,46.54662396334165
63.0,398.1071705534986,5.017449250328305,46.5656654731991
64.0,398.1071705534986,5.02493218749859,46.583546726758755
65.0,398.1071705534986,5.0320674285035505,46.60031328844627
66.0,398.1071705534986,5.038862779487717,46.61601123496299
67.0,398.1071705534986,5.045326536205698,46.630686894483574
68.0,398.1071705534986,5.0514674216485576,46.644386604687845
69.0,398.1071705534986,5.057294525564097,46.65715648988712
70.0,398.1071705534986,5.0628172460971985,46.66904225732491
71.0,398.1071705534986,5.068045233747791,46.68008901256442
72.0,398.1071705534986,5.072988337815665,46.690341093722836
73.0,398.1071705534986,5.0776565554736495,46.69984192417415
74.0,398.1071705534986,5.082059983583641,46.70863388321989
75.0,398.1071705534986,5.086208773343991,46.71675819411875
76.0,398.1071705534986,5.090113087831737,46.724254828774214
77.0,398.1071705534986,5.093783062479557,46.731162428300564
78.0,398.1071705534986,5.097228768504883,46.73751823862449
79.0,398.1071705534986,5.100460179287789,46.74335806022928
80.0,398.1071705534986,5.103487139674842,46.74871621111154
81.0,398.1071705534986,5.106319338168373,46.75362550199573
82.0,398.1071705534986,5.108966281944406,46.75811722283838
83.0,398.1071705534986,5.111437274627959,46.76222113965089
84.0,398.1071705534986,5.113741396741583,46.76596550067624
85.0,398.1071705534986,5.1158874887316586,46.769377050970306
86.0,398.1071705534986,5.117884136467344,46.77248105446093
87.0,398.1071705534986,5.1197396590989355,46.77530132258711
88.0,398.1071705534986,5.121462099155759,46.777860248655536
89.0,398.1071705534986,5.123059214758547,46.78017884709134
90.0,398.1071705534986,5.124538473817419,46.78227679680304
91.0,398.1071705534986,5.125907050084067,46.784172487927925
92.0,398.1071705534986,5.127171820925391,46.78588307127286
93.0,398.1071705534986,5.128339366685654,46.78742450981471
94.0,398.1071705534986,5.129415971504976,46.78881163167576
95.0,398.1071705534986,5.130407625463794,46.790058184039715
96.0,398.1071705534986,5.1313200279253985,46.79117688752435
97.0,398.1071705534986,5.132158591952057,46.792179490576046
98.0,398.1071705534986,5.132928449674101,46.79307682349955
99.0,398.1071705534986,5.133634458495947,46.79387885178251
100.0,398.1071705534986,5.134281208027934,46.79459472841856
-100.0,446.6835921509644,5.458916956780627,46.69478777383218
-99.0,446.6835921509644,5.458229313886927,46.69409746421885
-98.0,446.6835921509644,5.457478664794473,46.69332407980313
-97.0,446.6835921509644,5.4566601296962,46.69245879448405
-96.0,446.6835921509644,5.455768544058602,46.6914919986842
-95.0,446.6835921509644,5.454798451251594,46.69041324889544
-94.0,446.6835921509644,5.453744095950099,46.68921121625877
-93.0,446.6835921509644,5.452599418425471,46.68787363446419
-92.0,446.6835921509644,5.451358049850149,46.68638724729883
-91.0,446.6835921509644,5.4500133087437685,46.684737756216215
-90.0,446.6835921509644,5.448558198693122,46.68290976834579
-89.0,446.6835921509644,5.446985407481896,46.68088674540951
-88.0,446.6835921509644,5.445287307768861,46.67865095406069
-87.0,446.6835921509644,5.443455959454994,46.676183418209
-86.0,446.6835921509644,5.441483113880925,46.67346387394447
-85.0,446.6835921509644,5.439360219995796,46.670470727721366
-84.0,446.6835921509644,5.4370784326373025,46.667181018509226
-83.0,446.6835921509644,5.43462862305989,46.66357038466336
-82.0,446.6835921509644,5.432001391844109,46.659613036308436
-81.0,446.6835921509644,5.42918708431455,46.65528173406731
-80.0,446.6835921509644,5.426175808586774,46.65054777500041
-79.0,446.6835921509644,5.422957456355005,46.64538098664967
-78.0,446.6835921509644,5.419521726522064,46.63974973010219
-77.0,446.6835921509644,5.415858151761039,46.633620913004115
-76.0,446.6835921509644,5.41195612808446,46.62696001346085
-75.0,446.6835921509644,5.407804947481334,46.61973111575737
-74.0,446.6835921509644,5.403393833665154,46.61189695881918
-73.0,446.6835921509644,5.398711980957122,46.603418998310794
-72.0,446.6835921509644,5.393748596308212,46.59425748323273
-71.0,446.6835921509644,5.38849294444149,46.58437154782998
-70.0,446.6835921509644,5.382934396072336,46.57371931956331
-69.0,446.6835921509644,5.377062479139044,46.562258043819725
-68.0,446.6835921509644,5.370866932949691,46.54994422594899
-67.0,446.6835921509644,5.364337765123578,46.536733791109164
-66.0,446.6835921509644,5.357465311176739,46.52258226228574
-65.0,446.6835921509644,5.350240296571629,46.50744495671605
-64.0,446.6835921509644,5.342653901020915,46.49127720080309
-63.0,446.6835921509644,5.334697824804926,46.47403456344199
-62.0,446.6835921509644,5.326364356831683,46.45567310750802
-61.0,446.6835921509644,5.317646444138123,46.43614965906844
-60.0,446.6835921509644,5.308537762501118,46.41542209368296
-59.0,446.6835921509644,5.2990327877978105,46.39344963895019
-58.0,446.6835921509644,5.2891268677266154,46.37019319224203
-57.0,446.6835921509644,5.278816293473623,46.34561565234647
-56.0,446.6835921509644,5.268098370884135,46.31968226351318
-55.0,446.6835921509644,5.256971490676222,46.29236097016903
-54.0,446.6835921509644,5.245435197212683,46.26362278034358
-53.0,446.6835921509644,5.233490255330048,46.23344213562117
-52.0,446.6835921509644,5.221138714708589,46.20179728521893
-51.0,446.6835921509644,5.208383971255893,46.16867066158207
-50.0,446.6835921509644,5.19523082496895,46.13404925469203
-49.0,446.6835921509644,5.1816855337358625,46.097924982102704
-48.0,446.6835921509644,5.167755862538697,46.06029505155827
-47.0,446.6835921509644,5.153451127523763,46.0211623129062
-46.0,446.6835921509644,5.138782234414937,45.98053559590348
-45.0,446.6835921509644,5.123761710759673,45.938430030426694
-44.0,446.6835921509644,5.108403731516199,45.8948673455393
-43.0,446.6835921509644,5.092724137514108,45.84987614384529
-42.0,446.6835921509644,5.076740446349207,45.803492147569415
-41.0,446.6835921509644,5.06047185530688,45.75575841285246
-40.0,446.6835921509644,5.0439392359465645,45.7067255088371
-39.0,446.6835921509644,5.02716512002276,45.656451658246944
-38.0,446.6835921509644,5.010173676465355,45.605002836329035
-37.0,446.6835921509644,4.992990679193612,45.552452825239094
-36.0,446.6835921509644,4.975643465593607,45.49888322119806
-35.0,446.6835921509644,4.9581608855479935,45.44438339203805
-34.0,446.6835921509644,4.9405732409691625,45.38905038308398
-33.0,446.6835921509644,4.922912215851844,45.33298876968187
-32.0,446.6835921509644,4.905210796928433,45.27631045508377
-31.0,446.6835921509644,4.887503185079241,45.21913441282994
-30.0,446.6835921509644,4.869824697720035,45.161586373226505
-29.0,446.6835921509644,4.852211662459863,45.10379845399892
-28.0,446.6835921509644,4.834701302392846,45.04590873570208
-27.0,446.6835921509644,4.817331613457585,44.98806078298322
-26.0,446.6835921509644,4.800141234366412,44.93040311331753
-25.0,446.6835921509644,4.78316930967339,44.87308861536333
-24.0,446.6835921509644,4.766455346613935,44.816273919608214
-23.0,446.6835921509644,4.750039066409592,44.760118724493
-22.0,446.6835921509644,4.733960250788159,44.70478508170085
-21.0,446.6835921509644,4.718258584520287,44.65043664477835
-20.0,446.6835921509644,4.702973494805671,44.59723788570721
-19.5,446.6835921509644,4.6954993766489,44.571121057674475
-19.0,446.6835921509644,4.688143988227561,44.545353284464014
-18.5,446.6835921509644,4.680912112429212,44.51995499079912
-18.0,446.6835921509644,4.673808484629889,44.4949464969851
-17.5,446.6835921509644,4.6668377862888715,44.47034799213473
-17.0,446.6835921509644,4.660004636413195,44.44617950728855
-16.5,446.6835921509644,4.653313577597063,44.42246088847938
-16.0,446.6835921509644,4.646769048780477,44.39921176979123
-15.5,446.6835921509644,4.640375326765937,44.376451546463315
-15.0,446.6835921509644,4.634136397140578,44.354199348090326
-14.5,446.6835921509644,4.628055672084946,44.33247401197041
-14.0,446.6835921509644,4.622135389749411,44.31129405665259
-13.5,446.6835921509644,4.6163753794763664,44.29067765573524
-13.0,446.6835921509644,4.61077061978821,44.27064261196733
-12.5,446.6835921509644,4.605306604401068,44.25120633170406
-12.0,446.6835921509644,4.599950923368723,44.232385799767684
-11.5,446.6835921509644,4.594638653939821,44.214197554764546
-11.0,446.6835921509644,4.589248215216119,44.196657664908265
-10.5,446.6835921509644,4.583563501425147,44.17978170439847
-10.0,446.6835921509644,4.5772178230038,44.16358473040361
-9.5,446.6835921509644,4.56961616247028,44.14808126069543
-9.0,446.6835921509644,4.559835397744786,44.13328525198151
-8.5,446.6835921509644,4.546508331388631,44.11921007898121
-8.0,446.6835921509644,4.527706997953575,44.10586851428873
-7.5,446.6835921509644,4.500853148472712,44.093272709065836
-7.0,446.6835921509644,4.462696719037421,44.08143417460511
-6.5,446.6835921509644,4.409412230988089,44.070363764802664
-6.0,446.6835921509644,4.336862682104229,44.06007165957799
-5.5,446.6835921509644,4.241064716393096,44.05056734927607
-5.0,446.6835921509644,4.11885413677406,44.0418596200854
-4.5,446.6835921509644,3.968698648434295,44.03395654050324
-4.0,446.6835921509644,3.7915437301722528,44.026865448877246
-3.5,446.6835921509644,3.5915235297780908,44.02059294205044
-3.0,446.6835921509644,3.3763416095735974,44.01514486513408
-2.5,446.6835921509644,3.1571442892677926,44.010526302430684
-2.0,446.6835921509644,2.9477809288534207,44.00674156952686
-1.5,446.6835921509644,2.7634638998616703,44.00379420657324
-1.0,446.6835921509644,2.6189820426101433,44.001686972766095
-0.5,446.6835921509644,2.526748253247077,44.00042184204273
0.0,446.6835921509644,2.4950355064931653,44.0
0.5,446.6835921509644,2.526748253247077,44.00042184204273
1.0,446.6835921509644,2.6189820426101433,44.001686972766095
1.5,446.6835921509644,2.7634638998616703,44.00379420657324
2.0,446.6835921509644,2.9477809288534207,44.00674156952686
2.5,446.6835921509644,3.1571442892677926,44.010526302430684
3.0,446.6835921509644,3.3763416095735974,44.01514486513408
3.5,446.6835921509644,3.5915235297780908,44.02059294205044
4.0,446.6835921509644,3.7915437301722528,44.026865448877246
4.5,446.6835921509644,3.968698648434295,44.03395654050324
5.0,446.6835921509644,4.11885413677406,44.0418596200854
5.5,446.6835921509644,4.241064716393096,44.05056734927607
6.0,446.6835921509644,4.336862682104229,44.06007165957799
6.5,446.6835921509644,4.409412230988089,44.070363764802664
7.0,446.6835921509644,4.462696719037421,44.08143417460511
7.5,446.6835921509644,4.500853148472712,44.093272709065836
8.0,446.6835921509644,4.527706997953575,44.10586851428873
8.5,446.6835921509644,4.546508331388631,44.11921007898121
9.0,446.6835921509644,4.559835397744786,44.13328525198151
9.5,446.6835921509644,4.56961616247028,44.14808126069543
10.0,446.6835921509644,4.5772178230038,44.16358473040361
10.5,446.6835921509644,4.583563501425147,44.17978170439847
11.0,446.6835921509644,4.589248215216119,44.196657664908265
11.5,446.6835921509644,4.594638653939821,44.214197554764546
12.0,446.6835921509644,4.599950923368723,44.232385799767684
12.5,446.6835921509644,4.605306604401068,44.25120633170406
13.0,446.6835921509644,4.61077061978821,44.27064261196733
13.5,446.6835921509644,4.6163753794763664,44.29067765573524
14.0,446.6835921509644,4.622135389749411,44.31129405665259
14.5,446.6835921509644,4.628055672084946,44.33247401197041
15.0,446.6835921509644,4.634136397140578,44.354199348090326
15.5,446.6835921509644,4.640375326765937,44.376451546463315
16.0,446.6835921509644,4.646769048780477,44.39921176979123
16.5,446.6835921509644,4.653313577597063,44.42246088847938
17.0,446.6835921509644,4.660004636413195,44.44617950728855
17.5,446.6835921509644,4.6668377862888715,44.47034799213473
18.0,446.6835921509644,4.673808484629889,44.4949464969851
18.5,446.6835921509644,4.680912112429212,44.51995499079912
19.0,446.6835921509644,4.688143988227561,44.545353284464014
19.5,446.6835921509644,4.6954993766489,44.571121057674475
20.0,446.6835921509644,4.702973494805671,44.59723788570721
21.0,446.6835921509644,4.718258584520287,44.65043664477835
22.0,446.6835921509644,4.733960250788159,44.70478508170085
23.0,446.6835921509644,4.750039066409592,44.760118724493
24.0,446.6835921509644,4.766455346613935,44.816273919608214
25.0,446.6835921509644,4.78316930967339,44.87308861536333
26.0,446.6835921509644,4.800141234366412,44.93040311331753
27.0,446.6835921509644,4.817331613457585,44.98806078298322
28.0,446.6835921509644,4.834701302392846,45.04590873570208
29.0,446.6835921509644,4.852211662459863,45.10379845399892
30.0,446.6835921509644,4.869824697720035,45.161586373226505
31.0,446.6835921509644,4.887503185079241,45.21913441282994
32.0,446.6835921509644,4.905210796928433,45.27631045508377
33.0,446.6835921509644,4.922912215851844,45.33298876968187
34.0,446.6835921509644,4.9405732409691625,45.38905038308398
35.0,446.6835921509644,4.9581608855479935,45.44438339203805
36.0,446.6835921509644,4.975643465593607,45.49888322119806
37.0,446.6835921509644,4.992990679193612,45.552452825239094
38.0,446.6835921509644,5.010173676465355,45.605002836329035
39.0,446.6835921509644,5.02716512002276,45.656451658246944
40.0,446.6835921509644,5.0439392359465645,45.7067255088371
41.0,446.6835921509644,5.06047185530688,45.75575841285246
42.0,446.6835921509644,5.076740446349207,45.803492147569415
43.0,446.6835921509644,5.092724137514108,45.84987614384529
44.0,446.6835921509644,5.108403731516199,45.8948673455393
45.0,446.6835921509644,5.123761710759673,45.938430030426694
46.0,446.6835921509644,5.138782234414937,45.98053559590348
47.0,446.6835921509644,5.153451127523763,46.0211623129062
48.0,446.6835921509644,5.167755862538697,46.06029505155827
49.0,446.6835921509644,5.1816855337358625,46.097924982102704
50.0,446.6835921509644,5.19523082496895,46.13404925469203
51.0,446.6835921509644,5.208383971255893,46.16867066158207
52.0,446.6835921509644,5.221138714708589,46.20179728521893
53.0,446.6835921509644,5.233490255330048,46.23344213562117
54.0,446.6835921509644,5.245435197212683,46.26362278034358
55.0,446.6835921509644,5.256971490676222,46.29236097016903
56.0,446.6835921509644,5.268098370884135,46.31968226351318
57.0,446.6835921509644,5.278816293473623,46.34561565234647
58.0,446.6835921509644,5.2891268677266154,46.37019319224203
59.0,446.6835921509644,5.2990327877978105,46.39344963895019
60.0,446.6835921509644,5.308537762501118,46.41542209368296
61.0,446.6835921509644,5.317646444138123,46.43614965906844
62.0,446.6835921509644,5.326364356831683,46.45567310750802
63.0,446.6835921509644,5.334697824804926,46.47403456344199
64.0,446.6835921509644,5.342653901020915,46.49127720080309
65.0,446.6835921509644,5.350240296571629,46.50744495671605
66.0,446.6835921509644,5.357465311176739,46.52258226228574
67.0,446.6835921509644,5.364337765123578,46.536733791109164
68.0,446.6835921509644,5.370866932949691,46.54994422594899
69.0,446.6835921509644,5.377062479139044,46.562258043819725
70.0,446.6835921509644,5.382934396072336,46.57371931956331
71.0,446.6835921509644,5.38849294444149,46.58437154782998
72.0,446.6835921509644,5.393748596308212,46.59425748323273
73.0,446.6835921509644,5.398711980957122,46.603418998310794
74.0,446.6835921509644,5.403393833665154,46.61189695881918
75.0,446.6835921509644,5.407804947481334,46.61973111575737
76.0,446.6835921509644,5.41195612808446,46.62696001346085
77.0,446.6835921509644,5.415858151761039,46.633620913004115
78.0,446.6835921509644,5.419521726522064,46.63974973010219
79.0,446.6835921509644,5.422957456355005,46.64538098664967
80.0,446.6835921509644,5.426175808586774,46.65054777500041
81.0,446.6835921509644,5.42918708431455,46.65528173406731
82.0,446.6835921509644,5.432001391844109,46.659613036308436
83.0,446.6835921509644,5.43462862305989,46.66357038466336
84.0,446.6835921509644,5.4370784326373025,46.667181018509226
85.0,446.6835921509644,5.439360219995796,46.670470727721366
86.0,446.6835921509644,5.441483113880925,46.67346387394447
87.0,446.6835921509644,5.443455959454994,46.676183418209
88.0,446.6835921509644,5.445287307768861,46.67865095406069
89.0,446.6835921509644,5.446985407481896,46.68088674540951
90.0,446.6835921509644,5.448558198693122,46.68290976834579
91.0,446.6835921509644,5.4500133087437685,46.684737756216215
92.0,446.6835921509644,5.451358049850149,46.68638724729883
93.0,446.6835921509644,5.452599418425471,46.68787363446419
94.0,446.6835921509644,5.453744095950099,46.68921121625877
95.0,446.6835921509644,5.454798451251594,46.69041324889544
96.0,446.6835921509644,5.455768544058602,46.6914919986842
97.0,446.6835921509644,5.4566601296962,46.69245879448405
98.0,446.6835921509644,5.457478664794473,46.69332407980313
99.0,446.6835921509644,5.458229313886927,46.69409746421885
100.0,446.6835921509644,5.458916956780627,46.69478777383218
-100.0,501.18723362727405,5.795575652000216,46.594980819245805
-99.0,501.18723362727405,5.794845601251405,46.59431607665518
-98.0,501.18723362727405,5.794048658627462,46.59357133610673
-97.0,501.18723362727405,5.7931796433771074,46.59273809839204
-96.0,501.18723362727405,5.792233072463161,46.59180710984404
-95.0,501.18723362727405,5.791203152737877,46.59076831375117
-94.0,501.18723362727405,5.790083773937599,46.589610800841776
-93.0,501.18723362727405,5.788868502622126,46.58832275911366
-92.0,501.18723362727405,5.7875505771897995,46.5868914233248
-91.0,501.18723362727405,5.786122904104446,46.585303024504505
-90.0,501.18723362727405,5.784578055474713,46.583542739888536
-89.0,501.18723362727405,5.782908268130147,46.581594643727676
-88.0,501.18723362727405,5.781105444341207,46.57944165946586
-87.0,501.18723362727405,5.779161154332364,46.57706551383089
-86.0,501.18723362727405,5.777066640738411,46.57444669342801
-85.0,501.18723362727405,5.7748128251537745,46.571564404472426
-84.0,501.18723362727405,5.772390316923181,46.56839653634222
-83.0,501.18723362727405,5.769789424319153,46.56491962967583
-82.0,501.18723362727405,5.7670001682475,46.56110884977849
-81.0,501.18723362727405,5.76401229861609,46.55693796613889
-80.0,501.18723362727405,5.760815313494768,46.55237933888929
-79.0,501.18723362727405,5.757398481185049,46.54740391307005
-78.0,501.18723362727405,5.7537508653073415,46.54198122157988
-77.0,501.18723362727405,5.74986135300071,46.53607939770767
-76.0,501.18723362727405,5.745718686315623,46.529665198147484
-75.0,501.18723362727405,5.741311496863758,46.52270403739598
-74.0,501.18723362727405,5.736628343770633,46.515160034418464
-73.0,501.18723362727405,5.731657754956818,46.50699607244743
-72.0,501.18723362727405,5.726388271751546,46.49817387274263
-71.0,501.18723362727405,5.720808496819023,46.48865408309554
-70.0,501.18723362727405,5.714907145352462,46.4783963818017
-69.0,501.18723362727405,5.70867309946413,46.46735959775233
-68.0,501.18723362727405,5.702095465671542,46.455501847210144
-67.0,501.18723362727405,5.69516363535054,46.442780687734746
-66.0,501.18723362727405,5.6878673479955335,46.42915328960849
-65.0,501.18723362727405,5.680196757095866,46.41457662498583
-64.0,501.18723362727405,5.672142498405313,46.39900767484742
-63.0,501.18723362727405,5.663695760349411,46.382403653684875
-62.0,501.18723362727405,5.654848356282848,46.36472225167439
-61.0,501.18723362727405,5.645592798276913,46.34592189391776
-60.0,501.18723362727405,5.635922372085199,46.32596201613915
-59.0,501.18723362727405,5.625831212904815,46.304803356026106
-58.0,501.18723362727405,5.61531438152053,46.282408259196025
-57.0,501.18723362727405,5.604367940390929,46.25874099855586
-56.0,501.18723362727405,5.592989029209197,46.23376810560528
-55.0,501.18723362727405,5.581175939446839,46.20745871201462
-54.0,501.18723362727405,5.568928187366901,46.17978489959012
-53.0,501.18723362727405,5.556246584974404,46.15072205652409
-52.0,501.18723362727405,5.543133308356135,46.120249237618225
-51.0,501.18723362727405,5.529591962849837,46.08834952596792
-50.0,501.18723362727405,5.515627644474721,46.055010393407144
-49.0,501.18723362727405,5.501246997051202,46.02022405683964
-48.0,501.18723362727405,5.486458264438154,45.98398782742648
-47.0,501.18723362727405,5.471271337321066,45.94630444946523
-46.0,501.18723362727405,5.455697793994362,45.90718242568484
-45.0,501.18723362727405,5.439750934596068,45.866636325596076
-44.0,501.18723362727405,5.423445808273007,45.82468707348229
-43.0,501.18723362727405,5.406799232779879,45.78136221259176
-42.0,501.18723362727405,5.389829806046006,45.73669614210388
-41.0,501.18723362727405,5.372557909278983,45.69073032348755
-40.0,501.18723362727405,5.35500570121518,45.643513452954245
-39.0,501.18723362727405,5.337197103172473,45.59510159683039
-38.0,501.18723362727405,5.319157774610914,45.545558286835366
-37.0,501.18723362727405,5.30091507896177,45.49495457245246
-36.0,501.18723362727405,5.282498039544206,45.44336902782035
-35.0,501.18723362727405,5.2639372854516475,45.39088771085145
-34.0,501.18723362727405,5.24526498735587,45.33760407259939
-33.0,501.18723362727405,5.2265147832458485,45.283618815249206
-32.0,501.18723362727405,5.207721694189794,45.22903969748807
-31.0,501.18723362727405,5.188922030281962,45.17398128642883
-30.0,501.18723362727405,5.170153287010287,45.1185646556996
-29.0,501.18723362727405,5.151454032355957,45.06291702977674
-28.0,501.18723362727405,5.132863785010995,45.007171375120514
-27.0,501.18723362727405,5.114422884174251,44.951465939169026
-26.0,501.18723362727405,5.096172351459019,44.89594373875021
-25.0,501.18723362727405,5.078153745516263,44.8407519999795
-24.0,501.18723362727405,5.0604090100453405,44.786041552215316
-23.0,501.18723362727405,5.042980315928547,44.73196617914141
-22.0,501.18723362727405,5.025909898285937,44.67868193052674
-21.0,501.18723362727405,5.009239889300934,44.62634639867545
-20.0,501.18723362727405,4.993012147701268,44.575117964014346
-19.5,501.18723362727405,4.9850770907014095,44.54996842590875
-19.0,501.18723362727405,4.977268085658245,44.52515501466905
-18.5,501.18723362727405,4.969590210426394,44.5006973985473
-18.0,501.18723362727405,4.962048492418851,44.476615145244914
-17.5,501.18723362727405,4.954647901806742,44.452927696129734
-17.0,501.18723362727405,4.947393342457428,44.42965434035193
-16.5,501.18723362727405,4.940289637112961,44.40681418890607
-16.0,501.18723362727405,4.9333414984687005,44.38442614868785
-15.5,501.18723362727405,4.926553467083262,44.362508896594306
-15.0,501.18723362727405,4.919929774340261,44.341080853716605
-14.5,501.18723362727405,4.913474042853973,44.32016015967521
-14.0,501.18723362727405,4.907188648804485,44.299764647146944
-13.5,501.18723362727405,4.901073411009512,44.27991181663393
-13.0,501.18723362727405,4.895122998310221,44.2606188115241
-12.5,501.18723362727405,4.889322009800855,44.2419023934928
-12.0,501.18723362727405,4.8836360367705485,44.223778918294805
-11.5,501.18723362727405,4.877996152595215,44.20626431199549
-11.0,501.18723362727405,4.872273278320331,44.18937404768944
-10.5,501.18723362727405,4.8662379806419835,44.173123122754085
-10.0,501.18723362727405,4.859500955762259,44.15752603668496
-9.5,501.18723362727405,4.851430490677035,44.142596769558565
-9.0,501.18723362727405,4.841046533135675,44.12834876116738
-8.5,501.18723362727405,4.8268975688085325,44.1147948908708
-8.0,501.18723362727405,4.806936732044749,44.10194745820396
-7.5,501.18723362727405,4.7784267698222145,44.089818164285624
-7.0,501.18723362727405,4.737917182452918,44.078418094064176
-6.5,501.18723362727405,4.681346568902108,44.0677576994396
-6.0,501.18723362727405,4.604322792500338,44.05784678329733
-5.5,501.18723362727405,4.502616838373857,44.04869448448807
-5.0,501.18723362727405,4.372869369184544,44.040309263785936
-4.5,501.18723362727405,4.213453591453175,44.03269889085497
-4.0,501.18723362727405,4.025373292917715,44.02587043225216
-3.5,501.18723362727405,3.8130175797807526,44.019830240493015
-3.0,501.18723362727405,3.584565103335079,44.01458394420319
-2.5,501.18723362727405,3.3518495917041395,44.010136439377696
-2.0,501.18723362727405,3.129574513397386,44.00649188176661
-1.5,501.18723362727405,2.93389040720362,44.00365368040386
-1.0,501.18723362727405,2.780498160962793,44.001624492293274
-0.5,501.18723362727405,2.6825761906971834,44.00040621826337
0.0,501.18723362727405,2.6489076765211754,44.0
0.5,501.18723362727405,2.6825761906971834,44.00040621826337
1.0,501.18723362727405,2.780498160962793,44.001624492293274
1.5,501.18723362727405,2.93389040720362,44.00365368040386
2.0,501.18723362727405,3.129574513397386,44.00649188176661
2.5,501.18723362727405,3.3518495917041395,44.010136439377696
3.0,501.18723362727405,3.584565103335079,44.01458394420319
3.5,501.18723362727405,3.8130175797807526,44.019830240493015
4.0,501.18723362727405,4.025373292917715,44.02587043225216
4.5,501.18723362727405,4.213453591453175,44.03269889085497
5.0,501.18723362727405,4.372869369184544,44.040309263785936
5.5,501.18723362727405,4.502616838373857,44.04869448448807
6.0,501.18723362727405,4.604322792500338,44.05784678329733
6.5,501.18723362727405,4.681346568902108,44.0677576994396
7.0,501.18723362727405,4.737917182452918,44.078418094064176
7.5,501.18723362727405,4.7784267698222145,44.089818164285624
8.0,501.18723362727405,4.806936732044749,44.10194745820396
8.5,501.18723362727405,4.8268975688085325,44.1147948908708
9.0,501.18723362727405,4.841046533135675,44.12834876116738
9.5,501.18723362727405,4.851430490677035,44.142596769558565
10.0,501.18723362727405,4.859500955762259,44.15752603668496
10.5,501.18723362727405,4.8662379806419835,44.173123122754085
11.0,501.18723362727405,4.872273278320331,44.18937404768944
11.5,501.18723362727405,4.877996152595215,44.20626431199549
12.0,501.18723362727405,4.8836360367705485,44.223778918294805
12.5,501.18723362727405,4.889322009800855,44.2419023934928
13.0,501.18723362727405,4.895122998310221,44.2606188115241
13.5,501.18723362727405,4.901073411009512,44.27991181663393
14.0,501.18723362727405,4.907188648804485,44.299764647146944
14.5,501.18723362727405,4.913474042853973,44.32016015967521
15.0,501.18723362727405,4.919929774340261,44.341080853716605
15.5,501.18723362727405,4.926553467083262,44.362508896594306
16.0,501.18723362727405,4.9333414984687005,44.38442614868785
16.5,501.18723362727405,4.940289637112961,44.40681418890607
17.0,501.18723362727405,4.947393342457428,44.42965434035193
17.5,501.18723362727405,4.954647901806742,44.452927696129734
18.0,501.18723362727405,4.962048492418851,44.476615145244914
18.5,501.18723362727405,4.969590210426394,44.5006973985473
19.0,501.18723362727405,4.977268085658245,44.52515501466905
19.5,501.18723362727405,4.9850770907014095,44.54996842590875
20.0,501.18723362727405,4.993012147701268,44.575117964014346
21.0,501.18723362727405,5.009239889300934,44.62634639867545
22.0,501.18723362727405,5.025909898285937,44.67868193052674
23.0,501.18723362727405,5.042980315928547,44.73196617914141
24.0,501.18723362727405,5.0604090100453405,44.786041552215316
25.0,501.18723362727405,5.078153745516263,44.8407519999795
26.0,501.18723362727405,5.096172351459019,44.89594373875021
27.0,501.18723362727405,5.114422884174251,44.951465939169026
28.0,501.18723362727405,5.132863785010995,45.007171375120514
29.0,501.18723362727405,5.151454032355957,45.06291702977674
30.0,501.18723362727405,5.170153287010287,45.1185646556996
31.0,501.18723362727405,5.188922030281962,45.17398128642883
32.0,501.18723362727405,5.207721694189794,45.22903969748807
33.0,501.18723362727405,5.2265147832458485,45.283618815249206
34.0,501.18723362727405,5.24526498735587,45.33760407259939
35.0,501.18723362727405,5.2639372854516475,45.39088771085145
36.0,501.18723362727405,5.282498039544206,45.44336902782035
37.0,501.18723362727405,5.30091507896177,45.49495457245246
38.0,501.18723362727405,5.319157774610914,45.545558286835366
39.0,501.18723362727405,5.337197103172473,45.59510159683039
40.0,501.18723362727405,5.35500570121518,45.643513452954245
41.0,501.18723362727405,5.372557909278983,45.69073032348755
42.0,501.18723362727405,5.389829806046006,45.73669614210388
43.0,501.18723362727405,5.406799232779879,45.78136221259176
44.0,501.18723362727405,5.423445808273007,45.82468707348229
45.0,501.18723362727405,5.439750934596068,45.866636325596076
46.0,501.18723362727405,5.455697793994362,45.90718242568484
47.0,501.18723362727405,5.471271337321066,45.94630444946523
48.0,501.18723362727405,5.486458264438154,45.98398782742648
49.0,501.18723362727405,5.501246997051202,46.02022405683964
50.0,501.18723362727405,5.515627644474721,46.055010393407144
51.0,501.18723362727405,5.529591962849837,46.08834952596792
52.0,501.18723362727405,5.543133308356135,46.120249237618225
53.0,501.18723362727405,5.556246584974404,46.15072205652409
54.0,501.18723362727405,5.568928187366901,46.17978489959012
55.0,501.18723362727405,5.581175939446839,46.20745871201462
56.0,501.18723362727405,5.592989029209197,46.23376810560528
57.0,501.18723362727405,5.604367940390929,46.25874099855586
58.0,501.18723362727405,5.61531438152053,46.282408259196025
59.0,501.18723362727405,5.625831212904815,46.304803356026106
60.0,501.18723362727405,5.635922372085199,46.32596201613915
61.0,501.18723362727405,5.645592798276913,46.34592189391776
62.0,501.18723362727405,5.654848356282848,46.36472225167439
63.0,501.18723362727405,5.663695760349411,46.382403653684875
64.0,501.18723362727405,5.672142498405313,46.39900767484742
65.0,501.18723362727405,5.680196757095866,46.41457662498583
66.0,501.18723362727405,5.6878673479955335,46.42915328960849
67.0,501.18723362727405,5.69516363535054,46.442780687734746
68.0,501.18723362727405,5.702095465671542,46.455501847210144
69.0,501.18723362727405,5.70867309946413,46.46735959775233
70.0,501.18723362727405,5.714907145352462,46.4783963818017
71.0,501.18723362727405,5.720808496819023,46.48865408309554
72.0,501.18723362727405,5.726388271751546,46.49817387274263
73.0,501.18723362727405,5.731657754956818,46.50699607244743
74.0,501.18723362727405,5.736628343770633,46.515160034418464
75.0,501.18723362727405,5.741311496863758,46.52270403739598
76.0,501.18723362727405,5.745718686315623,46.529665198147484
77.0,501.18723362727405,5.74986135300071,46.53607939770767
78.0,501.18723362727405,5.7537508653073415,46.54198122157988
79.0,501.18723362727405,5.757398481185049,46.54740391307005
80.0,501.18723362727405,5.760815313494768,46.55237933888929
81.0,501.18723362727405,5.76401229861609,46.55693796613889
82.0,501.18723362727405,5.7670001682475,46.56110884977849
83.0,501.18723362727405,5.769789424319153,46.56491962967583
84.0,501.18723362727405,5.772390316923181,46.56839653634222
85.0,501.18723362727405,5.7748128251537745,46.571564404472426
86.0,501.18723362727405,5.777066640738411,46.57444669342801
87.0,501.18723362727405,5.779161154332364,46.57706551383089
88.0,501.18723362727405,5.781105444341207,46.57944165946586
89.0,501.18723362727405,5.782908268130147,46.581594643727676
90.0,501.18723362727405,5.784578055474713,46.583542739888536
91.0,501.18723362727405,5.786122904104446,46.585303024504505
92.0,501.18723362727405,5.7875505771897995,46.5868914233248
93.0,501.18723362727405,5.788868502622126,46.58832275911366
94.0,501.18723362727405,5.790083773937599,46.589610800841776
95.0,501.18723362727405,5.791203152737877,46.59076831375117
96.0,501.18723362727405,5.792233072463161,46.59180710984404
97.0,501.18723362727405,5.7931796433771074,46.59273809839204
98.0,501.18723362727405,5.794048658627462,46.59357133610673
99.0,501.18723362727405,5.794845601251405,46.59431607665518
100.0,501.18723362727405,5.795575652000216,46.594980819245805
-100.0,562.3413251903514,6.144329301111779,46.49517386465943
-99.0,562.3413251903514,6.143555318943903,46.49453468909152
-98.0,562.3413251903514,6.142710419625938,46.493818592410314
-97.0,562.3413251903514,6.141789110650525,46.49301740230004
-96.0,562.3413251903514,6.140785579034104,46.49212222100388
-95.0,562.3413251903514,6.139693683021381,46.49112337860689
-94.0,562.3413251903514,6.138506944658434,46.49001038542478
-93.0,562.3413251903514,6.137218543367376,46.488771883763135
-92.0,562.3413251903514,6.135821310661471,46.48739559935077
-91.0,562.3413251903514,6.1343077261450265,46.485868292792794
-90.0,562.3413251903514,6.13266991494707,46.484175711431284
-89.0,562.3413251903514,6.130899646741823,46.48230254204584
-88.0,562.3413251903514,6.128988336512044,46.480232364871014
-87.0,562.3413251903514,6.126927047213357,46.47794760945278
-86.0,562.3413251903514,6.124706494498727,46.475429512911546
-85.0,562.3413251903514,6.122317053661869,46.472658081223486
-84.0,562.3413251903514,6.119748768956917,46.46961205417521
-83.0,562.3413251903514,6.116991365448527,46.466268874688296
-82.0,562.3413251903514,6.1140342635421,46.462604663248555
-81.0,562.3413251903514,6.110866596337577,46.45859419821047
-80.0,562.3413251903514,6.107477229942304,46.45421090277816
-79.0,562.3413251903514,6.103854786868793,46.449426839490435
-78.0,562.3413251903514,6.099987672631597,46.44421271305758
-77.0,562.3413251903514,6.095864105644006,46.43853788241122
-76.0,562.3413251903514,6.09147215049989,46.43237038283412
-75.0,562.3413251903514,6.086799754708576,46.4256769590346
-74.0,562.3413251903514,6.081834788931321,46.418423110017756
-73.0,562.3413251903514,6.0765650907466435,46.41057314658406
-72.0,562.3413251903514,6.070978511948609,46.40209026225253
-71.0,562.3413251903514,6.065062969357136,46.39293661836109
-70.0,562.3413251903514,6.05880649909268,46.3830734440401
-69.0,562.3413251903514,6.052197314239242,46.37246115168493
-68.0,562.3413251903514,6.045223865789849,46.36105946847129
-67.0,562.3413251903514,6.037874906737443,46.348827584360336
-66.0,562.3413251903514,6.030139559141864,46.33572431693124
-65.0,562.3413251903514,6.022007383970377,46.321708293255604
-64.0,562.3413251903514,6.01346845347535,46.306738148891746
-63.0,562.3413251903514,6.0045134258384,46.29077274392777
-62.0,562.3413251903514,5.995133621775936,46.273771395840754
-61.0,562.3413251903514,5.985321102766822,46.255694128767075
-60.0,562.3413251903514,5.975068750529218,46.23650193859534
-59.0,562.3413251903514,5.964370347340776,46.216157073102025
-58.0,562.3413251903514,5.953220656764826,46.19462332615002
-57.0,562.3413251903514,5.941615504315078,46.17186634476524
-56.0,562.3413251903514,5.9295518575633475,46.147853947697385
-55.0,562.3413251903514,5.917027905168996,46.12255645386021
-54.0,562.3413251903514,5.904043134285788,46.09594701883665
-53.0,562.3413251903514,5.890598405781835,46.06800197742701
-52.0,562.3413251903514,5.876696026691778,46.03870119001753
-51.0,562.3413251903514,5.8623398193075955,46.008028390353765
-50.0,562.3413251903514,5.847535186305753,45.97597153212225
-49.0,562.3413251903514,5.832289171304156,45.94252313157658
-48.0,562.3413251903514,5.816610514242834,45.90768060329469
-47.0,562.3413251903514,5.800509700987611,45.87144658602426
-46.0,562.3413251903514,5.7839990065665345,45.833829255466185
-45.0,562.3413251903514,5.767092531464648,45.79484262076546
-44.0,562.3413251903514,5.7498062304238635,45.75450680142528
-43.0,562.3413251903514,5.732157933221447,45.71284828133823
-42.0,562.3413251903514,5.714167356932786,45.66990013663835
-41.0,562.3413251903514,5.695856109221825,45.62570223412265
-40.0,562.3413251903514,5.677247682245566,45.580301397071395
-39.0,562.3413251903514,5.658367436807347,45.533751535413835
-38.0,562.3413251903514,5.639242576446855,45.4861137373417
-37.0,562.3413251903514,5.619902111212895,45.43745631966583
-36.0,562.3413251903514,5.60037681092732,45.38785483444264
-35.0,562.3413251903514,5.580699147815067,45.337392029664855
-34.0,562.3413251903514,5.560903228445196,45.2861577621148
-33.0,562.3413251903514,5.541024715001019,45.23424886081654
-32.0,562.3413251903514,5.52110073597304,45.18176893989238
-31.0,562.3413251903514,5.501169786446036,45.128828160027716
-30.0,562.3413251903514,5.481271618230529,45.07554293817269
-29.0,562.3413251903514,5.461447120168478,45.02203560555456
-28.0,562.3413251903514,5.441738189022503,44.96843401453896
-27.0,562.3413251903514,5.42218759143674,44.91487109535483
-26.0,562.3413251903514,5.402838817534634,44.8614843641829
-25.0,562.3413251903514,5.383735926793997,44.808415384595676
-24.0,562.3413251903514,5.36492338691164,44.75580918482242
-23.0,562.3413251903514,5.346445906438243,44.703813633789814
-22.0,562.3413251903514,5.328348262027802,44.65257877935264
-21.0,562.3413251903514,5.3106751212033885,44.602256152572544
-20.0,562.3413251903514,5.293470861576947,44.552998042321484
-19.5,562.3413251903514,5.285058305834808,44.528815794143036
-19.0,562.3413251903514,5.276779387332091,44.504956744874086
-18.5,562.3413251903514,5.268639489487592,44.481439806295484
-18.0,562.3413251903514,5.2606439422431235,44.45828379350472
-17.5,562.3413251903514,5.252798014854042,44.43550740012475
-17.0,562.3413251903514,5.245106906282065,44.41312917341532
-16.5,562.3413251903514,5.23757572948181,44.39116748933276
-16.0,562.3413251903514,5.23020948073905,44.36964052758447
-15.5,562.3413251903514,5.223012973844342,44.34856624672529
-15.0,562.3413251903514,5.2159906948083785,44.32796235934289
-14.5,562.3413251903514,5.2091464842393,44.30784630738001
-14.0,562.3413251903514,5.202482861305835,44.28823523764129
-13.5,562.3413251903514,5.1959996339228995,44.269145977532624
-13.0,562.3413251903514,5.189691150124688,44.25059501108087
-12.5,562.3413251903514,5.183541082242956,44.23259845528154
-12.0,562.3413251903514,5.177512950993666,44.215172036821926
-11.5,562.3413251903514,5.17153368203504,44.19833106922643
-11.0,562.3413251903514,5.165466428977682,44.182090430470616
-10.5,562.3413251903514,5.15906795217526,44.1664645411097
-10.0,562.3413251903514,5.151925521145735,44.15146734296631
-9.5,562.3413251903514,5.143369409022579,44.1371122784217
-9.0,562.3413251903514,5.132360588085032,44.123412270353256
-8.5,562.3413251903514,5.117360197905388,44.11037970276038
-8.0,562.3413251903514,5.096198200967242,44.09802640211919
-7.5,562.3413251903514,5.065972627741043,44.086363619505406
-7.0,562.3413251903514,5.023025341812128,44.075402013523245
-6.5,562.3413251903514,4.963050543915709,44.06515163407654
-6.0,562.3413251903514,4.881391796856763,44.05562190701666
-5.5,562.3413251903514,4.7735656012274825,44.04682161970006
-5.0,562.3413251903514,4.6360104687343275,44.03875890748648
-4.5,562.3413251903514,4.467001712229471,44.0314412412067
-4.0,562.3413251903514,4.26760352322396,44.02487541562708
-3.5,562.3413251903514,4.042469126085066,44.019067538935595
-3.0,562.3413251903514,3.800269329339724,44.0140230232723
-2.5,562.3413251903514,3.5535499656741476,44.00974657632471
-2.0,562.3413251903514,3.3178992972067713,44.00624219400635
-1.5,562.3413251903514,3.1104397350089665,44.003513154234476
-1.0,562.3413251903514,2.94781698107846,44.00156201182046
-0.5,562.3413251903514,2.844002473727852,44.00039059448401
0.0,562.3413251903514,2.8083079283369816,44.0
0.5,562.3413251903514,2.844002473727852,44.00039059448401
1.0,562.3413251903514,2.94781698107846,44.00156201182046
1.5,562.3413251903514,3.1104397350089665,44.003513154234476
2.0,562.3413251903514,3.3178992972067713,44.00624219400635
2.5,562.3413251903514,3.5535499656741476,44.00974657632471
3.0,562.3413251903514,3.800269329339724,44.0140230232723
3.5,562.3413251903514,4.042469126085066,44.019067538935595
4.0,562.3413251903514,4.26760352322396,44.02487541562708
4.5,562.3413251903514,4.467001712229471,44.0314412412067
5.0,562.3413251903514,4.6360104687343275,44.03875890748648
5.5,562.3413251903514,4.7735656012274825,44.04682161970006
6.0,562.3413251903514,4.881391796856763,44.05562190701666
6.5,562.3413251903514,4.963050543915709,44.06515163407654
7.0,562.3413251903514,5.023025341812128,44.075402013523245
7.5,562.3413251903514,5.065972627741043,44.086363619505406
8.0,562.3413251903514,5.096198200967242,44.09802640211919
8.5,562.3413251903514,5.117360197905388,44.11037970276038
9.0,562.3413251903514,5.132360588085032,44.123412270353256
9.5,562.3413251903514,5.143369409022579,44.1371122784217
10.0,562.3413251903514,5.151925521145735,44.15146734296631
10.5,562.3413251903514,5.15906795217526,44.1664645411097
11.0,562.3413251903514,5.165466428977682,44.182090430470616
11.5,562.3413251903514,5.17153368203504,44.19833106922643
12.0,562.3413251903514,5.177512950993666,44.215172036821926
12.5,562.3413251903514,5.183541082242956,44.23259845528154
13.0,562.3413251903514,5.189691150124688,44.25059501108087
13.5,562.3413251903514,5.1959996339228995,44.269145977532624
14.0,562.3413251903514,5.202482861305835,44.28823523764129
14.5,562.3413251903514,5.2091464842393,44.30784630738001
15.0,562.3413251903514,5.2159906948083785,44.32796235934289
15.5,562.3413251903514,5.223012973844342,44.34856624672529
16.0,562.3413251903514,5.23020948073905,44.36964052758447
16.5,562.3413251903514,5.23757572948181,44.39116748933276
17.0,562.3413251903514,5.245106906282065,44.41312917341532
17.5,562.3413251903514,5.252798014854042,44.43550740012475
18.0,562.3413251903514,5.2606439422431235,44.45828379350472
18.5,562.3413251903514,5.268639489487592,44.481439806295484
19.0,562.3413251903514,5.276779387332091,44.504956744874086
19.5,562.3413251903514,5.285058305834808,44.528815794143036
20.0,562.3413251903514,5.293470861576947,44.552998042321484
21.0,562.3413251903514,5.3106751212033885,44.602256152572544
22.0,562.3413251903514,5.328348262027802,44.65257877935264
23.0,562.3413251903514,5.346445906438243,44.703813633789814
24.0,562.3413251903514,5.36492338691164,44.75580918482242
25.0,562.3413251903514,5.383735926793997,44.808415384595676
26.0,562.3413251903514,5.402838817534634,44.8614843641829
27.0,562.3413251903514,5.42218759143674,44.91487109535483
28.0,562.3413251903514,5.441738189022503,44.96843401453896
29.0,562.3413251903514,5.461447120168478,45.02203560555456
30.0,562.3413251903514,5.481271618230529,45.07554293817269
31.0,562.3413251903514,5.501169786446036,45.128828160027716
32.0,562.3413251903514,5.52110073597304,45.18176893989238
33.0,562.3413251903514,5.541024715001019,45.23424886081654
34.0,562.3413251903514,5.560903228445196,45.2861577621148
35.0,562.3413251903514,5.580699147815067,45.337392029664855
36.0,562.3413251903514,5.60037681092732,45.38785483444264
37.0,562.3413251903514,5.619902111212895,45.43745631966583
38.0,562.3413251903514,5.639242576446855,45.4861137373417
39.0,562.3413251903514,5.658367436807347,45.533751535413835
40.0,562.3413251903514,5.677247682245566,45.580301397071395
41.0,562.3413251903514,5.695856109221825,45.62570223412265
42.0,562.3413251903514,5.714167356932786,45.66990013663835
43.0,562.3413251903514,5.732157933221447,45.71284828133823
44.0,562.3413251903514,5.7498062304238635,45.75450680142528
45.0,562.3413251903514,5.767092531464648,45.79484262076546
46.0,562.3413251903514,5.7839990065665345,45.833829255466185
47.0,562.3413251903514,5.800509700987611,45.87144658602426
48.0,562.3413251903514,5.816610514242834,45.90768060329469
49.0,562.3413251903514,5.832289171304156,45.94252313157658
50.0,562.3413251903514,5.847535186305753,45.97597153212225
51.0,562.3413251903514,5.8623398193075955,46.008028390353765
52.0,562.3413251903514,5.876696026691778,46.03870119001753
53.0,562.3413251903514,5.890598405781835,46.06800197742701
54.0,562.3413251903514,5.904043134285788,46.09594701883665
55.0,562.3413251903514,5.917027905168996,46.12255645386021
56.0,562.3413251903514,5.9295518575633475,46.147853947697385
57.0,562.3413251903514,5.941615504315078,46.17186634476524
58.0,562.3413251903514,5.953220656764826,46.19462332615002
59.0,562.3413251903514,5.964370347340776,46.216157073102025
60.0,562.3413251903514,5.975068750529218,46.23650193859534
61.0,562.3413251903514,5.985321102766822,46.255694128767075
62.0,562.3413251903514,5.995133621775936,46.273771395840754
63.0,562.3413251903514,6.0045134258384,46.29077274392777
64.0,562.3413251903514,6.01346845347535,46.306738148891746
65.0,562.3413251903514,6.022007383970377,46.321708293255604
66.0,562.3413251903514,6.030139559141864,46.33572431693124
67.0,562.3413251903514,6.037874906737443,46.348827584360336
68.0,562.3413251903514,6.045223865789849,46.36105946847129
69.0,562.3413251903514,6.052197314239242,46.37246115168493
70.0,562.3413251903514,6.05880649909268,46.3830734440401
71.0,562.3413251903514,6.065062969357136,46.39293661836109
72.0,562.3413251903514,6.070978511948609,46.40209026225253
73.0,562.3413251903514,6.0765650907466435,46.41057314658406
74.0,562.3413251903514,6.081834788931321,46.418423110017756
75.0,562.3413251903514,6.086799754708576,46.4256769590346
76.0,562.3413251903514,6.09147215049989,46.43237038283412
77.0,562.3413251903514,6.095864105644006,46.43853788241122
78.0,562.3413251903514,6.099987672631597,46.44421271305758
79.0,562.3413251903514,6.103854786868793,46.449426839490435
80.0,562.3413251903514,6.107477229942304,46.45421090277816
81.0,562.3413251903514,6.110866596337577,46.45859419821047
82.0,562.3413251903514,6.1140342635421,46.462604663248555
83.0,562.3413251903514,6.116991365448527,46.466268874688296
84.0,562.3413251903514,6.119748768956917,46.46961205417521
85.0,562.3413251903514,6.122317053661869,46.472658081223486
86.0,562.3413251903514,6.124706494498727,46.475429512911546
87.0,562.3413251903514,6.126927047213357,46.47794760945278
88.0,562.3413251903514,6.128988336512044,46.480232364871014
89.0,562.3413251903514,6.130899646741823,46.48230254204584
90.0,562.3413251903514,6.13266991494707,46.484175711431284
91.0,562.3413251903514,6.1343077261450265,46.485868292792794
92.0,562.3413251903514,6.135821310661471,46.48739559935077
93.0,562.3413251903514,6.137218543367376,46.488771883763135
94.0,562.3413251903514,6.138506944658434,46.49001038542478
95.0,562.3413251903514,6.139693683021381,46.49112337860689
96.0,562.3413251903514,6.140785579034104,46.49212222100388
97.0,562.3413251903514,6.141789110650525,46.49301740230004
98.0,562.3413251903514,6.142710419625938,46.493818592410314
99.0,562.3413251903514,6.143555318943903,46.49453468909152
100.0,562.3413251903514,6.144329301111779,46.49517386465943
-100.0,630.9573444801956,6.505248236261137,46.39536691007305
-99.0,630.9573444801956,6.5044287902507225,46.394753301527864
-98.0,630.9573444801956,6.503534261404909,46.3940658487139
-97.0,630.9573444801956,6.502558834585538,46.39329670620804
-96.0,630.9573444801956,6.5014963553534155,46.39243733216373
-95.0,630.9573444801956,6.50034032118551,46.39147844346262
-94.0,630.9573444801956,6.499083873611799,46.390409970007795
-93.0,630.9573444801956,6.4977197914125036,46.38922100841261
-92.0,630.9573444801956,6.496240485022774,46.38789977537674
-91.0,630.9573444801956,6.494637992297613,46.386433561081084
-90.0,630.9573444801956,6.492903975794801,46.38480868297403
-89.0,630.9573444801956,6.491029721737844,46.38301044036401
-88.0,630.9573444801956,6.489006140824143,46.38102307027617
-87.0,630.9573444801956,6.486823771045838,46.378829705074665
-86.0,630.9573444801956,6.484472782691785,46.376412332395084
-85.0,630.9573444801956,6.48194298569884,46.373751757974546
-84.0,630.9573444801956,6.47922383951895,46.3708275720082
-83.0,630.9573444801956,6.476304465665343,46.367618119700765
-82.0,630.9573444801956,6.473173663096258,46.36410047671861
-81.0,630.9573444801956,6.4698199265881,46.36025043028205
-80.0,630.9573444801956,6.46623146824149,46.356042466667034
-79.0,630.9573444801956,6.462396242253416,46.351449765910814
-78.0,630.9573444801956,6.458301973076406,46.346444204535274
-77.0,630.9573444801956,6.453936187071369,46.34099636711477
-76.0,630.9573444801956,6.449286247744414,46.335075567520754
-75.0,630.9573444801956,6.444339394639542,46.32864988067322
-74.0,630.9573444801956,6.439082785938615,46.32168618561705
-73.0,630.9573444801956,6.433503544797471,46.314150220720705
-72.0,630.9573444801956,6.427588809422517,46.30600665176243
-71.0,630.9573444801956,6.421325786865647,46.29721915362665
-70.0,630.9573444801956,6.414701810487019,46.28775050627849
-69.0,630.9573444801956,6.407704401005211,46.277562705617534
-68.0,630.9573444801956,6.4003213310226394,46.266617089732435
-67.0,630.9573444801956,6.3925406928811634,46.25487448098592
-66.0,630.9573444801956,6.38435096966859,46.24229534425399
-65.0,630.9573444801956,6.375741109161649,46.22883996152538
-64.0,630.9573444801956,6.366700600455145,46.21446862293608
-63.0,630.9573444801956,6.357219552990714,46.19914183417065
-62.0,630.9573444801956,6.347288777662187,46.18282054000713
-61.0,630.9573444801956,6.3368998696383665,46.16546636361639
-60.0,630.9573444801956,6.32604529250834,46.14704186105152
-59.0,630.9573444801956,6.314718463319704,46.12751079017794
-58.0,630.9573444801956,6.30291383804662,46.10683839310402
-57.0,630.9573444801956,6.290626996992772,46.08499169097463
-56.0,630.9573444801956,6.277854729604633,46.06193978978949
-55.0,630.9573444801956,6.264595118143113,46.037654195705805
-54.0,630.9573444801956,6.250847619637303,46.01210913808318
-53.0,630.9573444801956,6.236613145522849,45.98528189832993
-52.0,630.9573444801956,6.221894138349997,45.95715314241682
-51.0,630.9573444801956,6.206694644932799,45.927707254739616
-50.0,630.9573444801956,6.19102038530184,45.896932670837366
-49.0,630.9573444801956,6.174878816818328,45.86482220631351
-48.0,630.9573444801956,6.158279192807836,45.831373379162905
-47.0,630.9573444801956,6.141232615077707,45.79658872258329
-46.0,630.9573444801956,6.123752079693199,45.76047608524754
-45.0,630.9573444801956,6.105852515404215,45.72304891593484
-44.0,630.9573444801956,6.087550814136886,45.68432652936827
-43.0,630.9573444801956,6.068865852992589,45.644334350084705
-42.0,630.9573444801956,6.049818507231035,45.60310413117281
-41.0,630.9573444801956,6.030431653753973,45.56067414475774
-40.0,630.9573444801956,6.0107301646516555,45.51708934118854
-39.0,630.9573444801956,5.9907408904252675,45.47240147399728
-38.0,630.9573444801956,5.970492632554987,45.42666918784803
-37.0,630.9573444801956,5.9500161051447575,45.37995806687919
-36.0,630.9573444801956,5.929343885440937,45.33234064106494
-35.0,630.9573444801956,5.908510353092409,45.283896348478265
-34.0,630.9573444801956,5.887551618093828,45.234711451630204
-33.0,630.9573444801956,5.866505437431143,45.18487890638389
-32.0,630.9573444801956,5.845411120528627,45.13449818229668
-31.0,630.9573444801956,5.8243094236788036,45.083675033626605
-30.0,630.9573444801956,5.80324243372022,45.03252122064578
-29.0,630.9573444801956,5.78225344131228,44.98115418133238
-28.0,630.9573444801956,5.761386804240476,44.9296966539574
-27.0,630.9573444801956,5.7406878012688045,44.87827625154063
-26.0,630.9573444801956,5.720202477137868,44.82702498961558
-25.0,630.9573444801956,5.699977479386602,44.77607876921185
-24.0,630.9573444801956,5.680059887751801,44.72557681742953
-23.0,630.9573444801956,5.6604970369719165,44.67566108843822
-22.0,630.9573444801956,5.641336333889125,44.62647562817853
-21.0,630.9573444801956,5.622625069804303,44.57816590646964
-20.0,630.9573444801956,5.604410229077776,44.53087812062863
-19.5,630.9573444801956,5.59550351839837,44.50766316237731
-19.0,630.9573444801956,5.5867382948322755,44.484758475079126
-18.5,630.9573444801956,5.5781202580212135,44.462182214043665
-18.0,630.9573444801956,5.569655050988671,44.43995244176453
-17.5,630.9573444801956,5.561348252506953,44.418087104119756
-17.0,630.9573444801956,5.553205366925658,44.39660400647871
-16.5,630.9573444801956,5.5452318075352185,44.37552078975945
-16.0,630.9573444801956,5.5374328641040735,44.354854906481094
-15.5,630.9573444801956,5.529813633185645,44.33462359685628
-15.0,630.9573444801956,5.522378864299646,44.31484386496918
-14.5,630.9573444801956,5.515132623652185,44.29553245508481
-14.0,630.9573444801956,5.508077578388386,44.27670582813564
-13.5,630.9573444801956,5.501213525140054,44.25838013843132
-13.0,630.9573444801956,5.494534479943962,44.24057121063763
-12.5,630.9573444801956,5.4880231560418915,44.22329451707028
-12.0,630.9573444801956,5.481640931350532,44.206565155349054
-11.5,630.9573444801956,5.4753104391289975,44.19039782645737
-11.0,630.9573444801956,5.468886794607994,44.17480681325179
-10.5,630.9573444801956,5.462112470203509,44.15980595946531
-10.0,630.9573444801956,5.454550491575667,44.145408649247656
-9.5,630.9573444801956,5.445491791989311,44.13162778728483
-9.0,630.9573444801956,5.433836311060851,44.118475779539125
-8.5,630.9573444801956,5.417954795442587,44.10596451464997
-8.0,630.9573444801956,5.395549739249923,44.094105346034425
-7.5,630.9573444801956,5.363548710775728,44.08290907472519
-7.0,630.9573444801956,5.3180786940579186,44.072385932982314
-6.5,630.9573444801956,5.2545809664596925,44.06254556871348
-6.0,630.9573444801956,5.168125570883094,44.053397030735994
-5.5,630.9573444801956,5.0539656464120535,44.04494875491206
-5.0,630.9573444801956,4.908330502332479,44.03720855118702
-4.5,630.9573444801956,4.729394143083803,44.03018359155843
-4.0,630.9573444801956,4.518283270965172,44.023880399001996
-3.5,630.9573444801956,4.279924441524748,44.01830483737817
-3.0,630.9573444801956,4.0234977880386875,44.01346210234141
-2.5,630.9573444801956,3.7622860875123902,44.00935671327172
-2.0,630.9573444801956,3.5127932591993343,44.005992506246095
-1.5,630.9573444801956,3.2931474874731053,44.0033726280651
-1.0,630.9573444801956,3.12097224566259,44.00149953134764
-0.5,630.9573444801956,3.011059656713514,44.00037497070465
0.0,630.9573444801956,2.973268407731125,44.0
0.5,630.9573444801956,3.011059656713514,44.00037497070465
1.0,630.9573444801956,3.12097224566259,44.00149953134764
1.5,630.9573444801956,3.2931474874731053,44.0033726280651
2.0,630.9573444801956,3.5127932591993343,44.005992506246095
2.5,630.9573444801956,3.7622860875123902,44.00935671327172
3.0,630.9573444801956,4.0234977880386875,44.01346210234141
3.5,630.9573444801956,4.279924441524748,44.01830483737817
4.0,630.9573444801956,4.518283270965172,44.023880399001996
4.5,630.9573444801956,4.729394143083803,44.03018359155843
5.0,630.9573444801956,4.908330502332479,44.03720855118702
5.5,630.9573444801956,5.0539656464120535,44.04494875491206
6.0,630.9573444801956,5.168125570883094,44.053397030735994
6.5,630.9573444801956,5.2545809664596925,44.06254556871348
7.0,630.9573444801956,5.3180786940579186,44.072385932982314
7.5,630.9573444801956,5.363548710775728,44.08290907472519
8.0,630.9573444801956,5.395549739249923,44.094105346034425
8.5,630.9573444801956,5.417954795442587,44.10596451464997
9.0,630.9573444801956,5.433836311060851,44.118475779539125
9.5,630.9573444801956,5.445491791989311,44.13162778728483
10.0,630.9573444801956,5.454550491575667,44.145408649247656
10.5,630.9573444801956,5.462112470203509,44.15980595946531
11.0,630.9573444801956,5.468886794607994,44.17480681325179
11.5,630.9573444801956,5.4753104391289975,44.19039782645737
12.0,630.9573444801956,5.481640931350532,44.206565155349054
12.5,630.9573444801956,5.4880231560418915,44.22329451707028
13.0,630.9573444801956,5.494534479943962,44.24057121063763
13.5,630.9573444801956,5.501213525140054,44.25838013843132
14.0,630.9573444801956,5.508077578388386,44.27670582813564
14.5,630.9573444801956,5.515132623652185,44.29553245508481
15.0,630.9573444801956,5.522378864299646,44.31484386496918
15.5,630.9573444801956,5.529813633185645,44.33462359685628
16.0,630.9573444801956,5.5374328641040735,44.354854906481094
16.5,630.9573444801956,5.5452318075352185,44.37552078975945
17.0,630.9573444801956,5.553205366925658,44.39660400647871
17.5,630.9573444801956,5.561348252506953,44.418087104119756
18.0,630.9573444801956,5.569655050988671,44.43995244176453
18.5,630.9573444801956,5.5781202580212135,44.462182214043665
19.0,630.9573444801956,5.5867382948322755,44.484758475079126
19.5,630.9573444801956,5.59550351839837,44.50766316237731
20.0,630.9573444801956,5.604410229077776,44.53087812062863
21.0,630.9573444801956,5.622625069804303,44.57816590646964
22.0,630.9573444801956,5.641336333889125,44.62647562817853
23.0,630.9573444801956,5.6604970369719165,44.67566108843822
24.0,630.9573444801956,5.680059887751801,44.72557681742953
25.0,630.9573444801956,5.699977479386602,44.77607876921185
26.0,630.9573444801956,5.720202477137868,44.82702498961558
27.0,630.9573444801956,5.7406878012688045,44.87827625154063
28.0,630.9573444801956,5.761386804240476,44.9296966539574
29.0,630.9573444801956,5.78225344131228,44.98115418133238
30.0,630.9573444801956,5.80324243372022,45.03252122064578
31.0,630.9573444801956,5.8243094236788036,45.083675033626605
32.0,630.9573444801956,5.845411120528627,45.13449818229668
33.0,630.9573444801956,5.866505437431143,45.18487890638389
34.0,630.9573444801956,5.887551618093828,45.234711451630204
35.0,630.9573444801956,5.908510353092409,45.283896348478265
36.0,630.9573444801956,5.929343885440937,45.33234064106494
37.0,630.9573444801956,5.9500161051447575,45.37995806687919
38.0,630.9573444801956,5.970492632554987,45.42666918784803
39.0,630.9573444801956,5.9907408904252675,45.47240147399728
40.0,630.9573444801956,6.0107301646516555,45.51708934118854
41.0,630.9573444801956,6.030431653753973,45.56067414475774
42.0,630.9573444801956,6.049818507231035,45.60310413117281
43.0,630.9573444801956,6.068865852992589,45.644334350084705
44.0,630.9573444801956,6.087550814136886,45.68432652936827
45.0,630.9573444801956,6.105852515404215,45.72304891593484
46.0,630.9573444801956,6.123752079693199,45.76047608524754
47.0,630.9573444801956,6.141232615077707,45.79658872258329
48.0,630.9573444801956,6.158279192807836,45.831373379162905
49.0,630.9573444801956,6.174878816818328,45.86482220631351
50.0,630.9573444801956,6.19102038530184,45.896932670837366
51.0,630.9573444801956,6.206694644932799,45.927707254739616
52.0,630.9573444801956,6.221894138349997,45.95715314241682
53.0,630.9573444801956,6.236613145522849,45.98528189832993
54.0,630.9573444801956,6.250847619637303,46.01210913808318
55.0,630.9573444801956,6.264595118143113,46.037654195705805
56.0,630.9573444801956,6.277854729604633,46.06193978978949
57.0,630.9573444801956,6.290626996992772,46.08499169097463
58.0,630.9573444801956,6.30291383804662,46.10683839310402
59.0,630.9573444801956,6.314718463319704,46.12751079017794
60.0,630.9573444801956,6.32604529250834,46.14704186105152
61.0,630.9573444801956,6.3368998696383665,46.16546636361639
62.0,630.9573444801956,6.347288777662187,46.18282054000713
63.0,630.9573444801956,6.357219552990714,46.19914183417065
64.0,630.9573444801956,6.366700600455145,46.21446862293608
65.0,630.9573444801956,6.375741109161649,46.22883996152538
66.0,630.9573444801956,6.38435096966859,46.24229534425399
67.0,630.9573444801956,6.3925406928811634,46.25487448098592
68.0,630.9573444801956,6.4003213310226394,46.266617089732435
69.0,630.9573444801956,6.407704401005211,46.277562705617534
70.0,630.9573444801956,6.414701810487019,46.28775050627849
71.0,630.9573444801956,6.421325786865647,46.29721915362665
72.0,630.9573444801956,6.427588809422517,46.30600665176243
73.0,630.9573444801956,6.433503544797471,46.314150220720705
74.0,630.9573444801956,6.439082785938615,46.32168618561705
75.0,630.9573444801956,6.444339394639542,46.32864988067322
76.0,630.9573444801956,6.449286247744414,46.335075567520754
77.0,630.9573444801956,6.453936187071369,46.34099636711477
78.0,630.9573444801956,6.458301973076406,46.346444204535274
79.0,630.9573444801956,6.462396242253416,46.351449765910814
80.0,630.9573444801956,6.46623146824149,46.356042466667034
81.0,630.9573444801956,6.4698199265881,46.36025043028205
82.0,630.9573444801956,6.473173663096258,46.36410047671861
83.0,630.9573444801956,6.476304465665343,46.367618119700765
84.0,630.9573444801956,6.47922383951895,46.3708275720082
85.0,630.9573444801956,6.48194298569884,46.373751757974546
86.0,630.9573444801956,6.484472782691785,46.376412332395084
87.0,630.9573444801956,6.486823771045838,46.378829705074665
88.0,630.9573444801956,6.489006140824143,46.38102307027617
89.0,630.9573444801956,6.491029721737844,46.38301044036401
90.0,630.9573444801956,6.492903975794801,46.38480868297403
91.0,630.9573444801956,6.494637992297613,46.386433561081084
92.0,630.9573444801956,6.496240485022774,46.38789977537674
93.0,630.9573444801956,6.4977197914125036,46.38922100841261
94.0,630.9573444801956,6.499083873611799,46.390409970007795
95.0,630.9573444801956,6.50034032118551,46.39147844346262
96.0,630.9573444801956,6.5014963553534155,46.39243733216373
97.0,630.9573444801956,6.502558834585538,46.39329670620804
98.0,630.9573444801956,6.503534261404909,46.3940658487139
99.0,630.9573444801956,6.5044287902507225,46.394753301527864
100.0,630.9573444801956,6.505248236261137,46.39536691007305
-100.0,707.9457843841402,6.878401199550714,46.295559955486674
-99.0,707.9457843841402,6.877534748615054,46.294971913964204
-98.0,707.9457843841402,6.876588907954928,46.29431310501749
-97.0,707.9457843841402,6.8755575288651904,46.293576010116034
-96.0,707.9457843841402,6.874434103876733,46.29275244332357
-95.0,707.9457843841402,6.873211757469886,46.29183350831834
-94.0,707.9457843841402,6.871883237760213,46.2908095545908
-93.0,707.9457843841402,6.8704409093055325,46.28967013306208
-92.0,707.9457843841402,6.868876747189644,46.28840395140271
-91.0,707.9457843841402,6.8671823325443135,46.28699882936937
-90.0,707.9457843841402,6.865348849676359,46.28544165451678
-89.0,707.9457843841402,6.86336708497109,46.28371833868218
-88.0,707.9457843841402,6.86122742774685,46.28181377568133
-87.0,707.9457843841402,6.858919873237664,46.27971180069655
-86.0,707.9457843841402,6.856434027882139,46.27739515187862
-85.0,707.9457843841402,6.85375911709643,46.274845434725606
-84.0,707.9457843841402,6.850883995707325,46.27204308984119
-83.0,707.9457843841402,6.847797161218112,46.268967364713234
-82.0,707.9457843841402,6.844486770074741,46.26559629018867
-81.0,707.9457843841402,6.840940657092901,46.26190666235363
-80.0,707.9457843841402,6.837146358197699,46.25787403055591
-79.0,707.9457843841402,6.833091136616781,46.2534726923312
-78.0,707.9457843841402,6.82876201265477,46.248675696012974
-77.0,707.9457843841402,6.824145797161772,46.24345485181832
-76.0,707.9457843841402,6.819229128791442,46.23778075220739
-75.0,707.9457843841402,6.813998515124636,46.23162280231183
-74.0,707.9457843841402,6.808440377712987,46.22494926121634
-73.0,707.9457843841402,6.802541101072949,46.21772729485734
-72.0,707.9457843841402,6.796287085634871,46.209923041272326
-71.0,707.9457843841402,6.789664804623693,46.20150168889221
-70.0,707.9457843841402,6.7826608648178945,46.19242756851689
-69.0,707.9457843841402,6.775262071101595,46.18266425955014
-68.0,707.9457843841402,6.767455494691273,46.17217471099359
-67.0,707.9457843841402,6.759228544883689,46.16092137761151
-66.0,707.9457843841402,6.750569044135454,46.148866371576744
-65.0,707.9457843841402,6.741465306247514,46.13597162979515
-64.0,707.9457843841402,6.731906217389883,46.12219909698041
-63.0,707.9457843841402,6.72188131966364,46.107510924413546
-62.0,707.9457843841402,6.711380896858643,46.091869684173496
-61.0,707.9457843841402,6.700396062027169,46.07523859846571
-60.0,707.9457843841402,6.68891884645596,46.05758178350771
-59.0,707.9457843841402,6.676942289582398,46.03886450725386
-58.0,707.9457843841402,6.664460529365159,46.01905346005802
-57.0,707.9457843841402,6.6514688925860455,45.998117037184024
-56.0,707.9457843841402,6.637963984528294,45.9760256318816
-55.0,707.9457843841402,6.623943777447785,45.9527519375514
-54.0,707.9457843841402,6.609407697227803,45.92827125732972
-53.0,707.9457843841402,6.594356707585614,45.90256181923285
-52.0,707.9457843841402,6.578793391180624,45.87560509481612
-51.0,707.9457843841402,6.5627220269595545,45.84738611912547
-50.0,707.9457843841402,6.546148663064433,45.81789380955247
-49.0,707.9457843841402,6.529081184624373,45.78712128105045
-48.0,707.9457843841402,6.5115293757526675,45.755066155031116
-47.0,707.9457843841402,6.493504975076676,45.72173085914232
-46.0,707.9457843841402,6.4750217241397845,45.687122915028894
-45.0,707.9457843841402,6.456095408032353,45.65125521110422
-44.0,707.9457843841402,6.436743887632363,45.614146257311255
-43.0,707.9457843841402,6.416987122866326,45.57582041883117
-42.0,707.9457843841402,6.396847186437115,45.53630812570728
-41.0,707.9457843841402,6.376348267507501,45.49564605539283
-40.0,707.9457843841402,6.355516664876422,45.45387728530568
-39.0,707.9457843841402,6.334380769239031,45.41105141258073
-38.0,707.9457843841402,6.312971034181205,45.36722463835436
-37.0,707.9457843841402,6.291319935624187,45.32245981409256
-36.0,707.9457843841402,6.269461919504903,45.276826447687235
-35.0,707.9457843841402,6.247433337551917,45.23040066729167
-34.0,707.9457843841402,6.225272371095368,45.18326514114562
-33.0,707.9457843841402,6.203018942931131,45.13550895195122
-32.0,707.9457843841402,6.180714617344109,45.087227424700984
-31.0,707.9457843841402,6.158402488482474,45.0385219072255
-30.0,707.9457843841402,6.13612705736298,44.98949950311888
-29.0,707.9457843841402,6.113934097876608,44.94027275711019
-28.0,707.9457843841402,6.091870512252736,44.89095929337584
-27.0,707.9457843841402,6.069984176528264,44.84168140772644
-26.0,707.9457843841402,6.048323776654514,44.79256561504827
-25.0,707.9457843841402,6.026938635958765,44.74374215382802
-24.0,707.9457843841402,6.005878534757812,44.69534445003663
-23.0,707.9457843841402,5.985193522997474,44.64750854308663
-22.0,707.9457843841402,5.96493372686329,44.60037247700443
-21.0,707.9457843841402,5.945149150371844,44.55407566036674
-20.0,707.9457843841402,5.925889472992495,44.508758198935766
-19.5,707.9457843841402,5.9164718570620565,44.48651053061159
-19.0,707.9457843841402,5.9072038442051005,44.46456020528416
-18.5,707.9457843841402,5.898091461005246,44.442924621791846
-18.0,707.9457843841402,5.889140674180153,44.421621090024345
-17.5,707.9457843841402,5.880357382510731,44.40066680811477
-17.0,707.9457843841402,5.871747406086161,44.380078839542094
-16.5,707.9457843841402,5.863316468713139,44.35987409018614
-16.0,707.9457843841402,5.855070163590914,44.340069285377716
-15.5,707.9457843841402,5.847013879620559,44.32068094698727
-15.0,707.9457843841402,5.839152638762942,44.30172537059546
-14.5,707.9457843841402,5.831490740469208,44.28321860278961
-14.0,707.9457843841402,5.824031004876813,44.265176418629984
-13.5,707.9457843841402,5.816773216951991,44.24761429933002
-13.0,707.9457843841402,5.8097110494804145,44.2305474101944
-12.5,707.9457843841402,5.802826224103726,44.21399057885902
-12.0,707.9457843841402,5.796077903305123,44.197958273876175
-11.5,707.9457843841402,5.789384282445639,44.182464583688315
-11.0,707.9457843841402,5.782592165900037,44.16752319603297
-10.5,707.9457843841402,5.775429253830023,44.15314737782092
-10.0,707.9457843841402,5.767433506246589,44.139349955529006
-9.5,707.9457843841402,5.7578551830468925,44.12614329614796
-9.0,707.9457843841402,5.745531122367274,44.11353928872499
-8.5,707.9457843841402,5.7287386139015055,44.101549326539555
-8.0,707.9457843841402,5.705048362615999,44.090184289949654
-7.5,707.9457843841402,5.671211696488978,44.079454529944975
-7.0,707.9457843841402,5.623133436263334,44.06936985244138
-6.5,707.9457843841402,5.555993362615443,44.059939503350414
-6.0,707.9457843841402,5.464578727071345,44.05117215445533
-5.5,707.9457843841402,5.3438703800715786,44.04307589012406
-5.0,707.9457843841402,5.189881337170822,44.03565819488756
-4.5,707.9457843841402,5.000680860356009,44.02892594191017
-4.0,707.9457843841402,4.777460281635468,44.02288538237691
-3.5,707.9457843841402,4.525428752814236,44.01754213582075
-3.0,707.9457843841402,4.25429299644085,44.01290118141051
-2.5,707.9457843841402,3.978097713957761,44.00896685021873
-2.0,707.9457843841402,3.7142935196793654,44.00574281848584
-1.5,707.9457843841402,3.482048463864821,44.00323210189572
-1.0,707.9457843841402,3.2999969345779,44.00143705087482
-0.5,707.9457843841402,3.1837795580512256,44.00035934692529
0.0,707.9457843841402,3.143820533753886,44.0
0.5,707.9457843841402,3.1837795580512256,44.00035934692529
1.0,707.9457843841402,3.2999969345779,44.00143705087482
1.5,707.9457843841402,3.482048463864821,44.00323210189572
2.0,707.9457843841402,3.7142935196793654,44.00574281848584
2.5,707.9457843841402,3.978097713957761,44.00896685021873
3.0,707.9457843841402,4.25429299644085,44.01290118141051
3.5,707.9457843841402,4.525428752814236,44.01754213582075
4.0,707.9457843841402,4.777460281635468,44.02288538237691
4.5,707.9457843841402,5.000680860356009,44.02892594191017
5.0,707.9457843841402,5.189881337170822,44.03565819488756
5.5,707.9457843841402,5.3438703800715786,44.04307589012406
6.0,707.9457843841402,5.464578727071345,44.05117215445533
6.5,707.9457843841402,5.555993362615443,44.059939503350414
7.0,707.9457843841402,5.623133436263334,44.06936985244138
7.5,707.9457843841402,5.671211696488978,44.079454529944975
8.0,707.9457843841402,5.705048362615999,44.090184289949654
8.5,707.9457843841402,5.7287386139015055,44.101549326539555
9.0,707.9457843841402,5.745531122367274,44.11353928872499
9.5,707.9457843841402,5.7578551830468925,44.12614329614796
10.0,707.9457843841402,5.767433506246589,44.139349955529006
10.5,707.9457843841402,5.775429253830023,44.15314737782092
11.0,707.9457843841402,5.782592165900037,44.16752319603297
11.5,707.9457843841402,5.789384282445639,44.182464583688315
12.0,707.9457843841402,5.796077903305123,44.197958273876175
12.5,707.9457843841402,5.802826224103726,44.21399057885902
13.0,707.9457843841402,5.8097110494804145,44.2305474101944
13.5,707.9457843841402,5.816773216951991,44.24761429933002
14.0,707.9457843841402,5.824031004876813,44.265176418629984
14.5,707.9457843841402,5.831490740469208,44.28321860278961
15.0,707.9457843841402,5.839152638762942,44.30172537059546
15.5,707.9457843841402,5.847013879620559,44.32068094698727
16.0,707.9457843841402,5.855070163590914,44.340069285377716
16.5,707.9457843841402,5.863316468713139,44.35987409018614
17.0,707.9457843841402,5.871747406086161,44.380078839542094
17.5,707.9457843841402,5.880357382510731,44.40066680811477
18.0,707.9457843841402,5.889140674180153,44.421621090024345
18.5,707.9457843841402,5.898091461005246,44.442924621791846
19.0,707.9457843841402,5.9072038442051005,44.46456020528416
19.5,707.9457843841402,5.9164718570620565,44.48651053061159
20.0,707.9457843841402,5.925889472992495,44.508758198935766
21.0,707.9457843841402,5.945149150371844,44.55407566036674
22.0,707.9457843841402,5.96493372686329,44.60037247700443
23.0,707.9457843841402,5.985193522997474,44.64750854308663
24.0,707.9457843841402,6.005878534757812,44.69534445003663
25.0,707.9457843841402,6.026938635958765,44.74374215382802
26.0,707.9457843841402,6.048323776654514,44.79256561504827
27.0,707.9457843841402,6.069984176528264,44.84168140772644
28.0,707.9457843841402,6.091870512252736,44.89095929337584
29.0,707.9457843841402,6.113934097876608,44.94027275711019
30.0,707.9457843841402,6.13612705736298,44.98949950311888
31.0,707.9457843841402,6.158402488482474,45.0385219072255
32.0,707.9457843841402,6.180714617344109,45.087227424700984
33.0,707.9457843841402,6.203018942931131,45.13550895195122
34.0,707.9457843841402,6.225272371095368,45.18326514114562
35.0,707.9457843841402,6.247433337551917,45.23040066729167
36.0,707.9457843841402,6.269461919504903,45.276826447687235
37.0,707.9457843841402,6.291319935624187,45.32245981409256
38.0,707.9457843841402,6.312971034181205,45.36722463835436
39.0,707.9457843841402,6.334380769239031,45.41105141258073
40.0,707.9457843841402,6.355516664876422,45.45387728530568
41.0,707.9457843841402,6.376348267507501,45.49564605539283
42.0,707.9457843841402,6.396847186437115,45.53630812570728
43.0,707.9457843841402,6.416987122866326,45.57582041883117
44.0,707.9457843841402,6.436743887632363,45.614146257311255
45.0,707.9457843841402,6.456095408032353,45.65125521110422
46.0,707.9457843841402,6.4750217241397845,45.687122915028894
47.0,707.9457843841402,6.493504975076676,45.72173085914232
48.0,707.9457843841402,6.5115293757526675,45.755066155031116
49.0,707.9457843841402,6.529081184624373,45.78712128105045
50.0,707.9457843841402,6.546148663064433,45.81789380955247
51.0,707.9457843841402,6.5627220269595545,45.84738611912547
52.0,707.9457843841402,6.578793391180624,45.87560509481612
53.0,707.9457843841402,6.594356707585614,45.90256181923285
54.0,707.9457843841402,6.609407697227803,45.92827125732972
55.0,707.9457843841402,6.623943777447785,45.9527519375514
56.0,707.9457843841402,6.637963984528294,45.9760256318816
57.0,707.9457843841402,6.6514688925860455,45.998117037184024
58.0,707.9457843841402,6.664460529365159,46.01905346005802
59.0,707.9457843841402,6.676942289582398,46.03886450725386
60.0,707.9457843841402,6.68891884645596,46.05758178350771
61.0,707.9457843841402,6.700396062027169,46.07523859846571
62.0,707.9457843841402,6.711380896858643,46.091869684173496
63.0,707.9457843841402,6.72188131966364,46.107510924413546
64.0,707.9457843841402,6.731906217389883,46.12219909698041
65.0,707.9457843841402,6.741465306247514,46.13597162979515
66.0,707.9457843841402,6.750569044135454,46.148866371576744
67.0,707.9457843841402,6.759228544883689,46.16092137761151
68.0,707.9457843841402,6.767455494691273,46.17217471099359
69.0,707.9457843841402,6.775262071101595,46.18266425955014
70.0,707.9457843841402,6.7826608648178945,46.19242756851689
71.0,707.9457843841402,6.789664804623693,46.20150168889221
72.0,707.9457843841402,6.796287085634871,46.209923041272326
73.0,707.9457843841402,6.802541101072949,46.21772729485734
74.0,707.9457843841402,6.808440377712987,46.22494926121634
75.0,707.9457843841402,6.813998515124636,46.23162280231183
76.0,707.9457843841402,6.819229128791442,46.23778075220739
77.0,707.9457843841402,6.824145797161772,46.24345485181832
78.0,707.9457843841402,6.82876201265477,46.248675696012974
79.0,707.9457843841402,6.833091136616781,46.2534726923312
80.0,707.9457843841402,6.837146358197699,46.25787403055591
81.0,707.9457843841402,6.840940657092901,46.26190666235363
82.0,707.9457843841402,6.844486770074741,46.26559629018867
83.0,707.9457843841402,6.847797161218112,46.268967364713234
84.0,707.9457843841402,6.850883995707325,46.27204308984119
85.0,707.9457843841402,6.85375911709643,46.274845434725606
86.0,707.9457843841402,6.856434027882139,46.27739515187862
87.0,707.9457843841402,6.858919873237664,46.27971180069655
88.0,707.9457843841402,6.86122742774685,46.28181377568133
89.0,707.9457843841402,6.86336708497109,46.28371833868218
90.0,707.9457843841402,6.865348849676359,46.28544165451678
91.0,707.9457843841402,6.8671823325443135,46.28699882936937
92.0,707.9457843841402,6.868876747189644,46.28840395140271
93.0,707.9457843841402,6.8704409093055325,46.28967013306208
94.0,707.9457843841402,6.871883237760213,46.2908095545908
95.0,707.9457843841402,6.873211757469886,46.29183350831834
96.0,707.9457843841402,6.874434103876733,46.29275244332357
97.0,707.9457843841402,6.8755575288651904,46.293576010116034
98.0,707.9457843841402,6.876588907954928,46.29431310501749
99.0,707.9457843841402,6.877534748615054,46.294971913964204
100.0,707.9457843841402,6.878401199550714,46.295559955486674
-100.0,794.3282347242846,7.263855421713555,46.1957530009003
-99.0,794.3282347242846,7.262940416301099,46.19519052640054
-98.0,794.3282347242846,7.261941572295375,46.194560361321074
-97.0,794.3282347242846,7.2608523964279765,46.193855314024034
-96.0,794.3282347242846,7.259666016561995,46.19306755448342
-95.0,794.3282347242846,7.258375171885012,46.192188573174064
-94.0,794.3282347242846,7.256972204128989,46.19120913917381
-93.0,794.3282347242846,7.255449049974197,46.19011925771156
-92.0,794.3282347242846,7.253797234801409,46.188908127428675
-91.0,794.3282347242846,7.252007867962948,46.187564097657656
-90.0,794.3282347242846,7.250071639748769,46.18607462605953
-89.0,794.3282347242846,7.24797882022846,46.18442623700034
-88.0,794.3282347242846,7.2457192601536695,46.18260448108649
-87.0,794.3282347242846,7.243282394107887,46.18059389631844
-86.0,794.3282347242846,7.2406572460917396,46.17837797136216
-85.0,794.3282347242846,7.237832437731528,46.175939111476666
-84.0,794.3282347242846,7.234796199296978,46.173258607674185
-83.0,794.3282347242846,7.231536383710491,46.170316609725695
-82.0,794.3282347242846,7.228040483724846,46.167092103658725
-81.0,794.3282347242846,7.224295652438933,46.16356289442521
-80.0,794.3282347242846,7.220288727311722,46.15970559444478
-79.0,794.3282347242846,7.216006257823213,46.15549561875158
-78.0,794.3282347242846,7.211434536917375,46.150907187490674
-77.0,794.3282347242846,7.206559636346178,46.14591333652187
-76.0,794.3282347242846,7.201367446015537,46.140485936894024
-75.0,794.3282347242846,7.195843717413459,46.13459572395045
-74.0,794.3282347242846,7.189974111177802,46.12821233681562
-73.0,794.3282347242846,7.183744248835849,46.121304368993975
-72.0,794.3282347242846,7.177139768720566,46.11383943078223
-71.0,794.3282347242846,7.1701463860388035,46.10578422415776
-70.0,794.3282347242846,7.162749957035064,46.09710463075529
-69.0,794.3282347242846,7.15493654716101,46.08776581348274
-68.0,794.3282347242846,7.14669250312548,46.07773233225473
-67.0,794.3282347242846,7.138004528663058,46.0669682742371
-66.0,794.3282347242846,7.128859763820975,46.05543739889949
-65.0,794.3282347242846,7.119245867524915,46.04310329806493
-64.0,794.3282347242846,7.109151103144251,46.02992957102474
-63.0,794.3282347242846,7.098564426736709,46.01588001465643
-62.0,794.3282347242846,7.087475577611806,46.00091882833986
-61.0,794.3282347242846,7.075875170811975,45.98501083331502
-60.0,794.3282347242846,7.063754791070453,45.968121705963895
-59.0,794.3282347242846,7.0511070877662085,45.95021822432978
-58.0,794.3282347242846,7.037925870358819,45.93126852701202
-57.0,794.3282347242846,7.0242062037506745,45.911242383393414
-56.0,794.3282347242846,7.0099445029907,45.8901114739737
-55.0,794.3282347242846,6.99513862670335,45.86784967939698
-54.0,794.3282347242846,6.979787968599361,45.84443337657625
-53.0,794.3282347242846,6.963893546401117,45.819841740135764
-52.0,794.3282347242846,6.947458087495983,45.79405704721542
-51.0,794.3282347242846,6.930486110615779,45.76706498351132
-50.0,794.3282347242846,6.912984002830401,45.73885494826758
-49.0,794.3282347242846,6.894960091138552,45.70942035578739
-48.0,794.3282347242846,6.876424707939045,45.67875893089933
-47.0,794.3282347242846,6.857390249672495,45.64687299570135
-46.0,794.3282347242846,6.837871227935641,45.61376974481024
-45.0,794.3282347242846,6.81788431238919,45.5794615062736
-44.0,794.3282347242846,6.797448364805171,45.543965985254246
-43.0,794.3282347242846,6.7765844636313535,45.507306487577644
-42.0,794.3282347242846,6.755315918488356,45.469512120241745
-41.0,794.3282347242846,6.7336682740596085,45.43061796602793
-40.0,794.3282347242846,6.711669302885228,45.39066522942282
-39.0,794.3282347242846,6.689348986627946,45.34970135116418
-38.0,794.3282347242846,6.666739485442205,45.307780088860696
-37.0,794.3282347242846,6.64387509514614,45.264961561305924
-36.0,794.3282347242846,6.620792191969988,45.22131225430953
-35.0,794.3282347242846,6.597529164733032,45.17690498610507
-34.0,794.3282347242846,6.574126334383978,45.131818830661025
-33.0,794.3282347242846,6.550625860926124,45.08613899751856
-32.0,794.3282347242846,6.527071637838129,45.039956667105294
-31.0,794.3282347242846,6.5035091741929225,44.99336878082439
-30.0,794.3282347242846,6.479985464770606,44.946477785591966
-29.0,794.3282347242846,6.456548848555274,44.89939133288801
-28.0,794.3282347242846,6.433248856099634,44.852221932794286
-27.0,794.3282347242846,6.4101360463344745,44.80508656391225
-26.0,794.3282347242846,6.387261833491278,44.75810624048095
-25.0,794.3282347242846,6.364678304894972,44.7114055384442
-24.0,794.3282347242846,6.342438030468936,44.66511208264373
-23.0,794.3282347242846,6.320593864875142,44.619355997735035
-22.0,794.3282347242846,6.299198743287625,44.57426932583032
-21.0,794.3282347242846,6.278305471865324,44.52998541426384
-20.0,794.3282347242846,6.257966514032858,44.48663827724291
-19.5,794.3282347242846,6.248021150488144,44.465357898845866
-19.0,794.3282347242846,6.238233773525616,44.4443619354892
-18.5,794.3282347242846,6.228610747448667,44.42366702954003
-18.0,794.3282347242846,6.219158373339943,44.40328973828416
-17.5,794.3282347242846,6.209882880538274,44.38324651210978
-17.0,794.3282347242846,6.200790415281011,44.363553672605484
-16.5,794.3282347242846,6.191887022127502,44.34422739061283
-16.0,794.3282347242846,6.183178607710634,44.32528366427434
-15.5,794.3282347242846,6.1746708629165745,44.30673829711826
-15.0,794.3282347242846,6.166369091128572,44.28860687622174
-14.5,794.3282347242846,6.158277832731898,44.27090475049441
-14.0,794.3282347242846,6.150400065899846,44.253647009124336
-13.5,794.3282347242846,6.142735563548513,44.23684846022871
-13.0,794.3282347242846,6.13527764389695,44.22052360975116
-12.5,794.3282347242846,6.128007004297842,44.20468664064776
-12.0,794.3282347242846,6.120880518767511,44.189351392403296
-11.5,794.3282347242846,6.113811798470384,44.17453134091926
-11.0,794.3282347242846,6.106639062951859,44.16023957881414
-10.5,794.3282347242846,6.099074753141256,44.146488796176534
-10.0,794.3282347242846,6.090630937093076,44.133291261810356
-9.5,794.3282347242846,6.080515860509642,44.12065880501109
-9.0,794.3282347242846,6.067501179861033,44.10860279791086
-8.5,794.3282347242846,6.049767647005866,44.09713413842913
-8.0,794.3282347242846,6.024749833236409,44.08626323386489
-7.5,794.3282347242846,5.989017016326057,44.075999985164756
-7.0,794.3282347242846,5.938244529948059,44.06635377190045
-6.5,794.3282347242846,5.867342037663467,44.05733343798735
-6.0,794.3282347242846,5.770804677198894,44.04894727817466
-5.5,794.3282347242846,5.643332034158299,44.04120302533606
-5.0,794.3282347242846,5.480713700084938,44.0341078385881
-4.5,794.3282347242846,5.28091074160211,44.0276682922619
-4.0,794.3282347242846,5.045181250992701,44.02189036575183
-3.5,794.3282347242846,4.779026292309795,44.01677943426332
-3.0,794.3282347242846,4.49269653677273,44.012340260479625
-2.5,794.3282347242846,4.201023727654305,44.00857698716574
-2.0,794.3282347242846,3.922436382821168,44.00549313072559
-1.5,794.3282347242846,3.677176698353382,44.003091575726344
-1.0,794.3282347242846,3.4849233025892006,44.00137457040201
-0.5,794.3282347242846,3.362193296576212,44.00034372314593
0.0,794.3282347242846,3.319995034673784,44.0
0.5,794.3282347242846,3.362193296576212,44.00034372314593
1.0,794.3282347242846,3.4849233025892006,44.00137457040201
1.5,794.3282347242846,3.677176698353382,44.003091575726344
2.0,794.3282347242846,3.922436382821168,44.00549313072559
2.5,794.3282347242846,4.201023727654305,44.00857698716574
3.0,794.3282347242846,4.49269653677273,44.012340260479625
3.5,794.3282347242846,4.779026292309795,44.01677943426332
4.0,794.3282347242846,5.045181250992701,44.02189036575183
4.5,794.3282347242846,5.28091074160211,44.0276682922619
5.0,794.3282347242846,5.480713700084938,44.0341078385881
5.5,794.3282347242846,5.643332034158299,44.04120302533606
6.0,794.3282347242846,5.770804677198894,44.04894727817466
6.5,794.3282347242846,5.867342037663467,44.05733343798735
7.0,794.3282347242846,5.938244529948059,44.06635377190045
7.5,794.3282347242846,5.989017016326057,44.075999985164756
8.0,794.3282347242846,6.024749833236409,44.08626323386489
8.5,794.3282347242846,6.049767647005866,44.09713413842913
9.0,794.3282347242846,6.067501179861033,44.10860279791086
9.5,794.3282347242846,6.080515860509642,44.12065880501109
10.0,794.3282347242846,6.090630937093076,44.133291261810356
10.5,794.3282347242846,6.099074753141256,44.146488796176534
11.0,794.3282347242846,6.106639062951859,44.16023957881414
11.5,794.3282347242846,6.113811798470384,44.17453134091926
12.0,794.3282347242846,6.120880518767511,44.189351392403296
12.5,794.3282347242846,6.128007004297842,44.20468664064776
13.0,794.3282347242846,6.13527764389695,44.22052360975116
13.5,794.3282347242846,6.142735563548513,44.23684846022871
14.0,794.3282347242846,6.150400065899846,44.253647009124336
14.5,794.3282347242846,6.158277832731898,44.27090475049441
15.0,794.3282347242846,6.166369091128572,44.28860687622174
15.5,794.3282347242846,6.1746708629165745,44.30673829711826
16.0,794.3282347242846,6.183178607710634,44.32528366427434
16.5,794.3282347242846,6.191887022127502,44.34422739061283
17.0,794.3282347242846,6.200790415281011,44.363553672605484
17.5,794.3282347242846,6.209882880538274,44.38324651210978
18.0,794.3282347242846,6.219158373339943,44.40328973828416
18.5,794.3282347242846,6.228610747448667,44.42366702954003
19.0,794.3282347242846,6.238233773525616,44.4443619354892
19.5,794.3282347242846,6.248021150488144,44.465357898845866
20.0,794.3282347242846,6.257966514032858,44.48663827724291
21.0,794.3282347242846,6.278305471865324,44.52998541426384
22.0,794.3282347242846,6.299198743287625,44.57426932583032
23.0,794.3282347242846,6.320593864875142,44.619355997735035
24.0,794.3282347242846,6.342438030468936,44.66511208264373
25.0,794.3282347242846,6.364678304894972,44.7114055384442
26.0,794.3282347242846,6.387261833491278,44.75810624048095
27.0,794.3282347242846,6.4101360463344745,44.80508656391225
28.0,794.3282347242846,6.433248856099634,44.852221932794286
29.0,794.3282347242846,6.456548848555274,44.89939133288801
30.0,794.3282347242846,6.479985464770606,44.946477785591966
31.0,794.3282347242846,6.5035091741929225,44.99336878082439
32.0,794.3282347242846,6.527071637838129,45.039956667105294
33.0,794.3282347242846,6.550625860926124,45.08613899751856
34.0,794.3282347242846,6.574126334383978,45.131818830661025
35.0,794.3282347242846,6.597529164733032,45.17690498610507
36.0,794.3282347242846,6.620792191969988,45.22131225430953
37.0,794.3282347242846,6.64387509514614,45.264961561305924
38.0,794.3282347242846,6.666739485442205,45.307780088860696
39.0,794.3282347242846,6.689348986627946,45.34970135116418
40.0,794.3282347242846,6.711669302885228,45.39066522942282
41.0,794.3282347242846,6.7336682740596085,45.43061796602793
42.0,794.3282347242846,6.755315918488356,45.469512120241745
43.0,794.3282347242846,6.7765844636313535,45.507306487577644
44.0,794.3282347242846,6.797448364805171,45.543965985254246
45.0,794.3282347242846,6.81788431238919,45.5794615062736
46.0,794.3282347242846,6.837871227935641,45.61376974481024
47.0,794.3282347242846,6.857390249672495,45.64687299570135
48.0,794.3282347242846,6.876424707939045,45.67875893089933
49.0,794.3282347242846,6.894960091138552,45.70942035578739
50.0,794.3282347242846,6.912984002830401,45.73885494826758
51.0,794.3282347242846,6.930486110615779,45.76706498351132
52.0,794.3282347242846,6.947458087495983,45.79405704721542
53.0,794.3282347242846,6.963893546401117,45.819841740135764
54.0,794.3282347242846,6.979787968599361,45.84443337657625
55.0,794.3282347242846,6.99513862670335,45.86784967939698
56.0,794.3282347242846,7.0099445029907,45.8901114739737
57.0,794.3282347242846,7.0242062037506745,45.911242383393414
58.0,794.3282347242846,7.037925870358819,45.93126852701202
59.0,794.3282347242846,7.0511070877662085,45.95021822432978
60.0,794.3282347242846,7.063754791070453,45.968121705963895
61.0,794.3282347242846,7.075875170811975,45.98501083331502
62.0,794.3282347242846,7.087475577611806,46.00091882833986
63.0,794.3282347242846,7.098564426736709,46.01588001465643
64.0,794.3282347242846,7.109151103144251,46.02992957102474
65.0,794.3282347242846,7.119245867524915,46.04310329806493
66.0,794.3282347242846,7.128859763820975,46.05543739889949
67.0,794.3282347242846,7.138004528663058,46.0669682742371
68.0,794.3282347242846,7.14669250312548,46.07773233225473
69.0,794.3282347242846,7.15493654716101,46.08776581348274
70.0,794.3282347242846,7.162749957035064,46.09710463075529
71.0,794.3282347242846,7.1701463860388035,46.10578422415776
72.0,794.3282347242846,7.177139768720566,46.11383943078223
73.0,794.3282347242846,7.183744248835849,46.121304368993975
74.0,794.3282347242846,7.189974111177802,46.12821233681562
75.0,794.3282347242846,7.195843717413459,46.13459572395045
76.0,794.3282347242846,7.201367446015537,46.140485936894024
77.0,794.3282347242846,7.206559636346178,46.14591333652187
78.0,794.3282347242846,7.211434536917375,46.150907187490674
79.0,794.3282347242846,7.216006257823213,46.15549561875158
80.0,794.3282347242846,7.220288727311722,46.15970559444478
81.0,794.3282347242846,7.224295652438933,46.16356289442521
82.0,794.3282347242846,7.228040483724846,46.167092103658725
83.0,794.3282347242846,7.231536383710491,46.170316609725695
84.0,794.3282347242846,7.234796199296978,46.173258607674185
85.0,794.3282347242846,7.237832437731528,46.175939111476666
86.0,794.3282347242846,7.2406572460917396,46.17837797136216
87.0,794.3282347242846,7.243282394107887,46.18059389631844
88.0,794.3282347242846,7.2457192601536695,46.18260448108649
89.0,794.3282347242846,7.24797882022846,46.18442623700034
90.0,794.3282347242846,7.250071639748769,46.18607462605953
91.0,794.3282347242846,7.252007867962948,46.187564097657656
92.0,794.3282347242846,7.253797234801409,46.188908127428675
93.0,794.3282347242846,7.255449049974197,46.19011925771156
94.0,794.3282347242846,7.256972204128989,46.19120913917381
95.0,794.3282347242846,7.258375171885012,46.192188573174064
96.0,794.3282347242846,7.259666016561995,46.19306755448342
97.0,794.3282347242846,7.2608523964279765,46.193855314024034
98.0,794.3282347242846,7.261941572295375,46.194560361321074
99.0,794.3282347242846,7.262940416301099,46.19519052640054
100.0,794.3282347242846,7.263855421713555,46.1957530009003
-100.0,891.2509381337495,7.661676694892881,46.09594604631392
-99.0,891.2509381337495,7.660711577164441,46.09540913883688
-98.0,891.2509381337495,7.659658029234837,46.09480761762466
-97.0,891.2509381337495,7.658509202217308,46.094134617932035
-96.0,891.2509381337495,7.657257847607013,46.09338266564326
-95.0,891.2509381337495,7.655896306936916,46.09254363802979
-94.0,891.2509381337495,7.654416502516818,46.09160872375682
-93.0,891.2509381337495,7.652809929421267,46.090568382361035
-92.0,891.2509381337495,7.651067648899577,46.089412303454644
-91.0,891.2509381337495,7.649180283387886,46.088129365945946
-90.0,891.2509381337495,7.647138013309076,46.08670759760228
-89.0,891.2509381337495,7.644930575851355,46.085134135318505
-88.0,891.2509381337495,7.642547265920104,46.08339518649165
-87.0,891.2509381337495,7.639976939460173,46.08147599194033
-86.0,891.2509381337495,7.637208019347055,46.0793607908457
-85.0,891.2509381337495,7.634228504044992,46.077032788227726
-84.0,891.2509381337495,7.63102597922813,46.07447412550717
-83.0,891.2509381337495,7.6275876325570255,46.071665854738164
-82.0,891.2509381337495,7.6239002717971145,46.06858791712878
-81.0,891.2509381337495,7.619950346458041,46.06521912649679
-80.0,891.2509381337495,7.615723973122807,46.06153715833366
-79.0,891.2509381337495,7.611206964623626,46.05751854517196
-78.0,891.2509381337495,7.606384863206918,46.05313867896837
-77.0,891.2509381337495,7.601242977813024,46.048371821225416
-76.0,891.2509381337495,7.59576642557703,46.04319112158066
-75.0,891.2509381337495,7.589940177635346,46.03756864558906
-74.0,891.2509381337495,7.583749109298619,46.03147541241491
-73.0,891.2509381337495,7.577178054624946,46.02488144313061
-72.0,891.2509381337495,7.570211865398509,46.01775582029212
-71.0,891.2509381337495,7.562835474487538,46.01006675942332
-70.0,891.2509381337495,7.555033963522167,46.00178169299368
-69.0,891.2509381337495,7.546792634797376,45.99286736741534
-68.0,891.2509381337495,7.538097087269009,45.98328995351588
-67.0,891.2509381337495,7.528933296471965,45.97301517086268
-66.0,891.2509381337495,7.519287698149424,45.96200842622224
-65.0,891.2509381337495,7.50914727534056,45.950234966334705
-64.0,891.2509381337495,7.498499648631943,45.937660045069066
-63.0,891.2509381337495,7.487333169235123,45.924249104899324
-62.0,891.2509381337495,7.475637014509977,45.90996797250624
-61.0,891.2509381337495,7.463401285510765,45.894783068164344
-60.0,891.2509381337495,7.450617106089837,45.87866162842008
-59.0,891.2509381337495,7.437276723052974,45.8615719414057
-58.0,891.2509381337495,7.423373606820976,45.84348359396602
-57.0,891.2509381337495,7.408902552014585,45.824367729602805
-56.0,891.2509381337495,7.393859777344868,45.8041973160658
-55.0,891.2509381337495,7.378243024159066,45.782947421242575
-54.0,891.2509381337495,7.362051652963126,45.760595495822784
-53.0,891.2509381337495,7.3452867372172745,45.737121661038685
-52.0,891.2509381337495,7.32795115368034,45.71250899961472
-51.0,891.2509381337495,7.310049668562586,45.68674384789716
-50.0,891.2509381337495,7.291589018736064,45.659816086982694
-49.0,891.2509381337495,7.272577987246168,45.63171943052432
-48.0,891.2509381337495,7.25302747236862,45.60245170676754
-47.0,891.2509381337495,7.232950549462804,45.572015132260375
-46.0,891.2509381337495,7.212362524885481,45.540416574591596
-45.0,891.2509381337495,7.191280981248575,45.507667801442985
-44.0,891.2509381337495,7.169725813331205,45.47378571319723
-43.0,891.2509381337495,7.147719253989433,45.43879255632412
-42.0,891.2509381337495,7.125285889447337,45.40271611477621
-41.0,891.2509381337495,7.102452663400014,45.36558987666302
-40.0,891.2509381337495,7.079248869412796,45.32745317353997
-39.0,891.2509381337495,7.055706131161171,45.288351289747624
-38.0,891.2509381337495,7.031858370122298,45.24833553936703
-37.0,891.2509381337495,7.007741760401427,45.207463308519294
-36.0,891.2509381337495,6.983394670454327,45.16579806093182
-35.0,891.2509381337495,6.958857591549747,45.12340930491848
-34.0,891.2509381337495,6.934173052903247,45.08037252017643
-33.0,891.2509381337495,6.909385523504911,45.0367690430859
-32.0,891.2509381337495,6.884541300757836,44.992685909509596
-31.0,891.2509381337495,6.85968838614102,44.94821565442328
-30.0,891.2509381337495,6.834876348208708,44.90345606806506
-29.0,891.2509381337495,6.810156173337468,44.85850990866583
-28.0,891.2509381337495,6.785580104731404,44.81348457221272
-27.0,891.2509381337495,6.761201470294124,44.768491720098055
-26.0,891.2509381337495,6.73707450007238,44.723646865913636
-25.0,891.2509381337495,6.713254134069838,44.67906892306037
-24.0,891.2509381337495,6.6897958213191995,44.63487971525083
-23.0,891.2509381337495,6.6667553111861,44.59120345238344
-22.0,891.2509381337495,6.644188437957667,44.54816617465622
-21.0,891.2509381337495,6.622150899840127,44.50589516816094
-20.0,891.2509381337495,6.600698033534777,44.46451835555005
-19.5,891.2509381337495,6.5902079899327255,44.44420526708015
-19.0,891.2509381337495,6.579884585401053,44.42416366569423
-18.5,891.2509381337495,6.569734532798448,44.40440943728821
-18.0,891.2509381337495,6.559764478300429,44.384958386543964
-17.5,891.2509381337495,6.549980992409484,44.365826216104786
-17.0,891.2509381337495,6.540390557975388,44.34702850566887
-16.5,891.2509381337495,6.530999550601289,44.32858069103951
-16.0,891.2509381337495,6.521814200410019,44.31049804317095
-15.5,891.2509381337495,6.512840509961846,44.29279564724924
-15.0,891.2509381337495,6.504084073091652,44.27548838184803
-14.5,891.2509381337495,6.49554967884905,44.25859089819921
-14.0,891.2509381337495,6.4872404685136535,44.24211759961869
-13.5,891.2509381337495,6.479156202564799,44.226082621127404
-13.0,891.2509381337495,6.471289833278875,44.210499809307926
-12.5,891.2509381337495,6.463621000855953,44.1953827024365
-12.0,891.2509381337495,6.4561042174214975,44.180744510930424
-11.5,891.2509381337495,6.448648362862316,44.1665980981502
-11.0,891.2509381337495,6.441082796455716,44.15295596159532
-10.5,891.2509381337495,6.433104210315964,44.13983021453215
-10.0,891.2509381337495,6.424197949814286,44.1272325680917
-9.5,891.2509381337495,6.413528898459727,44.11517431387422
-9.0,891.2509381337495,6.399801439744228,44.10366630709673
-8.5,891.2509381337495,6.381096690336854,44.09271895031872
-8.0,891.2509381337495,6.354708720094268,44.08234217778012
-7.5,891.2509381337495,6.317018915621215,44.07254544038454
-7.0,891.2509381337495,6.263465760576135,44.06333769135953
-6.5,891.2509381337495,6.1886801348706975,44.05472737262429
-6.0,891.2509381337495,6.086855690148558,44.046722401893994
-5.5,891.2509381337495,5.952401722975552,44.039330160548054
-5.0,891.2509381337495,5.7808772324676925,44.032557482288645
-4.5,891.2509381337495,5.570131618505925,44.02641064261363
-4.0,891.2509381337495,5.321491875608204,44.02089534912675
-3.5,891.2509381337495,5.04076034589255,44.0160167327059
-3.0,891.2509381337495,4.738749101492643,44.01177933954873
-2.5,891.2509381337495,4.431102179242998,44.00818712411275
-2.0,891.2509381337495,4.137257375969558,44.00524344296533
-1.5,891.2509381337495,3.8785654968516865,44.00295104955696
-1.0,891.2509381337495,3.6757829142802723,44.001312089929186
-0.5,891.2509381337495,3.546331325249063,44.00032809936657
0.0,891.2509381337495,3.501821981241973,44.0
0.5,891.2509381337495,3.546331325249063,44.00032809936657
1.0,891.2509381337495,3.6757829142802723,44.001312089929186
1.5,891.2509381337495,3.8785654968516865,44.00295104955696
2.0,891.2509381337495,4.137257375969558,44.00524344296533
2.5,891.2509381337495,4.431102179242998,44.00818712411275
3.0,891.2509381337495,4.738749101492643,44.01177933954873
3.5,891.2509381337495,5.04076034589255,44.0160167327059
4.0,891.2509381337495,5.321491875608204,44.02089534912675
4.5,891.2509381337495,5.570131618505925,44.02641064261363
5.0,891.2509381337495,5.7808772324676925,44.032557482288645
5.5,891.2509381337495,5.952401722975552,44.039330160548054
6.0,891.2509381337495,6.086855690148558,44.046722401893994
6.5,891.2509381337495,6.1886801348706975,44.05472737262429
7.0,891.2509381337495,6.263465760576135,44.06333769135953
7.5,891.2509381337495,6.317018915621215,44.07254544038454
8.0,891.2509381337495,6.354708720094268,44.08234217778012
8.5,891.2509381337495,6.381096690336854,44.09271895031872
9.0,891.2509381337495,6.399801439744228,44.10366630709673
9.5,891.2509381337495,6.413528898459727,44.11517431387422
10.0,891.2509381337495,6.424197949814286,44.1272325680917
10.5,891.2509381337495,6.433104210315964,44.13983021453215
11.0,891.2509381337495,6.441082796455716,44.15295596159532
11.5,891.2509381337495,6.448648362862316,44.1665980981502
12.0,891.2509381337495,6.4561042174214975,44.180744510930424
12.5,891.2509381337495,6.463621000855953,44.1953827024365
13.0,891.2509381337495,6.471289833278875,44.210499809307926
13.5,891.2509381337495,6.479156202564799,44.226082621127404
14.0,891.2509381337495,6.4872404685136535,44.24211759961869
14.5,891.2509381337495,6.49554967884905,44.25859089819921
15.0,891.2509381337495,6.504084073091652,44.27548838184803
15.5,891.2509381337495,6.512840509961846,44.29279564724924
16.0,891.2509381337495,6.521814200410019,44.31049804317095
16.5,891.2509381337495,6.530999550601289,44.32858069103951
17.0,891.2509381337495,6.540390557975388,44.34702850566887
17.5,891.2509381337495,6.549980992409484,44.365826216104786
18.0,891.2509381337495,6.559764478300429,44.384958386543964
18.5,891.2509381337495,6.569734532798448,44.40440943728821
19.0,891.2509381337495,6.579884585401053,44.42416366569423
19.5,891.2509381337495,6.5902079899327255,44.44420526708015
20.0,891.2509381337495,6.600698033534777,44.46451835555005
21.0,891.2509381337495,6.622150899840127,44.50589516816094
22.0,891.2509381337495,6.644188437957667,44.54816617465622
23.0,891.2509381337495,6.6667553111861,44.59120345238344
24.0,891.2509381337495,6.6897958213191995,44.63487971525083
25.0,891.2509381337495,6.713254134069838,44.67906892306037
26.0,891.2509381337495,6.73707450007238,44.723646865913636
27.0,891.2509381337495,6.761201470294124,44.768491720098055
28.0,891.2509381337495,6.785580104731404,44.81348457221272
29.0,891.2509381337495,6.810156173337468,44.85850990866583
30.0,891.2509381337495,6.834876348208708,44.90345606806506
31.0,891.2509381337495,6.85968838614102,44.94821565442328
32.0,891.2509381337495,6.884541300757836,44.992685909509596
33.0,891.2509381337495,6.909385523504911,45.0367690430859
34.0,891.2509381337495,6.934173052903247,45.08037252017643
35.0,891.2509381337495,6.958857591549747,45.12340930491848
36.0,891.2509381337495,6.983394670454327,45.16579806093182
37.0,891.2509381337495,7.007741760401427,45.207463308519294
38.0,891.2509381337495,7.031858370122298,45.24833553936703
39.0,891.2509381337495,7.055706131161171,45.288351289747624
40.0,891.2509381337495,7.079248869412796,45.32745317353997
41.0,891.2509381337495,7.102452663400014,45.36558987666302
42.0,891.2509381337495,7.125285889447337,45.40271611477621
43.0,891.2509381337495,7.147719253989433,45.43879255632412
44.0,891.2509381337495,7.169725813331205,45.47378571319723
45.0,891.2509381337495,7.191280981248575,45.507667801442985
46.0,891.2509381337495,7.212362524885481,45.540416574591596
47.0,891.2509381337495,7.232950549462804,45.572015132260375
48.0,891.2509381337495,7.25302747236862,45.60245170676754
49.0,891.2509381337495,7.272577987246168,45.63171943052432
50.0,891.2509381337495,7.291589018736064,45.659816086982694
51.0,891.2509381337495,7.310049668562586,45.68674384789716
52.0,891.2509381337495,7.32795115368034,45.71250899961472
53.0,891.2509381337495,7.3452867372172745,45.737121661038685
54.0,891.2509381337495,7.362051652963126,45.760595495822784
55.0,891.2509381337495,7.378243024159066,45.782947421242575
56.0,891.2509381337495,7.393859777344868,45.8041973160658
57.0,891.2509381337495,7.408902552014585,45.824367729602805
58.0,891.2509381337495,7.423373606820976,45.84348359396602
59.0,891.2509381337495,7.437276723052974,45.8615719414057
60.0,891.2509381337495,7.450617106089837,45.87866162842008
61.0,891.2509381337495,7.463401285510765,45.894783068164344
62.0,891.2509381337495,7.475637014509977,45.90996797250624
63.0,891.2509381337495,7.487333169235123,45.924249104899324
64.0,891.2509381337495,7.498499648631943,45.937660045069066
65.0,891.2509381337495,7.50914727534056,45.950234966334705
66.0,891.2509381337495,7.519287698149424,45.96200842622224
67.0,891.2509381337495,7.528933296471965,45.97301517086268
68.0,891.2509381337495,7.538097087269009,45.98328995351588
69.0,891.2509381337495,7.546792634797376,45.99286736741534
70.0,891.2509381337495,7.555033963522167,46.00178169299368
71.0,891.2509381337495,7.562835474487538,46.01006675942332
72.0,891.2509381337495,7.570211865398509,46.01775582029212
73.0,891.2509381337495,7.577178054624946,46.02488144313061
74.0,891.2509381337495,7.583749109298619,46.03147541241491
75.0,891.2509381337495,7.589940177635346,46.03756864558906
76.0,891.2509381337495,7.59576642557703,46.04319112158066
77.0,891.2509381337495,7.601242977813024,46.048371821225416
78.0,891.2509381337495,7.606384863206918,46.05313867896837
79.0,891.2509381337495,7.611206964623626,46.05751854517196
80.0,891.2509381337495,7.615723973122807,46.06153715833366
81.0,891.2509381337495,7.619950346458041,46.06521912649679
82.0,891.2509381337495,7.6239002717971145,46.06858791712878
83.0,891.2509381337495,7.6275876325570255,46.071665854738164
84.0,891.2509381337495,7.63102597922813,46.07447412550717
85.0,891.2509381337495,7.634228504044992,46.077032788227726
86.0,891.2509381337495,7.637208019347055,46.0793607908457
87.0,891.2509381337495,7.639976939460173,46.08147599194033
88.0,891.2509381337495,7.642547265920104,46.08339518649165
89.0,891.2509381337495,7.644930575851355,46.085134135318505
90.0,891.2509381337495,7.647138013309076,46.08670759760228
91.0,891.2509381337495,7.649180283387886,46.088129365945946
92.0,891.2509381337495,7.651067648899577,46.089412303454644
93.0,891.2509381337495,7.652809929421267,46.090568382361035
94.0,891.2509381337495,7.654416502516818,46.09160872375682
95.0,891.2509381337495,7.655896306936916,46.09254363802979
96.0,891.2509381337495,7.657257847607013,46.09338266564326
97.0,891.2509381337495,7.658509202217308,46.094134617932035
98.0,891.2509381337495,7.659658029234837,46.09480761762466
99.0,891.2509381337495,7.660711577164441,46.09540913883688
100.0,891.2509381337495,7.661676694892881,46.09594604631392
-100.0,1000.0000000000041,8.071929440110985,45.99613909172754
-99.0,1000.0000000000041,8.07091264411246,45.99562775127322
-98.0,1000.0000000000041,8.069802682822235,45.99505487392825
-97.0,1000.0000000000041,8.068592340622523,45.99441392184003
-96.0,1000.0000000000041,8.067273980879465,45.99369777680311
-95.0,1000.0000000000041,8.06583953504515,45.99289870288551
-94.0,1000.0000000000041,8.064280492900737,45.99200830833983
-93.0,1000.0000000000041,8.062587894115369,45.991017507010504
-92.0,1000.0000000000041,8.060752321303307,45.98991647948061
-91.0,1000.0000000000041,8.058763894768912,45.988694634234236
-90.0,1000.0000000000041,8.056612269135218,45.987340569145026
-89.0,1000.0000000000041,8.054286632057101,45.98584203363667
-88.0,1000.0000000000041,8.051775705224102,45.98418589189681
-87.0,1000.0000000000041,8.049067747860613,45.98235808756222
-86.0,1000.0000000000041,8.046150562932503,45.980343610329236
-85.0,1000.0000000000041,8.043011506268835,45.978126464978786
-84.0,1000.0000000000041,8.039637498805279,45.97568964334017
-83.0,1000.0000000000041,8.036015042151854,45.97301509975063
-82.0,1000.0000000000041,8.032130237681566,45.970083730598844
-81.0,1000.0000000000041,8.027968809328428,45.96687535856837
-80.0,1000.0000000000041,8.023516130272899,45.963368722222526
-79.0,1000.0000000000041,8.018757253679988,45.959541471592345
-78.0,1000.0000000000041,8.013676947640102,45.955370170446066
-77.0,1000.0000000000041,8.00825973444494,45.950830305928974
-76.0,1000.0000000000041,8.002489934310525,45.945896306267294
-75.0,1000.0000000000041,7.996351713636555,45.940541567227676
-74.0,1000.0000000000041,7.989829137865866,45.934738488014204
-73.0,1000.0000000000041,7.9829062289798305,45.92845851726725
-72.0,1000.0000000000041,7.975567027635072,45.921672209802026
-71.0,1000.0000000000041,7.967795659913993,45.914349294688876
-70.0,1000.0000000000041,7.959576408626516,45.90645875523208
-69.0,1000.0000000000041,7.95089378906315,45.897968921347946
-68.0,1000.0000000000041,7.941732629060288,45.88884757477703
-67.0,1000.0000000000041,7.932078153197715,45.87906206748827
-66.0,1000.0000000000041,7.921916070905845,45.86857945354499
-65.0,1000.0000000000041,7.911232668216639,45.85736663460448
-64.0,1000.0000000000041,7.9000149028476185,45.845390519113394
-63.0,1000.0000000000041,7.888250502263388,45.83261819514221
-62.0,1000.0000000000041,7.875928064313882,45.819017116672605
-61.0,1000.0000000000041,7.86303716000363,45.80455530301366
-60.0,1000.0000000000041,7.849568437902077,45.78920155087627
-59.0,1000.0000000000041,7.835513729661858,45.77292565848162
-58.0,1000.0000000000041,7.820866156070407,45.75569866092002
-57.0,1000.0000000000041,7.805620233020816,45.737493075812196
-56.0,1000.0000000000041,7.789771976750962,45.71828315815791
-55.0,1000.0000000000041,7.773319007666081,45.69804516308817
-54.0,1000.0000000000041,7.756260652029724,45.67675761506932
-53.0,1000.0000000000041,7.738598040781702,45.654401581941606
-52.0,1000.0000000000041,7.72033420472,45.63096095201402
-51.0,1000.0000000000041,7.701474165266752,45.60642271228301
-50.0,1000.0000000000041,7.682025020027094,45.5807772256978
-49.0,1000.0000000000041,7.66199602234406,45.55401850526126
-48.0,1000.0000000000041,7.641398654053304,45.52614448263575
-47.0,1000.0000000000041,7.620246690648437,45.49715726881941
-46.0,1000.0000000000041,7.598556258081607,45.46706340437295
-45.0,1000.0000000000041,7.5763458804446655,45.435874096612366
-44.0,1000.0000000000041,7.553636517804144,45.40360544114022
-43.0,1000.0000000000041,7.530451593498371,45.37027862507058
-42.0,1000.0000000000041,7.50681701024732,45.33592010931068
-41.0,1000.0000000000041,7.482761154475312,45.300561787298115
-40.0,1000.0000000000041,7.458314888303242,45.264241117657114
-39.0,1000.0000000000041,7.433511528730422,45.22700122833107
-38.0,1000.0000000000041,7.408386813596107,45.18889098987336
-37.0,1000.0000000000041,7.382978853987041,45.14996505573266
-36.0,1000.0000000000041,7.357328072839354,45.11028386755412
-35.0,1000.0000000000041,7.33147712957047,45.069913623731885
-34.0,1000.0000000000041,7.305470830668683,45.02892620969184
-33.0,1000.0000000000041,7.27935602626413,44.987399088653234
-32.0,1000.0000000000041,7.253181492804312,44.9454151519139
-31.0,1000.0000000000041,7.226997802059208,44.903062528022176
-30.0,1000.0000000000041,7.200857176784783,44.86043435053815
-29.0,1000.0000000000041,7.174813333478154,44.817628484443645
-28.0,1000.0000000000041,7.148921312762152,44.774747211631166
-27.0,1000.0000000000041,7.123237298040523,44.73189687628386
-26.0,1000.0000000000041,7.097818423166387,44.68918749134632
-25.0,1000.0000000000041,7.07272256996518,44.646732307676544
-24.0,1000.0000000000041,7.048008156547887,44.604647347857934
-23.0,1000.0000000000041,7.023733917440081,44.56305090703185
-22.0,1000.0000000000041,6.999958676636034,44.52206302348211
-21.0,1000.0000000000041,6.976741114762518,44.48180492205804
-20.0,1000.0000000000041,6.954139531584212,44.44239843385719
-19.5,1000.0000000000041,6.943087787279223,44.42305263531443
-19.0,1000.0000000000041,6.932211604913432,44.40396539589927
-18.5,1000.0000000000041,6.92151805679279,44.38515184503639
-18.0,1000.0000000000041,6.911014144969452,44.36662703480378
-17.5,1000.0000000000041,6.900706791770555,44.3484059200998
-17.0,1000.0000000000041,6.890602827177055,44.33050333873226
-16.5,1000.0000000000041,6.880708968180653,44.3129339914662
-16.0,1000.0000000000041,6.8710317785028305,44.295712422067574
-15.5,1000.0000000000041,6.861577582117418,44.278852997380234
-15.0,1000.0000000000041,6.852352272387224,44.262369887474314
-14.5,1000.0000000000041,6.843360894796691,44.24627704590401
-14.0,1000.0000000000041,6.834606758828636,44.23058819011303
-13.5,1000.0000000000041,6.8260896121370065,44.2153167820261
-13.0,1000.0000000000041,6.817802029620224,44.20047600886469
-12.5,1000.0000000000041,6.809722561290907,44.18607876422523
-12.0,1000.0000000000041,6.801803283577195,44.172137629457545
-11.5,1000.0000000000041,6.793948197241125,44.15866485538115
-11.0,1000.0000000000041,6.785977524418393,44.14567234437649
-10.5,1000.0000000000041,6.777571716275266,44.13317163288776
-10.0,1000.0000000000041,6.76818856044559,44.12117387437305
-9.5,1000.0000000000041,6.756948223224844,44.10968982273736
-9.0,1000.0000000000041,6.742485712921139,44.09872981628261
-8.5,1000.0000000000041,6.7227793975251995,44.088303762208305
-8.0,1000.0000000000041,6.694978454944591,44.07842112169536
-7.5,1000.0000000000041,6.655270509225496,44.069090895604326
-7.0,1000.0000000000041,6.598849792712182,44.0603216108186
-6.5,1000.0000000000041,6.5200596899881615,44.05212130726123
-6.0,1000.0000000000041,6.412782945509571,44.04449752561333
-5.5,1000.0000000000041,6.271129495594758,44.03745729576005
-5.0,1000.0000000000041,6.090420541175769,44.031007125989184
-4.5,1000.0000000000041,5.868390325929779,44.02515299296536
-4.0,1000.0000000000041,5.60643689972797,44.01990033250166
-3.5,1000.0000000000041,5.3106732973575275,44.01525403114847
-3.0,1000.0000000000041,4.99249053502025,44.01121841861784
-2.5,1000.0000000000041,4.668370326382139,44.007797261059764
-2.0,1000.0000000000041,4.35879128607265,44.00499375520508
-1.5,1000.0000000000041,4.086247471171,44.00281052338758
-1.0,1000.0000000000041,3.872606676422897,44.001249609456366
-0.5,1000.0000000000041,3.736223462384814,44.00031247558721
0.0,1000.0000000000041,3.689330817529368,44.0
0.5,1000.0000000000041,3.736223462384814,44.00031247558721
1.0,1000.0000000000041,3.872606676422897,44.001249609456366
1.5,1000.0000000000041,4.086247471171,44.00281052338758
2.0,1000.0000000000041,4.35879128607265,44.00499375520508
2.5,1000.0000000000041,4.668370326382139,44.007797261059764
3.0,1000.0000000000041,4.99249053502025,44.01121841861784
3.5,1000.0000000000041,5.3106732973575275,44.01525403114847
4.0,1000.0000000000041,5.60643689972797,44.01990033250166
4.5,1000.0000000000041,5.868390325929779,44.02515299296536
5.0,1000.0000000000041,6.090420541175769,44.031007125989184
5.5,1000.0000000000041,6.271129495594758,44.03745729576005
6.0,1000.0000000000041,6.412782945509571,44.04449752561333
6.5,1000.0000000000041,6.5200596899881615,44.05212130726123
7.0,1000.0000000000041,6.598849792712182,44.0603216108186
7.5,1000.0000000000041,6.655270509225496,44.069090895604326
8.0,1000.0000000000041,6.694978454944591,44.07842112169536
8.5,1000.0000000000041,6.7227793975251995,44.088303762208305
9.0,1000.0000000000041,6.742485712921139,44.09872981628261
9.5,1000.0000000000041,6.756948223224844,44.10968982273736
10.0,1000.0000000000041,6.76818856044559,44.12117387437305
10.5,1000.0000000000041,6.777571716275266,44.13317163288776
11.0,1000.0000000000041,6.785977524418393,44.14567234437649
11.5,1000.0000000000041,6.793948197241125,44.15866485538115
12.0,1000.0000000000041,6.801803283577195,44.172137629457545
12.5,1000.0000000000041,6.809722561290907,44.18607876422523
13.0,1000.0000000000041,6.817802029620224,44.20047600886469
13.5,1000.0000000000041,6.8260896121370065,44.2153167820261
14.0,1000.0000000000041,6.834606758828636,44.23058819011303
14.5,1000.0000000000041,6.843360894796691,44.24627704590401
15.0,1000.0000000000041,6.852352272387224,44.262369887474314
15.5,1000.0000000000041,6.861577582117418,44.278852997380234
16.0,1000.0000000000041,6.8710317785028305,44.295712422067574
16.5,1000.0000000000041,6.880708968180653,44.3129339914662
17.0,1000.0000000000041,6.890602827177055,44.33050333873226
17.5,1000.0000000000041,6.900706791770555,44.3484059200998
18.0,1000.0000000000041,6.911014144969452,44.36662703480378
18.5,1000.0000000000041,6.92151805679279,44.38515184503639
19.0,1000.0000000000041,6.932211604913432,44.40396539589927
19.5,1000.0000000000041,6.943087787279223,44.42305263531443
20.0,1000.0000000000041,6.954139531584212,44.44239843385719
21.0,1000.0000000000041,6.976741114762518,44.48180492205804
22.0,1000.0000000000041,6.999958676636034,44.52206302348211
23.0,1000.0000000000041,7.023733917440081,44.56305090703185
24.0,1000.0000000000041,7.048008156547887,44.604647347857934
25.0,1000.0000000000041,7.07272256996518,44.646732307676544
26.0,1000.0000000000041,7.097818423166387,44.68918749134632
27.0,1000.0000000000041,7.123237298040523,44.73189687628386
28.0,1000.0000000000041,7.148921312762152,44.774747211631166
29.0,1000.0000000000041,7.174813333478154,44.817628484443645
30.0,1000.0000000000041,7.200857176784783,44.86043435053815
31.0,1000.0000000000041,7.226997802059208,44.903062528022176
32.0,1000.0000000000041,7.253181492804312,44.9454151519139
33.0,1000.0000000000041,7.27935602626413,44.987399088653234
34.0,1000.0000000000041,7.305470830668683,45.02892620969184
35.0,1000.0000000000041,7.33147712957047,45.069913623731885
36.0,1000.0000000000041,7.357328072839354,45.11028386755412
37.0,1000.0000000000041,7.382978853987041,45.14996505573266
38.0,1000.0000000000041,7.408386813596107,45.18889098987336
39.0,1000.0000000000041,7.433511528730422,45.22700122833107
40.0,1000.0000000000041,7.458314888303242,45.264241117657114
41.0,1000.0000000000041,7.482761154475312,45.300561787298115
42.0,1000.0000000000041,7.50681701024732,45.33592010931068
43.0,1000.0000000000041,7.530451593498371,45.37027862507058
44.0,1000.0000000000041,7.553636517804144,45.40360544114022
45.0,1000.0000000000041,7.5763458804446655,45.435874096612366
46.0,1000.0000000000041,7.598556258081607,45.46706340437295
47.0,1000.0000000000041,7.620246690648437,45.49715726881941
48.0,1000.0000000000041,7.641398654053304,45.52614448263575
49.0,1000.0000000000041,7.66199602234406,45.55401850526126
50.0,1000.0000000000041,7.682025020027094,45.5807772256978
51.0,1000.0000000000041,7.701474165266752,45.60642271228301
52.0,1000.0000000000041,7.72033420472,45.63096095201402
53.0,1000.0000000000041,7.738598040781702,45.654401581941606
54.0,1000.0000000000041,7.756260652029724,45.67675761506932
55.0,1000.0000000000041,7.773319007666081,45.69804516308817
56.0,1000.0000000000041,7.789771976750962,45.71828315815791
57.0,1000.0000000000041,7.805620233020816,45.737493075812196
58.0,1000.0000000000041,7.820866156070407,45.75569866092002
59.0,1000.0000000000041,7.835513729661858,45.77292565848162
60.0,1000.0000000000041,7.849568437902077,45.78920155087627
61.0,1000.0000000000041,7.86303716000363,45.80455530301366
62.0,1000.0000000000041,7.875928064313882,45.819017116672605
63.0,1000.0000000000041,7.888250502263388,45.83261819514221
64.0,1000.0000000000041,7.9000149028476185,45.845390519113394
65.0,1000.0000000000041,7.911232668216639,45.85736663460448
66.0,1000.0000000000041,7.921916070905845,45.86857945354499
67.0,1000.0000000000041,7.932078153197715,45.87906206748827
68.0,1000.0000000000041,7.941732629060288,45.88884757477703
69.0,1000.0000000000041,7.95089378906315,45.897968921347946
70.0,1000.0000000000041,7.959576408626516,45.90645875523208
71.0,1000.0000000000041,7.967795659913993,45.914349294688876
72.0,1000.0000000000041,7.975567027635072,45.921672209802026
73.0,1000.0000000000041,7.9829062289798305,45.92845851726725
74.0,1000.0000000000041,7.989829137865866,45.934738488014204
75.0,1000.0000000000041,7.996351713636555,45.940541567227676
76.0,1000.0000000000041,8.002489934310525,45.945896306267294
77.0,1000.0000000000041,8.00825973444494,45.950830305928974
78.0,1000.0000000000041,8.013676947640102,45.955370170446066
79.0,1000.0000000000041,8.018757253679988,45.959541471592345
80.0,1000.0000000000041,8.023516130272899,45.963368722222526
81.0,1000.0000000000041,8.027968809328428,45.96687535856837
82.0,1000.0000000000041,8.032130237681566,45.970083730598844
83.0,1000.0000000000041,8.036015042151854,45.97301509975063
84.0,1000.0000000000041,8.039637498805279,45.97568964334017
85.0,1000.0000000000041,8.043011506268835,45.978126464978786
86.0,1000.0000000000041,8.046150562932503,45.980343610329236
87.0,1000.0000000000041,8.049067747860613,45.98235808756222
88.0,1000.0000000000041,8.051775705224102,45.98418589189681
89.0,1000.0000000000041,8.054286632057101,45.98584203363667
90.0,1000.0000000000041,8.056612269135218,45.987340569145026
91.0,1000.0000000000041,8.058763894768912,45.988694634234236
92.0,1000.0000000000041,8.060752321303307,45.98991647948061
93.0,1000.0000000000041,8.062587894115369,45.991017507010504
94.0,1000.0000000000041,8.064280492900737,45.99200830833983
95.0,1000.0000000000041,8.06583953504515,45.99289870288551
96.0,1000.0000000000041,8.067273980879465,45.99369777680311
97.0,1000.0000000000041,8.068592340622523,45.99441392184003
98.0,1000.0000000000041,8.069802682822235,45.99505487392825
99.0,1000.0000000000041,8.07091264411246,45.99562775127322
100.0,1000.0000000000041,8.071929440110985,45.99613909172754
-100.0,1122.0184543019675,8.494676769940178,45.896332137141165
-99.0,1122.0184543019675,8.493606721767367,45.89584636370956
-98.0,1122.0184543019675,8.492438629001251,45.89530213023183
-97.0,1122.0184543019675,8.49116489812391,45.89469322574803
-96.0,1122.0184543019675,8.489777492551692,45.89401288796295
-95.0,1122.0184543019675,8.488267921166448,45.893253767741236
-94.0,1122.0184543019675,8.48662722804769,45.89240789292283
-93.0,1122.0184543019675,8.4848459835894,45.89146663165998
-92.0,1122.0184543019675,8.482914277193569,45.89042065550658
-91.0,1122.0184543019675,8.480821711739948,45.889259902522525
-90.0,1122.0184543019675,8.478557400038047,45.887973540687774
-89.0,1122.0184543019675,8.476109963472929,45.88654993195484
-88.0,1122.0184543019675,8.473467533060528,45.88497659730197
-87.0,1122.0184543019675,8.47061775313117,45.88324018318411
-86.0,1122.0184543019675,8.467547787861244,45.88132642981277
-85.0,1122.0184543019675,8.464244330872647,45.879220141729846
-84.0,1122.0184543019675,8.460693618117425,45.876905161173156
-83.0,1122.0184543019675,8.45688144426082,45.8743643447631
-82.0,1122.0184543019675,8.45279318276964,45.8715795440689
-81.0,1122.0184543019675,8.448413809904272,45.868531590639954
-80.0,1122.0184543019675,8.4437279328017,45.8652002861114
-79.0,1122.0184543019675,8.438719821823433,45.86156439801273
-78.0,1122.0184543019675,8.433373447326307,45.85760166192376
-77.0,1122.0184543019675,8.42767252099535,45.853288790632526
-76.0,1122.0184543019675,8.4216005418567,45.84860149095393
-75.0,1122.0184543019675,8.41514084706442,45.8435144888663
-74.0,1122.0184543019675,8.408276667528344,45.838001563613496
-73.0,1122.0184543019675,8.400991188420662,45.83203559140389
-72.0,1122.0184543019675,8.393267614566877,45.82558859931192
-71.0,1122.0184543019675,8.385089240692242,45.818631829954434
-70.0,1122.0184543019675,8.37643952645774,45.81113581747047
-69.0,1122.0184543019675,8.367302176180537,45.80307047528055
-68.0,1122.0184543019675,8.357661223092505,45.79440519603818
-67.0,1122.0184543019675,8.347501117947356,45.78510896411385
-66.0,1122.0184543019675,8.336806821742286,45.775150480867744
-65.0,1122.0184543019675,8.325563902274117,45.76449830287426
-64.0,1122.0184543019675,8.313758634203099,45.75312099315773
-63.0,1122.0184543019675,8.301378102250164,45.7409872853851
-62.0,1122.0184543019675,8.28841030710585,45.72806626083897
-61.0,1122.0184543019675,8.274844273581863,45.71432753786298
-60.0,1122.0184543019675,8.260670160489607,45.69974147333245
-59.0,1122.0184543019675,8.245879371684739,45.68427937555754
-58.0,1122.0184543019675,8.230464667672958,45.667913727874016
-57.0,1122.0184543019675,8.214420277130829,45.65061842202159
-56.0,1122.0184543019675,8.197742007656542,45.63236900025001
-55.0,1122.0184543019675,8.180427355029952,45.61314290493376
-54.0,1122.0184543019675,8.162475610229324,45.592919734315856
-53.0,1122.0184543019675,8.143887963424648,45.57168150284453
-52.0,1122.0184543019675,8.12466760414445,45.549412904413316
-51.0,1122.0184543019675,8.104819816795425,45.526101576668864
-50.0,1122.0184543019675,8.084352070702213,45.50173836441291
-49.0,1122.0184543019675,8.06327410382879,45.476317579998195
-48.0,1122.0184543019675,8.041597999343544,45.44983725850397
-47.0,1122.0184543019675,8.019338254197471,45.42229940537844
-46.0,1122.0184543019675,7.996511838899561,45.3937102341543
-45.0,1122.0184543019675,7.973138247695134,45.36408039178175
-44.0,1122.0184543019675,7.949239538382342,45.33342516908321
-43.0,1122.0184543019675,7.9248403610388936,45.301764693817056
-42.0,1122.0184543019675,7.899967974975623,45.269124103845144
-41.0,1122.0184543019675,7.87465225328558,45.235533697933214
-40.0,1122.0184543019675,7.848925674416873,45.20102906177426
-39.0,1122.0184543019675,7.822823300264206,45.165651166914515
-38.0,1122.0184543019675,7.796382740347729,45.12944644037969
-37.0,1122.0184543019675,7.769644101728045,45.09246680294603
-36.0,1122.0184543019675,7.742649924392535,45.05476967417641
-35.0,1122.0184543019675,7.715445101940048,45.01641794254529
-34.0,1122.0184543019675,7.688076787487822,44.977479899207246
-33.0,1122.0184543019675,7.660594284825629,44.93802913422057
-32.0,1122.0184543019675,7.633048924946705,44.89814439431821
-31.0,1122.0184543019675,7.605493928192339,44.857909401621065
-30.0,1122.0184543019675,7.57798425235611,44.817412633011244
-29.0,1122.0184543019675,7.550576427203745,44.77674706022147
-28.0,1122.0184543019675,7.523328375974495,44.73600985104961
-27.0,1122.0184543019675,7.4962992245388484,44.69530203246967
-26.0,1122.0184543019675,7.469549098994096,44.654728116779005
-25.0,1122.0184543019675,7.443138912583053,44.61439569229272
-24.0,1122.0184543019675,7.417130142920705,44.57441498046504
-23.0,1122.0184543019675,7.391584600608058,44.534898361680256
-22.0,1122.0184543019675,7.366564190400521,44.495959872308006
-21.0,1122.0184543019675,7.342130666177483,44.45771467595514
-20.0,1122.0184543019675,7.318345381009531,44.42027851216433
-19.5,1122.0184543019675,7.3067148289449415,44.401900003548704
-19.0,1122.0184543019675,7.295269033441673,44.3837671261043
-18.5,1122.0184543019675,7.284015437200203,44.36589425278457
-18.0,1122.0184543019675,7.272961408987838,44.34829568306359
-17.5,1122.0184543019675,7.262114233671467,44.33098562409481
-17.0,1122.0184543019675,7.251481098935405,44.31397817179565
-16.5,1122.0184543019675,7.241069073557165,44.29728729189289
-16.0,1122.0184543019675,7.230885065016898,44.280926800964195
-15.5,1122.0184543019675,7.220935728490922,44.26491034751122
-15.0,1122.0184543019675,7.21122726599233,44.2492513931006
-14.5,1122.0184543019675,7.201764987250335,44.23396319360881
-14.0,1122.0184543019675,7.1925523750737215,44.219058780607384
-13.5,1122.0184543019675,7.183589163900438,44.2045509429248
-13.0,1122.0184543019675,7.174867539757583,44.190452208421455
-12.5,1122.0184543019675,7.166364929267772,44.17677482601397
-12.0,1122.0184543019675,7.158030898980652,44.163530747984666
-11.5,1122.0184543019675,7.149764421935733,44.150731612612084
-11.0,1122.0184543019675,7.141376304847939,44.13838872715767
-10.5,1122.0184543019675,7.132530263304121,44.12651305124337
-10.0,1122.0184543019675,7.12265568790719,44.1151151806544
-9.5,1122.0184543019675,7.110826665839569,44.10420533160049
-9.0,1122.0184543019675,7.095606717347276,44.093793325468475
-8.5,1122.0184543019675,7.074868332447235,44.08388857409789
-8.0,1122.0184543019675,7.04561138429449,44.074500065610586
-7.5,1122.0184543019675,7.003823833178656,44.06563635082411
-7.0,1122.0184543019675,6.944448221255265,44.05730553027767
-6.5,1122.0184543019675,6.861531681873109,44.04951524189817
-6.0,1122.0184543019675,6.748636583366828,44.04227264933266
-5.5,1122.0184543019675,6.599564384544845,44.03558443097205
-5.0,1122.0184543019675,6.409391245816063,44.02945676968972
-4.5,1122.0184543019675,6.175732747477032,44.02389534331709
-4.0,1122.0184543019675,5.900060158801363,44.01890531587658
-3.5,1122.0184543019675,5.588806669646053,44.01449132959105
-3.0,1122.0184543019675,5.253959872498542,44.01065749768695
-2.5,1122.0184543019675,4.912864669992847,44.00740739800678
-2.0,1122.0184543019675,4.587072193523773,44.004744067444825
-1.5,1122.0184543019675,4.300254570746821,44.002669997218206
-1.0,1122.0184543019675,4.075424868044004,44.00118712898355
-0.5,1122.0184543019675,3.931898920661199,44.000296851807846
0.0,1122.0184543019675,3.882550389570827,44.0
0.5,1122.0184543019675,3.931898920661199,44.000296851807846
1.0,1122.0184543019675,4.075424868044004,44.00118712898355
1.5,1122.0184543019675,4.300254570746821,44.002669997218206
2.0,1122.0184543019675,4.587072193523773,44.004744067444825
2.5,1122.0184543019675,4.912864669992847,44.00740739800678
3.0,1122.0184543019675,5.253959872498542,44.01065749768695
3.5,1122.0184543019675,5.588806669646053,44.01449132959105
4.0,1122.0184543019675,5.900060158801363,44.01890531587658
4.5,1122.0184543019675,6.175732747477032,44.02389534331709
5.0,1122.0184543019675,6.409391245816063,44.02945676968972
5.5,1122.0184543019675,6.599564384544845,44.03558443097205
6.0,1122.0184543019675,6.748636583366828,44.04227264933266
6.5,1122.0184543019675,6.861531681873109,44.04951524189817
7.0,1122.0184543019675,6.944448221255265,44.05730553027767
7.5,1122.0184543019675,7.003823833178656,44.06563635082411
8.0,1122.0184543019675,7.04561138429449,44.074500065610586
8.5,1122.0184543019675,7.074868332447235,44.08388857409789
9.0,1122.0184543019675,7.095606717347276,44.093793325468475
9.5,1122.0184543019675,7.110826665839569,44.10420533160049
10.0,1122.0184543019675,7.12265568790719,44.1151151806544
10.5,1122.0184543019675,7.132530263304121,44.12651305124337
11.0,1122.0184543019675,7.141376304847939,44.13838872715767
11.5,1122.0184543019675,7.149764421935733,44.150731612612084
12.0,1122.0184543019675,7.158030898980652,44.163530747984666
12.5,1122.0184543019675,7.166364929267772,44.17677482601397
13.0,1122.0184543019675,7.174867539757583,44.190452208421455
13.5,1122.0184543019675,7.183589163900438,44.2045509429248
14.0,1122.0184543019675,7.1925523750737215,44.219058780607384
14.5,1122.0184543019675,7.201764987250335,44.23396319360881
15.0,1122.0184543019675,7.21122726599233,44.2492513931006
15.5,1122.0184543019675,7.220935728490922,44.26491034751122
16.0,1122.0184543019675,7.230885065016898,44.280926800964195
16.5,1122.0184543019675,7.241069073557165,44.29728729189289
17.0,1122.0184543019675,7.251481098935405,44.31397817179565
17.5,1122.0184543019675,7.262114233671467,44.33098562409481
18.0,1122.0184543019675,7.272961408987838,44.34829568306359
18.5,1122.0184543019675,7.284015437200203,44.36589425278457
19.0,1122.0184543019675,7.295269033441673,44.3837671261043
19.5,1122.0184543019675,7.3067148289449415,44.401900003548704
20.0,1122.0184543019675,7.318345381009531,44.42027851216433
21.0,1122.0184543019675,7.342130666177483,44.45771467595514
22.0,1122.0184543019675,7.366564190400521,44.495959872308006
23.0,1122.0184543019675,7.391584600608058,44.534898361680256
24.0,1122.0184543019675,7.417130142920705,44.57441498046504
25.0,1122.0184543019675,7.443138912583053,44.61439569229272
26.0,1122.0184543019675,7.469549098994096,44.654728116779005
27.0,1122.0184543019675,7.4962992245388484,44.69530203246967
28.0,1122.0184543019675,7.523328375974495,44.73600985104961
29.0,1122.0184543019675,7.550576427203745,44.77674706022147
30.0,1122.0184543019675,7.57798425235611,44.817412633011244
31.0,1122.0184543019675,7.605493928192339,44.857909401621065
32.0,1122.0184543019675,7.633048924946705,44.89814439431821
33.0,1122.0184543019675,7.660594284825629,44.93802913422057
34.0,1122.0184543019675,7.688076787487822,44.977479899207246
35.0,1122.0184543019675,7.715445101940048,45.01641794254529
36.0,1122.0184543019675,7.742649924392535,45.05476967417641
37.0,1122.0184543019675,7.769644101728045,45.09246680294603
38.0,1122.0184543019675,7.796382740347729,45.12944644037969
39.0,1122.0184543019675,7.822823300264206,45.165651166914515
40.0,1122.0184543019675,7.848925674416873,45.20102906177426
41.0,1122.0184543019675,7.87465225328558,45.235533697933214
42.0,1122.0184543019675,7.899967974975623,45.269124103845144
43.0,1122.0184543019675,7.9248403610388936,45.301764693817056
44.0,1122.0184543019675,7.949239538382342,45.33342516908321
45.0,1122.0184543019675,7.973138247695134,45.36408039178175
46.0,1122.0184543019675,7.996511838899561,45.3937102341543
47.0,1122.0184543019675,8.019338254197471,45.42229940537844
48.0,1122.0184543019675,8.041597999343544,45.44983725850397
49.0,1122.0184543019675,8.06327410382879,45.476317579998195
50.0,1122.0184543019675,8.084352070702213,45.50173836441291
51.0,1122.0184543019675,8.104819816795425,45.526101576668864
52.0,1122.0184543019675,8.12466760414445,45.549412904413316
53.0,1122.0184543019675,8.143887963424648,45.57168150284453
54.0,1122.0184543019675,8.162475610229324,45.592919734315856
55.0,1122.0184543019675,8.180427355029952,45.61314290493376
56.0,1122.0184543019675,8.197742007656542,45.63236900025001
57.0,1122.0184543019675,8.214420277130829,45.65061842202159
58.0,1122.0184543019675,8.230464667672958,45.667913727874016
59.0,1122.0184543019675,8.245879371684739,45.68427937555754
60.0,1122.0184543019675,8.260670160489607,45.69974147333245
61.0,1122.0184543019675,8.274844273581863,45.71432753786298
62.0,1122.0184543019675,8.28841030710585,45.72806626083897
63.0,1122.0184543019675,8.301378102250164,45.7409872853851
64.0,1122.0184543019675,8.313758634203099,45.75312099315773
65.0,1122.0184543019675,8.325563902274117,45.76449830287426
66.0,1122.0184543019675,8.336806821742286,45.775150480867744
67.0,1122.0184543019675,8.347501117947356,45.78510896411385
68.0,1122.0184543019675,8.357661223092505,45.79440519603818
69.0,1122.0184543019675,8.367302176180537,45.80307047528055
70.0,1122.0184543019675,8.37643952645774,45.81113581747047
71.0,1122.0184543019675,8.385089240692242,45.818631829954434
72.0,1122.0184543019675,8.393267614566877,45.82558859931192
73.0,1122.0184543019675,8.400991188420662,45.83203559140389
74.0,1122.0184543019675,8.408276667528344,45.838001563613496
75.0,1122.0184543019675,8.41514084706442,45.8435144888663
76.0,1122.0184543019675,8.4216005418567,45.84860149095393
77.0,1122.0184543019675,8.42767252099535,45.853288790632526
78.0,1122.0184543019675,8.433373447326307,45.85760166192376
79.0,1122.0184543019675,8.438719821823433,45.86156439801273
80.0,1122.0184543019675,8.4437279328017,45.8652002861114
81.0,1122.0184543019675,8.448413809904272,45.868531590639954
82.0,1122.0184543019675,8.45279318276964,45.8715795440689
83.0,1122.0184543019675,8.45688144426082,45.8743643447631
84.0,1122.0184543019675,8.460693618117425,45.876905161173156
85.0,1122.0184543019675,8.464244330872647,45.879220141729846
86.0,1122.0184543019675,8.467547787861244,45.88132642981277
87.0,1122.0184543019675,8.47061775313117,45.88324018318411
88.0,1122.0184543019675,8.473467533060528,45.88497659730197
89.0,1122.0184543019675,8.476109963472929,45.88654993195484
90.0,1122.0184543019675,8.478557400038047,45.887973540687774
91.0,1122.0184543019675,8.480821711739948,45.889259902522525
92.0,1122.0184543019675,8.482914277193569,45.89042065550658
93.0,1122.0184543019675,8.4848459835894,45.89146663165998
94.0,1122.0184543019675,8.48662722804769,45.89240789292283
95.0,1122.0184543019675,8.488267921166448,45.893253767741236
96.0,1122.0184543019675,8.489777492551692,45.89401288796295
97.0,1122.0184543019675,8.49116489812391,45.89469322574803
98.0,1122.0184543019675,8.492438629001251,45.89530213023183
99.0,1122.0184543019675,8.493606721767367,45.89584636370956
100.0,1122.0184543019675,8.494676769940178,45.896332137141165
-100.0,1258.9254117941725,8.929980546827366,45.79652518255479
-99.0,1258.9254117941725,8.92885566478345,45.79606497614589
-98.0,1258.9254117941725,8.927627713919538,45.79554938653542
-97.0,1258.9254117941725,8.92628871159319,45.79497252965603
-96.0,1258.9254117941725,8.924830209391631,45.7943279991228
-95.0,1258.9254117941725,8.923243281075303,45.79360883259696
-94.0,1258.9254117941725,8.921518511783825,45.792807477505846
-93.0,1258.9254117941725,8.919645988697606,45.79191575630946
-92.0,1258.9254117941725,8.917615293356967,45.79092483153255
-91.0,1258.9254117941725,8.915415495848492,45.78982517081081
-90.0,1258.9254117941725,8.913035151075226,45.78860651223052
-89.0,1258.9254117941725,8.910462297333051,45.787257830273006
-88.0,1258.9254117941725,8.90768445742011,45.78576730270713
-87.0,1258.9254117941725,8.904688642509063,45.784122278805995
-86.0,1258.9254117941725,8.901461359013489,45.78230924929631
-85.0,1258.9254117941725,8.89798861867923,45.780313818480906
-84.0,1258.9254117941725,8.894255952129313,45.77812067900615
-83.0,1258.9254117941725,8.890248426086524,45.77571358977557
-82.0,1258.9254117941725,8.885950664491196,45.77307535753896
-81.0,1258.9254117941725,8.881346873722674,45.770187822711534
-80.0,1258.9254117941725,8.876420872121427,45.76703185000027
-79.0,1258.9254117941725,8.871156123994632,45.76358732443311
-78.0,1258.9254117941725,8.865535778271257,45.75983315340146
-77.0,1258.9254117941725,8.859542711953006,45.75574727533608
-76.0,1258.9254117941725,8.853159578485144,45.75130667564056
-75.0,1258.9254117941725,8.84636886114583,45.74648741050491
-74.0,1258.9254117941725,8.83915293152459,45.74126463921279
-73.0,1258.9254117941725,8.831494113129503,45.73561266554053
-72.0,1258.9254117941725,8.823374750129096,45.72950498882182
-71.0,1258.9254117941725,8.81477728119848,45.722914365219985
-70.0,1258.9254117941725,8.805684318400523,45.71581287970887
-69.0,1258.9254117941725,8.796078730991512,45.708172029213145
-68.0,1258.9254117941725,8.785943733997435,45.69996281729933
-67.0,1258.9254117941725,8.775262981361742,45.69115586073944
-66.0,1258.9254117941725,8.764020663418435,45.68172150819049
-65.0,1258.9254117941725,8.752201608396168,45.67162997114403
-64.0,1258.9254117941725,8.739791387609744,45.66085146720206
-63.0,1258.9254117941725,8.726776423945639,45.64935637562799
-62.0,1258.9254117941725,8.713144103198163,45.637115405005346
-61.0,1258.9254117941725,8.69888288776316,45.62409977271229
-60.0,1258.9254117941725,8.683982432147205,45.61028139578864
-59.0,1258.9254117941725,8.668433699702542,45.595633092633456
-58.0,1258.9254117941725,8.65222907995204,45.58012879482801
-57.0,1258.9254117941725,8.635362505824826,45.56374376823098
-56.0,1258.9254117941725,8.61782957008239,45.546454842342115
-55.0,1258.9254117941725,8.599627640177573,45.52824064677935
-54.0,1258.9254117941725,8.58075597075532,45.509081853562385
-53.0,1258.9254117941725,8.561215812975046,45.48896142374745
-52.0,1258.9254117941725,8.541010519810442,45.46786485681262
-51.0,1258.9254117941725,8.520145646463929,45.44578044105471
-50.0,1258.9254117941725,8.498629045020472,45.42269950312802
-49.0,1258.9254117941725,8.476470952459213,45.398616654735136
-48.0,1258.9254117941725,8.453684071142053,45.37353003437218
-47.0,1258.9254117941725,8.430283640906122,45.347441541937464
-46.0,1258.9254117941725,8.406287501902288,45.32035706393565
-45.0,1258.9254117941725,8.38171614734485,45.29228668695113
-44.0,1258.9254117941725,8.356592765368418,45.2632448970262
-43.0,1258.9254117941725,8.330943269226717,45.23325076256353
-42.0,1258.9254117941725,8.304796315114919,45.20232809837961
-41.0,1258.9254117941725,8.278183306951858,45.170505608568305
-40.0,1258.9254117941725,8.25113838752103,45.1378170058914
-39.0,1258.9254117941725,8.223698415439435,45.10430110549796
-38.0,1258.9254117941725,8.195902927500812,45.07000189088602
-37.0,1258.9254117941725,8.167794086024069,45.03496855015939
-36.0,1258.9254117941725,8.13941661092852,44.9992554807987
-35.0,1258.9254117941725,8.110817696354127,44.9629222613587
-34.0,1258.9254117941725,8.08204691174668,44.92603358872265
-33.0,1258.9254117941725,8.053156087434216,44.888659179787915
-32.0,1258.9254117941725,8.02419918483086,44.85087363672251
-31.0,1258.9254117941725,7.995232151517111,44.812756275219954
-30.0,1258.9254117941725,7.96631276156029,44.77439091548434
-29.0,1258.9254117941725,7.9375004415544765,44.73586563599928
-28.0,1258.9254117941725,7.908856082974855,44.69727249046805
-27.0,1258.9254117941725,7.8804418415558395,44.65870718865548
-26.0,1258.9254117941725,7.852320924514577,44.620268742211685
-25.0,1258.9254117941725,7.824557366550456,44.582059076908884
-24.0,1258.9254117941725,7.797215795655898,44.544182613072145
-23.0,1258.9254117941725,7.770361189872975,44.50674581632867
-22.0,1258.9254117941725,7.744058626223043,44.4698567211339
-21.0,1258.9254117941725,7.718373023119902,44.43362442985223
-20.0,1258.9254117941725,7.693368877629378,44.39815859047147
-19.5,1258.9254117941725,7.681142326049078,44.38074737178298
-19.0,1258.9254117941725,7.6691099987510185,44.36356885630934
-18.5,1258.9254117941725,7.65727971983166,44.34663666053275
-18.0,1258.9254117941725,7.645659235665645,44.3299643313234
-17.5,1258.9254117941725,7.634256204427779,44.313565328089815
-17.0,1258.9254117941725,7.623078182130233,44.29745300485903
-16.5,1258.9254117941725,7.612132599785089,44.28164059231958
-16.0,1258.9254117941725,7.601426718841495,44.26614117986082
-15.5,1258.9254117941725,7.590967535515625,44.25096769764221
-15.0,1258.9254117941725,7.580761569638405,44.23613289872688
-14.5,1258.9254117941725,7.570814403032409,44.22164934131361
-14.0,1258.9254117941725,7.561129696980527,44.20752937110173
-13.5,1258.9254117941725,7.551707172312164,44.19378510382349
-13.0,1258.9254117941725,7.54253861463284,44.18042840797822
-12.5,1258.9254117941725,7.533600293808206,44.16747088780271
-12.0,1258.9254117941725,7.5248391919609885,44.15492386651179
-11.5,1258.9254117941725,7.516149105074675,44.14279836984303
-11.0,1258.9254117941725,7.507331144786465,44.131105109938844
-10.5,1258.9254117941725,7.498031794023378,44.119854469598984
-10.0,1258.9254117941725,7.487651202908385,44.10905648693574
-9.5,1258.9254117941725,7.475216010868396,44.09872084046362
-9.0,1258.9254117941725,7.4592161267479264,44.088856834654344
-8.5,1258.9254117941725,7.4374150178010465,44.07947338598748
-8.0,1258.9254117941725,7.406658817778455,44.070579009525815
-7.5,1258.9254117941725,7.362729892797525,44.06218180604389
-7.0,1258.9254117941725,7.300311619119574,44.054289449736736
-6.5,1258.9254117941725,7.213146079600393,44.04690917653511
-6.0,1258.9254117941725,7.094465750637111,44.040047773051995
-5.5,1258.9254117941725,6.93775445112495,44.033711566184046
-5.0,1258.9254117941725,6.73783602275265,44.02790641339026
-4.5,1258.9254117941725,6.49220385789476,44.02263769366883
-4.0,1258.9254117941725,6.20240461999102,44.0179102992515
-3.5,1258.9254117941725,5.875201163218569,44.013728628033626
-3.0,1258.9254117941725,5.523195375867606,44.010096576756055
-2.5,1258.9254117941725,5.164620987990874,44.00701753495379
-2.0,1258.9254117941725,4.822133503656373,44.00449437968457
-1.5,1258.9254117941725,4.520618112164497,44.002529471048824
-1.0,1258.9254117941725,4.2842671684076015,44.00112464851073
-0.5,1258.9254117941725,4.133386334115135,44.00028122802849
0.0,1258.9254117941725,4.0815089720228,44.0
0.5,1258.9254117941725,4.133386334115135,44.00028122802849
1.0,1258.9254117941725,4.2842671684076015,44.00112464851073
1.5,1258.9254117941725,4.520618112164497,44.002529471048824
2.0,1258.9254117941725,4.822133503656373,44.00449437968457
2.5,1258.9254117941725,5.164620987990874,44.00701753495379
3.0,1258.9254117941725,5.523195375867606,44.010096576756055
3.5,1258.9254117941725,5.875201163218569,44.013728628033626
4.0,1258.9254117941725,6.20240461999102,44.0179102992515
4.5,1258.9254117941725,6.49220385789476,44.02263769366883
5.0,1258.9254117941725,6.73783602275265,44.02790641339026
5.5,1258.9254117941725,6.93775445112495,44.033711566184046
6.0,1258.9254117941725,7.094465750637111,44.040047773051995
6.5,1258.9254117941725,7.213146079600393,44.04690917653511
7.0,1258.9254117941725,7.300311619119574,44.054289449736736
7.5,1258.9254117941725,7.362729892797525,44.06218180604389
8.0,1258.9254117941725,7.406658817778455,44.070579009525815
8.5,1258.9254117941725,7.4374150178010465,44.07947338598748
9.0,1258.9254117941725,7.4592161267479264,44.088856834654344
9.5,1258.9254117941725,7.475216010868396,44.09872084046362
10.0,1258.9254117941725,7.487651202908385,44.10905648693574
10.5,1258.9254117941725,7.498031794023378,44.119854469598984
11.0,1258.9254117941725,7.507331144786465,44.131105109938844
11.5,1258.9254117941725,7.516149105074675,44.14279836984303
12.0,1258.9254117941725,7.5248391919609885,44.15492386651179
12.5,1258.9254117941725,7.533600293808206,44.16747088780271
13.0,1258.9254117941725,7.54253861463284,44.18042840797822
13.5,1258.9254117941725,7.551707172312164,44.19378510382349
14.0,1258.9254117941725,7.561129696980527,44.20752937110173
14.5,1258.9254117941725,7.570814403032409,44.22164934131361
15.0,1258.9254117941725,7.580761569638405,44.23613289872688
15.5,1258.9254117941725,7.590967535515625,44.25096769764221
16.0,1258.9254117941725,7.601426718841495,44.26614117986082
16.5,1258.9254117941725,7.612132599785089,44.28164059231958
17.0,1258.9254117941725,7.623078182130233,44.29745300485903
17.5,1258.9254117941725,7.634256204427779,44.313565328089815
18.0,1258.9254117941725,7.645659235665645,44.3299643313234
18.5,1258.9254117941725,7.65727971983166,44.34663666053275
19.0,1258.9254117941725,7.6691099987510185,44.36356885630934
19.5,1258.9254117941725,7.681142326049078,44.38074737178298
20.0,1258.9254117941725,7.693368877629378,44.39815859047147
21.0,1258.9254117941725,7.718373023119902,44.43362442985223
22.0,1258.9254117941725,7.744058626223043,44.4698567211339
23.0,1258.9254117941725,7.770361189872975,44.50674581632867
24.0,1258.9254117941725,7.797215795655898,44.544182613072145
25.0,1258.9254117941725,7.824557366550456,44.582059076908884
26.0,1258.9254117941725,7.852320924514577,44.620268742211685
27.0,1258.9254117941725,7.8804418415558395,44.65870718865548
28.0,1258.9254117941725,7.908856082974855,44.69727249046805
29.0,1258.9254117941725,7.9375004415544765,44.73586563599928
30.0,1258.9254117941725,7.96631276156029,44.77439091548434
31.0,1258.9254117941725,7.995232151517111,44.812756275219954
32.0,1258.9254117941725,8.02419918483086,44.85087363672251
33.0,1258.9254117941725,8.053156087434216,44.888659179787915
34.0,1258.9254117941725,8.08204691174668,44.92603358872265
35.0,1258.9254117941725,8.110817696354127,44.9629222613587
36.0,1258.9254117941725,8.13941661092852,44.9992554807987
37.0,1258.9254117941725,8.167794086024069,45.03496855015939
38.0,1258.9254117941725,8.195902927500812,45.07000189088602
39.0,1258.9254117941725,8.223698415439435,45.10430110549796
40.0,1258.9254117941725,8.25113838752103,45.1378170058914
41.0,1258.9254117941725,8.278183306951858,45.170505608568305
42.0,1258.9254117941725,8.304796315114919,45.20232809837961
43.0,1258.9254117941725,8.330943269226717,45.23325076256353
44.0,1258.9254117941725,8.356592765368418,45.2632448970262
45.0,1258.9254117941725,8.38171614734485,45.29228668695113
46.0,1258.9254117941725,8.406287501902288,45.32035706393565
47.0,1258.9254117941725,8.430283640906122,45.347441541937464
48.0,1258.9254117941725,8.453684071142053,45.37353003437218
49.0,1258.9254117941725,8.476470952459213,45.398616654735136
50.0,1258.9254117941725,8.498629045020472,45.42269950312802
51.0,1258.9254117941725,8.520145646463929,45.44578044105471
52.0,1258.9254117941725,8.541010519810442,45.46786485681262
53.0,1258.9254117941725,8.561215812975046,45.48896142374745
54.0,1258.9254117941725,8.58075597075532,45.509081853562385
55.0,1258.9254117941725,8.599627640177573,45.52824064677935
56.0,1258.9254117941725,8.61782957008239,45.546454842342115
57.0,1258.9254117941725,8.635362505824826,45.56374376823098
58.0,1258.9254117941725,8.65222907995204,45.58012879482801
59.0,1258.9254117941725,8.668433699702542,45.595633092633456
60.0,1258.9254117941725,8.683982432147205,45.61028139578864
61.0,1258.9254117941725,8.69888288776316,45.62409977271229
62.0,1258.9254117941725,8.713144103198163,45.637115405005346
63.0,1258.9254117941725,8.726776423945639,45.64935637562799
64.0,1258.9254117941725,8.739791387609744,45.66085146720206
65.0,1258.9254117941725,8.752201608396168,45.67162997114403
66.0,1258.9254117941725,8.764020663418435,45.68172150819049
67.0,1258.9254117941725,8.775262981361742,45.69115586073944
68.0,1258.9254117941725,8.785943733997435,45.69996281729933
69.0,1258.9254117941725,8.796078730991512,45.708172029213145
70.0,1258.9254117941725,8.805684318400523,45.71581287970887
71.0,1258.9254117941725,8.81477728119848,45.722914365219985
72.0,1258.9254117941725,8.823374750129096,45.72950498882182
73.0,1258.9254117941725,8.831494113129503,45.73561266554053
74.0,1258.9254117941725,8.83915293152459,45.74126463921279
75.0,1258.9254117941725,8.84636886114583,45.74648741050491
76.0,1258.9254117941725,8.853159578485144,45.75130667564056
77.0,1258.9254117941725,8.859542711953006,45.75574727533608
78.0,1258.9254117941725,8.865535778271257,45.75983315340146
79.0,1258.9254117941725,8.871156123994632,45.76358732443311
80.0,1258.9254117941725,8.876420872121427,45.76703185000027
81.0,1258.9254117941725,8.881346873722674,45.770187822711534
82.0,1258.9254117941725,8.885950664491196,45.77307535753896
83.0,1258.9254117941725,8.890248426086524,45.77571358977557
84.0,1258.9254117941725,8.894255952129313,45.77812067900615
85.0,1258.9254117941725,8.89798861867923,45.780313818480906
86.0,1258.9254117941725,8.901461359013489,45.78230924929631
87.0,1258.9254117941725,8.904688642509063,45.784122278805995
88.0,1258.9254117941725,8.90768445742011,45.78576730270713
89.0,1258.9254117941725,8.910462297333051,45.787257830273006
90.0,1258.9254117941725,8.913035151075226,45.78860651223052
91.0,1258.9254117941725,8.915415495848492,45.78982517081081
92.0,1258.9254117941725,8.917615293356967,45.79092483153255
93.0,1258.9254117941725,8.919645988697606,45.79191575630946
94.0,1258.9254117941725,8.921518511783825,45.792807477505846
95.0,1258.9254117941725,8.923243281075303,45.79360883259696
96.0,1258.9254117941725,8.924830209391631,45.7943279991228
97.0,1258.9254117941725,8.92628871159319,45.79497252965603
98.0,1258.9254117941725,8.927627713919538,45.79554938653542
99.0,1258.9254117941725,8.92885566478345,45.79606497614589
100.0,1258.9254117941725,8.929980546827366,45.79652518255479
-100.0,1412.5375446227613,9.37790143747155,45.69671822796841
-99.0,1412.5375446227613,9.376720132217715,45.69628358858223
-98.0,1412.5375446227613,9.375430588291897,45.69579664283901
-97.0,1412.5375446227613,9.374024422648512,45.69525183356402
-96.0,1412.5375446227613,9.372492763108962,45.69464311028264
-95.0,1412.5375446227613,9.37082623570044,45.69396389745268
-94.0,1412.5375446227613,9.369014953320479,45.69320706208885
-93.0,1412.5375446227613,9.367048505930155,45.69236488095893
-92.0,1412.5375446227613,9.36491595248794,45.69142900755852
-91.0,1412.5375446227613,9.36260581484445,45.6903904390991
-90.0,1412.5375446227613,9.360106073825548,45.68923948377327
-89.0,1412.5375446227613,9.35740416773733,45.68796572859117
-88.0,1412.5375446227613,9.354486993531179,45.686558008112286
-87.0,1412.5375446227613,9.351340910870261,45.68500437442788
-86.0,1412.5375446227613,9.347951749340337,45.68329206877985
-85.0,1412.5375446227613,9.344304819047284,45.681407495231966
-84.0,1412.5375446227613,9.34038492484141,45.67933619683914
-83.0,1412.5375446227613,9.336176384403915,45.67706283478804
-82.0,1412.5375446227613,9.331663050423913,45.67457117100901
-81.0,1412.5375446227613,9.326828337085004,45.671844054783115
-80.0,1412.5375446227613,9.32165525106818,45.66886341388915
-79.0,1412.5375446227613,9.3161264272631,45.66561025085349
-78.0,1412.5375446227613,9.310224169362094,45.66206464487915
-77.0,1412.5375446227613,9.303930495490572,45.65820576003962
-76.0,1412.5375446227613,9.297227189004074,45.6540118603272
-75.0,1412.5375446227613,9.290095854555599,45.649460332143526
-74.0,1412.5375446227613,9.282517979507285,45.64452771481207
-73.0,1412.5375446227613,9.274475000728106,45.639189739677164
-72.0,1412.5375446227613,9.265948376783786,45.63342137833172
-71.0,1412.5375446227613,9.256919665487022,45.62719690048554
-70.0,1412.5375446227613,9.24737060673525,45.62048994194726
-69.0,1412.5375446227613,9.237283210519955,45.61327358314575
-68.0,1412.5375446227613,9.226639849945862,45.605520438560475
-67.0,1412.5375446227613,9.215423359050915,45.597202757365025
-66.0,1412.5375446227613,9.203617135168544,45.58829253551324
-65.0,1412.5375446227613,9.191205245523136,45.578761639413806
-64.0,1412.5375446227613,9.178172537697842,45.568581941246386
-63.0,1412.5375446227613,9.16450475356167,45.55772546587088
-62.0,1412.5375446227613,9.150188646190166,45.54616454917171
-61.0,1412.5375446227613,9.135212099261908,45.53387200756161
-60.0,1412.5375446227613,9.11956424836155,45.52082131824483
-59.0,1412.5375446227613,9.103235603570104,45.506986809709375
-58.0,1412.5375446227613,9.086218172674814,45.49234386178201
-57.0,1412.5375446227613,9.068505584285244,45.47686911444036
-56.0,1412.5375446227613,9.050093210099224,45.46054068443422
-55.0,1412.5375446227613,9.030978285523068,45.443338388624944
-54.0,1412.5375446227613,9.011160027815292,45.42524397280892
-53.0,1412.5375446227613,8.990639750892498,45.40624134465036
-52.0,1412.5375446227613,8.969420975910934,45.38631680921191
-51.0,1412.5375446227613,8.947509536717662,45.36545930544056
-50.0,1412.5375446227613,8.924913679252128,45.34366064184313
-49.0,1412.5375446227613,8.9016441539724,45.32091572947207
-48.0,1412.5375446227613,8.877714300380996,45.29722281024039
-47.0,1412.5375446227613,8.853140122733436,45.272583678496495
-46.0,1412.5375446227613,8.827940356028705,45.24700389371701
-45.0,1412.5375446227613,8.802136521404822,45.22049298212051
-44.0,1412.5375446227613,8.775752970095228,45.19306462496919
-43.0,1412.5375446227613,8.748816915142326,45.164736831309995
-42.0,1412.5375446227613,8.721358450113792,45.135532092914076
-41.0,1412.5375446227613,8.693410554124648,45.1054775192034
-40.0,1412.5375446227613,8.665009082533897,45.07460495000854
-39.0,1412.5375446227613,8.636192742758153,45.042951044081406
-38.0,1412.5375446227613,8.607003054726029,45.01055734139235
-37.0,1412.5375446227613,8.577484295585611,44.97747029737276
-36.0,1412.5375446227613,8.547683428372647,44.943741287421
-35.0,1412.5375446227613,8.517650014448513,44.9094265801721
-34.0,1412.5375446227613,8.487436109623914,44.87458727823806
-33.0,1412.5375446227613,8.457096143995898,44.83928922535525
-32.0,1412.5375446227613,8.426686785641223,44.803602879126814
-31.0,1412.5375446227613,8.39626678842759,44.76760314881885
-30.0,1412.5375446227613,8.365896824324677,44.73136919795743
-29.0,1412.5375446227613,8.335639300718379,44.6949842117771
-28.0,1412.5375446227613,8.305558163352998,44.65853512988649
-27.0,1412.5375446227613,8.27571868564633,44.622112344841284
-26.0,1412.5375446227613,8.246187245240453,44.58580936764437
-25.0,1412.5375446227613,8.217031088765559,44.54972246152506
-24.0,1412.5375446227613,8.18831808590399,44.51395024567925
-23.0,1412.5375446227613,8.160116473945958,44.47859327097707
-22.0,1412.5375446227613,8.13249459412568,44.443753569959796
-21.0,1412.5375446227613,8.105520621114188,44.40953418374933
-20.0,1412.5375446227613,8.079262287100052,44.37603866877861
-19.5,1412.5375446227613,8.066422461185654,44.359594740017265
-19.0,1412.5375446227613,8.053786601692691,44.34337058651438
-18.5,1412.5375446227613,8.041362925168228,44.327379068280926
-18.0,1412.5375446227613,8.029159566539043,44.31163297958321
-17.5,1412.5375446227613,8.017184568108043,44.29614503208483
-17.0,1412.5375446227613,8.005445864891103,44.28092783792242
-16.5,1412.5375446227613,7.993951260634103,44.26599389274627
-16.0,1412.5375446227613,7.982708381014842,44.25135555875744
-15.5,1412.5375446227613,7.971724573174262,44.237025047773194
-15.0,1412.5375446227613,7.9610066839729505,44.223014404353165
-14.5,1412.5375446227613,7.950560575213365,44.20933548901841
-14.0,1412.5375446227613,7.940390091825504,44.19599996159608
-13.5,1412.5375446227613,7.930494940635791,44.18301926472218
-13.0,1412.5375446227613,7.920866495222096,44.17040460753499
-12.5,1412.5375446227613,7.91147983516496,44.15816694959145
-12.0,1412.5375446227613,7.902279283251548,44.146316985038915
-11.5,1412.5375446227613,7.8931533083543375,44.13486512707397
-11.0,1412.5375446227613,7.883893046024679,44.12382149272002
-10.5,1412.5375446227613,7.874127247047695,44.113195887954596
-10.0,1412.5375446227613,7.863225973542268,44.10299779321709
-9.5,1412.5375446227613,7.85016704192472,44.09323634932675
-9.0,1412.5375446227613,7.8333646160397015,44.08392034384021
-8.5,1412.5375446227613,7.8104699803952755,44.07505819787706
-8.0,1412.5375446227613,7.778171073259862,44.06665795344105
-7.5,1412.5375446227613,7.732038707510018,44.05872726126368
-7.0,1412.5375446227613,7.666489581688358,44.051273369195805
-6.5,1412.5375446227613,7.574951886385616,44.04430311117205
-6.0,1412.5375446227613,7.450318644269564,44.03782289677133
-5.5,1412.5375446227613,7.28574682765063,44.03183870139604
-5.0,1412.5375446227613,7.075800646135629,44.02635605709081
-4.5,1412.5375446227613,6.8178477626068466,44.02138004402056
-4.0,1412.5375446227613,6.513512419941269,44.016915282626414
-3.5,1412.5375446227613,6.169896691830618,44.012965926476205
-3.0,1412.5375446227613,5.800234567497133,44.00953565582516
-2.5,1412.5375446227613,5.423674366735624,44.0066276719008
-2.0,1412.5375446227613,5.064007976107526,44.00424469192432
-1.5,1412.5375446227613,4.74736880668671,44.00238894487944
-1.0,1412.5375446227613,4.499162683103046,44.00106216803791
-0.5,1412.5375446227613,4.340713783312225,44.00026560424913
0.0,1412.5375446227613,4.286234293016943,44.0
0.5,1412.5375446227613,4.340713783312225,44.00026560424913
1.0,1412.5375446227613,4.499162683103046,44.00106216803791
1.5,1412.5375446227613,4.74736880668671,44.00238894487944
2.0,1412.5375446227613,5.064007976107526,44.00424469192432
2.5,1412.5375446227613,5.423674366735624,44.0066276719008
3.0,1412.5375446227613,5.800234567497133,44.00953565582516
3.5,1412.5375446227613,6.169896691830618,44.012965926476205
4.0,1412.5375446227613,6.513512419941269,44.016915282626414
4.5,1412.5375446227613,6.8178477626068466,44.02138004402056
5.0,1412.5375446227613,7.075800646135629,44.02635605709081
5.5,1412.5375446227613,7.28574682765063,44.03183870139604
6.0,1412.5375446227613,7.450318644269564,44.03782289677133
6.5,1412.5375446227613,7.574951886385616,44.04430311117205
7.0,1412.5375446227613,7.666489581688358,44.051273369195805
7.5,1412.5375446227613,7.732038707510018,44.05872726126368
8.0,1412.5375446227613,7.778171073259862,44.06665795344105
8.5,1412.5375446227613,7.8104699803952755,44.07505819787706
9.0,1412.5375446227613,7.8333646160397015,44.08392034384021
9.5,1412.5375446227613,7.85016704192472,44.09323634932675
10.0,1412.5375446227613,7.863225973542268,44.10299779321709
10.5,1412.5375446227613,7.874127247047695,44.113195887954596
11.0,1412.5375446227613,7.883893046024679,44.12382149272002
11.5,1412.5375446227613,7.8931533083543375,44.13486512707397
12.0,1412.5375446227613,7.902279283251548,44.146316985038915
12.5,1412.5375446227613,7.91147983516496,44.15816694959145
13.0,1412.5375446227613,7.920866495222096,44.17040460753499
13.5,1412.5375446227613,7.930494940635791,44.18301926472218
14.0,1412.5375446227613,7.940390091825504,44.19599996159608
14.5,1412.5375446227613,7.950560575213365,44.20933548901841
15.0,1412.5375446227613,7.9610066839729505,44.223014404353165
15.5,1412.5375446227613,7.971724573174262,44.237025047773194
16.0,1412.5375446227613,7.982708381014842,44.25135555875744
16.5,1412.5375446227613,7.993951260634103,44.26599389274627
17.0,1412.5375446227613,8.005445864891103,44.28092783792242
17.5,1412.5375446227613,8.017184568108043,44.29614503208483
18.0,1412.5375446227613,8.029159566539043,44.31163297958321
18.5,1412.5375446227613,8.041362925168228,44.327379068280926
19.0,1412.5375446227613,8.053786601692691,44.34337058651438
19.5,1412.5375446227613,8.066422461185654,44.359594740017265
20.0,1412.5375446227613,8.079262287100052,44.37603866877861
21.0,1412.5375446227613,8.105520621114188,44.40953418374933
22.0,1412.5375446227613,8.13249459412568,44.443753569959796
23.0,1412.5375446227613,8.160116473945958,44.47859327097707
24.0,1412.5375446227613,8.18831808590399,44.51395024567925
25.0,1412.5375446227613,8.217031088765559,44.54972246152506
26.0,1412.5375446227613,8.246187245240453,44.58580936764437
27.0,1412.5375446227613,8.27571868564633,44.622112344841284
28.0,1412.5375446227613,8.305558163352998,44.65853512988649
29.0,1412.5375446227613,8.335639300718379,44.6949842117771
30.0,1412.5375446227613,8.365896824324677,44.73136919795743
31.0,1412.5375446227613,8.39626678842759,44.76760314881885
32.0,1412.5375446227613,8.426686785641223,44.803602879126814
33.0,1412.5375446227613,8.457096143995898,44.83928922535525
34.0,1412.5375446227613,8.487436109623914,44.87458727823806
35.0,1412.5375446227613,8.517650014448513,44.9094265801721
36.0,1412.5375446227613,8.547683428372647,44.943741287421
37.0,1412.5375446227613,8.577484295585611,44.97747029737276
38.0,1412.5375446227613,8.607003054726029,45.01055734139235
39.0,1412.5375446227613,8.636192742758153,45.042951044081406
40.0,1412.5375446227613,8.665009082533897,45.07460495000854
41.0,1412.5375446227613,8.693410554124648,45.1054775192034
42.0,1412.5375446227613,8.721358450113792,45.135532092914076
43.0,1412.5375446227613,8.748816915142326,45.164736831309995
44.0,1412.5375446227613,8.775752970095228,45.19306462496919
45.0,1412.5375446227613,8.802136521404822,45.22049298212051
46.0,1412.5375446227613,8.827940356028705,45.24700389371701
47.0,1412.5375446227613,8.853140122733436,45.272583678496495
48.0,1412.5375446227613,8.877714300380996,45.29722281024039
49.0,1412.5375446227613,8.9016441539724,45.32091572947207
50.0,1412.5375446227613,8.924913679252128,45.34366064184313
51.0,1412.5375446227613,8.947509536717662,45.36545930544056
52.0,1412.5375446227613,8.969420975910934,45.38631680921191
53.0,1412.5375446227613,8.990639750892498,45.40624134465036
54.0,1412.5375446227613,9.011160027815292,45.42524397280892
55.0,1412.5375446227613,9.030978285523068,45.443338388624944
56.0,1412.5375446227613,9.050093210099224,45.46054068443422
57.0,1412.5375446227613,9.068505584285244,45.47686911444036
58.0,1412.5375446227613,9.086218172674814,45.49234386178201
59.0,1412.5375446227613,9.103235603570104,45.506986809709375
60.0,1412.5375446227613,9.11956424836155,45.52082131824483
61.0,1412.5375446227613,9.135212099261908,45.53387200756161
62.0,1412.5375446227613,9.150188646190166,45.54616454917171
63.0,1412.5375446227613,9.16450475356167,45.55772546587088
64.0,1412.5375446227613,9.178172537697842,45.568581941246386
65.0,1412.5375446227613,9.191205245523136,45.578761639413806
66.0,1412.5375446227613,9.203617135168544,45.58829253551324
67.0,1412.5375446227613,9.215423359050915,45.597202757365025
68.0,1412.5375446227613,9.226639849945862,45.605520438560475
69.0,1412.5375446227613,9.237283210519955,45.61327358314575
70.0,1412.5375446227613,9.24737060673525,45.62048994194726
71.0,1412.5375446227613,9.256919665487022,45.62719690048554
72.0,1412.5375446227613,9.265948376783786,45.63342137833172
73.0,1412.5375446227613,9.274475000728106,45.639189739677164
74.0,1412.5375446227613,9.282517979507285,45.64452771481207
75.0,1412.5375446227613,9.290095854555599,45.649460332143526
76.0,1412.5375446227613,9.297227189004074,45.6540118603272
77.0,1412.5375446227613,9.303930495490572,45.65820576003962
78.0,1412.5375446227613,9.310224169362094,45.66206464487915
79.0,1412.5375446227613,9.3161264272631,45.66561025085349
80.0,1412.5375446227613,9.32165525106818,45.66886341388915
81.0,1412.5375446227613,9.326828337085004,45.671844054783115
82.0,1412.5375446227613,9.331663050423913,45.67457117100901
83.0,1412.5375446227613,9.336176384403915,45.67706283478804
84.0,1412.5375446227613,9.34038492484141,45.67933619683914
85.0,1412.5375446227613,9.344304819047284,45.681407495231966
86.0,1412.5375446227613,9.347951749340337,45.68329206877985
87.0,1412.5375446227613,9.351340910870261,45.68500437442788
88.0,1412.5375446227613,9.354486993531179,45.686558008112286
89.0,1412.5375446227613,9.35740416773733,45.68796572859117
90.0,1412.5375446227613,9.360106073825548,45.68923948377327
91.0,1412.5375446227613,9.36260581484445,45.6903904390991
92.0,1412.5375446227613,9.36491595248794,45.69142900755852
93.0,1412.5375446227613,9.367048505930155,45.69236488095893
94.0,1412.5375446227613,9.369014953320479,45.69320706208885
95.0,1412.5375446227613,9.37082623570044,45.69396389745268
96.0,1412.5375446227613,9.372492763108962,45.69464311028264
97.0,1412.5375446227613,9.374024422648512,45.69525183356402
98.0,1412.5375446227613,9.375430588291897,45.69579664283901
99.0,1412.5375446227613,9.376720132217715,45.69628358858223
100.0,1412.5375446227613,9.37790143747155,45.69671822796841
-100.0,1584.8931924611206,9.83849896360829,45.596911273382034
-99.0,1584.8931924611206,9.837259638307948,45.59650220101857
-98.0,1584.8931924611206,9.835906758171355,45.5960438991426
-97.0,1584.8931924611206,9.834431528417944,45.59553113747202
-96.0,1584.8931924611206,9.832824641110273,45.59495822144248
-95.0,1584.8931924611206,9.831076261870964,45.59431896230841
-94.0,1584.8931924611206,9.82917601799051,45.59360664667186
-93.0,1584.8931924611206,9.827112988138822,45.5928140056084
-92.0,1584.8931924611206,9.824875693902904,45.59193318358449
-91.0,1584.8931924611206,9.822452093381742,45.59095570738739
-90.0,1584.8931924611206,9.81982957707703,45.58987245531602
-89.0,1584.8931924611206,9.816994966324726,45.58867362690934
-88.0,1584.8931924611206,9.81393451451733,45.58734871351745
-87.0,1584.8931924611206,9.810633911370108,45.58588647004978
-86.0,1584.8931924611206,9.807078290486054,45.58427488826339
-85.0,1584.8931924611206,9.80325224047393,45.582501171983026
-84.0,1584.8931924611206,9.799139819871186,45.58055171467213
-83.0,1584.8931924611206,9.794724576118766,45.57841207980051
-82.0,1584.8931924611206,9.789989568827345,45.57606698447907
-81.0,1584.8931924611206,9.784917397564792,45.573500286854696
-80.0,1584.8931924611206,9.779490234381798,45.57069497777802
-79.0,1584.8931924611206,9.77368986127712,45.567633177273876
-78.0,1584.8931924611206,9.767497712785351,45.56429613635685
-77.0,1584.8931924611206,9.760894923848493,45.56066424474318
-76.0,1584.8931924611206,9.753862383107915,45.55671704501383
-75.0,1584.8931924611206,9.74638079172542,45.55243325378214
-74.0,1584.8931924611206,9.738430727811195,45.54779079041136
-73.0,1584.8931924611206,9.729992716502283,45.5427668138138
-72.0,1584.8931924611206,9.721047305698105,45.53733776784162
-71.0,1584.8931924611206,9.7115751474196,45.5314794357511
-70.0,1584.8931924611206,9.701557084715578,45.52516700418566
-69.0,1584.8931924611206,9.69097424399461,45.51837513707835
-68.0,1584.8931924611206,9.679808132612898,45.51107805982162
-67.0,1584.8931924611206,9.668040741498686,45.503249653990615
-66.0,1584.8931924611206,9.65565465254208,45.49486356283599
-65.0,1584.8931924611206,9.642633150425961,45.48589330768358
-64.0,1584.8931924611206,9.62896033851947,45.476312415290714
-63.0,1584.8931924611206,9.614621258400625,45.46609455611377
-62.0,1584.8931924611206,9.599602012519595,45.45521369333808
-61.0,1584.8931924611206,9.58388988945938,45.443644242410926
-60.0,1584.8931924611206,9.567473491196683,45.431361240701015
-59.0,1584.8931924611206,9.550342861713217,45.41834052678529
-58.0,1584.8931924611206,9.532489616257086,45.404558928736016
-57.0,1584.8931924611206,9.513907070505724,45.38999446064975
-56.0,1584.8931924611206,9.494590368836956,45.37462652652633
-55.0,1584.8931924611206,9.474536610873525,45.35843613047054
-54.0,1584.8931924611206,9.45374497542944,45.34140609205545
-53.0,1584.8931924611206,9.432216840954581,45.32352126555328
-52.0,1584.8931924611206,9.409955901547498,45.304768761611214
-51.0,1584.8931924611206,9.386968277585831,45.28513816982641
-50.0,1584.8931924611206,9.36326262001001,45.264621780558244
-49.0,1584.8931924611206,9.338850207289028,45.243214804209
-48.0,1584.8931924611206,9.313745034097762,45.2209155861086
-47.0,1584.8931924611206,9.287963890743987,45.19772581505553
-46.0,1584.8931924611206,9.261526432399945,45.173650723498355
-45.0,1584.8931924611206,9.234455237218711,45.14869927728989
-44.0,1584.8931924611206,9.206775852449471,45.12288435291218
-43.0,1584.8931924611206,9.178516827708723,45.09622290005647
-42.0,1584.8931924611206,9.149709734615799,45.06873608744854
-41.0,1584.8931924611206,9.12038917206163,45.04044942983849
-40.0,1584.8931924611206,9.090592756448427,45.01139289412569
-39.0,1584.8931924611206,9.060361096315402,44.98160098266486
-38.0,1584.8931924611206,9.029737750850861,44.95111279189869
-37.0,1584.8931924611206,8.998769171883977,44.919972044586125
-36.0,1584.8931924611206,8.967504629049495,44.888227094043295
-35.0,1584.8931924611206,8.935996117925084,44.855930898985505
-34.0,1584.8931924611206,8.904298251053119,44.823140967753474
-33.0,1584.8931924611206,8.872468131875877,44.78991927092259
-32.0,1584.8931924611206,8.84056521173417,44.75633212153112
-31.0,1584.8931924611206,8.808651130203794,44.72245002241774
-30.0,1584.8931924611206,8.77678953917049,44.68834748043052
-29.0,1584.8931924611206,8.745045911171541,44.65410278755492
-28.0,1584.8931924611206,8.713487332659412,44.61979776930493
-27.0,1584.8931924611206,8.682182282969016,44.58551750102709
-26.0,1584.8931924611206,8.651200399893755,44.551349993077054
-25.0,1584.8931924611206,8.620612232895661,44.51738584614123
-24.0,1584.8931924611206,8.590488985090255,44.48371787828635
-23.0,1584.8931924611206,8.560902245256061,44.45044072562548
-22.0,1584.8931924611206,8.53192371122084,44.41765041878569
-21.0,1584.8931924611206,8.503624906068382,44.38544393764643
-20.0,1584.8931924611206,8.4760768886674,44.35391874708575
-19.5,1584.8931924611206,8.462606432105877,44.33844210825154
-19.0,1584.8931924611206,8.449349959817836,44.323172316719415
-18.5,1584.8931924611206,8.436316091907715,44.30812147602911
-18.0,1584.8931924611206,8.423513362850866,44.29330162784302
-17.5,1584.8931924611206,8.410950209949531,44.27872473607984
-17.0,1584.8931924611206,8.398634957949495,44.2644026709858
-16.5,1584.8931924611206,8.386575793879194,44.25034719317296
-16.0,1584.8931924611206,8.374780717953135,44.23656993765406
-15.5,1584.8931924611206,8.363257438168576,44.223082397904186
-15.0,1584.8931924611206,8.352013137671042,44.20989590997945
-14.5,1584.8931924611206,8.341053966166609,44.19702163672321
-14.0,1584.8931924611206,8.330383957429788,44.184470552090424
-13.5,1584.8931924611206,8.320002803887723,44.17225342562088
-13.0,1584.8931924611206,8.309901455429818,44.160380807091755
-12.5,1584.8931924611206,8.300053767665169,44.148863011380186
-12.0,1584.8931924611206,8.29040132878337,44.137710103566036
-11.5,1584.8931924611206,8.28082712978301,44.126931884304916
-11.0,1584.8931924611206,8.271112047795791,44.116537875501194
-10.5,1584.8931924611206,8.260866599626548,44.10653730631021
-10.0,1584.8931924611206,8.24942990786771,44.096939099498435
-9.5,1584.8931924611206,8.235729584182103,44.08775185818988
-9.0,1584.8931924611206,8.218101903750814,44.07898385302608
-8.5,1584.8931924611206,8.194082793445407,44.07064300976665
-8.0,1584.8931924611206,8.160197518952362,44.06273689735628
-7.5,1584.8931924611206,8.111799352726697,44.05527271648346
-7.0,1584.8931924611206,8.043030768330517,44.048257288654874
-6.5,1584.8931924611206,7.946997180606019,44.04169704580899
-6.0,1584.8931924611206,7.81624255159165,44.03559802049066
-5.5,1584.8931924611206,7.643587756908599,44.02996583660804
-5.0,1584.8931924611206,7.423330026218932,44.02480570079135
-4.5,1584.8931924611206,7.152707734634905,44.02012239437229
-4.0,1584.8931924611206,6.8334249000509715,44.01592026600133
-3.5,1584.8931924611206,6.4729324159448876,44.01220322491878
-3.0,1584.8931924611206,6.085114261596615,44.008974734894274
-2.5,1584.8931924611206,5.690059230401158,44.006237808847814
-2.0,1584.8931924611206,5.312727752241226,44.00399500416406
-1.5,1584.8931924611206,4.980536785962058,44.00224841871007
-1.0,1584.8931924611206,4.720139968409504,44.00099968756509
-0.5,1584.8931924611206,4.553908818853174,44.00024998046977
0.0,1584.8931924611206,4.4967535573715,44.0
0.5,1584.8931924611206,4.553908818853174,44.00024998046977
1.0,1584.8931924611206,4.720139968409504,44.00099968756509
1.5,1584.8931924611206,4.980536785962058,44.00224841871007
2.0,1584.8931924611206,5.312727752241226,44.00399500416406
2.5,1584.8931924611206,5.690059230401158,44.006237808847814
3.0,1584.8931924611206,6.085114261596615,44.008974734894274
3.5,1584.8931924611206,6.4729324159448876,44.01220322491878
4.0,1584.8931924611206,6.8334249000509715,44.01592026600133
4.5,1584.8931924611206,7.152707734634905,44.02012239437229
5.0,1584.8931924611206,7.423330026218932,44.02480570079135
5.5,1584.8931924611206,7.643587756908599,44.02996583660804
6.0,1584.8931924611206,7.81624255159165,44.03559802049066
6.5,1584.8931924611206,7.946997180606019,44.04169704580899
7.0,1584.8931924611206,8.043030768330517,44.048257288654874
7.5,1584.8931924611206,8.111799352726697,44.05527271648346
8.0,1584.8931924611206,8.160197518952362,44.06273689735628
8.5,1584.8931924611206,8.194082793445407,44.07064300976665
9.0,1584.8931924611206,8.218101903750814,44.07898385302608
9.5,1584.8931924611206,8.235729584182103,44.08775185818988
10.0,1584.8931924611206,8.24942990786771,44.096939099498435
10.5,1584.8931924611206,8.260866599626548,44.10653730631021
11.0,1584.8931924611206,8.271112047795791,44.116537875501194
11.5,1584.8931924611206,8.28082712978301,44.126931884304916
12.0,1584.8931924611206,8.29040132878337,44.137710103566036
12.5,1584.8931924611206,8.300053767665169,44.148863011380186
13.0,1584.8931924611206,8.309901455429818,44.160380807091755
13.5,1584.8931924611206,8.320002803887723,44.17225342562088
14.0,1584.8931924611206,8.330383957429788,44.184470552090424
14.5,1584.8931924611206,8.341053966166609,44.19702163672321
15.0,1584.8931924611206,8.352013137671042,44.20989590997945
15.5,1584.8931924611206,8.363257438168576,44.223082397904186
16.0,1584.8931924611206,8.374780717953135,44.23656993765406
16.5,1584.8931924611206,8.386575793879194,44.25034719317296
17.0,1584.8931924611206,8.398634957949495,44.2644026709858
17.5,1584.8931924611206,8.410950209949531,44.27872473607984
18.0,1584.8931924611206,8.423513362850866,44.29330162784302
18.5,1584.8931924611206,8.436316091907715,44.30812147602911
19.0,1584.8931924611206,8.449349959817836,44.323172316719415
19.5,1584.8931924611206,8.462606432105877,44.33844210825154
20.0,1584.8931924611206,8.4760768886674,44.35391874708575
21.0,1584.8931924611206,8.503624906068382,44.38544393764643
22.0,1584.8931924611206,8.53192371122084,44.41765041878569
23.0,1584.8931924611206,8.560902245256061,44.45044072562548
24.0,1584.8931924611206,8.590488985090255,44.48371787828635
25.0,1584.8931924611206,8.620612232895661,44.51738584614123
26.0,1584.8931924611206,8.651200399893755,44.551349993077054
27.0,1584.8931924611206,8.682182282969016,44.58551750102709
28.0,1584.8931924611206,8.713487332659412,44.61979776930493
29.0,1584.8931924611206,8.745045911171541,44.65410278755492
30.0,1584.8931924611206,8.77678953917049,44.68834748043052
31.0,1584.8931924611206,8.808651130203794,44.72245002241774
32.0,1584.8931924611206,8.84056521173417,44.75633212153112
33.0,1584.8931924611206,8.872468131875877,44.78991927092259
34.0,1584.8931924611206,8.904298251053119,44.823140967753474
35.0,1584.8931924611206,8.935996117925084,44.855930898985505
36.0,1584.8931924611206,8.967504629049495,44.888227094043295
37.0,1584.8931924611206,8.998769171883977,44.919972044586125
38.0,1584.8931924611206,9.029737750850861,44.95111279189869
39.0,1584.8931924611206,9.060361096315402,44.98160098266486
40.0,1584.8931924611206,9.090592756448427,45.01139289412569
41.0,1584.8931924611206,9.12038917206163,45.04044942983849
42.0,1584.8931924611206,9.149709734615799,45.06873608744854
43.0,1584.8931924611206,9.178516827708723,45.09622290005647
44.0,1584.8931924611206,9.206775852449471,45.12288435291218
45.0,1584.8931924611206,9.234455237218711,45.14869927728989
46.0,1584.8931924611206,9.261526432399945,45.173650723498355
47.0,1584.8931924611206,9.287963890743987,45.19772581505553
48.0,1584.8931924611206,9.313745034097762,45.2209155861086
49.0,1584.8931924611206,9.338850207289028,45.243214804209
50.0,1584.8931924611206,9.36326262001001,45.264621780558244
51.0,1584.8931924611206,9.386968277585831,45.28513816982641
52.0,1584.8931924611206,9.409955901547498,45.304768761611214
53.0,1584.8931924611206,9.432216840954581,45.32352126555328
54.0,1584.8931924611206,9.45374497542944,45.34140609205545
55.0,1584.8931924611206,9.474536610873525,45.35843613047054
56.0,1584.8931924611206,9.494590368836956,45.37462652652633
57.0,1584.8931924611206,9.513907070505724,45.38999446064975
58.0,1584.8931924611206,9.532489616257086,45.404558928736016
59.0,1584.8931924611206,9.550342861713217,45.41834052678529
60.0,1584.8931924611206,9.567473491196683,45.431361240701015
61.0,1584.8931924611206,9.58388988945938,45.443644242410926
62.0,1584.8931924611206,9.599602012519595,45.45521369333808
63.0,1584.8931924611206,9.614621258400625,45.46609455611377
64.0,1584.8931924611206,9.62896033851947,45.476312415290714
65.0,1584.8931924611206,9.642633150425961,45.48589330768358
66.0,1584.8931924611206,9.65565465254208,45.49486356283599
67.0,1584.8931924611206,9.668040741498686,45.503249653990615
68.0,1584.8931924611206,9.679808132612898,45.51107805982162
69.0,1584.8931924611206,9.69097424399461,45.51837513707835
70.0,1584.8931924611206,9.701557084715578,45.52516700418566
71.0,1584.8931924611206,9.7115751474196,45.5314794357511
72.0,1584.8931924611206,9.721047305698105,45.53733776784162
73.0,1584.8931924611206,9.729992716502283,45.5427668138138
74.0,1584.8931924611206,9.738430727811195,45.54779079041136
75.0,1584.8931924611206,9.74638079172542,45.55243325378214
76.0,1584.8931924611206,9.753862383107915,45.55671704501383
77.0,1584.8931924611206,9.760894923848493,45.56066424474318
78.0,1584.8931924611206,9.767497712785351,45.56429613635685
79.0,1584.8931924611206,9.77368986127712,45.567633177273876
80.0,1584.8931924611206,9.779490234381798,45.57069497777802
81.0,1584.8931924611206,9.784917397564792,45.573500286854696
82.0,1584.8931924611206,9.789989568827345,45.57606698447907
83.0,1584.8931924611206,9.794724576118766,45.57841207980051
84.0,1584.8931924611206,9.799139819871186,45.58055171467213
85.0,1584.8931924611206,9.80325224047393,45.582501171983026
86.0,1584.8931924611206,9.807078290486054,45.58427488826339
87.0,1584.8931924611206,9.810633911370108,45.58588647004978
88.0,1584.8931924611206,9.81393451451733,45.58734871351745
89.0,1584.8931924611206,9.816994966324726,45.58867362690934
90.0,1584.8931924611206,9.81982957707703,45.58987245531602
91.0,1584.8931924611206,9.822452093381742,45.59095570738739
92.0,1584.8931924611206,9.824875693902904,45.59193318358449
93.0,1584.8931924611206,9.827112988138822,45.5928140056084
94.0,1584.8931924611206,9.82917601799051,45.59360664667186
95.0,1584.8931924611206,9.831076261870964,45.59431896230841
96.0,1584.8931924611206,9.832824641110273,45.59495822144248
97.0,1584.8931924611206,9.834431528417944,45.59553113747202
98.0,1584.8931924611206,9.835906758171355,45.5960438991426
99.0,1584.8931924611206,9.837259638307948,45.59650220101857
100.0,1584.8931924611206,9.83849896360829,45.596911273382034
-100.0,1778.27941003893,10.311831549515905,45.49710431879566
-99.0,1778.27941003893,10.310532599972946,45.496720813454914
-98.0,1778.27941003893,10.309114632442855,45.49629115544619
-97.0,1778.27941003893,10.307568429026025,45.49581044138002
-96.0,1778.27941003893,10.305884233977872,45.49527333260233
-95.0,1778.27941003893,10.304051739786724,45.49467402716413
-94.0,1778.27941003893,10.30206007470949,45.49400623125487
-93.0,1778.27941003893,10.29989779198822,45.49326313025788
-92.0,1778.27941003893,10.297552860980673,45.49243735961046
-91.0,1778.27941003893,10.295012660447036,45.49152097567568
-90.0,1778.27941003893,10.292263974242964,45.49050542685877
-89.0,1778.27941003893,10.28929298967567,45.4893815252275
-88.0,1778.27941003893,10.286085298785018,45.48813941892261
-87.0,1778.27941003893,10.282625902814976,45.48676856567167
-86.0,1778.27941003893,10.278899220142556,45.485257707746925
-85.0,1778.27941003893,10.274889097930723,45.483594848734086
-84.0,1778.27941003893,10.27057882776928,45.48176723250512
-83.0,1778.27941003893,10.265951165562532,45.479761324812976
-82.0,1778.27941003893,10.260988355914895,45.47756279794913
-81.0,1778.27941003893,10.255672161255202,45.475156518926276
-80.0,1778.27941003893,10.249983895927148,45.472526541666895
-79.0,1778.27941003893,10.243904465457009,45.469656103694255
-78.0,1778.27941003893,10.237414411190308,45.466527627834544
-77.0,1778.27941003893,10.230493960466502,45.46312272944673
-76.0,1778.27941003893,10.223123082474828,45.45942222970047
-75.0,1778.27941003893,10.21528154990528,45.455406175420755
-74.0,1778.27941003893,10.206949006476187,45.45105386601065
-73.0,1778.27941003893,10.198105040384176,45.446343887950434
-72.0,1778.27941003893,10.18872926368337,45.441254157351516
-71.0,1778.27941003893,10.178801397558713,45.43576197101665
-70.0,1778.27941003893,10.168301363413415,45.42984406642406
-69.0,1778.27941003893,10.15720937964296,45.423476691010954
-68.0,1778.27941003893,10.145506063917944,45.416635681082774
-67.0,1778.27941003893,10.133172540745775,45.4092965506162
-66.0,1778.27941003893,10.12019055402704,45.40143459015874
-65.0,1778.27941003893,10.106542584266638,45.39302497595336
-64.0,1778.27941003893,10.092211970042916,45.38404288933505
-63.0,1778.27941003893,10.077183033280564,45.37446364635666
-62.0,1778.27941003893,10.061441207815236,45.364262837504455
-61.0,1778.27941003893,10.044973170680557,45.35341647726025
-60.0,1778.27941003893,10.027766975491547,45.3419011631572
-59.0,1778.27941003893,10.009812187243455,45.32969424386121
-58.0,1778.27941003893,9.991100017791922,45.31677399569001
-57.0,1778.27941003893,9.971623461229989,45.303119806859144
-56.0,1778.27941003893,9.951377428330318,45.28871236861843
-55.0,1778.27941003893,9.930358879177794,45.27353387231612
-54.0,1778.27941003893,9.908566953078966,45.25756821130199
-53.0,1778.27941003893,9.886003094801275,45.2408011864562
-52.0,1778.27941003893,9.862671176167252,45.223220714010516
-51.0,1778.27941003893,9.8385776120074,45.20481703421226
-50.0,1778.27941003893,9.813731469461006,45.18558291927335
-49.0,1778.27941003893,9.788144569606954,45.165513878945944
-48.0,1778.27941003893,9.76183158040735,45.144608361976815
-47.0,1778.27941003893,9.734810099955768,45.12286795161455
-46.0,1778.27941003893,9.707100729039585,45.10029755327971
-45.0,1778.27941003893,9.678727132052328,45.076905572459275
-44.0,1778.27941003893,9.649716085327581,45.052704080855165
-43.0,1778.27941003893,9.620097512010851,45.02770896880294
-42.0,1778.27941003893,9.589904502639785,45.00194008198301
-41.0,1778.27941003893,9.559173320666396,44.97542134047359
-40.0,1778.27941003893,9.527943392227188,44.948180838242834
-39.0,1778.27941003893,9.496257279548102,44.920250921248304
-38.0,1778.27941003893,9.464160637460623,44.89166824240502
-37.0,1778.27941003893,9.431702152602757,44.862473791799495
-36.0,1778.27941003893,9.398933464983404,44.832712900665584
-35.0,1778.27941003893,9.36590907170016,44.802435217798916
-34.0,1778.27941003893,9.332686212718144,44.77169465726888
-33.0,1778.27941003893,9.299324738740172,44.740549316489926
-32.0,1778.27941003893,9.265886961325569,44.709061363935426
-31.0,1778.27941003893,9.232437485545164,44.67729689601663
-30.0,1778.27941003893,9.199043025592454,44.64532576290362
-29.0,1778.27941003893,9.165772203904465,44.613221363332734
-28.0,1778.27941003893,9.132695334479266,44.581060408723374
-27.0,1778.27941003893,9.099884191209277,44.5489226572129
-26.0,1778.27941003893,9.067411762179134,44.51689061850974
-25.0,1778.27941003893,9.035351991002706,44.485049230757404
-24.0,1778.27941003893,9.003779506394775,44.45348551089345
-23.0,1778.27941003893,8.972769341287469,44.42228818027389
-22.0,1778.27941003893,8.942396642908538,44.391547267611585
-21.0,1778.27941003893,8.912736375334783,44.36135369154353
-20.0,1778.27941003893,8.883863016094434,44.331798825392895
-19.5,1778.27941003893,8.869744492580706,44.31728947648582
-19.0,1778.27941003893,8.855850248176074,44.302974046924454
-18.5,1778.27941003893,8.8421893177003,44.28886388377729
-18.0,1778.27941003893,8.828770646224433,44.274970276102835
-17.5,1778.27941003893,8.815603076971382,44.261304440074845
-17.0,1778.27941003893,8.802695335192483,44.24787750404919
-16.5,1778.27941003893,8.79005600179611,44.234700493599654
-16.0,1778.27941003893,8.777693461889042,44.22178431655068
-15.5,1778.27941003893,8.76561579430216,44.20913974803518
-15.0,1778.27941003893,8.753830527763883,44.19677741560574
-14.5,1778.27941003893,8.74234410784414,44.18470778442801
-14.0,1778.27941003893,8.731160762383318,44.172941142584776
-13.5,1778.27941003893,8.72028016901116,44.16148758651958
-13.0,1778.27941003893,8.709692842214036,44.15035700664852
-12.5,1778.27941003893,8.699371379788019,44.139559073168925
-12.0,1778.27941003893,8.689254559716248,44.12910322209316
-11.5,1778.27941003893,8.679219743665708,44.11899864153586
-11.0,1778.27941003893,8.669037266713431,44.10925425828237
-10.5,1778.27941003893,8.658298907532696,44.09987872466582
-10.0,1778.27941003893,8.646311993742582,44.090880405779785
-9.5,1778.27941003893,8.631952544141338,44.082267367053014
-9.0,1778.27941003893,8.613476791703034,44.07404736221195
-8.5,1778.27941003893,8.588302116139744,44.06622782165623
-8.0,1778.27941003893,8.55278661282223,44.05881584127152
-7.5,1778.27941003893,8.502059999009438,44.051818171703246
-7.0,1778.27941003893,8.429982941237203,44.04524120811395
-6.5,1778.27941003893,8.329329154173378,44.03909098044593
-6.0,1778.27941003893,8.192283888050675,44.033373144209996
-5.5,1778.27941003893,8.011322629064589,44.02809297182004
-5.0,1778.27941003893,7.780468245204645,44.023255344491886
-4.5,1778.27941003893,7.496826249135866,44.01886474472402
-4.0,1778.27941003893,7.162182639469421,44.01492524937625
-3.5,1778.27941003893,6.7843467739864245,44.01144052336136
-3.0,1778.27941003893,6.377870593597942,44.00841381396338
-2.5,1778.27941003893,5.963809368451232,44.00584794579483
-2.0,1778.27941003893,5.568324380801447,44.00374531640381
-1.5,1778.27941003893,5.2201516260740926,44.002107892540685
-1.0,1778.27941003893,4.94722705408764,44.00093720709228
-0.5,1778.27941003893,4.772998483362801,44.000234356690406
0.0,1778.27941003893,4.713093468304346,44.0
0.5,1778.27941003893,4.772998483362801,44.000234356690406
1.0,1778.27941003893,4.94722705408764,44.00093720709228
1.5,1778.27941003893,5.2201516260740926,44.002107892540685
2.0,1778.27941003893,5.568324380801447,44.00374531640381
2.5,1778.27941003893,5.963809368451232,44.00584794579483
3.0,1778.27941003893,6.377870593597942,44.00841381396338
3.5,1778.27941003893,6.7843467739864245,44.01144052336136
4.0,1778.27941003893,7.162182639469421,44.01492524937625
4.5,1778.27941003893,7.496826249135866,44.01886474472402
5.0,1778.27941003893,7.780468245204645,44.023255344491886
5.5,1778.27941003893,8.011322629064589,44.02809297182004
6.0,1778.27941003893,8.192283888050675,44.033373144209996
6.5,1778.27941003893,8.329329154173378,44.03909098044593
7.0,1778.27941003893,8.429982941237203,44.04524120811395
7.5,1778.27941003893,8.502059999009438,44.051818171703246
8.0,1778.27941003893,8.55278661282223,44.05881584127152
8.5,1778.27941003893,8.588302116139744,44.06622782165623
9.0,1778.27941003893,8.613476791703034,44.07404736221195
9.5,1778.27941003893,8.631952544141338,44.082267367053014
10.0,1778.27941003893,8.646311993742582,44.090880405779785
10.5,1778.27941003893,8.658298907532696,44.09987872466582
11.0,1778.27941003893,8.669037266713431,44.10925425828237
11.5,1778.27941003893,8.679219743665708,44.11899864153586
12.0,1778.27941003893,8.689254559716248,44.12910322209316
12.5,1778.27941003893,8.699371379788019,44.139559073168925
13.0,1778.27941003893,8.709692842214036,44.15035700664852
13.5,1778.27941003893,8.72028016901116,44.16148758651958
14.0,1778.27941003893,8.731160762383318,44.172941142584776
14.5,1778.27941003893,8.74234410784414,44.18470778442801
15.0,1778.27941003893,8.753830527763883,44.19677741560574
15.5,1778.27941003893,8.76561579430216,44.20913974803518
16.0,1778.27941003893,8.777693461889042,44.22178431655068
16.5,1778.27941003893,8.79005600179611,44.234700493599654
17.0,1778.27941003893,8.802695335192483,44.24787750404919
17.5,1778.27941003893,8.815603076971382,44.261304440074845
18.0,1778.27941003893,8.828770646224433,44.274970276102835
18.5,1778.27941003893,8.8421893177003,44.28886388377729
19.0,1778.27941003893,8.855850248176074,44.302974046924454
19.5,1778.27941003893,8.869744492580706,44.31728947648582
20.0,1778.27941003893,8.883863016094434,44.331798825392895
21.0,1778.27941003893,8.912736375334783,44.36135369154353
22.0,1778.27941003893,8.942396642908538,44.391547267611585
23.0,1778.27941003893,8.972769341287469,44.42228818027389
24.0,1778.27941003893,9.003779506394775,44.45348551089345
25.0,1778.27941003893,9.035351991002706,44.485049230757404
26.0,1778.27941003893,9.067411762179134,44.51689061850974
27.0,1778.27941003893,9.099884191209277,44.5489226572129
28.0,1778.27941003893,9.132695334479266,44.581060408723374
29.0,1778.27941003893,9.165772203904465,44.613221363332734
30.0,1778.27941003893,9.199043025592454,44.64532576290362
31.0,1778.27941003893,9.232437485545164,44.67729689601663
32.0,1778.27941003893,9.265886961325569,44.709061363935426
33.0,1778.27941003893,9.299324738740172,44.740549316489926
34.0,1778.27941003893,9.332686212718144,44.77169465726888
35.0,1778.27941003893,9.36590907170016,44.802435217798916
36.0,1778.27941003893,9.398933464983404,44.832712900665584
37.0,1778.27941003893,9.431702152602757,44.862473791799495
38.0,1778.27941003893,9.464160637460623,44.89166824240502
39.0,1778.27941003893,9.496257279548102,44.920250921248304
40.0,1778.27941003893,9.527943392227188,44.948180838242834
41.0,1778.27941003893,9.559173320666396,44.97542134047359
42.0,1778.27941003893,9.589904502639785,45.00194008198301
43.0,1778.27941003893,9.620097512010851,45.02770896880294
44.0,1778.27941003893,9.649716085327581,45.052704080855165
45.0,1778.27941003893,9.678727132052328,45.076905572459275
46.0,1778.27941003893,9.707100729039585,45.10029755327971
47.0,1778.27941003893,9.734810099955768,45.12286795161455
48.0,1778.27941003893,9.76183158040735,45.144608361976815
49.0,1778.27941003893,9.788144569606954,45.165513878945944
50.0,1778.27941003893,9.813731469461006,45.18558291927335
51.0,1778.27941003893,9.8385776120074,45.20481703421226
52.0,1778.27941003893,9.862671176167252,45.223220714010516
53.0,1778.27941003893,9.886003094801275,45.2408011864562
54.0,1778.27941003893,9.908566953078966,45.25756821130199
55.0,1778.27941003893,9.930358879177794,45.27353387231612
56.0,1778.27941003893,9.951377428330318,45.28871236861843
57.0,1778.27941003893,9.971623461229989,45.303119806859144
58.0,1778.27941003893,9.991100017791922,45.31677399569001
59.0,1778.27941003893,10.009812187243455,45.32969424386121
60.0,1778.27941003893,10.027766975491547,45.3419011631572
61.0,1778.27941003893,10.044973170680557,45.35341647726025
62.0,1778.27941003893,10.061441207815236,45.364262837504455
63.0,1778.27941003893,10.077183033280564,45.37446364635666
64.0,1778.27941003893,10.092211970042916,45.38404288933505
65.0,1778.27941003893,10.106542584266638,45.39302497595336
66.0,1778.27941003893,10.12019055402704,45.40143459015874
67.0,1778.27941003893,10.133172540745775,45.4092965506162
68.0,1778.27941003893,10.145506063917944,45.416635681082774
69.0,1778.27941003893,10.15720937964296,45.423476691010954
70.0,1778.27941003893,10.168301363413415,45.42984406642406
71.0,1778.27941003893,10.178801397558713,45.43576197101665
72.0,1778.27941003893,10.18872926368337,45.441254157351516
73.0,1778.27941003893,10.198105040384176,45.446343887950434
74.0,1778.27941003893,10.206949006476187,45.45105386601065
75.0,1778.27941003893,10.21528154990528,45.455406175420755
76.0,1778.27941003893,10.223123082474828,45.45942222970047
77.0,1778.27941003893,10.230493960466502,45.46312272944673
78.0,1778.27941003893,10.237414411190308,45.466527627834544
79.0,1778.27941003893,10.243904465457009,45.469656103694255
80.0,1778.27941003893,10.249983895927148,45.472526541666895
81.0,1778.27941003893,10.255672161255202,45.475156518926276
82.0,1778.27941003893,10.260988355914895,45.47756279794913
83.0,1778.27941003893,10.265951165562532,45.479761324812976
84.0,1778.27941003893,10.27057882776928,45.48176723250512
85.0,1778.27941003893,10.274889097930723,45.483594848734086
86.0,1778.27941003893,10.278899220142556,45.485257707746925
87.0,1778.27941003893,10.282625902814976,45.48676856567167
88.0,1778.27941003893,10.286085298785018,45.48813941892261
89.0,1778.27941003893,10.28929298967567,45.4893815252275
90.0,1778.27941003893,10.292263974242964,45.49050542685877
91.0,1778.27941003893,10.295012660447036,45.49152097567568
92.0,1778.27941003893,10.297552860980673,45.49243735961046
93.0,1778.27941003893,10.29989779198822,45.49326313025788
94.0,1778.27941003893,10.30206007470949,45.49400623125487
95.0,1778.27941003893,10.304051739786724,45.49467402716413
96.0,1778.27941003893,10.305884233977872,45.49527333260233
97.0,1778.27941003893,10.307568429026025,45.49581044138002
98.0,1778.27941003893,10.309114632442855,45.49629115544619
99.0,1778.27941003893,10.310532599972946,45.496720813454914
100.0,1778.27941003893,10.311831549515905,45.49710431879566
-100.0,1995.262314968889,10.797956566524219,45.39729736420928
-99.0,1995.262314968889,10.796596381315643,45.39693942589125
-98.0,1995.262314968889,10.79511156732027,45.39653841174977
-97.0,1995.262314968889,10.793492472084106,45.39608974528802
-96.0,1995.262314968889,10.791728879952856,45.39558844376217
-95.0,1995.262314968889,10.789809997493478,45.395029092019854
-94.0,1995.262314968889,10.787724440442261,45.39440581583788
-93.0,1995.262314968889,10.78546022241303,45.393712254907356
-92.0,1995.262314968889,10.783004745609572,45.39294153563643
-91.0,1995.262314968889,10.780344793795894,45.39208624396396
-90.0,1995.262314968889,10.77746652778621,45.391138398401516
-89.0,1995.262314968889,10.774355483723534,45.39008942354567
-88.0,1995.262314968889,10.770996574421165,45.388930124327764
-87.0,1995.262314968889,10.767374094044955,45.387650661293556
-86.0,1995.262314968889,10.763471726416006,45.38624052723046
-85.0,1995.262314968889,10.759272557212949,45.384688525485146
-84.0,1995.262314968889,10.754759090350175,45.382982750338115
-83.0,1995.262314968889,10.749913268803047,45.381110569825445
-82.0,1995.262314968889,10.744716500143106,45.37905861141919
-81.0,1995.262314968889,10.739149687035374,45.37681275099786
-80.0,1995.262314968889,10.733193262935908,45.37435810555577
-79.0,1995.262314968889,10.72682723321068,45.37167903011464
-78.0,1995.262314968889,10.72003122187654,45.368759119312244
-77.0,1995.262314968889,10.712784524141265,45.365581214150275
-76.0,1995.262314968889,10.705066164892566,45.3621274143871
-75.0,1995.262314968889,10.696854963255458,45.35837909705938
-74.0,1995.262314968889,10.688129603303253,45.354316941609945
-73.0,1995.262314968889,10.678868710970132,45.349920962087076
-72.0,1995.262314968889,10.669050937172472,45.34517054686141
-71.0,1995.262314968889,10.658655047102162,45.34004450628221
-70.0,1995.262314968889,10.647660015608142,45.33452112866245
-69.0,1995.262314968889,10.636045128532569,45.32857824494356
-68.0,1995.262314968889,10.623790089815516,45.32219330234392
-67.0,1995.262314968889,10.6108751341274,45.31534344724179
-66.0,1995.262314968889,10.597281144731534,45.30800561748149
-65.0,1995.262314968889,10.582989776220867,45.30015664422314
-64.0,1995.262314968889,10.567983581713488,45.29177336337938
-63.0,1995.262314968889,10.552246144031184,45.282832736599545
-62.0,1995.262314968889,10.535762210324915,45.27331198167082
-61.0,1995.262314968889,10.518517829551016,45.26318871210956
-60.0,1995.262314968889,10.500500492142631,45.252441085613384
-59.0,1995.262314968889,10.481699271163304,45.24104796093713
-58.0,1995.262314968889,10.46210496417401,45.22898906264401
-57.0,1995.262314968889,10.441710234992163,45.216245153068535
-56.0,1995.262314968889,10.420509754471773,45.20279821071053
-55.0,1995.262314968889,10.398500339388672,45.188631614161714
-54.0,1995.262314968889,10.375681088474211,45.17373033054852
-53.0,1995.262314968889,10.352053514605712,45.15808110735912
-52.0,1995.262314968889,10.327621672132908,45.14167266640981
-51.0,1995.262314968889,10.30239227829714,45.124495898598106
-50.0,1995.262314968889,10.276374827684863,45.10654405798846
-49.0,1995.262314968889,10.249581698649603,45.08781295368288
-48.0,1995.262314968889,10.22202825063715,45.068301137845026
-47.0,1995.262314968889,10.193732911358351,45.048010088173584
-46.0,1995.262314968889,10.164717252772203,45.026944383061064
-45.0,1995.262314968889,10.135006054869745,45.005111867628656
-44.0,1995.262314968889,10.104627356286569,44.982523808798156
-43.0,1995.262314968889,10.073612490818613,44.95919503754941
-42.0,1995.262314968889,10.041996108972583,44.935144076517474
-41.0,1995.262314968889,10.009816183748516,44.91039325110868
-40.0,1995.262314968889,9.977113999927635,44.88496878235998
-39.0,1995.262314968889,9.943934126223548,44.85890085983175
-38.0,1995.262314968889,9.910324369748409,44.83222369291135
-37.0,1995.262314968889,9.876335712347691,44.80497553901286
-36.0,1995.262314968889,9.842022228466899,44.77719870728788
-35.0,1995.262314968889,9.807440984330398,44.74893953661232
-34.0,1995.262314968889,9.772651918335578,44.72024834678429
-33.0,1995.262314968889,9.7377177026941,44.69117936205726
-32.0,1995.262314968889,9.702703586484944,44.66179060633973
-31.0,1995.262314968889,9.667677220420346,44.63214376961552
-30.0,1995.262314968889,9.632708463764423,44.602304045376705
-29.0,1995.262314968889,9.5978691739841,44.57233993911055
-28.0,1995.262314968889,9.563232979851673,44.54232304814182
-27.0,1995.262314968889,9.5288750388568,44.512327813398706
-26.0,1995.262314968889,9.494871779921342,44.48243124394242
-25.0,1995.262314968889,9.461300632542384,44.45271261537358
-24.0,1995.262314968889,9.428239743615267,44.42325314350055
-23.0,1995.262314968889,9.395767683308467,44.39413563492229
-22.0,1995.262314968889,9.363963141474263,44.36544411643748
-21.0,1995.262314968889,9.3329046161798,44.33726344544063
-20.0,1995.262314968889,9.302670096006555,44.30967890370003
-19.5,1995.262314968889,9.287885990685144,44.296136844720095
-19.0,1995.262314968889,9.273336737539816,44.28277577712949
-18.5,1995.262314968889,9.259031797313883,44.26960629152547
-18.0,1995.262314968889,9.24498053677097,44.25663892436265
-17.5,1995.262314968889,9.231192216025196,44.24388414406986
-17.0,1995.262314968889,9.217675971657627,44.23135233711258
-16.5,1995.262314968889,9.204440789101698,44.219053794026344
-16.0,1995.262314968889,9.191495448758667,44.206998695447304
-15.5,1995.262314968889,9.178848410315322,44.19519709816616
-15.0,1995.262314968889,9.16650755742278,44.183658921232016
-14.5,1995.262314968889,9.154479639510944,44.172393932132806
-14.0,1995.262314968889,9.142769083730963,44.16141173307912
-13.5,1995.262314968889,9.13137555251525,44.15072174741827
-13.0,1995.262314968889,9.120289113179814,44.140333206205284
-12.5,1995.262314968889,9.109481071713661,44.130255134957665
-12.0,1995.262314968889,9.098887319943982,44.12049634062028
-11.5,1995.262314968889,9.088379438066113,44.1110653987668
-11.0,1995.262314968889,9.077716934189635,44.101970641063545
-10.5,1995.262314968889,9.066472342433793,44.09322014302143
-10.0,1995.262314968889,9.05392033614366,44.084821712061135
-9.5,1995.262314968889,9.038883946888378,44.07678287591615
-9.0,1995.262314968889,9.019537202189854,44.069110871397825
-8.5,1995.262314968889,8.993175730708922,44.06181263354581
-8.0,1995.262314968889,8.955985939504586,44.05489478518675
-7.5,1995.262314968889,8.902867948768682,44.04836362692303
-7.0,1995.262314968889,8.827393001807975,44.04222512757302
-6.5,1995.262314968889,8.721994148485708,44.03648491508286
-6.0,1995.262314968889,8.578488232573985,44.03114826792933
-5.5,1995.262314968889,8.38899601624244,44.02622010703204
-5.0,1995.262314968889,8.147258590825674,44.021704988192425
-4.5,1995.262314968889,7.85024501576037,44.01760709507575
-4.0,1995.262314968889,7.499825486010312,44.013930232751164
-3.5,1995.262314968889,7.104177511625782,44.01067782180393
-3.0,1995.262314968889,6.678539047684082,44.007852893032485
-2.5,1995.262314968889,6.244957961380758,44.00545808274183
-2.0,1995.262314968889,5.830828841946566,44.003495628643556
-1.5,1995.262314968889,5.4662423700729486,44.00196736637131
-1.0,1995.262314968889,5.180451464733219,44.00087472661946
-0.5,1995.262314968889,4.998009332091641,44.000218732911044
0.0,1995.262314968889,4.935280247776009,44.0
0.5,1995.262314968889,4.998009332091641,44.000218732911044
1.0,1995.262314968889,5.180451464733219,44.00087472661946
1.5,1995.262314968889,5.4662423700729486,44.00196736637131
2.0,1995.262314968889,5.830828841946566,44.003495628643556
2.5,1995.262314968889,6.244957961380758,44.00545808274183
3.0,1995.262314968889,6.678539047684082,44.007852893032485
3.5,1995.262314968889,7.104177511625782,44.01067782180393
4.0,1995.262314968889,7.499825486010312,44.013930232751164
4.5,1995.262314968889,7.85024501576037,44.01760709507575
5.0,1995.262314968889,8.147258590825674,44.021704988192425
5.5,1995.262314968889,8.38899601624244,44.02622010703204
6.0,1995.262314968889,8.578488232573985,44.03114826792933
6.5,1995.262314968889,8.721994148485708,44.03648491508286
7.0,1995.262314968889,8.827393001807975,44.04222512757302
7.5,1995.262314968889,8.902867948768682,44.04836362692303
8.0,1995.262314968889,8.955985939504586,44.05489478518675
8.5,1995.262314968889,8.993175730708922,44.06181263354581
9.0,1995.262314968889,9.019537202189854,44.069110871397825
9.5,1995.262314968889,9.038883946888378,44.07678287591615
10.0,1995.262314968889,9.05392033614366,44.084821712061135
10.5,1995.262314968889,9.066472342433793,44.09322014302143
11.0,1995.262314968889,9.077716934189635,44.101970641063545
11.5,1995.262314968889,9.088379438066113,44.1110653987668
12.0,1995.262314968889,9.098887319943982,44.12049634062028
12.5,1995.262314968889,9.109481071713661,44.130255134957665
13.0,1995.262314968889,9.120289113179814,44.140333206205284
13.5,1995.262314968889,9.13137555251525,44.15072174741827
14.0,1995.262314968889,9.142769083730963,44.16141173307912
14.5,1995.262314968889,9.154479639510944,44.172393932132806
15.0,1995.262314968889,9.16650755742278,44.183658921232016
15.5,1995.262314968889,9.178848410315322,44.19519709816616
16.0,1995.262314968889,9.191495448758667,44.206998695447304
16.5,1995.262314968889,9.204440789101698,44.219053794026344
17.0,1995.262314968889,9.217675971657627,44.23135233711258
17.5,1995.262314968889,9.231192216025196,44.24388414406986
18.0,1995.262314968889,9.24498053677097,44.25663892436265
18.5,1995.262314968889,9.259031797313883,44.26960629152547
19.0,1995.262314968889,9.273336737539816,44.28277577712949
19.5,1995.262314968889,9.287885990685144,44.296136844720095
20.0,1995.262314968889,9.302670096006555,44.30967890370003
21.0,1995.262314968889,9.3329046161798,44.33726344544063
22.0,1995.262314968889,9.363963141474263,44.36544411643748
23.0,1995.262314968889,9.395767683308467,44.39413563492229
24.0,1995.262314968889,9.428239743615267,44.42325314350055
25.0,1995.262314968889,9.461300632542384,44.45271261537358
26.0,1995.262314968889,9.494871779921342,44.48243124394242
27.0,1995.262314968889,9.5288750388568,44.512327813398706
28.0,1995.262314968889,9.563232979851673,44.54232304814182
29.0,1995.262314968889,9.5978691739841,44.57233993911055
30.0,1995.262314968889,9.632708463764423,44.602304045376705
31.0,1995.262314968889,9.667677220420346,44.63214376961552
32.0,1995.262314968889,9.702703586484944,44.66179060633973
33.0,1995.262314968889,9.7377177026941,44.69117936205726
34.0,1995.262314968889,9.772651918335578,44.72024834678429
35.0,1995.262314968889,9.807440984330398,44.74893953661232
36.0,1995.262314968889,9.842022228466899,44.77719870728788
37.0,1995.262314968889,9.876335712347691,44.80497553901286
38.0,1995.262314968889,9.910324369748409,44.83222369291135
39.0,1995.262314968889,9.943934126223548,44.85890085983175
40.0,1995.262314968889,9.977113999927635,44.88496878235998
41.0,1995.262314968889,10.009816183748516,44.91039325110868
42.0,1995.262314968889,10.041996108972583,44.935144076517474
43.0,1995.262314968889,10.073612490818613,44.95919503754941
44.0,1995.262314968889,10.104627356286569,44.982523808798156
45.0,1995.262314968889,10.135006054869745,45.005111867628656
46.0,1995.262314968889,10.164717252772203,45.026944383061064
47.0,1995.262314968889,10.193732911358351,45.048010088173584
48.0,1995.262314968889,10.22202825063715,45.068301137845026
49.0,1995.262314968889,10.249581698649603,45.08781295368288
50.0,1995.262314968889,10.276374827684863,45.10654405798846
51.0,1995.262314968889,10.30239227829714,45.124495898598106
52.0,1995.262314968889,10.327621672132908,45.14167266640981
53.0,1995.262314968889,10.352053514605712,45.15808110735912
54.0,1995.262314968889,10.375681088474211,45.17373033054852
55.0,1995.262314968889,10.398500339388672,45.188631614161714
56.0,1995.262314968889,10.420509754471773,45.20279821071053
57.0,1995.262314968889,10.441710234992163,45.216245153068535
58.0,1995.262314968889,10.46210496417401,45.22898906264401
59.0,1995.262314968889,10.481699271163304,45.24104796093713
60.0,1995.262314968889,10.500500492142631,45.252441085613384
61.0,1995.262314968889,10.518517829551016,45.26318871210956
62.0,1995.262314968889,10.535762210324915,45.27331198167082
63.0,1995.262314968889,10.552246144031184,45.282832736599545
64.0,1995.262314968889,10.567983581713488,45.29177336337938
65.0,1995.262314968889,10.582989776220867,45.30015664422314
66.0,1995.262314968889,10.597281144731534,45.30800561748149
67.0,1995.262314968889,10.6108751341274,45.31534344724179
68.0,1995.262314968889,10.623790089815516,45.32219330234392
69.0,1995.262314968889,10.636045128532569,45.32857824494356
70.0,1995.262314968889,10.647660015608142,45.33452112866245
71.0,1995.262314968889,10.658655047102162,45.34004450628221
72.0,1995.262314968889,10.669050937172472,45.34517054686141
73.0,1995.262314968889,10.678868710970132,45.349920962087076
74.0,1995.262314968889,10.688129603303253,45.354316941609945
75.0,1995.262314968889,10.696854963255458,45.35837909705938
76.0,1995.262314968889,10.705066164892566,45.3621274143871
77.0,1995.262314968889,10.712784524141265,45.365581214150275
78.0,1995.262314968889,10.72003122187654,45.368759119312244
79.0,1995.262314968889,10.72682723321068,45.37167903011464
80.0,1995.262314968889,10.733193262935908,45.37435810555577
81.0,1995.262314968889,10.739149687035374,45.37681275099786
82.0,1995.262314968889,10.744716500143106,45.37905861141919
83.0,1995.262314968889,10.749913268803047,45.381110569825445
84.0,1995.262314968889,10.754759090350175,45.382982750338115
85.0,1995.262314968889,10.759272557212949,45.384688525485146
86.0,1995.262314968889,10.763471726416006,45.38624052723046
87.0,1995.262314968889,10.767374094044955,45.387650661293556
88.0,1995.262314968889,10.770996574421165,45.388930124327764
89.0,1995.262314968889,10.774355483723534,45.39008942354567
90.0,1995.262314968889,10.77746652778621,45.391138398401516
91.0,1995.262314968889,10.780344793795894,45.39208624396396
92.0,1995.262314968889,10.783004745609572,45.39294153563643
93.0,1995.262314968889,10.78546022241303,45.393712254907356
94.0,1995.262314968889,10.787724440442261,45.39440581583788
95.0,1995.262314968889,10.789809997493478,45.395029092019854
96.0,1995.262314968889,10.791728879952856,45.39558844376217
97.0,1995.262314968889,10.793492472084106,45.39608974528802
98.0,1995.262314968889,10.79511156732027,45.39653841174977
99.0,1995.262314968889,10.796596381315643,45.39693942589125
100.0,1995.262314968889,10.797956566524219,45.39729736420928
-100.0,2238.7211385683513,11.29693037477682,45.2974904096229
-99.0,2238.7211385683513,11.295507335380117,45.29715803832759
-98.0,2238.7211385683513,11.293953908097658,45.29678566805336
-97.0,2238.7211385683513,11.292259994435348,45.29636904919602
-96.0,2238.7211385683513,11.290414906673279,45.29590355492202
-95.0,2238.7211385683513,11.288407352613635,45.29538415687558
-94.0,2238.7211385683513,11.286225421925634,45.294805400420884
-93.0,2238.7211385683513,11.28385657433193,45.294161379556826
-92.0,2238.7211385683513,11.281287629891873,45.2934457116624
-91.0,2238.7211385683513,11.278504761646918,45.29265151225225
-90.0,2238.7211385683513,11.275493490902202,45.291771369944264
-89.0,2238.7211385683513,11.272238685425592,45.290797321863835
-88.0,2238.7211385683513,11.268724560851163,45.28972082973292
-87.0,2238.7211385683513,11.264934685577824,45.288532756915444
-86.0,2238.7211385683513,11.2608519894557,45.287223346714
-85.0,2238.7211385683513,11.256458776552261,45.285782202236206
-84.0,2238.7211385683513,11.251736742287397,45.2841982681711
-83.0,2238.7211385683513,11.246666995220975,45.28245981483791
-82.0,2238.7211385683513,11.241230083768007,45.280554424889246
-81.0,2238.7211385683513,11.235406028105254,45.27846898306944
-80.0,2238.7211385683513,11.229174357518346,45.27618966944464
-79.0,2238.7211385683513,11.222514153420784,45.27370195653502
-78.0,2238.7211385683513,11.215404098254794,45.27099061078994
-77.0,2238.7211385683513,11.207822530459246,45.268039698853826
-76.0,2238.7211385683513,11.199747505661465,45.26483259907374
-75.0,2238.7211385683513,11.191156864217763,45.26135201869799
-74.0,2238.7211385683513,11.18202830519202,45.25758001720923
-73.0,2238.7211385683513,11.172339466822368,45.25349803622371
-72.0,2238.7211385683513,11.162068013483566,45.24908693637131
-71.0,2238.7211385683513,11.151191729106555,45.24432704154776
-70.0,2238.7211385683513,11.139688616967588,45.23919819090085
-69.0,2238.7211385683513,11.127537005707136,45.23367979887616
-68.0,2238.7211385683513,11.114715661383903,45.227750923605065
-67.0,2238.7211385683513,11.101203905311992,45.22139034386737
-66.0,2238.7211385683513,11.086981737369895,45.21457664480424
-65.0,2238.7211385683513,11.072029964408907,45.20728831249291
-64.0,2238.7211385683513,11.05633033332632,45.199503837423705
-63.0,2238.7211385683513,11.03986566830576,45.19120182684244
-62.0,2238.7211385683513,11.022620011663701,45.18236112583719
-61.0,2238.7211385683513,11.004578767678442,45.172960946958874
-60.0,2238.7211385683513,10.985728848715775,45.16298100806957
-59.0,2238.7211385683513,10.96605882290527,45.15240167801305
-58.0,2238.7211385683513,10.945559062562994,45.14120412959801
-57.0,2238.7211385683513,10.924221892501203,45.129370499277925
-56.0,2238.7211385683513,10.902041737313956,45.11688405280264
-55.0,2238.7211385683513,10.879015266680227,45.10372935600731
-54.0,2238.7211385683513,10.855141537683721,45.08989244979505
-53.0,2238.7211385683513,10.830422133111858,45.075361028262044
-52.0,2238.7211385683513,10.804861294665956,45.06012461880911
-51.0,2238.7211385683513,10.778466049991227,45.04417476298396
-50.0,2238.7211385683513,10.751246332419177,45.02750519670357
-49.0,2238.7211385683513,10.723215092307308,45.01011202841982
-48.0,2238.7211385683513,10.694388398861744,44.99199391371324
-47.0,2238.7211385683513,10.664785531338248,44.973152224732615
-46.0,2238.7211385683513,10.634429058536512,44.95359121284241
-45.0,2238.7211385683513,10.603344905531504,44.93331816279804
-44.0,2238.7211385683513,10.571562406624775,44.91234353674114
-43.0,2238.7211385683513,10.539114343547654,44.89068110629588
-42.0,2238.7211385683513,10.506036968007523,44.86834807105194
-41.0,2238.7211385683513,10.472370007737574,44.84536516174377
-40.0,2238.7211385683513,10.438156655289669,44.82175672647712
-39.0,2238.7211385683513,10.403443538898646,44.797550798415195
-38.0,2238.7211385683513,10.368280674844355,44.77277914341768
-37.0,2238.7211385683513,10.332721400844454,44.74747728622623
-36.0,2238.7211385683513,10.296822290125757,44.721684513910176
-35.0,2238.7211385683513,10.2606430459441,44.69544385542572
-34.0,2238.7211385683513,10.224246376451521,44.668802036299695
-33.0,2238.7211385683513,10.18769784994395,44.6418094076246
-32.0,2238.7211385683513,10.151065730661728,44.61451984874404
-31.0,2238.7211385683513,10.114420795457976,44.58699064321441
-30.0,2238.7211385683513,10.077836131794928,44.5592823278498
-29.0,2238.7211385683513,10.041386917674624,44.53145851488837
-28.0,2238.7211385683513,10.005150184256532,44.50358568756026
-27.0,2238.7211385683513,9.969204562059543,44.47573296958451
-26.0,2238.7211385683513,9.933630011787663,44.4479718693751
-25.0,2238.7211385683513,9.89850754095673,44.42037599998975
-24.0,2238.7211385683513,9.863918907631813,44.39302077610766
-23.0,2238.7211385683513,9.829946312710591,44.365983089570705
-22.0,2238.7211385683513,9.79667208230513,44.33934096526337
-21.0,2238.7211385683513,9.76417834187997,44.313173199337726
-20.0,2238.7211385683513,9.732546683870638,44.28755898200717
-19.5,2238.7211385683513,9.717079404720142,44.27498421295438
-19.0,2238.7211385683513,9.701857830269907,44.26257750733453
-18.5,2238.7211385683513,9.686891858444394,44.25034869927365
-18.0,2238.7211385683513,9.672191288845584,44.23830757262245
-17.5,2238.7211385683513,9.657765809497663,44.22646384806487
-17.0,2238.7211385683513,9.643624979183318,44.214827170175965
-16.5,2238.7211385683513,9.629778198553051,44.203407094453034
-16.0,2238.7211385683513,9.616234653750661,44.192213074343925
-15.5,2238.7211385683513,9.603003195385238,44.18125444829715
-15.0,2238.7211385683513,9.590092071411595,44.1705404268583
-14.5,2238.7211385683513,9.577508343150937,44.160080079837606
-14.0,2238.7211385683513,9.565256642333162,44.14988232357347
-13.5,2238.7211385683513,9.553336615791677,44.13995590831696
-13.0,2238.7211385683513,9.541737871852952,44.13030940576205
-12.5,2238.7211385683513,9.530430390555114,44.120951196746404
-12.0,2238.7211385683513,9.519347101285295,44.111889459147406
-11.5,2238.7211385683513,9.508353649956858,44.10313215599774
-11.0,2238.7211385683513,9.497198431543884,44.09468702384472
-10.5,2238.7211385683513,9.48543422695796,44.086561561377046
-10.0,2238.7211385683513,9.472302192183621,44.07876301834248
-9.5,2238.7211385683513,9.456570971053171,44.07129838477928
-9.0,2238.7211385683513,9.436330212860517,44.064174380583694
-8.5,2238.7211385683513,9.408750577207972,44.0573974454354
-8.0,2238.7211385683513,9.36984224494163,44.05097372910198
-7.5,2238.7211385683513,9.31426967069625,44.04490908214281
-7.0,2238.7211385683513,9.235307024791707,44.03920904703209
-6.5,2238.7211385683513,9.125037688160523,44.0338788497198
-6.0,2238.7211385683513,8.97490036074718,44.02892339164866
-5.5,2238.7211385683513,8.776651704969462,44.02434724224403
-5.0,2238.7211385683513,8.523743587856144,44.02015463189297
-4.5,2238.7211385683513,8.21300500901443,44.01634944542749
-4.0,2238.7211385683513,7.846392585158135,44.01293521612608
-3.5,2238.7211385683513,7.432461709255172,44.00991512024651
-3.0,2238.7211385683513,6.987154482619038,44.0072919721016
-2.5,2238.7211385683513,6.533537604868861,44.005068219688845
-2.0,2238.7211385683513,6.100271569800741,44.0032459408833
-1.5,2238.7211385683513,5.718837549116626,44.00182684020193
-1.0,2238.7211385683513,5.419840239813075,44.00081224614664
-0.5,2238.7211385683513,5.228967452246275,44.00020310913169
0.0,2238.7211385683513,5.163339655577399,44.0
0.5,2238.7211385683513,5.228967452246275,44.00020310913169
1.0,2238.7211385683513,5.419840239813075,44.00081224614664
1.5,2238.7211385683513,5.718837549116626,44.00182684020193
2.0,2238.7211385683513,6.100271569800741,44.0032459408833
2.5,2238.7211385683513,6.533537604868861,44.005068219688845
3.0,2238.7211385683513,6.987154482619038,44.0072919721016
3.5,2238.7211385683513,7.432461709255172,44.00991512024651
4.0,2238.7211385683513,7.846392585158135,44.01293521612608
4.5,2238.7211385683513,8.21300500901443,44.01634944542749
5.0,2238.7211385683513,8.523743587856144,44.02015463189297
5.5,2238.7211385683513,8.776651704969462,44.02434724224403
6.0,2238.7211385683513,8.97490036074718,44.02892339164866
6.5,2238.7211385683513,9.125037688160523,44.0338788497198
7.0,2238.7211385683513,9.235307024791707,44.03920904703209
7.5,2238.7211385683513,9.31426967069625,44.04490908214281
8.0,2238.7211385683513,9.36984224494163,44.05097372910198
8.5,2238.7211385683513,9.408750577207972,44.0573974454354
9.0,2238.7211385683513,9.436330212860517,44.064174380583694
9.5,2238.7211385683513,9.456570971053171,44.07129838477928
10.0,2238.7211385683513,9.472302192183621,44.07876301834248
10.5,2238.7211385683513,9.48543422695796,44.086561561377046
11.0,2238.7211385683513,9.497198431543884,44.09468702384472
11.5,2238.7211385683513,9.508353649956858,44.10313215599774
12.0,2238.7211385683513,9.519347101285295,44.111889459147406
12.5,2238.7211385683513,9.530430390555114,44.120951196746404
13.0,2238.7211385683513,9.541737871852952,44.13030940576205
13.5,2238.7211385683513,9.553336615791677,44.13995590831696
14.0,2238.7211385683513,9.565256642333162,44.14988232357347
14.5,2238.7211385683513,9.577508343150937,44.160080079837606
15.0,2238.7211385683513,9.590092071411595,44.1705404268583
15.5,2238.7211385683513,9.603003195385238,44.18125444829715
16.0,2238.7211385683513,9.616234653750661,44.192213074343925
16.5,2238.7211385683513,9.629778198553051,44.203407094453034
17.0,2238.7211385683513,9.643624979183318,44.214827170175965
17.5,2238.7211385683513,9.657765809497663,44.22646384806487
18.0,2238.7211385683513,9.672191288845584,44.23830757262245
18.5,2238.7211385683513,9.686891858444394,44.25034869927365
19.0,2238.7211385683513,9.701857830269907,44.26257750733453
19.5,2238.7211385683513,9.717079404720142,44.27498421295438
20.0,2238.7211385683513,9.732546683870638,44.28755898200717
21.0,2238.7211385683513,9.76417834187997,44.313173199337726
22.0,2238.7211385683513,9.79667208230513,44.33934096526337
23.0,2238.7211385683513,9.829946312710591,44.365983089570705
24.0,2238.7211385683513,9.863918907631813,44.39302077610766
25.0,2238.7211385683513,9.89850754095673,44.42037599998975
26.0,2238.7211385683513,9.933630011787663,44.4479718693751
27.0,2238.7211385683513,9.969204562059543,44.47573296958451
28.0,2238.7211385683513,10.005150184256532,44.50358568756026
29.0,2238.7211385683513,10.041386917674624,44.53145851488837
30.0,2238.7211385683513,10.077836131794928,44.5592823278498
31.0,2238.7211385683513,10.114420795457976,44.58699064321441
32.0,2238.7211385683513,10.151065730661728,44.61451984874404
33.0,2238.7211385683513,10.18769784994395,44.6418094076246
34.0,2238.7211385683513,10.224246376451521,44.668802036299695
35.0,2238.7211385683513,10.2606430459441,44.69544385542572
36.0,2238.7211385683513,10.296822290125757,44.721684513910176
37.0,2238.7211385683513,10.332721400844454,44.74747728622623
38.0,2238.7211385683513,10.368280674844355,44.77277914341768
39.0,2238.7211385683513,10.403443538898646,44.797550798415195
40.0,2238.7211385683513,10.438156655289669,44.82175672647712
41.0,2238.7211385683513,10.472370007737574,44.84536516174377
42.0,2238.7211385683513,10.506036968007523,44.86834807105194
43.0,2238.7211385683513,10.539114343547654,44.89068110629588
44.0,2238.7211385683513,10.571562406624775,44.91234353674114
45.0,2238.7211385683513,10.603344905531504,44.93331816279804
46.0,2238.7211385683513,10.634429058536512,44.95359121284241
47.0,2238.7211385683513,10.664785531338248,44.973152224732615
48.0,2238.7211385683513,10.694388398861744,44.99199391371324
49.0,2238.7211385683513,10.723215092307308,45.01011202841982
50.0,2238.7211385683513,10.751246332419177,45.02750519670357
51.0,2238.7211385683513,10.778466049991227,45.04417476298396
52.0,2238.7211385683513,10.804861294665956,45.06012461880911
53.0,2238.7211385683513,10.830422133111858,45.075361028262044
54.0,2238.7211385683513,10.855141537683721,45.08989244979505
55.0,2238.7211385683513,10.879015266680227,45.10372935600731
56.0,2238.7211385683513,10.902041737313956,45.11688405280264
57.0,2238.7211385683513,10.924221892501203,45.129370499277925
58.0,2238.7211385683513,10.945559062562994,45.14120412959801
59.0,2238.7211385683513,10.96605882290527,45.15240167801305
60.0,2238.7211385683513,10.985728848715775,45.16298100806957
61.0,2238.7211385683513,11.004578767678442,45.172960946958874
62.0,2238.7211385683513,11.022620011663701,45.18236112583719
63.0,2238.7211385683513,11.03986566830576,45.19120182684244
64.0,2238.7211385683513,11.05633033332632,45.199503837423705
65.0,2238.7211385683513,11.072029964408907,45.20728831249291
66.0,2238.7211385683513,11.086981737369895,45.21457664480424
67.0,2238.7211385683513,11.101203905311992,45.22139034386737
68.0,2238.7211385683513,11.114715661383903,45.227750923605065
69.0,2238.7211385683513,11.127537005707136,45.23367979887616
70.0,2238.7211385683513,11.139688616967588,45.23919819090085
71.0,2238.7211385683513,11.151191729106555,45.24432704154776
72.0,2238.7211385683513,11.162068013483566,45.24908693637131
73.0,2238.7211385683513,11.172339466822368,45.25349803622371
74.0,2238.7211385683513,11.18202830519202,45.25758001720923
75.0,2238.7211385683513,11.191156864217763,45.26135201869799
76.0,2238.7211385683513,11.199747505661465,45.26483259907374
77.0,2238.7211385683513,11.207822530459246,45.268039698853826
78.0,2238.7211385683513,11.215404098254794,45.27099061078994
79.0,2238.7211385683513,11.222514153420784,45.27370195653502
80.0,2238.7211385683513,11.229174357518346,45.27618966944464
81.0,2238.7211385683513,11.235406028105254,45.27846898306944
82.0,2238.7211385683513,11.241230083768007,45.280554424889246
83.0,2238.7211385683513,11.246666995220975,45.28245981483791
84.0,2238.7211385683513,11.251736742287397,45.2841982681711
85.0,2238.7211385683513,11.256458776552261,45.285782202236206
86.0,2238.7211385683513,11.2608519894557,45.287223346714
87.0,2238.7211385683513,11.264934685577824,45.288532756915444
88.0,2238.7211385683513,11.268724560851163,45.28972082973292
89.0,2238.7211385683513,11.272238685425592,45.290797321863835
90.0,2238.7211385683513,11.275493490902202,45.291771369944264
91.0,2238.7211385683513,11.278504761646918,45.29265151225225
92.0,2238.7211385683513,11.281287629891873,45.2934457116624
93.0,2238.7211385683513,11.28385657433193,45.294161379556826
94.0,2238.7211385683513,11.286225421925634,45.294805400420884
95.0,2238.7211385683513,11.288407352613635,45.29538415687558
96.0,2238.7211385683513,11.290414906673279,45.29590355492202
97.0,2238.7211385683513,11.292259994435348,45.29636904919602
98.0,2238.7211385683513,11.293953908097658,45.29678566805336
99.0,2238.7211385683513,11.295507335380117,45.29715803832759
100.0,2238.7211385683513,11.29693037477682,45.2974904096229
-100.0,2511.8864315095925,11.808808362472043,45.197683455036525
-99.0,2511.8864315095925,11.807320843387615,45.19737665076393
-98.0,2511.8864315095925,11.805697028379907,45.19703292435695
-97.0,2511.8864315095925,11.803926361379474,45.19664835310402
-96.0,2511.8864315095925,11.80199767039251,45.19621866608186
-95.0,2511.8864315095925,11.799899151557645,45.1957392217313
-94.0,2511.8864315095925,11.79761835487217,45.1952049850039
-93.0,2511.8864315095925,11.79514217184316,45.1946105042063
-92.0,2511.8864315095925,11.79245682533043,45.19394988768837
-91.0,2511.8864315095925,11.789547861858718,45.19321678054054
-90.0,2511.8864315095925,11.786400146685464,45.19240434148701
-89.0,2511.8864315095925,11.782997861918249,45.191505220182
-88.0,2511.8864315095925,11.77932450798186,45.190511535138086
-87.0,2511.8864315095925,11.775362908738897,45.18941485253733
-86.0,2511.8864315095925,11.771095220569727,45.18820616619754
-85.0,2511.8864315095925,11.766502945717074,45.18687587898727
-84.0,2511.8864315095925,11.761566950197505,45.1854137860041
-83.0,2511.8864315095925,11.756267486576194,45.183809059850375
-82.0,2511.8864315095925,11.750584221892616,45.1820502383593
-81.0,2511.8864315095925,11.744496271012846,45.180125215141025
-80.0,2511.8864315095925,11.737982235668948,45.17802123333352
-79.0,2511.8864315095925,11.73102024942721,45.17572488295541
-78.0,2511.8864315095925,11.723588028804762,45.17322210226764
-77.0,2511.8864315095925,11.715662930728156,45.17049818355738
-76.0,2511.8864315095925,11.70722201649785,45.16753778376037
-75.0,2511.8864315095925,11.698242122389102,45.164324940336606
-74.0,2511.8864315095925,11.688699936982596,45.16084309280852
-73.0,2511.8864315095925,11.678572085277178,45.157075110360346
-72.0,2511.8864315095925,11.6678352195926,45.15300332588121
-71.0,2511.8864315095925,11.656466117222045,45.14860957681332
-70.0,2511.8864315095925,11.644441784742812,45.14387525313924
-69.0,2511.8864315095925,11.631739568839071,45.13878135280876
-68.0,2511.8864315095925,11.618337273433198,45.13330854486622
-67.0,2511.8864315095925,11.60421328286228,45.12743724049296
-66.0,2511.8864315095925,11.58934669077439,45.121147672126995
-65.0,2511.8864315095925,11.573717434355343,45.11441998076268
-64.0,2511.8864315095925,11.557306433431613,45.107234311468034
-63.0,2511.8864315095925,11.540095733929189,45.09957091708532
-62.0,2511.8864315095925,11.522068655102027,45.091410270003564
-61.0,2511.8864315095925,11.503209939878094,45.082733181808194
-60.0,2511.8864315095925,11.48350590760617,45.07352093052576
-59.0,2511.8864315095925,11.46294460842354,45.06375539508897
-58.0,2511.8864315095925,11.441515978403915,45.05341919655201
-57.0,2511.8864315095925,11.419211994587236,45.042495845487316
-56.0,2511.8864315095925,11.396026828938973,45.030969894894746
-55.0,2511.8864315095925,11.371957000237106,45.0188270978529
-54.0,2511.8864315095925,11.34700152284063,45.00605456904159
-53.0,2511.8864315095925,11.321162051255028,44.992640949164965
-52.0,2511.8864315095925,11.294443019378399,44.97857657120841
-51.0,2511.8864315095925,11.266851773287302,44.96385362736981
-50.0,2511.8864315095925,11.238398696404873,44.94846633541868
-49.0,2511.8864315095925,11.209097325885448,44.93241110315675
-48.0,2511.8864315095925,11.178964459050892,44.91568668958145
-47.0,2511.8864315095925,11.148020248724066,44.89829436129164
-46.0,2511.8864315095925,11.116288286325087,44.880238042623766
-45.0,2511.8864315095925,11.083795671626367,44.86152445796742
-44.0,2511.8864315095925,11.0505730681032,44.84216326468413
-43.0,2511.8864315095925,11.016654742867996,44.82216717504235
-42.0,2511.8864315095925,10.982078590238158,44.80155206558641
-41.0,2511.8864315095925,10.946886138059957,44.78033707237887
-40.0,2511.8864315095925,10.911122535993588,44.75854467059427
-39.0,2511.8864315095925,10.874836525057287,44.73620073699864
-38.0,2511.8864315095925,10.83808038783085,44.71333459392401
-37.0,2511.8864315095925,10.80090987883037,44.68997903343959
-36.0,2511.8864315095925,10.763384134686032,44.666170320532466
-35.0,2511.8864315095925,10.72556556388257,44.64194817423913
-34.0,2511.8864315095925,10.687519715956508,44.6173557258151
-33.0,2511.8864315095925,10.649315130184934,44.59243945319194
-32.0,2511.8864315095925,10.61102316394596,44.56724909114834
-31.0,2511.8864315095925,10.57271780108009,44.5418375168133
-30.0,2511.8864315095925,10.534475440733512,44.51626061032289
-29.0,2511.8864315095925,10.496374667317186,44.490577090666186
-28.0,2511.8864315095925,10.458496002368374,44.4648483269787
-27.0,2511.8864315095925,10.420921639252725,44.43913812577032
-26.0,2511.8864315095925,10.383735161793352,44.41351249480779
-25.0,2511.8864315095925,10.34702124805754,44.388039384605925
-24.0,2511.8864315095925,10.310865360670139,44.36278840871476
-23.0,2511.8864315095925,10.275353425153893,44.33783054421911
-22.0,2511.8864315095925,10.240571497919559,44.31323781408926
-21.0,2511.8864315095925,10.206605425638777,44.289082953234825
-20.0,2511.8864315095925,10.173540497801968,44.265439060314314
-19.5,2511.8864315095925,10.157372376965808,44.253831581188656
-19.0,2511.8864315095925,10.141461094015948,44.24237923753956
-18.5,2511.8864315095925,10.12581699536414,44.23109110702183
-18.0,2511.8864315095925,10.11045032464453,44.219976220882266
-17.5,2511.8864315095925,10.095371208857756,44.20904355205988
-17.0,2511.8864315095925,10.080589639906853,44.198302003239355
-16.5,2511.8864315095925,10.066115444397504,44.187760394879724
-16.0,2511.8864315095925,10.05195822470913,44.17742745324055
-15.5,2511.8864315095925,10.038127232482942,44.16731179842814
-15.0,2511.8864315095925,10.024631089398865,44.15742193248459
-14.5,2511.8864315095925,10.011477176735358,44.147766227542405
-14.0,2511.8864315095925,9.998670336091772,44.138352914067816
-13.5,2511.8864315095925,9.986210198299098,44.12919006921566
-13.0,2511.8864315095925,9.974085900824129,44.12028560531881
-12.5,2511.8864315095925,9.96226606346313,44.111647258535136
-12.0,2511.8864315095925,9.95068057655021,44.10328257767453
-11.5,2511.8864315095925,9.939188998247706,44.095198913228685
-11.0,2511.8864315095925,9.927528322992556,44.087403406625896
-10.5,2511.8864315095925,9.91523106764235,44.07990297973266
-10.0,2511.8864315095925,9.901504004014011,44.07270432462383
-9.5,2511.8864315095925,9.885059981658,44.065813893642414
-9.0,2511.8864315095925,9.863902089498032,44.05923788976956
-8.5,2511.8864315095925,9.835072786198536,44.052982257324985
-8.0,2511.8864315095925,9.79440146892969,44.04705267301721
-7.5,2511.8864315095925,9.736310832119344,44.0414545373626
-7.0,2511.8864315095925,9.653770290366301,44.03619296649116
-6.5,2511.8864315095925,9.538504512731524,44.03127278435674
-6.0,2511.8864315095925,9.3815642759893,44.026698515368
-5.5,2511.8864315095925,9.174332726662966,44.02247437745603
-5.0,2511.8864315095925,8.909965027719453,44.01860427559351
-4.5,2511.8864315095925,8.585146496788107,44.01509179577921
-4.0,2511.8864315095925,8.201922407323373,44.011940199501
-3.5,2511.8864315095925,7.769235807805858,44.009152418689084
-3.0,2511.8864315095925,7.303751156018412,44.0067310511707
-2.5,2511.8864315095925,6.829580332473739,44.00467835663586
-2.0,2511.8864315095925,6.376682473643783,44.00299625312305
-1.5,2511.8864315095925,5.9779652023359215,44.00168631403255
-1.0,2511.8864315095925,5.665419952491432,44.000749765673824
-0.5,2511.8864315095925,5.4658984811526565,44.00018748535233
0.0,2511.8864315095925,5.397297007265168,44.0
0.5,2511.8864315095925,5.4658984811526565,44.00018748535233
1.0,2511.8864315095925,5.665419952491432,44.000749765673824
1.5,2511.8864315095925,5.9779652023359215,44.00168631403255
2.0,2511.8864315095925,6.376682473643783,44.00299625312305
2.5,2511.8864315095925,6.829580332473739,44.00467835663586
3.0,2511.8864315095925,7.303751156018412,44.0067310511707
3.5,2511.8864315095925,7.769235807805858,44.009152418689084
4.0,2511.8864315095925,8.201922407323373,44.011940199501
4.5,2511.8864315095925,8.585146496788107,44.01509179577921
5.0,2511.8864315095925,8.909965027719453,44.01860427559351
5.5,2511.8864315095925,9.174332726662966,44.02247437745603
6.0,2511.8864315095925,9.3815642759893,44.026698515368
6.5,2511.8864315095925,9.538504512731524,44.03127278435674
7.0,2511.8864315095925,9.653770290366301,44.03619296649116
7.5,2511.8864315095925,9.736310832119344,44.0414545373626
8.0,2511.8864315095925,9.79440146892969,44.04705267301721
8.5,2511.8864315095925,9.835072786198536,44.052982257324985
9.0,2511.8864315095925,9.863902089498032,44.05923788976956
9.5,2511.8864315095925,9.885059981658,44.065813893642414
10.0,2511.8864315095925,9.901504004014011,44.07270432462383
10.5,2511.8864315095925,9.91523106764235,44.07990297973266
11.0,2511.8864315095925,9.927528322992556,44.087403406625896
11.5,2511.8864315095925,9.939188998247706,44.095198913228685
12.0,2511.8864315095925,9.95068057655021,44.10328257767453
12.5,2511.8864315095925,9.96226606346313,44.111647258535136
13.0,2511.8864315095925,9.974085900824129,44.12028560531881
13.5,2511.8864315095925,9.986210198299098,44.12919006921566
14.0,2511.8864315095925,9.998670336091772,44.138352914067816
14.5,2511.8864315095925,10.011477176735358,44.147766227542405
15.0,2511.8864315095925,10.024631089398865,44.15742193248459
15.5,2511.8864315095925,10.038127232482942,44.16731179842814
16.0,2511.8864315095925,10.05195822470913,44.17742745324055
16.5,2511.8864315095925,10.066115444397504,44.187760394879724
17.0,2511.8864315095925,10.080589639906853,44.198302003239355
17.5,2511.8864315095925,10.095371208857756,44.20904355205988
18.0,2511.8864315095925,10.11045032464453,44.219976220882266
18.5,2511.8864315095925,10.12581699536414,44.23109110702183
19.0,2511.8864315095925,10.141461094015948,44.24237923753956
19.5,2511.8864315095925,10.157372376965808,44.253831581188656
20.0,2511.8864315095925,10.173540497801968,44.265439060314314
21.0,2511.8864315095925,10.206605425638777,44.289082953234825
22.0,2511.8864315095925,10.240571497919559,44.31323781408926
23.0,2511.8864315095925,10.275353425153893,44.33783054421911
24.0,2511.8864315095925,10.310865360670139,44.36278840871476
25.0,2511.8864315095925,10.34702124805754,44.388039384605925
26.0,2511.8864315095925,10.383735161793352,44.41351249480779
27.0,2511.8864315095925,10.420921639252725,44.43913812577032
28.0,2511.8864315095925,10.458496002368374,44.4648483269787
29.0,2511.8864315095925,10.496374667317186,44.490577090666186
30.0,2511.8864315095925,10.534475440733512,44.51626061032289
31.0,2511.8864315095925,10.57271780108009,44.5418375168133
32.0,2511.8864315095925,10.61102316394596,44.56724909114834
33.0,2511.8864315095925,10.649315130184934,44.59243945319194
34.0,2511.8864315095925,10.687519715956508,44.6173557258151
35.0,2511.8864315095925,10.72556556388257,44.64194817423913
36.0,2511.8864315095925,10.763384134686032,44.666170320532466
37.0,2511.8864315095925,10.80090987883037,44.68997903343959
38.0,2511.8864315095925,10.83808038783085,44.71333459392401
39.0,2511.8864315095925,10.874836525057287,44.73620073699864
40.0,2511.8864315095925,10.911122535993588,44.75854467059427
41.0,2511.8864315095925,10.946886138059957,44.78033707237887
42.0,2511.8864315095925,10.982078590238158,44.80155206558641
43.0,2511.8864315095925,11.016654742867996,44.82216717504235
44.0,2511.8864315095925,11.0505730681032,44.84216326468413
45.0,2511.8864315095925,11.083795671626367,44.86152445796742
46.0,2511.8864315095925,11.116288286325087,44.880238042623766
47.0,2511.8864315095925,11.148020248724066,44.89829436129164
48.0,2511.8864315095925,11.178964459050892,44.91568668958145
49.0,2511.8864315095925,11.209097325885448,44.93241110315675
50.0,2511.8864315095925,11.238398696404873,44.94846633541868
51.0,2511.8864315095925,11.266851773287302,44.96385362736981
52.0,2511.8864315095925,11.294443019378399,44.97857657120841
53.0,2511.8864315095925,11.321162051255028,44.992640949164965
54.0,2511.8864315095925,11.34700152284063,45.00605456904159
55.0,2511.8864315095925,11.371957000237106,45.0188270978529
56.0,2511.8864315095925,11.396026828938973,45.030969894894746
57.0,2511.8864315095925,11.419211994587236,45.042495845487316
58.0,2511.8864315095925,11.441515978403915,45.05341919655201
59.0,2511.8864315095925,11.46294460842354,45.06375539508897
60.0,2511.8864315095925,11.48350590760617,45.07352093052576
61.0,2511.8864315095925,11.503209939878094,45.082733181808194
62.0,2511.8864315095925,11.522068655102027,45.091410270003564
63.0,2511.8864315095925,11.540095733929189,45.09957091708532
64.0,2511.8864315095925,11.557306433431613,45.107234311468034
65.0,2511.8864315095925,11.573717434355343,45.11441998076268
66.0,2511.8864315095925,11.58934669077439,45.121147672126995
67.0,2511.8864315095925,11.60421328286228,45.12743724049296
68.0,2511.8864315095925,11.618337273433198,45.13330854486622
69.0,2511.8864315095925,11.631739568839071,45.13878135280876
70.0,2511.8864315095925,11.644441784742812,45.14387525313924
71.0,2511.8864315095925,11.656466117222045,45.14860957681332
72.0,2511.8864315095925,11.6678352195926,45.15300332588121
73.0,2511.8864315095925,11.678572085277178,45.157075110360346
74.0,2511.8864315095925,11.688699936982596,45.16084309280852
75.0,2511.8864315095925,11.698242122389102,45.164324940336606
76.0,2511.8864315095925,11.70722201649785,45.16753778376037
77.0,2511.8864315095925,11.715662930728156,45.17049818355738
78.0,2511.8864315095925,11.723588028804762,45.17322210226764
79.0,2511.8864315095925,11.73102024942721,45.17572488295541
80.0,2511.8864315095925,11.737982235668948,45.17802123333352
81.0,2511.8864315095925,11.744496271012846,45.180125215141025
82.0,2511.8864315095925,11.750584221892616,45.1820502383593
83.0,2511.8864315095925,11.756267486576194,45.183809059850375
84.0,2511.8864315095925,11.761566950197505,45.1854137860041
85.0,2511.8864315095925,11.766502945717074,45.18687587898727
86.0,2511.8864315095925,11.771095220569727,45.18820616619754
87.0,2511.8864315095925,11.775362908738897,45.18941485253733
88.0,2511.8864315095925,11.77932450798186,45.190511535138086
89.0,2511.8864315095925,11.782997861918249,45.191505220182
90.0,2511.8864315095925,11.786400146685464,45.19240434148701
91.0,2511.8864315095925,11.789547861858718,45.19321678054054
92.0,2511.8864315095925,11.79245682533043,45.19394988768837
93.0,2511.8864315095925,11.79514217184316,45.1946105042063
94.0,2511.8864315095925,11.79761835487217,45.1952049850039
95.0,2511.8864315095925,11.799899151557645,45.1957392217313
96.0,2511.8864315095925,11.80199767039251,45.19621866608186
97.0,2511.8864315095925,11.803926361379474,45.19664835310402
98.0,2511.8864315095925,11.805697028379907,45.19703292435695
99.0,2511.8864315095925,11.807320843387615,45.19737665076393
100.0,2511.8864315095925,11.808808362472043,45.197683455036525
-100.0,2818.3829312644666,12.333644982784781,45.09787650045015
-99.0,2818.3829312644666,12.33209135165374,45.09759526320027
-98.0,2818.3829312644666,12.330395366994827,45.09728018066053
-97.0,2818.3829312644666,12.328546003579339,45.09692765701202
-96.0,2818.3829312644666,12.326531592879753,45.09653377724171
-95.0,2818.3829312644666,12.32433980641795,45.09609428658703
-94.0,2818.3829312644666,12.321957640857033,45.095604569586904
-93.0,2818.3829312644666,12.319371405103618,45.09505962885578
-92.0,2818.3829312644666,12.316566709699378,45.09445406371434
-91.0,2818.3829312644666,12.313528458791524,45.09378204882883
-90.0,2818.3829312644666,12.310240844981378,45.09303731302976
-89.0,2818.3829312644666,12.306687347358151,45.09221311850017
-88.0,2818.3829312644666,12.302850733031214,45.09130224054324
-87.0,2818.3829312644666,12.298713062478267,45.09029694815922
-86.0,2818.3829312644666,12.294255699028874,45.089188985681076
-85.0,2818.3829312644666,12.289459322802125,45.08796955573833
-84.0,2818.3829312644666,12.2843039494142,45.08662930383709
-83.0,2818.3829312644666,12.278768953765347,45.085158304862844
-82.0,2818.3829312644666,12.27283309920671,45.08354605182936
-81.0,2818.3829312644666,12.266474572374964,45.081781447212606
-80.0,2818.3829312644666,12.259671023966789,45.07985279722239
-79.0,2818.3829312644666,12.25239961570569,45.077747809375786
-78.0,2818.3829312644666,12.24463707373047,45.07545359374533
-77.0,2818.3829312644666,12.236359748607535,45.07295666826093
-76.0,2818.3829312644666,12.22754368213824,45.07024296844701
-75.0,2818.3829312644666,12.218164681097605,45.06729786197522
-74.0,2818.3829312644666,12.208198398001862,45.06410616840781
-73.0,2818.3829312644666,12.197620418959549,45.06065218449699
-72.0,2818.3829312644666,12.18640635861437,45.05691971539111
-71.0,2818.3829312644666,12.17453196213784,45.05289211207888
-70.0,2818.3829312644666,12.161973214176008,45.04855231537764
-69.0,2818.3829312644666,12.148706454597686,45.043882906741366
-68.0,2818.3829312644666,12.1347085008316,45.03886616612736
-67.0,2818.3829312644666,12.119956776517443,45.03348413711854
-66.0,2818.3829312644666,12.104429446130862,45.02771869944974
-65.0,2818.3829312644666,12.088105555175867,45.02155164903246
-64.0,2818.3829312644666,12.070965175470098,45.01496478551237
-63.0,2818.3829312644666,12.052989554979645,45.007940007328216
-62.0,2818.3829312644666,12.034161271590992,45.00045941416993
-61.0,2818.3829312644666,12.014464390139125,44.99250541665751
-60.0,2818.3829312644666,11.993884621943076,44.98406085298195
-59.0,2818.3829312644666,11.972409486034419,44.97510911216489
-58.0,2818.3829312644666,11.95002847120066,44.965634263506004
-57.0,2818.3829312644666,11.92673319790527,44.95562119169671
-56.0,2818.3829312644666,11.902517579089615,44.945055736986845
-55.0,2818.3829312644666,11.877377978810497,44.93392483969849
-54.0,2818.3829312644666,11.85131336762058,44.922216688288124
-53.0,2818.3829312644666,11.824325473559028,44.90992087006788
-52.0,2818.3829312644666,11.796418927586334,44.89702852360771
-51.0,2818.3829312644666,11.767601402271781,44.88353249175566
-50.0,2818.3829312644666,11.737883742524588,44.869427474133786
-49.0,2818.3829312644666,11.707280087151188,44.85471017789369
-48.0,2818.3829312644666,11.67580798002207,44.83937946544966
-47.0,2818.3829312644666,11.643488469642294,44.82343649785067
-46.0,2818.3829312644666,11.610346195940924,44.80688487240512
-45.0,2818.3829312644666,11.57640946312629,44.7897307531368
-44.0,2818.3829312644666,11.541710297496609,44.77198299262712
-43.0,2818.3829312644666,11.506284489149081,44.75365324378882
-42.0,2818.3829312644666,11.470171616595215,44.73475606012087
-41.0,2818.3829312644666,11.433415053365772,44.71530898301396
-40.0,2818.3829312644666,11.396061955775165,44.69533261471141
-39.0,2818.3829312644666,11.35816323111197,44.674850675582086
-38.0,2818.3829312644666,11.319773485629261,44.65389004443035
-37.0,2818.3829312644666,11.280950951824895,44.63248078065296
-36.0,2818.3829312644666,11.241757394627209,44.61065612715476
-35.0,2818.3829312644666,11.202257996235028,44.588452493052536
-34.0,2818.3829312644666,11.162521219501455,44.56590941533051
-33.0,2818.3829312644666,11.122618649897703,44.54306949875928
-32.0,2818.3829312644666,11.08262481624509,44.51997833355264
-31.0,2818.3829312644666,11.042616990559154,44.49668439041219
-30.0,2818.3829312644666,11.00267496750818,44.47323889279598
-29.0,2818.3829312644666,10.962880824148218,44.44969566644401
-28.0,2818.3829312644666,10.923318660756255,44.42611096639714
-27.0,2818.3829312644666,10.884074323741235,44.40254328195613
-26.0,2818.3829312644666,10.845235111767757,44.37905312024047
-25.0,2818.3829312644666,10.806889466377735,44.3557027692221
-24.0,2818.3829312644666,10.769126648539913,44.332556041321865
-23.0,2818.3829312644666,10.732036402694208,44.309677998867514
-22.0,2818.3829312644666,10.695708609985788,44.28713466291516
-21.0,2818.3829312644666,10.660232932498964,44.26499270713192
-20.0,2818.3829312644666,10.625698450373179,44.24331913862145
-19.5,2818.3829312644666,10.608811745439795,44.23267894942293
-19.0,2818.3829312644666,10.592193293424952,44.2221809677446
-18.5,2818.3829312644666,10.575853900581533,44.211833514770014
-18.0,2818.3829312644666,10.559804265816918,44.20164486914208
-17.5,2818.3829312644666,10.544054966221253,44.19162325605489
-17.0,2818.3829312644666,10.528616437782738,44.18177683630274
-16.5,2818.3829312644666,10.513498943845665,44.172113695306415
-16.0,2818.3829312644666,10.498712513562436,44.16264183213717
-15.5,2818.3829312644666,10.484266809758862,44.15336914855913
-15.0,2818.3829312644666,10.470170837301144,44.144303438110875
-14.5,2818.3829312644666,10.456432305524997,44.135452375247205
-14.0,2818.3829312644666,10.443056271212248,44.12682350456217
-13.5,2818.3829312644666,10.430042348786356,44.11842423011436
-13.0,2818.3829312644666,10.417379192934225,44.11026180487558
-12.5,2818.3829312644666,10.405034028774553,44.102343320323875
-12.0,2818.3829312644666,10.392933630652186,44.09467569620165
-11.5,2818.3829312644666,10.380931314861765,44.08726567045963
-11.0,2818.3829312644666,10.368752386688657,44.08011978940707
-10.5,2818.3829312644666,10.35590858593446,44.07324439808826
-10.0,2818.3829312644666,10.341571429783626,44.06664563090518
-9.5,2818.3829312644666,10.324396561024423,44.060329402505545
-9.0,2818.3829312644666,10.302298316859973,44.05430139895543
-8.5,2818.3829312644666,10.27218770949954,44.04856706921457
-8.0,2818.3829312644666,10.229708775742745,44.04313161693244
-7.5,2818.3829312644666,10.169036329442438,44.03799999258238
-7.0,2818.3829312644666,10.082827314322504,44.033176885950226
-6.5,2818.3829312644666,9.962438606472025,44.02866671899368
-6.0,2818.3829312644666,9.798523238885554,44.02447363908733
-5.5,2818.3829312644666,9.582081386315053,44.02060151266803
-5.0,2818.3829312644666,9.305963996346467,44.01705391929405
-4.5,2818.3829312644666,8.966709067198114,44.01383414613095
-4.0,2818.3829312644666,8.566452773486905,44.010945182875915
-3.5,2818.3829312644666,8.1145356330397,44.008389717131664
-3.0,2818.3829312644666,7.62836274718556,44.00617013023981
-2.5,2818.3829312644666,7.133117636986275,44.00428849358287
-2.0,2818.3829312644666,6.660090957848711,44.00274656536279
-1.5,2818.3829312644666,6.243652895525342,44.00154578786317
-1.0,2818.3829312644666,5.917216727343616,44.000687285201
-0.5,2818.3829312644666,5.708827623345981,44.000171861572966
0.0,2818.3829312644666,5.6371771910370825,44.0
0.5,2818.3829312644666,5.708827623345981,44.000171861572966
1.0,2818.3829312644666,5.917216727343616,44.000687285201
1.5,2818.3829312644666,6.243652895525342,44.00154578786317
2.0,2818.3829312644666,6.660090957848711,44.00274656536279
2.5,2818.3829312644666,7.133117636986275,44.00428849358287
3.0,2818.3829312644666,7.62836274718556,44.00617013023981
3.5,2818.3829312644666,8.1145356330397,44.008389717131664
4.0,2818.3829312644666,8.566452773486905,44.010945182875915
4.5,2818.3829312644666,8.966709067198114,44.01383414613095
5.0,2818.3829312644666,9.305963996346467,44.01705391929405
5.5,2818.3829312644666,9.582081386315053,44.02060151266803
6.0,2818.3829312644666,9.798523238885554,44.02447363908733
6.5,2818.3829312644666,9.962438606472025,44.02866671899368
7.0,2818.3829312644666,10.082827314322504,44.033176885950226
7.5,2818.3829312644666,10.169036329442438,44.03799999258238
8.0,2818.3829312644666,10.229708775742745,44.04313161693244
8.5,2818.3829312644666,10.27218770949954,44.04856706921457
9.0,2818.3829312644666,10.302298316859973,44.05430139895543
9.5,2818.3829312644666,10.324396561024423,44.060329402505545
10.0,2818.3829312644666,10.341571429783626,44.06664563090518
10.5,2818.3829312644666,10.35590858593446,44.07324439808826
11.0,2818.3829312644666,10.368752386688657,44.08011978940707
11.5,2818.3829312644666,10.380931314861765,44.08726567045963
12.0,2818.3829312644666,10.392933630652186,44.09467569620165
12.5,2818.3829312644666,10.405034028774553,44.102343320323875
13.0,2818.3829312644666,10.417379192934225,44.11026180487558
13.5,2818.3829312644666,10.430042348786356,44.11842423011436
14.0,2818.3829312644666,10.443056271212248,44.12682350456217
14.5,2818.3829312644666,10.456432305524997,44.135452375247205
15.0,2818.3829312644666,10.470170837301144,44.144303438110875
15.5,2818.3829312644666,10.484266809758862,44.15336914855913
16.0,2818.3829312644666,10.498712513562436,44.16264183213717
16.5,2818.3829312644666,10.513498943845665,44.172113695306415
17.0,2818.3829312644666,10.528616437782738,44.18177683630274
17.5,2818.3829312644666,10.544054966221253,44.19162325605489
18.0,2818.3829312644666,10.559804265816918,44.20164486914208
18.5,2818.3829312644666,10.575853900581533,44.211833514770014
19.0,2818.3829312644666,10.592193293424952,44.2221809677446
19.5,2818.3829312644666,10.608811745439795,44.23267894942293
20.0,2818.3829312644666,10.625698450373179,44.24331913862145
21.0,2818.3829312644666,10.660232932498964,44.26499270713192
22.0,2818.3829312644666,10.695708609985788,44.28713466291516
23.0,2818.3829312644666,10.732036402694208,44.309677998867514
24.0,2818.3829312644666,10.769126648539913,44.332556041321865
25.0,2818.3829312644666,10.806889466377735,44.3557027692221
26.0,2818.3829312644666,10.845235111767757,44.37905312024047
27.0,2818.3829312644666,10.884074323741235,44.40254328195613
28.0,2818.3829312644666,10.923318660756255,44.42611096639714
29.0,2818.3829312644666,10.962880824148218,44.44969566644401
30.0,2818.3829312644666,11.00267496750818,44.47323889279598
31.0,2818.3829312644666,11.042616990559154,44.49668439041219
32.0,2818.3829312644666,11.08262481624509,44.51997833355264
33.0,2818.3829312644666,11.122618649897703,44.54306949875928
34.0,2818.3829312644666,11.162521219501455,44.56590941533051
35.0,2818.3829312644666,11.202257996235028,44.588452493052536
36.0,2818.3829312644666,11.241757394627209,44.61065612715476
37.0,2818.3829312644666,11.280950951824895,44.63248078065296
38.0,2818.3829312644666,11.319773485629261,44.65389004443035
39.0,2818.3829312644666,11.35816323111197,44.674850675582086
40.0,2818.3829312644666,11.396061955775165,44.69533261471141
41.0,2818.3829312644666,11.433415053365772,44.71530898301396
42.0,2818.3829312644666,11.470171616595215,44.73475606012087
43.0,2818.3829312644666,11.506284489149081,44.75365324378882
44.0,2818.3829312644666,11.541710297496609,44.77198299262712
45.0,2818.3829312644666,11.57640946312629,44.7897307531368
46.0,2818.3829312644666,11.610346195940924,44.80688487240512
47.0,2818.3829312644666,11.643488469642294,44.82343649785067
48.0,2818.3829312644666,11.67580798002207,44.83937946544966
49.0,2818.3829312644666,11.707280087151188,44.85471017789369
50.0,2818.3829312644666,11.737883742524588,44.869427474133786
51.0,2818.3829312644666,11.767601402271781,44.88353249175566
52.0,2818.3829312644666,11.796418927586334,44.89702852360771
53.0,2818.3829312644666,11.824325473559028,44.90992087006788
54.0,2818.3829312644666,11.85131336762058,44.922216688288124
55.0,2818.3829312644666,11.877377978810497,44.93392483969849
56.0,2818.3829312644666,11.902517579089615,44.945055736986845
57.0,2818.3829312644666,11.92673319790527,44.95562119169671
58.0,2818.3829312644666,11.95002847120066,44.965634263506004
59.0,2818.3829312644666,11.972409486034419,44.97510911216489
60.0,2818.3829312644666,11.993884621943076,44.98406085298195
61.0,2818.3829312644666,12.014464390139125,44.99250541665751
62.0,2818.3829312644666,12.034161271590992,45.00045941416993
63.0,2818.3829312644666,12.052989554979645,45.007940007328216
64.0,2818.3829312644666,12.070965175470098,45.01496478551237
65.0,2818.3829312644666,12.088105555175867,45.02155164903246
66.0,2818.3829312644666,12.104429446130862,45.02771869944974
67.0,2818.3829312644666,12.119956776517443,45.03348413711854
68.0,2818.3829312644666,12.1347085008316,45.03886616612736
69.0,2818.3829312644666,12.148706454597686,45.043882906741366
70.0,2818.3829312644666,12.161973214176008,45.04855231537764
71.0,2818.3829312644666,12.17453196213784,45.05289211207888
72.0,2818.3829312644666,12.18640635861437,45.05691971539111
73.0,2818.3829312644666,12.197620418959549,45.06065218449699
74.0,2818.3829312644666,12.208198398001862,45.06410616840781
75.0,2818.3829312644666,12.218164681097605,45.06729786197522
76.0,2818.3829312644666,12.22754368213824,45.07024296844701
77.0,2818.3829312644666,12.236359748607535,45.07295666826093
78.0,2818.3829312644666,12.24463707373047,45.07545359374533
79.0,2818.3829312644666,12.25239961570569,45.077747809375786
80.0,2818.3829312644666,12.259671023966789,45.07985279722239
81.0,2818.3829312644666,12.266474572374964,45.081781447212606
82.0,2818.3829312644666,12.27283309920671,45.08354605182936
83.0,2818.3829312644666,12.278768953765347,45.085158304862844
84.0,2818.3829312644666,12.2843039494142,45.08662930383709
85.0,2818.3829312644666,12.289459322802125,45.08796955573833
86.0,2818.3829312644666,12.294255699028874,45.089188985681076
87.0,2818.3829312644666,12.298713062478267,45.09029694815922
88.0,2818.3829312644666,12.302850733031214,45.09130224054324
89.0,2818.3829312644666,12.306687347358151,45.09221311850017
90.0,2818.3829312644666,12.310240844981378,45.09303731302976
91.0,2818.3829312644666,12.313528458791524,45.09378204882883
92.0,2818.3829312644666,12.316566709699378,45.09445406371434
93.0,2818.3829312644666,12.319371405103618,45.09505962885578
94.0,2818.3829312644666,12.321957640857033,45.095604569586904
95.0,2818.3829312644666,12.32433980641795,45.09609428658703
96.0,2818.3829312644666,12.326531592879753,45.09653377724171
97.0,2818.3829312644666,12.328546003579339,45.09692765701202
98.0,2818.3829312644666,12.330395366994827,45.09728018066053
99.0,2818.3829312644666,12.33209135165374,45.09759526320027
100.0,2818.3829312644666,12.333644982784781,45.09787650045015
-100.0,3162.2776601683954,12.871493788651392,44.99806954586377
-99.0,3162.2776601683954,12.869872406368946,44.99781387563661
-98.0,3162.2776601683954,12.868102462768876,44.99752743696412
-97.0,3162.2776601683954,12.866172451831424,44.99720696092001
-96.0,3162.2776601683954,12.864070196184882,44.99684888840155
-95.0,3162.2776601683954,12.86178282972764,44.996449351442756
-94.0,3162.2776601683954,12.859296782069896,44.99600415416991
-93.0,3162.2776601683954,12.8565977650735,44.99550875350525
-92.0,3162.2776601683954,12.853670761780872,44.994958239740306
-91.0,3162.2776601683954,12.850500018035335,44.99434731711711
-90.0,3162.2776601683954,12.847069037105054,44.99367028457251
-89.0,3162.2776601683954,12.843360577631056,44.992921016818336
-88.0,3162.2776601683954,12.83935665522632,44.9920929459484
-87.0,3162.2776601683954,12.835038548057186,44.99117904378111
-86.0,3162.2776601683954,12.830386806740428,44.990171805164614
-85.0,3162.2776601683954,12.825381268888739,44.98906323248939
-84.0,3162.2776601683954,12.820001078634077,44.98784482167008
-83.0,3162.2776601683954,12.814224711451962,44.98650754987531
-82.0,3162.2776601683954,12.808030004600216,44.985041865299415
-81.0,3162.2776601683954,12.801394193472685,44.98343767928419
-80.0,3162.2776601683954,12.794293954151799,44.98168436111126
-79.0,3162.2776601683954,12.786705452423547,44.97977073579617
-78.0,3162.2776601683954,12.77860439949413,44.97768508522303
-77.0,3162.2776601683954,12.769966114619285,44.97541515296448
-76.0,3162.2776601683954,12.760765594824994,44.97294815313364
-75.0,3162.2776601683954,12.750977591861815,44.970270783613834
-74.0,3162.2776601683954,12.740576696494562,44.9673692440071
-73.0,3162.2776601683954,12.729537430184427,44.96422925863362
-72.0,3162.2776601683954,12.717834344172141,44.960836104901006
-71.0,3162.2776601683954,12.705442125918335,44.95717464734444
-70.0,3162.2776601683954,12.69233571280124,44.95322937761604
-69.0,3162.2776601683954,12.678490412912499,44.94898446067397
-68.0,3162.2776601683954,12.66388203272923,44.944423787388516
-67.0,3162.2776601683954,12.648487011375314,44.93953103374413
-66.0,3162.2776601683954,12.632282561117165,44.93428972677249
-65.0,3162.2776601683954,12.615246813669666,44.92868331730224
-64.0,3162.2776601683954,12.597358971817085,44.9226952595567
-63.0,3162.2776601683954,12.578599465781927,44.9163090975711
-62.0,3162.2776601683954,12.558950113702615,44.9095085583363
-61.0,3162.2776601683954,12.538394285509296,44.90227765150683
-60.0,3162.2776601683954,12.51691706941648,44.89460077543813
-59.0,3162.2776601683954,12.494505440182417,44.886462829240806
-58.0,3162.2776601683954,12.471148428218921,44.87784933046001
-57.0,3162.2776601683954,12.446837288572443,44.8687465379061
-56.0,3162.2776601683954,12.421565668738314,44.85914157907895
-55.0,3162.2776601683954,12.395329774216174,44.849022581544084
-54.0,3162.2776601683954,12.368128530666285,44.83837880753466
-53.0,3162.2776601683954,12.339963741484585,44.8272007909708
-52.0,3162.2776601683954,12.310840239579704,44.81548047600701
-51.0,3162.2776601683954,12.28076603210833,44.8032113561415
-50.0,3162.2776601683954,12.249752436907304,44.7903886128489
-49.0,3162.2776601683954,12.217814209351818,44.77700925263063
-48.0,3162.2776601683954,12.184969658370042,44.76307224131787
-47.0,3162.2776601683954,12.151240750355727,44.748578634409704
-46.0,3162.2776601683954,12.116653199742393,44.733531702186475
-45.0,3162.2776601683954,12.081236545035663,44.71793704830618
-44.0,3162.2776601683954,12.045024209144916,44.70180272057011
-43.0,3162.2776601683954,12.008053542911243,44.68513931253529
-42.0,3162.2776601683954,11.970365850796199,44.66796005465534
-41.0,3162.2776601683954,11.932006397774785,44.650280893649054
-40.0,3162.2776601683954,11.893024396566263,44.632120558828554
-39.0,3162.2776601683954,11.853472974437523,44.61350061416553
-38.0,3162.2776601683954,11.81340911892536,44.59444549493668
-37.0,3162.2776601683954,11.77289360194558,44.574982527866325
-36.0,3162.2776601683954,11.731990881887615,44.55514193377706
-35.0,3162.2776601683954,11.69076898343261,44.53495681186594
-34.0,3162.2776601683954,11.649299354979618,44.514463104845916
-33.0,3162.2776601683954,11.607656703717739,44.49369954432662
-32.0,3162.2776601683954,11.565918808540564,44.472707575956946
-31.0,3162.2776601683954,11.524166311161828,44.45153126401109
-30.0,3162.2776601683954,11.482482485956515,44.43021717526908
-29.0,3162.2776601683954,11.440952989218335,44.40881424222182
-28.0,3162.2776601683954,11.399665588691075,44.38737360581558
-27.0,3162.2776601683954,11.358709874396263,44.36594843814193
-26.0,3162.2776601683954,11.318176951941421,44.34459374567316
-25.0,3162.2776601683954,11.278159119650287,44.32336615383827
-24.0,3162.2776601683954,11.238749531007194,44.30232367392897
-23.0,3162.2776601683954,11.200041844050993,44.281525453515926
-22.0,3162.2776601683954,11.162129859487264,44.26103151174105
-21.0,3162.2776601683954,11.125107149407867,44.240902461029016
-20.0,3162.2776601683954,11.089066678582187,44.221199216928596
-19.5,3162.2776601683954,11.071443573817602,44.21152631765721
-19.0,3162.2776601683954,11.05410042001476,44.20198269794963
-18.5,3162.2776601683954,11.037048494668447,44.192575922518195
-18.0,3162.2776601683954,11.020298963246779,44.183313517401885
-17.5,3162.2776601683954,11.003862864088404,44.1742029600499
-17.0,3162.2776601683954,10.987751088276823,44.16525166936613
-16.5,3162.2776601683954,10.971974346722918,44.156466995733105
-16.0,3162.2776601683954,10.956543105932985,44.14785621103379
-15.5,3162.2776601683954,10.94146745011186,44.13942649869011
-15.0,3162.2776601683954,10.926756776812299,44.13118494373715
-14.5,3162.2776601683954,10.912419131560737,44.123138522952004
-14.0,3162.2776601683954,10.898459791656464,44.11529409505651
-13.5,3162.2776601683954,10.884878354708615,44.10765839101305
-13.0,3162.2776601683954,10.87166298065472,44.10023800443235
-12.5,3162.2776601683954,10.858779465357914,44.093039382112615
-12.0,3162.2776601683954,10.846151389919578,44.08606881472877
-11.5,3162.2776601683954,10.83362567401309,44.079332427690574
-11.0,3162.2776601683954,10.820915643965087,44.07283617218825
-10.5,3162.2776601683954,10.807511747399143,44.066585816443876
-10.0,3162.2776601683954,10.792549372805098,44.06058693718652
-9.5,3162.2776601683954,10.77462553789145,44.054844911368676
-9.0,3162.2776601683954,10.751563627734331,44.0493649081413
-8.5,3162.2776601683954,10.720139949158103,44.044151881104156
-8.0,3162.2776601683954,10.67580858298352,44.03921056084768
-7.5,3162.2776601683954,10.612490316827268,44.03454544780216
-7.0,3162.2776601683954,10.522521876500761,44.030160805409295
-6.5,3162.2776601683954,10.396883226492259,44.026060653630616
-6.0,3162.2776601683954,10.22581979482233,44.02224876280666
-5.5,3162.2776601683954,9.99993928951721,44.018728647880025
-5.0,3162.2776601683954,9.711780900421365,44.01550356299459
-4.5,3162.2776601683954,9.35773165387686,44.01257649648268
-4.0,3162.2776601683954,8.940020879360207,44.00995016625083
-3.5,3162.2776601683954,8.468396418434793,44.007627015574236
-3.0,3162.2776601683954,7.961022378626055,44.00560920930892
-2.5,3162.2776601683954,7.444180490547745,44.00389863052988
-2.0,3162.2776601683954,6.9505259406653765,44.00249687760254
-1.5,3162.2776601683954,6.5159277387522385,44.00140526169379
-1.0,3162.2776601683954,6.175256257044521,44.00062480472818
-0.5,3162.2776601683954,5.957779666671431,44.000156237793604
0.0,3162.2776601683954,5.883004683630697,44.0
0.5,3162.2776601683954,5.957779666671431,44.000156237793604
1.0,3162.2776601683954,6.175256257044521,44.00062480472818
1.5,3162.2776601683954,6.5159277387522385,44.00140526169379
2.0,3162.2776601683954,6.9505259406653765,44.00249687760254
2.5,3162.2776601683954,7.444180490547745,44.00389863052988
3.0,3162.2776601683954,7.961022378626055,44.00560920930892
3.5,3162.2776601683954,8.468396418434793,44.007627015574236
4.0,3162.2776601683954,8.940020879360207,44.00995016625083
4.5,3162.2776601683954,9.35773165387686,44.01257649648268
5.0,3162.2776601683954,9.711780900421365,44.01550356299459
5.5,3162.2776601683954,9.99993928951721,44.018728647880025
6.0,3162.2776601683954,10.22581979482233,44.02224876280666
6.5,3162.2776601683954,10.396883226492259,44.026060653630616
7.0,3162.2776601683954,10.522521876500761,44.030160805409295
7.5,3162.2776601683954,10.612490316827268,44.03454544780216
8.0,3162.2776601683954,10.67580858298352,44.03921056084768
8.5,3162.2776601683954,10.720139949158103,44.044151881104156
9.0,3162.2776601683954,10.751563627734331,44.0493649081413
9.5,3162.2776601683954,10.77462553789145,44.054844911368676
10.0,3162.2776601683954,10.792549372805098,44.06058693718652
10.5,3162.2776601683954,10.807511747399143,44.066585816443876
11.0,3162.2776601683954,10.820915643965087,44.07283617218825
11.5,3162.2776601683954,10.83362567401309,44.079332427690574
12.0,3162.2776601683954,10.846151389919578,44.08606881472877
12.5,3162.2776601683954,10.858779465357914,44.093039382112615
13.0,3162.2776601683954,10.87166298065472,44.10023800443235
13.5,3162.2776601683954,10.884878354708615,44.10765839101305
14.0,3162.2776601683954,10.898459791656464,44.11529409505651
14.5,3162.2776601683954,10.912419131560737,44.123138522952004
15.0,3162.2776601683954,10.926756776812299,44.13118494373715
15.5,3162.2776601683954,10.94146745011186,44.13942649869011
16.0,3162.2776601683954,10.956543105932985,44.14785621103379
16.5,3162.2776601683954,10.971974346722918,44.156466995733105
17.0,3162.2776601683954,10.987751088276823,44.16525166936613
17.5,3162.2776601683954,11.003862864088404,44.1742029600499
18.0,3162.2776601683954,11.020298963246779,44.183313517401885
18.5,3162.2776601683954,11.037048494668447,44.192575922518195
19.0,3162.2776601683954,11.05410042001476,44.20198269794963
19.5,3162.2776601683954,11.071443573817602,44.21152631765721
20.0,3162.2776601683954,11.089066678582187,44.221199216928596
21.0,3162.2776601683954,11.125107149407867,44.240902461029016
22.0,3162.2776601683954,11.162129859487264,44.26103151174105
23.0,3162.2776601683954,11.200041844050993,44.281525453515926
24.0,3162.2776601683954,11.238749531007194,44.30232367392897
25.0,3162.2776601683954,11.278159119650287,44.32336615383827
26.0,3162.2776601683954,11.318176951941421,44.34459374567316
27.0,3162.2776601683954,11.358709874396263,44.36594843814193
28.0,3162.2776601683954,11.399665588691075,44.38737360581558
29.0,3162.2776601683954,11.440952989218335,44.40881424222182
30.0,3162.2776601683954,11.482482485956515,44.43021717526908
31.0,3162.2776601683954,11.524166311161828,44.45153126401109
32.0,3162.2776601683954,11.565918808540564,44.472707575956946
33.0,3162.2776601683954,11.607656703717739,44.49369954432662
34.0,3162.2776601683954,11.649299354979618,44.514463104845916
35.0,3162.2776601683954,11.69076898343261,44.53495681186594
36.0,3162.2776601683954,11.731990881887615,44.55514193377706
37.0,3162.2776601683954,11.77289360194558,44.574982527866325
38.0,3162.2776601683954,11.81340911892536,44.59444549493668
39.0,3162.2776601683954,11.853472974437523,44.61350061416553
40.0,3162.2776601683954,11.893024396566263,44.632120558828554
41.0,3162.2776601683954,11.932006397774785,44.650280893649054
42.0,3162.2776601683954,11.970365850796199,44.66796005465534
43.0,3162.2776601683954,12.008053542911243,44.68513931253529
44.0,3162.2776601683954,12.045024209144916,44.70180272057011
45.0,3162.2776601683954,12.081236545035663,44.71793704830618
46.0,3162.2776601683954,12.116653199742393,44.733531702186475
47.0,3162.2776601683954,12.151240750355727,44.748578634409704
48.0,3162.2776601683954,12.184969658370042,44.76307224131787
49.0,3162.2776601683954,12.217814209351818,44.77700925263063
50.0,3162.2776601683954,12.249752436907304,44.7903886128489
51.0,3162.2776601683954,12.28076603210833,44.8032113561415
52.0,3162.2776601683954,12.310840239579704,44.81548047600701
53.0,3162.2776601683954,12.339963741484585,44.8272007909708
54.0,3162.2776601683954,12.368128530666285,44.83837880753466
55.0,3162.2776601683954,12.395329774216174,44.849022581544084
56.0,3162.2776601683954,12.421565668738314,44.85914157907895
57.0,3162.2776601683954,12.446837288572443,44.8687465379061
58.0,3162.2776601683954,12.471148428218921,44.87784933046001
59.0,3162.2776601683954,12.494505440182417,44.886462829240806
60.0,3162.2776601683954,12.51691706941648,44.89460077543813
61.0,3162.2776601683954,12.538394285509296,44.90227765150683
62.0,3162.2776601683954,12.558950113702615,44.9095085583363
63.0,3162.2776601683954,12.578599465781927,44.9163090975711
64.0,3162.2776601683954,12.597358971817085,44.9226952595567
65.0,3162.2776601683954,12.615246813669666,44.92868331730224
66.0,3162.2776601683954,12.632282561117165,44.93428972677249
67.0,3162.2776601683954,12.648487011375314,44.93953103374413
68.0,3162.2776601683954,12.66388203272923,44.944423787388516
69.0,3162.2776601683954,12.678490412912499,44.94898446067397
70.0,3162.2776601683954,12.69233571280124,44.95322937761604
71.0,3162.2776601683954,12.705442125918335,44.95717464734444
72.0,3162.2776601683954,12.717834344172141,44.960836104901006
73.0,3162.2776601683954,12.729537430184427,44.96422925863362
74.0,3162.2776601683954,12.740576696494562,44.9673692440071
75.0,3162.2776601683954,12.750977591861815,44.970270783613834
76.0,3162.2776601683954,12.760765594824994,44.97294815313364
77.0,3162.2776601683954,12.769966114619285,44.97541515296448
78.0,3162.2776601683954,12.77860439949413,44.97768508522303
79.0,3162.2776601683954,12.786705452423547,44.97977073579617
80.0,3162.2776601683954,12.794293954151799,44.98168436111126
81.0,3162.2776601683954,12.801394193472685,44.98343767928419
82.0,3162.2776601683954,12.808030004600216,44.985041865299415
83.0,3162.2776601683954,12.814224711451962,44.98650754987531
84.0,3162.2776601683954,12.820001078634077,44.98784482167008
85.0,3162.2776601683954,12.825381268888739,44.98906323248939
86.0,3162.2776601683954,12.830386806740428,44.990171805164614
87.0,3162.2776601683954,12.835038548057186,44.99117904378111
88.0,3162.2776601683954,12.83935665522632,44.9920929459484
89.0,3162.2776601683954,12.843360577631056,44.992921016818336
90.0,3162.2776601683954,12.847069037105054,44.99367028457251
91.0,3162.2776601683954,12.850500018035335,44.99434731711711
92.0,3162.2776601683954,12.853670761780872,44.994958239740306
93.0,3162.2776601683954,12.8565977650735,44.99550875350525
94.0,3162.2776601683954,12.859296782069896,44.99600415416991
95.0,3162.2776601683954,12.86178282972764,44.996449351442756
96.0,3162.2776601683954,12.864070196184882,44.99684888840155
97.0,3162.2776601683954,12.866172451831424,44.99720696092001
98.0,3162.2776601683954,12.868102462768876,44.99752743696412
99.0,3162.2776601683954,12.869872406368946,44.99781387563661
100.0,3162.2776601683954,12.871493788651392,44.99806954586377
-100.0,3548.133892335775,13.422407465582134,44.89826259127739
-99.0,3548.133892335775,13.420716686406864,44.89803248807294
-98.0,3548.133892335775,13.418870987330957,44.897774693267706
-97.0,3548.133892335775,13.416858369864729,44.89748626482801
-96.0,3548.133892335775,13.414666135431954,44.89716399956139
-95.0,3548.133892335775,13.41228086724814,44.89680441629848
-94.0,3548.133892335775,13.409688414096317,44.896403738752916
-93.0,3548.133892335775,13.40687387629076,44.895957878154725
-92.0,3548.133892335775,13.40382159413207,44.895462415766275
-91.0,3548.133892335775,13.400515139168853,44.8949125854054
-90.0,3548.133892335775,13.396937308591527,44.89430325611526
-89.0,3548.133892335775,13.393070123092553,44.8936289151365
-88.0,3548.133892335775,13.388894828533944,44.892883651353564
-87.0,3548.133892335775,13.384391901767566,44.892061139403
-86.0,3548.133892335775,13.37954106095583,44.89115462464815
-85.0,3548.133892335775,13.374321280739721,44.89015690924045
-84.0,3548.133892335775,13.36871081259778,44.889060339503075
-83.0,3548.133892335775,13.362687210732895,44.88785679488778
-82.0,3548.133892335775,13.356227363813863,44.88653767876948
-81.0,3548.133892335775,13.349307532885078,44.88509391135577
-80.0,3548.133892335775,13.341903395740397,44.88351592500013
-79.0,3548.133892335775,13.333990098036004,44.88179366221655
-78.0,3548.133892335775,13.325542311391787,44.87991657670072
-77.0,3548.133892335775,13.31653429870128,44.87787363766803
-76.0,3548.133892335775,13.306939986836483,44.87565333782028
-75.0,3548.133892335775,13.296733046895918,44.87324370525245
-74.0,3548.133892335775,13.285886982102006,44.870632319606386
-73.0,3548.133892335775,13.274375223407274,44.86780633277026
-72.0,3548.133892335775,13.262171232818384,44.86475249441091
-71.0,3548.133892335775,13.249248614392254,44.86145718260999
-70.0,3548.133892335775,13.235581232800152,44.85790643985443
-69.0,3548.133892335775,13.221143339293672,44.85408601460657
-68.0,3548.133892335775,13.205909704841325,44.84998140864966
-67.0,3548.133892335775,13.18985576013634,44.845577930369714
-66.0,3548.133892335775,13.172957742105796,44.840860754095246
-65.0,3548.133892335775,13.15519284647863,44.835814985572014
-64.0,3548.133892335775,13.136539385896075,44.830425733601025
-63.0,3548.133892335775,13.11697695297326,44.824678187813994
-62.0,3548.133892335775,13.096486587645517,44.818557702502666
-61.0,3548.133892335775,13.075050948058255,44.81204988635614
-60.0,3548.133892335775,13.05265448418564,44.805140697894316
-59.0,3548.133892335775,13.029283613291668,44.797816546316724
-58.0,3548.133892335775,13.004926896278064,44.79006439741401
-57.0,3548.133892335775,12.979575213897935,44.78187188411548
-56.0,3548.133892335775,12.953221941752627,44.77322742117106
-55.0,3548.133892335775,12.925863122933114,44.764120323389676
-54.0,3548.133892335775,12.89749763711677,44.75454092678119
-53.0,3548.133892335775,12.868127364886806,44.74448071187372
-52.0,3548.133892335775,12.837757346005498,44.733932428406305
-51.0,3548.133892335775,12.806395930344392,44.722890220527354
-50.0,3548.133892335775,12.774054920155828,44.71134975156401
-49.0,3548.133892335775,12.740749702360816,44.69930832736756
-48.0,3548.133892335775,12.70649936952919,44.68676501718609
-47.0,3548.133892335775,12.671326828239819,44.67372077096873
-46.0,3548.133892335775,12.63525889353142,44.66017853196782
-45.0,3548.133892335775,12.598326368189202,44.646143343475565
-44.0,3548.133892335775,12.560564105658752,44.6316224485131
-43.0,3548.133892335775,12.522011055437034,44.616625381281764
-42.0,3548.133892335775,12.48271028986066,44.601164049189805
-41.0,3548.133892335775,12.442709011293893,44.58525280428415
-40.0,3548.133892335775,12.402058538812918,44.568908502945696
-39.0,3548.133892335775,12.360814273588376,44.55215055274898
-38.0,3548.133892335775,12.319035642284481,44.53500094544301
-37.0,3548.133892335775,12.276786017919918,44.517484275079696
-36.0,3548.133892335775,12.23413261777201,44.49962774039935
-35.0,3548.133892335775,12.191146378050888,44.48146113067935
-34.0,3548.133892335775,12.147901805223363,44.46301679436132
-33.0,3548.133892335775,12.104476804025996,44.444329589893954
-32.0,3548.133892335775,12.060952482372068,44.425436818361256
-31.0,3548.133892335775,12.017412933526764,44.40637813760998
-30.0,3548.133892335775,11.973944996097222,44.387195457742166
-29.0,3548.133892335775,11.930637992557983,44.36793281799964
-28.0,3548.133892335775,11.887583447205976,44.348636245234026
-27.0,3548.133892335775,11.844874784611303,44.329353594327735
-26.0,3548.133892335775,11.802607009798765,44.31013437110584
-25.0,3548.133892335775,11.760876371558894,44.291029538454445
-24.0,3548.133892335775,11.71978001044462,44.27209130653607
-23.0,3548.133892335775,11.679415593158847,44.25337290816433
-22.0,3548.133892335775,11.639880935177512,44.23492836056695
-21.0,3548.133892335775,11.601273613577908,44.216812214926115
-20.0,3548.133892335775,11.563690572120807,44.199079295235734
-19.5,3548.133892335775,11.545313179656267,44.190373685891494
-19.0,3548.133892335775,11.527227720353538,44.18178442815467
-18.5,3548.133892335775,11.509445954396217,44.173318330266376
-18.0,3548.133892335775,11.49197952514638,44.1649821656617
-17.5,3548.133892335775,11.474839943395356,44.15678266404491
-17.0,3548.133892335775,11.458038566376642,44.14872650242952
-16.5,3548.133892335775,11.441586563439547,44.140820296159795
-16.0,3548.133892335775,11.42549484906801,44.13307058993041
-15.5,3548.133892335775,11.4097739390816,44.125483848821105
-15.0,3548.133892335775,11.394433633258366,44.11806644936344
-14.5,3548.133892335775,11.379482321481865,44.110824670656804
-14.0,3548.133892335775,11.364925506925427,44.103764685550864
-13.5,3548.133892335775,11.350762769975436,44.09689255191174
-13.0,3548.133892335775,11.3369817638021,44.09021420398911
-12.5,3548.133892335775,11.323546820294977,44.083735443901354
-12.0,3548.133892335775,11.310378249745,44.0774619332559
-11.5,3548.133892335775,11.297316419824122,44.07139918492152
-11.0,3548.133892335775,11.28406238691968,44.06555255496942
-10.5,3548.133892335775,11.270084789269497,44.05992723479949
-10.0,3548.133892335775,11.254482009067637,44.05452824346787
-9.5,3548.133892335775,11.23579101488257,44.04936042023181
-9.0,3548.133892335775,11.211742030347732,44.04442841732717
-8.5,3548.133892335775,11.178973384777667,44.039736692993735
-8.0,3548.133892335775,11.132744588798616,44.03528950476291
-7.5,3548.133892335775,11.066716233246543,44.03109090302195
-7.0,3548.133892335775,10.97289704761558,44.02714472486837
-6.5,3548.133892335775,10.841880929243475,44.023454588267555
-6.0,3548.133892335775,10.663495800055207,44.020023886526
-5.5,3548.133892335775,10.427947367952472,44.016855783092026
-5.0,3548.133892335775,10.127455492139243,44.013953206695135
-4.5,3548.133892335775,9.758252559827483,44.01131884683441
-4.0,3548.133892335775,9.322663318175536,44.00895514962575
-3.5,3548.133892335775,8.830852826773382,44.006864314016816
-3.0,3548.133892335775,8.301762636342197,44.00504828837803
-2.5,3548.133892335775,7.762799363626768,44.003508767476895
-2.0,3548.133892335775,7.248015871938975,44.002247189842286
-1.5,3548.133892335775,6.794816402967421,44.001264735524416
-1.0,3548.133892335775,6.439563818110781,44.00056232425536
-0.5,3548.133892335775,6.212778997471952,44.00014061401424
0.0,3548.133892335775,6.134803565320507,44.0
0.5,3548.133892335775,6.212778997471952,44.00014061401424
1.0,3548.133892335775,6.439563818110781,44.00056232425536
1.5,3548.133892335775,6.794816402967421,44.001264735524416
2.0,3548.133892335775,7.248015871938975,44.002247189842286
2.5,3548.133892335775,7.762799363626768,44.003508767476895
3.0,3548.133892335775,8.301762636342197,44.00504828837803
3.5,3548.133892335775,8.830852826773382,44.006864314016816
4.0,3548.133892335775,9.322663318175536,44.00895514962575
4.5,3548.133892335775,9.758252559827483,44.01131884683441
5.0,3548.133892335775,10.127455492139243,44.013953206695135
5.5,3548.133892335775,10.427947367952472,44.016855783092026
6.0,3548.133892335775,10.663495800055207,44.020023886526
6.5,3548.133892335775,10.841880929243475,44.023454588267555
7.0,3548.133892335775,10.97289704761558,44.02714472486837
7.5,3548.133892335775,11.066716233246543,44.03109090302195
8.0,3548.133892335775,11.132744588798616,44.03528950476291
8.5,3548.133892335775,11.178973384777667,44.039736692993735
9.0,3548.133892335775,11.211742030347732,44.04442841732717
9.5,3548.133892335775,11.23579101488257,44.04936042023181
10.0,3548.133892335775,11.254482009067637,44.05452824346787
10.5,3548.133892335775,11.270084789269497,44.05992723479949
11.0,3548.133892335775,11.28406238691968,44.06555255496942
11.5,3548.133892335775,11.297316419824122,44.07139918492152
12.0,3548.133892335775,11.310378249745,44.0774619332559
12.5,3548.133892335775,11.323546820294977,44.083735443901354
13.0,3548.133892335775,11.3369817638021,44.09021420398911
13.5,3548.133892335775,11.350762769975436,44.09689255191174
14.0,3548.133892335775,11.364925506925427,44.103764685550864
14.5,3548.133892335775,11.379482321481865,44.110824670656804
15.0,3548.133892335775,11.394433633258366,44.11806644936344
15.5,3548.133892335775,11.4097739390816,44.125483848821105
16.0,3548.133892335775,11.42549484906801,44.13307058993041
16.5,3548.133892335775,11.441586563439547,44.140820296159795
17.0,3548.133892335775,11.458038566376642,44.14872650242952
17.5,3548.133892335775,11.474839943395356,44.15678266404491
18.0,3548.133892335775,11.49197952514638,44.1649821656617
18.5,3548.133892335775,11.509445954396217,44.173318330266376
19.0,3548.133892335775,11.527227720353538,44.18178442815467
19.5,3548.133892335775,11.545313179656267,44.190373685891494
20.0,3548.133892335775,11.563690572120807,44.199079295235734
21.0,3548.133892335775,11.601273613577908,44.216812214926115
22.0,3548.133892335775,11.639880935177512,44.23492836056695
23.0,3548.133892335775,11.679415593158847,44.25337290816433
24.0,3548.133892335775,11.71978001044462,44.27209130653607
25.0,3548.133892335775,11.760876371558894,44.291029538454445
26.0,3548.133892335775,11.802607009798765,44.31013437110584
27.0,3548.133892335775,11.844874784611303,44.329353594327735
28.0,3548.133892335775,11.887583447205976,44.348636245234026
29.0,3548.133892335775,11.930637992557983,44.36793281799964
30.0,3548.133892335775,11.973944996097222,44.387195457742166
31.0,3548.133892335775,12.017412933526764,44.40637813760998
32.0,3548.133892335775,12.060952482372068,44.425436818361256
33.0,3548.133892335775,12.104476804025996,44.444329589893954
34.0,3548.133892335775,12.147901805223363,44.46301679436132
35.0,3548.133892335775,12.191146378050888,44.48146113067935
36.0,3548.133892335775,12.23413261777201,44.49962774039935
37.0,3548.133892335775,12.276786017919918,44.517484275079696
38.0,3548.133892335775,12.319035642284481,44.53500094544301
39.0,3548.133892335775,12.360814273588376,44.55215055274898
40.0,3548.133892335775,12.402058538812918,44.568908502945696
41.0,3548.133892335775,12.442709011293893,44.58525280428415
42.0,3548.133892335775,12.48271028986066,44.601164049189805
43.0,3548.133892335775,12.522011055437034,44.616625381281764
44.0,3548.133892335775,12.560564105658752,44.6316224485131
45.0,3548.133892335775,12.598326368189202,44.646143343475565
46.0,3548.133892335775,12.63525889353142,44.66017853196782
47.0,3548.133892335775,12.671326828239819,44.67372077096873
48.0,3548.133892335775,12.70649936952919,44.68676501718609
49.0,3548.133892335775,12.740749702360816,44.69930832736756
50.0,3548.133892335775,12.774054920155828,44.71134975156401
51.0,3548.133892335775,12.806395930344392,44.722890220527354
52.0,3548.133892335775,12.837757346005498,44.733932428406305
53.0,3548.133892335775,12.868127364886806,44.74448071187372
54.0,3548.133892335775,12.89749763711677,44.75454092678119
55.0,3548.133892335775,12.925863122933114,44.764120323389676
56.0,3548.133892335775,12.953221941752627,44.77322742117106
57.0,3548.133892335775,12.979575213897935,44.78187188411548
58.0,3548.133892335775,13.004926896278064,44.79006439741401
59.0,3548.133892335775,13.029283613291668,44.797816546316724
60.0,3548.133892335775,13.05265448418564,44.805140697894316
61.0,3548.133892335775,13.075050948058255,44.81204988635614
62.0,3548.133892335775,13.096486587645517,44.818557702502666
63.0,3548.133892335775,13.11697695297326,44.824678187813994
64.0,3548.133892335775,13.136539385896075,44.830425733601025
65.0,3548.133892335775,13.15519284647863,44.835814985572014
66.0,3548.133892335775,13.172957742105796,44.840860754095246
67.0,3548.133892335775,13.18985576013634,44.845577930369714
68.0,3548.133892335775,13.205909704841325,44.84998140864966
69.0,3548.133892335775,13.221143339293672,44.85408601460657
70.0,3548.133892335775,13.235581232800152,44.85790643985443
71.0,3548.133892335775,13.249248614392254,44.86145718260999
72.0,3548.133892335775,13.262171232818384,44.86475249441091
73.0,3548.133892335775,13.274375223407274,44.86780633277026
74.0,3548.133892335775,13.285886982102006,44.870632319606386
75.0,3548.133892335775,13.296733046895918,44.87324370525245
76.0,3548.133892335775,13.306939986836483,44.87565333782028
77.0,3548.133892335775,13.31653429870128,44.87787363766803
78.0,3548.133892335775,13.325542311391787,44.87991657670072
79.0,3548.133892335775,13.333990098036004,44.88179366221655
80.0,3548.133892335775,13.341903395740397,44.88351592500013
81.0,3548.133892335775,13.349307532885078,44.88509391135577
82.0,3548.133892335775,13.356227363813863,44.88653767876948
83.0,3548.133892335775,13.362687210732895,44.88785679488778
84.0,3548.133892335775,13.36871081259778,44.889060339503075
85.0,3548.133892335775,13.374321280739721,44.89015690924045
86.0,3548.133892335775,13.37954106095583,44.89115462464815
87.0,3548.133892335775,13.384391901767566,44.892061139403
88.0,3548.133892335775,13.388894828533944,44.892883651353564
89.0,3548.133892335775,13.393070123092553,44.8936289151365
90.0,3548.133892335775,13.396937308591527,44.89430325611526
91.0,3548.133892335775,13.400515139168853,44.8949125854054
92.0,3548.133892335775,13.40382159413207,44.895462415766275
93.0,3548.133892335775,13.40687387629076,44.895957878154725
94.0,3548.133892335775,13.409688414096317,44.896403738752916
95.0,3548.133892335775,13.41228086724814,44.89680441629848
96.0,3548.133892335775,13.414666135431954,44.89716399956139
97.0,3548.133892335775,13.416858369864729,44.89748626482801
98.0,3548.133892335775,13.418870987330957,44.897774693267706
99.0,3548.133892335775,13.420716686406864,44.89803248807294
100.0,3548.133892335775,13.422407465582134,44.89826259127739
-100.0,3981.0717055349937,13.986437862649947,44.79845563669101
-99.0,3981.0717055349937,13.984676034309166,44.79825110050928
-98.0,3981.0717055349937,13.982752776093042,44.79802194957129
-97.0,3981.0717055349937,13.980655585316732,44.79776556873601
-96.0,3981.0717055349937,13.978371229790127,44.79747911072124
-95.0,3981.0717055349937,13.97588572893462,44.7971594811542
-94.0,3981.0717055349937,13.973184336877138,44.79680332333593
-93.0,3981.0717055349937,13.970251527824034,44.7964070028042
-92.0,3981.0717055349937,13.967070984031034,44.795966591792244
-91.0,3981.0717055349937,13.96362558669771,44.79547785369369
-90.0,3981.0717055349937,13.959897410125723,44.794936227658006
-89.0,3981.0717055349937,13.955867719489119,44.79433681345466
-88.0,3981.0717055349937,13.951516972571921,44.79367435675872
-87.0,3981.0717055349937,13.946824825833009,44.792943235024886
-86.0,3981.0717055349937,13.941770145160488,44.79213744413169
-85.0,3981.0717055349937,13.936331021677127,44.79125058599151
-84.0,3981.0717055349937,13.93048479295483,44.79027585733606
-83.0,3981.0717055349937,13.924208069989254,44.78920603990025
-82.0,3981.0717055349937,13.91747677027518,44.788033492239535
-81.0,3981.0717055349937,13.910266157309238,44.78675014342735
-80.0,3981.0717055349937,13.902550886828426,44.78534748888901
-79.0,3981.0717055349937,13.894305060070822,44.78381658863694
-78.0,3981.0717055349937,13.885502284318466,44.78214806817842
-77.0,3981.0717055349937,13.876115740951727,44.78033212237158
-76.0,3981.0717055349937,13.86611826120929,44.77835852250691
-75.0,3981.0717055349937,13.855482409808372,44.77621662689107
-74.0,3981.0717055349937,13.844180576535669,44.77389539520568
-73.0,3981.0717055349937,13.832185075871084,44.7713834069069
-72.0,3981.0717055349937,13.819468254653613,44.7686688839208
-71.0,3981.0717055349937,13.806002607741668,44.76573971787555
-70.0,3981.0717055349937,13.791760901559432,44.76258350209283
-69.0,3981.0717055349937,13.776716305356125,44.759187568539176
-68.0,3981.0717055349937,13.76084252993719,44.75553902991081
-67.0,3981.0717055349937,13.744113973555448,44.751624826995304
-66.0,3981.0717055349937,13.72650587457677,44.747431781417994
-65.0,3981.0717055349937,13.70799447045922,44.74294665384179
-64.0,3981.0717055349937,13.68855716250755,44.73815620764535
-63.0,3981.0717055349937,13.668172685786901,44.73304727805688
-62.0,3981.0717055349937,13.646821283501259,44.72760684666904
-61.0,3981.0717055349937,13.624484885064378,44.72182212120546
-60.0,3981.0717055349937,13.601147287014204,44.715680620350504
-59.0,3981.0717055349937,13.57679433584708,44.70917026339264
-58.0,3981.0717055349937,13.551414111776067,44.702279464368004
-57.0,3981.0717055349937,13.524997112349359,44.69499723032487
-56.0,3981.0717055349937,13.497536434800791,44.68731326326316
-55.0,3981.0717055349937,13.469027955945876,44.67921806523526
-54.0,3981.0717055349937,13.43947050838429,44.670703046027725
-53.0,3981.0717055349937,13.408866051724273,44.66176063277664
-52.0,3981.0717055349937,13.377219837506733,44.65238438080561
-51.0,3981.0717055349937,13.344540566477779,44.642569084913205
-50.0,3981.0717055349937,13.31084053683872,44.632310890279115
-49.0,3981.0717055349937,13.276135782092862,44.6216074021045
-48.0,3981.0717055349937,13.24044619710947,44.6104577930543
-47.0,3981.0717055349937,13.20379565103741,44.59886290752776
-46.0,3981.0717055349937,13.166212085724952,44.58682536174918
-45.0,3981.0717055349937,13.127727598338153,44.57434963864495
-44.0,3981.0717055349937,13.088378506918486,44.56144217645609
-43.0,3981.0717055349937,13.048205397681238,44.54811145002823
-42.0,3981.0717055349937,13.007253152929467,44.53436804372427
-41.0,3981.0717055349937,12.96557095854405,44.520224714919244
-40.0,3981.0717055349937,12.923212290108422,44.505696447062846
-39.0,3981.0717055349937,12.880234876836406,44.49080049133243
-38.0,3981.0717055349937,12.836700642592895,44.47555639594934
-37.0,3981.0717055349937,12.792675623429194,44.459986022293066
-36.0,3981.0717055349937,12.748229861196958,44.444113547021644
-35.0,3981.0717055349937,12.703437272955979,44.42796544949275
-34.0,3981.0717055349937,12.658375496050462,44.41157048387674
-33.0,3981.0717055349937,12.613125708894927,44.39495963546129
-32.0,3981.0717055349937,12.567772427683071,44.37816606076556
-31.0,3981.0717055349937,12.52240327940962,44.361225011208866
-30.0,3981.0717055349937,12.477108751774784,44.34417374021526
-29.0,3981.0717055349937,12.431981920722137,44.32705139377746
-28.0,3981.0717055349937,12.387118156541634,44.30989888465246
-27.0,3981.0717055349937,12.342614809648836,44.29275875051354
-26.0,3981.0717055349937,12.29857087732716,44.27567499653853
-25.0,3981.0717055349937,12.255086652890723,44.25869292307061
-24.0,3981.0717055349937,12.21226335888928,44.24185893914317
-23.0,3981.0717055349937,12.170202766132192,44.22522036281274
-22.0,3981.0717055349937,12.129006800453537,44.20882520939284
-21.0,3981.0717055349937,12.088777139270858,44.192721968823214
-20.0,3981.0717055349937,12.049614800072243,44.17695937354288
-19.5,3981.0717055349937,12.030465161049445,44.16922105412577
-19.0,3981.0717055349937,12.01161972267308,44.161586158359704
-18.5,3981.0717055349937,11.993090739307913,44.15406073801456
-18.0,3981.0717055349937,11.974890343588172,44.14665081392151
-17.5,3981.0717055349937,11.9570305300065,44.13936236803992
-17.0,3981.0717055349937,11.939523133044982,44.1322013354929
-16.5,3981.0717055349937,11.922379791406321,44.12517359658648
-16.0,3981.0717055349937,11.905611878218009,44.118284968827034
-15.5,3981.0717055349937,11.889230351190683,44.11154119895209
-15.0,3981.0717055349937,11.873245421904272,44.104947954989726
-14.5,3981.0717055349937,11.857665832798267,44.0985108183616
-14.0,3981.0717055349937,11.842497318297886,44.092235276045216
-13.5,3981.0717055349937,11.82773944115669,44.08612671281044
-13.0,3981.0717055349937,11.81337933571194,44.08019040354588
-12.5,3981.0717055349937,11.799379835023824,44.07443150569009
-12.0,3981.0717055349937,11.785657900698,44.06885505178302
-11.5,3981.0717055349937,11.7720471924082,44.063465942152455
-11.0,3981.0717055349937,11.758236204467115,44.0582689377506
-10.5,3981.0717055349937,11.743671246466496,44.0532686531551
-10.0,3981.0717055349937,11.727412813220635,44.04846954974922
-9.5,3981.0717055349937,11.707936394446213,44.043875929094945
-9.0,3981.0717055349937,11.682876834250413,44.039491926513044
-8.5,3981.0717055349937,11.648731199327308,44.03532150488332
-8.0,3981.0717055349937,11.600559797581083,44.031368448678144
-7.5,3981.0717055349937,11.53175682803407,44.02763635824173
-7.0,3981.0717055349937,11.433995214589043,44.02412864432744
-6.5,3981.0717055349937,11.297473595548952,44.020848522904494
-6.0,3981.0717055349937,11.111592446328135,44.017799010245334
-5.5,3981.0717055349937,10.866145903470809,44.01498291830402
-5.0,3981.0717055349937,10.55302689258772,44.012402850395674
-4.5,3981.0717055349937,10.168309479953084,44.01006119718615
-4.0,3981.0717055349937,9.7144161022095,44.007960133000665
-3.5,3981.0717055349937,9.201938970529962,44.00610161245939
-3.0,3981.0717055349937,8.650615588999578,44.00448736744713
-2.5,3981.0717055349937,8.089004242941558,44.00311890442391
-2.0,3981.0717055349937,7.5525887498438,44.001997502082034
-1.5,3981.0717055349937,7.080345135692596,44.001124209355034
-1.0,3981.0717055349937,6.710164285768019,44.00049984378255
-0.5,3981.0717055349937,6.473849614931909,44.00012499023488
0.0,3981.0717055349937,6.3925975340815855,44.0
0.5,3981.0717055349937,6.473849614931909,44.00012499023488
1.0,3981.0717055349937,6.710164285768019,44.00049984378255
1.5,3981.0717055349937,7.080345135692596,44.001124209355034
2.0,3981.0717055349937,7.5525887498438,44.001997502082034
2.5,3981.0717055349937,8.089004242941558,44.00311890442391
3.0,3981.0717055349937,8.650615588999578,44.00448736744713
3.5,3981.0717055349937,9.201938970529962,44.00610161245939
4.0,3981.0717055349937,9.7144161022095,44.007960133000665
4.5,3981.0717055349937,10.168309479953084,44.01006119718615
5.0,3981.0717055349937,10.55302689258772,44.012402850395674
5.5,3981.0717055349937,10.866145903470809,44.01498291830402
6.0,3981.0717055349937,11.111592446328135,44.017799010245334
6.5,3981.0717055349937,11.297473595548952,44.020848522904494
7.0,3981.0717055349937,11.433995214589043,44.02412864432744
7.5,3981.0717055349937,11.53175682803407,44.02763635824173
8.0,3981.0717055349937,11.600559797581083,44.031368448678144
8.5,3981.0717055349937,11.648731199327308,44.03532150488332
9.0,3981.0717055349937,11.682876834250413,44.039491926513044
9.5,3981.0717055349937,11.707936394446213,44.043875929094945
10.0,3981.0717055349937,11.727412813220635,44.04846954974922
10.5,3981.0717055349937,11.743671246466496,44.0532686531551
11.0,3981.0717055349937,11.758236204467115,44.0582689377506
11.5,3981.0717055349937,11.7720471924082,44.063465942152455
12.0,3981.0717055349937,11.785657900698,44.06885505178302
12.5,3981.0717055349937,11.799379835023824,44.07443150569009
13.0,3981.0717055349937,11.81337933571194,44.08019040354588
13.5,3981.0717055349937,11.82773944115669,44.08612671281044
14.0,3981.0717055349937,11.842497318297886,44.092235276045216
14.5,3981.0717055349937,11.857665832798267,44.0985108183616
15.0,3981.0717055349937,11.873245421904272,44.104947954989726
15.5,3981.0717055349937,11.889230351190683,44.11154119895209
16.0,3981.0717055349937,11.905611878218009,44.118284968827034
16.5,3981.0717055349937,11.922379791406321,44.12517359658648
17.0,3981.0717055349937,11.939523133044982,44.1322013354929
17.5,3981.0717055349937,11.9570305300065,44.13936236803992
18.0,3981.0717055349937,11.974890343588172,44.14665081392151
18.5,3981.0717055349937,11.993090739307913,44.15406073801456
19.0,3981.0717055349937,12.01161972267308,44.161586158359704
19.5,3981.0717055349937,12.030465161049445,44.16922105412577
20.0,3981.0717055349937,12.049614800072243,44.17695937354288
21.0,3981.0717055349937,12.088777139270858,44.192721968823214
22.0,3981.0717055349937,12.129006800453537,44.20882520939284
23.0,3981.0717055349937,12.170202766132192,44.22522036281274
24.0,3981.0717055349937,12.21226335888928,44.24185893914317
25.0,3981.0717055349937,12.255086652890723,44.25869292307061
26.0,3981.0717055349937,12.29857087732716,44.27567499653853
27.0,3981.0717055349937,12.342614809648836,44.29275875051354
28.0,3981.0717055349937,12.387118156541634,44.30989888465246
29.0,3981.0717055349937,12.431981920722137,44.32705139377746
30.0,3981.0717055349937,12.477108751774784,44.34417374021526
31.0,3981.0717055349937,12.52240327940962,44.361225011208866
32.0,3981.0717055349937,12.567772427683071,44.37816606076556
33.0,3981.0717055349937,12.613125708894927,44.39495963546129
34.0,3981.0717055349937,12.658375496050462,44.41157048387674
35.0,3981.0717055349937,12.703437272955979,44.42796544949275
36.0,3981.0717055349937,12.748229861196958,44.444113547021644
37.0,3981.0717055349937,12.792675623429194,44.459986022293066
38.0,3981.0717055349937,12.836700642592895,44.47555639594934
39.0,3981.0717055349937,12.880234876836406,44.49080049133243
40.0,3981.0717055349937,12.923212290108422,44.505696447062846
41.0,3981.0717055349937,12.96557095854405,44.520224714919244
42.0,3981.0717055349937,13.007253152929467,44.53436804372427
43.0,3981.0717055349937,13.048205397681238,44.54811145002823
44.0,3981.0717055349937,13.088378506918486,44.56144217645609
45.0,3981.0717055349937,13.127727598338153,44.57434963864495
46.0,3981.0717055349937,13.166212085724952,44.58682536174918
47.0,3981.0717055349937,13.20379565103741,44.59886290752776
48.0,3981.0717055349937,13.24044619710947,44.6104577930543
49.0,3981.0717055349937,13.276135782092862,44.6216074021045
50.0,3981.0717055349937,13.31084053683872,44.632310890279115
51.0,3981.0717055349937,13.344540566477779,44.642569084913205
52.0,3981.0717055349937,13.377219837506733,44.65238438080561
53.0,3981.0717055349937,13.408866051724273,44.66176063277664
54.0,3981.0717055349937,13.43947050838429,44.670703046027725
55.0,3981.0717055349937,13.469027955945876,44.67921806523526
56.0,3981.0717055349937,13.497536434800791,44.68731326326316
57.0,3981.0717055349937,13.524997112349359,44.69499723032487
58.0,3981.0717055349937,13.551414111776067,44.702279464368004
59.0,3981.0717055349937,13.57679433584708,44.70917026339264
60.0,3981.0717055349937,13.601147287014204,44.715680620350504
61.0,3981.0717055349937,13.624484885064378,44.72182212120546
62.0,3981.0717055349937,13.646821283501259,44.72760684666904
63.0,3981.0717055349937,13.668172685786901,44.73304727805688
64.0,3981.0717055349937,13.68855716250755,44.73815620764535
65.0,3981.0717055349937,13.70799447045922,44.74294665384179
66.0,3981.0717055349937,13.72650587457677,44.747431781417994
67.0,3981.0717055349937,13.744113973555448,44.751624826995304
68.0,3981.0717055349937,13.76084252993719,44.75553902991081
69.0,3981.0717055349937,13.776716305356125,44.759187568539176
70.0,3981.0717055349937,13.791760901559432,44.76258350209283
71.0,3981.0717055349937,13.806002607741668,44.76573971787555
72.0,3981.0717055349937,13.819468254653613,44.7686688839208
73.0,3981.0717055349937,13.832185075871084,44.7713834069069
74.0,3981.0717055349937,13.844180576535669,44.77389539520568
75.0,3981.0717055349937,13.855482409808372,44.77621662689107
76.0,3981.0717055349937,13.86611826120929,44.77835852250691
77.0,3981.0717055349937,13.876115740951727,44.78033212237158
78.0,3981.0717055349937,13.885502284318466,44.78214806817842
79.0,3981.0717055349937,13.894305060070822,44.78381658863694
80.0,3981.0717055349937,13.902550886828426,44.78534748888901
81.0,3981.0717055349937,13.910266157309238,44.78675014342735
82.0,3981.0717055349937,13.91747677027518,44.788033492239535
83.0,3981.0717055349937,13.924208069989254,44.78920603990025
84.0,3981.0717055349937,13.93048479295483,44.79027585733606
85.0,3981.0717055349937,13.936331021677127,44.79125058599151
86.0,3981.0717055349937,13.941770145160488,44.79213744413169
87.0,3981.0717055349937,13.946824825833009,44.792943235024886
88.0,3981.0717055349937,13.951516972571921,44.79367435675872
89.0,3981.0717055349937,13.955867719489119,44.79433681345466
90.0,3981.0717055349937,13.959897410125723,44.794936227658006
91.0,3981.0717055349937,13.96362558669771,44.79547785369369
92.0,3981.0717055349937,13.967070984031034,44.795966591792244
93.0,3981.0717055349937,13.970251527824034,44.7964070028042
94.0,3981.0717055349937,13.973184336877138,44.79680332333593
95.0,3981.0717055349937,13.97588572893462,44.7971594811542
96.0,3981.0717055349937,13.978371229790127,44.79747911072124
97.0,3981.0717055349937,13.980655585316732,44.79776556873601
98.0,3981.0717055349937,13.982752776093042,44.79802194957129
99.0,3981.0717055349937,13.984676034309166,44.79825110050928
100.0,3981.0717055349937,13.986437862649947,44.79845563669101
-100.0,4466.835921509653,14.563636021790488,44.69864868210464
-99.0,4466.835921509653,14.561801485581913,44.698469712945624
-98.0,4466.835921509653,14.55979885754248,44.69826920587489
-97.0,4466.835921509653,14.557615119021323,44.698044872644004
-96.0,4466.835921509653,14.555236491756787,44.69779422188108
-95.0,4466.835921509653,14.552648418213908,44.69751454600993
-94.0,4466.835921509653,14.549835543980763,44.697202907918935
-93.0,4466.835921509653,14.54678170253877,44.69685612745367
-92.0,4466.835921509653,14.543469902736168,44.69647076781821
-91.0,4466.835921509653,14.539882319306725,44.69604312198198
-90.0,4466.835921509653,14.536000286786896,44.695569199200754
-89.0,4466.835921509653,14.531804297194103,44.69504471177283
-88.0,4466.835921509653,14.527274001836041,44.69446506216388
-87.0,4466.835921509653,14.522388217625835,44.693825330646774
-86.0,4466.835921509653,14.517124938280238,44.69312026361523
-85.0,4466.835921509653,14.51146135077732,44.69234426274257
-84.0,4466.835921509653,14.50537385744644,44.69149137516906
-83.0,4466.835921509653,14.49883810405605,44.69055528491272
-82.0,4466.835921509653,14.491829014254053,44.68952930570959
-81.0,4466.835921509653,14.484320830700726,44.68840637549893
-80.0,4466.835921509653,14.476287163215437,44.68717905277788
-79.0,4466.835921509653,14.467701044235337,44.68583951505732
-78.0,4466.835921509653,14.45853499185676,44.68437955965612
-77.0,4466.835921509653,14.44876108069808,44.682790607075134
-76.0,4466.835921509653,14.438351020786193,44.68106370719355
-75.0,4466.835921509653,14.427276244627608,44.679189548529685
-74.0,4466.835921509653,14.415508002579204,44.67715847080497
-73.0,4466.835921509653,14.403017466583282,44.674960481043534
-72.0,4466.835921509653,14.389775842276636,44.672585273430705
-71.0,4466.835921509653,14.375754489424013,44.670022253141106
-70.0,4466.835921509653,14.360925050563011,44.66726056433122
-69.0,4466.835921509653,14.345259587680223,44.66428912247178
-68.0,4466.835921509653,14.32873072666763,44.66109665117196
-67.0,4466.835921509653,14.311311809234457,44.65767172362089
-66.0,4466.835921509653,14.292977051873118,44.65400280874074
-65.0,4466.835921509653,14.273701711399172,44.65007832211157
-64.0,4466.835921509653,14.253462256504976,44.64588668168969
-63.0,4466.835921509653,14.23223654468546,44.64141636829977
-62.0,4466.835921509653,14.210004003812896,44.63665599083541
-61.0,4466.835921509653,14.186745817556544,44.63159435605478
-60.0,4466.835921509653,14.162445113763106,44.62622054280669
-59.0,4466.835921509653,14.137087154836225,44.62052398046856
-58.0,4466.835921509653,14.11065952907822,44.614494531322
-57.0,4466.835921509653,14.083152341886132,44.608122576534264
-56.0,4466.835921509653,14.05455840562756,44.60139910535526
-55.0,4466.835921509653,14.024873426960715,44.594315807080854
-54.0,4466.835921509653,13.994096190308513,44.58686516527426
-53.0,4466.835921509653,13.962228736149124,44.57904055367956
-52.0,4466.835921509653,13.929276532746238,44.5708363332049
-51.0,4466.835921509653,13.89524863991199,44.56224794929905
-50.0,4466.835921509653,13.860157863374996,44.55327202899423
-49.0,4466.835921509653,13.824020898315872,44.543906476841435
-48.0,4466.835921509653,13.78685846063366,44.53415056892251
-47.0,4466.835921509653,13.748695404519225,44.52400504408679
-46.0,4466.835921509653,13.709560824936707,44.51347219153053
-45.0,4466.835921509653,13.669488143651414,44.50255593381433
-44.0,4466.835921509653,13.628515177492922,44.491261904399074
-43.0,4466.835921509653,13.586684187605405,44.4795975187747
-42.0,4466.835921509653,13.544041908513545,44.46757203825874
-41.0,4466.835921509653,13.500639555921696,44.455196625554336
-40.0,4466.835921509653,13.456532812266001,44.44248439117999
-39.0,4466.835921509653,13.411781789153594,44.429450429915875
-38.0,4466.835921509653,13.366450965949282,44.41611184645567
-37.0,4466.835921509653,13.320609103907719,44.40248776950643
-36.0,4466.835921509653,13.274329135396947,44.38859935364394
-35.0,4466.835921509653,13.22768802791685,44.374469768306156
-34.0,4466.835921509653,13.18076662278198,44.360124173392144
-33.0,4466.835921509653,13.133649448511571,44.34558968102863
-32.0,4466.835921509653,13.086424509148904,44.33089530316986
-31.0,4466.835921509653,13.039183047916115,44.31607188480776
-30.0,4466.835921509653,12.992019286797621,44.30115202268835
-29.0,4466.835921509653,12.945030142833907,44.286169969555274
-28.0,4466.835921509653,12.898314922095889,44.271161524070905
-27.0,4466.835921509653,12.851974992496732,44.25616390669935
-26.0,4466.835921509653,12.806113436781091,44.24121562197121
-25.0,4466.835921509653,12.76083468720946,44.226356307686785
-24.0,4466.835921509653,12.716244143626048,44.21162657175028
-23.0,4466.835921509653,12.672447776760489,44.197067817461146
-22.0,4466.835921509653,12.629551718764743,44.18272205821874
-21.0,4466.835921509653,12.587661843122492,44.16863172272031
-20.0,4466.835921509653,12.54688333615371,44.154839451850016
-19.5,4466.835921509653,12.526943421829888,44.14806842236005
-19.0,4466.835921509653,12.507320262031824,44.14138788856474
-18.5,4466.835921509653,12.488026616842529,44.13480314576274
-18.0,4466.835921509653,12.469075119590842,44.128319462181324
-17.5,4466.835921509653,12.450478259763146,44.121942072034926
-17.0,4466.835921509653,12.432248360231869,44.11567616855629
-16.5,4466.835921509653,12.41439754001056,44.10952689701317
-16.0,4466.835921509653,12.396937641577688,44.10349934772365
-15.5,4466.835921509653,12.379880074851265,44.09759854908308
-15.0,4466.835921509653,12.36323547282697,44.09182946061601
-14.5,4466.835921509653,12.347012938730934,44.0861969660664
-14.0,4466.835921509653,12.331218443639035,44.08070586653956
-13.5,4466.835921509653,12.31585153226036,44.07536087370914
-13.0,4466.835921509653,12.30089880798663,44.07016660310264
-12.5,4466.835921509653,12.286321570057238,44.06512756747883
-12.0,4466.835921509653,12.2720333532147,44.06024817031014
-11.5,4466.835921509653,12.257860952530695,44.0555326993834
-11.0,4466.835921509653,12.243480006971108,44.05098532053177
-10.5,4466.835921509653,12.228313976200676,44.04661007151071
-10.0,4466.835921509653,12.211384583141305,44.042410856030564
-9.5,4466.835921509653,12.191104403382589,44.038391437958076
-9.0,4466.835921509653,12.165010674790523,44.03455543569891
-8.5,4466.835921509653,12.129455903544514,44.03090631677291
-8.0,4466.835921509653,12.079296544272276,44.02744739259337
-7.5,4466.835921509653,12.007654185042492,44.02418181346151
-7.0,4466.835921509653,11.905858104503755,44.02111256378651
-6.5,4466.835921509653,11.763702454270973,44.01824245754143
-6.0,4466.835921509653,11.570150284150996,44.01557413396466
-5.5,4466.835921509653,11.314574550852479,44.013110053516016
-5.0,4466.835921509653,10.98853361385436,44.01085249409621
-4.5,4466.835921509653,10.587939522358194,44.00880354753787
-4.0,4466.835921509653,10.115314683133677,44.00696511637558
-3.5,4466.835921509653,9.58168843114832,44.00533891090197
-3.0,4466.835921509653,9.007612806049167,44.003926446516246
-2.5,4466.835921509653,8.42282464840549,44.00272904137092
-2.0,4466.835921509653,7.864272136705067,44.001747814321774
-1.5,4466.835921509653,7.3725397758529,44.00098368318565
-1.0,4466.835921509653,6.987082148007897,44.00043736330973
-0.5,4466.835921509653,6.741015144639087,44.000109366455526
0.0,4466.835921509653,6.656409918981365,44.0
0.5,4466.835921509653,6.741015144639087,44.000109366455526
1.0,4466.835921509653,6.987082148007897,44.00043736330973
1.5,4466.835921509653,7.3725397758529,44.00098368318565
2.0,4466.835921509653,7.864272136705067,44.001747814321774
2.5,4466.835921509653,8.42282464840549,44.00272904137092
3.0,4466.835921509653,9.007612806049167,44.003926446516246
3.5,4466.835921509653,9.58168843114832,44.00533891090197
4.0,4466.835921509653,10.115314683133677,44.00696511637558
4.5,4466.835921509653,10.587939522358194,44.00880354753787
5.0,4466.835921509653,10.98853361385436,44.01085249409621
5.5,4466.835921509653,11.314574550852479,44.013110053516016
6.0,4466.835921509653,11.570150284150996,44.01557413396466
6.5,4466.835921509653,11.763702454270973,44.01824245754143
7.0,4466.835921509653,11.905858104503755,44.02111256378651
7.5,4466.835921509653,12.007654185042492,44.02418181346151
8.0,4466.835921509653,12.079296544272276,44.02744739259337
8.5,4466.835921509653,12.129455903544514,44.03090631677291
9.0,4466.835921509653,12.165010674790523,44.03455543569891
9.5,4466.835921509653,12.191104403382589,44.038391437958076
10.0,4466.835921509653,12.211384583141305,44.042410856030564
10.5,4466.835921509653,12.228313976200676,44.04661007151071
11.0,4466.835921509653,12.243480006971108,44.05098532053177
11.5,4466.835921509653,12.257860952530695,44.0555326993834
12.0,4466.835921509653,12.2720333532147,44.06024817031014
12.5,4466.835921509653,12.286321570057238,44.06512756747883
13.0,4466.835921509653,12.30089880798663,44.07016660310264
13.5,4466.835921509653,12.31585153226036,44.07536087370914
14.0,4466.835921509653,12.331218443639035,44.08070586653956
14.5,4466.835921509653,12.347012938730934,44.0861969660664
15.0,4466.835921509653,12.36323547282697,44.09182946061601
15.5,4466.835921509653,12.379880074851265,44.09759854908308
16.0,4466.835921509653,12.396937641577688,44.10349934772365
16.5,4466.835921509653,12.41439754001056,44.10952689701317
17.0,4466.835921509653,12.432248360231869,44.11567616855629
17.5,4466.835921509653,12.450478259763146,44.121942072034926
18.0,4466.835921509653,12.469075119590842,44.128319462181324
18.5,4466.835921509653,12.488026616842529,44.13480314576274
19.0,4466.835921509653,12.507320262031824,44.14138788856474
19.5,4466.835921509653,12.526943421829888,44.14806842236005
20.0,4466.835921509653,12.54688333615371,44.154839451850016
21.0,4466.835921509653,12.587661843122492,44.16863172272031
22.0,4466.835921509653,12.629551718764743,44.18272205821874
23.0,4466.835921509653,12.672447776760489,44.197067817461146
24.0,4466.835921509653,12.716244143626048,44.21162657175028
25.0,4466.835921509653,12.76083468720946,44.226356307686785
26.0,4466.835921509653,12.806113436781091,44.24121562197121
27.0,4466.835921509653,12.851974992496732,44.25616390669935
28.0,4466.835921509653,12.898314922095889,44.271161524070905
29.0,4466.835921509653,12.945030142833907,44.286169969555274
30.0,4466.835921509653,12.992019286797621,44.30115202268835
31.0,4466.835921509653,13.039183047916115,44.31607188480776
32.0,4466.835921509653,13.086424509148904,44.33089530316986
33.0,4466.835921509653,13.133649448511571,44.34558968102863
34.0,4466.835921509653,13.18076662278198,44.360124173392144
35.0,4466.835921509653,13.22768802791685,44.374469768306156
36.0,4466.835921509653,13.274329135396947,44.38859935364394
37.0,4466.835921509653,13.320609103907719,44.40248776950643
38.0,4466.835921509653,13.366450965949282,44.41611184645567
39.0,4466.835921509653,13.411781789153594,44.429450429915875
40.0,4466.835921509653,13.456532812266001,44.44248439117999
41.0,4466.835921509653,13.500639555921696,44.455196625554336
42.0,4466.835921509653,13.544041908513545,44.46757203825874
43.0,4466.835921509653,13.586684187605405,44.4795975187747
44.0,4466.835921509653,13.628515177492922,44.491261904399074
45.0,4466.835921509653,13.669488143651414,44.50255593381433
46.0,4466.835921509653,13.709560824936707,44.51347219153053
47.0,4466.835921509653,13.748695404519225,44.52400504408679
48.0,4466.835921509653,13.78685846063366,44.53415056892251
49.0,4466.835921509653,13.824020898315872,44.543906476841435
50.0,4466.835921509653,13.860157863374996,44.55327202899423
51.0,4466.835921509653,13.89524863991199,44.56224794929905
52.0,4466.835921509653,13.929276532746238,44.5708363332049
53.0,4466.835921509653,13.962228736149124,44.57904055367956
54.0,4466.835921509653,13.994096190308513,44.58686516527426
55.0,4466.835921509653,14.024873426960715,44.594315807080854
56.0,4466.835921509653,14.05455840562756,44.60139910535526
57.0,4466.835921509653,14.083152341886132,44.608122576534264
58.0,4466.835921509653,14.11065952907822,44.614494531322
59.0,4466.835921509653,14.137087154836225,44.62052398046856
60.0,4466.835921509653,14.162445113763106,44.62622054280669
61.0,4466.835921509653,14.186745817556544,44.63159435605478
62.0,4466.835921509653,14.210004003812896,44.63665599083541
63.0,4466.835921509653,14.23223654468546,44.64141636829977
64.0,4466.835921509653,14.253462256504976,44.64588668168969
65.0,4466.835921509653,14.273701711399172,44.65007832211157
66.0,4466.835921509653,14.292977051873118,44.65400280874074
67.0,4466.835921509653,14.311311809234457,44.65767172362089
68.0,4466.835921509653,14.32873072666763,44.66109665117196
69.0,4466.835921509653,14.345259587680223,44.66428912247178
70.0,4466.835921509653,14.360925050563011,44.66726056433122
71.0,4466.835921509653,14.375754489424013,44.670022253141106
72.0,4466.835921509653,14.389775842276636,44.672585273430705
73.0,4466.835921509653,14.403017466583282,44.674960481043534
74.0,4466.835921509653,14.415508002579204,44.67715847080497
75.0,4466.835921509653,14.427276244627608,44.679189548529685
76.0,4466.835921509653,14.438351020786193,44.68106370719355
77.0,4466.835921509653,14.44876108069808,44.682790607075134
78.0,4466.835921509653,14.45853499185676,44.68437955965612
79.0,4466.835921509653,14.467701044235337,44.68583951505732
80.0,4466.835921509653,14.476287163215437,44.68717905277788
81.0,4466.835921509653,14.484320830700726,44.68840637549893
82.0,4466.835921509653,14.491829014254053,44.68952930570959
83.0,4466.835921509653,14.49883810405605,44.69055528491272
84.0,4466.835921509653,14.50537385744644,44.69149137516906
85.0,4466.835921509653,14.51146135077732,44.69234426274257
86.0,4466.835921509653,14.517124938280238,44.69312026361523
87.0,4466.835921509653,14.522388217625835,44.693825330646774
88.0,4466.835921509653,14.527274001836041,44.69446506216388
89.0,4466.835921509653,14.531804297194103,44.69504471177283
90.0,4466.835921509653,14.536000286786896,44.695569199200754
91.0,4466.835921509653,14.539882319306725,44.69604312198198
92.0,4466.835921509653,14.543469902736168,44.69647076781821
93.0,4466.835921509653,14.54678170253877,44.69685612745367
94.0,4466.835921509653,14.549835543980763,44.697202907918935
95.0,4466.835921509653,14.552648418213908,44.69751454600993
96.0,4466.835921509653,14.555236491756787,44.69779422188108
97.0,4466.835921509653,14.557615119021323,44.698044872644004
98.0,4466.835921509653,14.55979885754248,44.69826920587489
99.0,4466.835921509653,14.561801485581913,44.698469712945624
100.0,4466.835921509653,14.563636021790488,44.69864868210464
-100.0,5011.8723362727505,15.154052205535882,44.598841727518256
-99.0,5011.8723362727505,15.152143296425816,44.598688325381964
-98.0,5011.8723362727505,15.150059480968437,44.59851646217847
-97.0,5011.8723362727505,15.147787212731073,44.598324176552005
-96.0,5011.8723362727505,15.145312154875304,44.59810933304093
-95.0,5011.8723362727505,15.142619159697322,44.59786961086565
-94.0,5011.8723362727505,15.13969225031062,44.59760249250194
-93.0,5011.8723362727505,15.136514604798872,44.59730525210315
-92.0,5011.8723362727505,15.13306854318158,44.59697494384418
-91.0,5011.8723362727505,15.12933551754841,44.59660839027027
-90.0,5011.8723362727505,15.12529610572975,44.5962021707435
-89.0,5011.8723362727505,15.120930008880864,44.595752610091
-88.0,5011.8723362727505,15.116216053364544,44.595255767569036
-87.0,5011.8723362727505,15.111132197322299,44.59470742626866
-86.0,5011.8723362727505,15.105655542326518,44.594103083098766
-85.0,5011.8723362727505,15.099762350505365,44.59343793949363
-84.0,5011.8723362727505,15.093428067528299,44.592706893002045
-83.0,5011.8723362727505,15.086627351832558,44.59190452992519
-82.0,5011.8723362727505,15.079334110459742,44.59102511917965
-81.0,5011.8723362727505,15.071521541856294,44.59006260757051
-80.0,5011.8723362727505,15.063162185972102,44.589010616666755
-79.0,5011.8723362727505,15.054227981967506,44.5878624414777
-78.0,5011.8723362727505,15.044690333810426,44.586611051133815
-77.0,5011.8723362727505,15.03452018401203,44.585249091778685
-76.0,5011.8723362727505,15.023688095711316,44.58376889188018
-75.0,5011.8723362727505,15.012164343276092,44.5821624701683
-74.0,5011.8723362727505,14.99991901154011,44.58042154640426
-73.0,5011.8723362727505,14.98692210374359,44.57853755518017
-72.0,5011.8723362727505,14.97314365818722,44.5765016629406
-71.0,5011.8723362727505,14.958553873548071,44.57430478840666
-70.0,5011.8723362727505,14.943123242739789,44.57193762656962
-69.0,5011.8723362727505,14.926822695129669,44.56939067640438
-68.0,5011.8723362727505,14.909623746851361,44.566654272433105
-67.0,5011.8723362727505,14.891498658875305,44.563718620246476
-66.0,5011.8723362727505,14.872420602419222,44.5605738360635
-65.0,5011.8723362727505,14.852363831199137,44.55720999038134
-64.0,5011.8723362727505,14.831303859937885,44.55361715573402
-63.0,5011.8723362727505,14.809217648463543,44.54978545854266
-62.0,5011.8723362727505,14.786083790645314,44.545705135001775
-61.0,5011.8723362727505,14.761882707330166,44.5413665909041
-60.0,5011.8723362727505,14.736596842360317,44.53676046526288
-59.0,5011.8723362727505,14.710210860670797,44.53187769754448
-58.0,5011.8723362727505,14.682711847388266,44.526709598276
-57.0,5011.8723362727505,14.654089506778226,44.521247922743655
-56.0,5011.8723362727505,14.624336359818507,44.51548494744737
-55.0,5011.8723362727505,14.593447939113368,44.509413548926446
-54.0,5011.8723362727505,14.561422979805695,44.50302728452079
-53.0,5011.8723362727505,14.528263605095537,44.496320474582475
-52.0,5011.8723362727505,14.49397550493239,44.489288285604204
-51.0,5011.8723362727505,14.458568106417141,44.4819268136849
-50.0,5011.8723362727505,14.42205473442825,44.474233167709336
-49.0,5011.8723362727505,14.384452760976279,44.466205551578376
-48.0,5011.8723362727505,14.345783741791879,44.457843344790724
-47.0,5011.8723362727505,14.306073538665707,44.44914718064582
-46.0,5011.8723362727505,14.26535242608449,44.44011902131188
-45.0,5011.8723362727505,14.223655180746546,44.43076222898371
-44.0,5011.8723362727505,14.181021152592285,44.421081632342066
-43.0,5011.8723362727505,14.137494316051175,44.411083587521176
-42.0,5011.8723362727505,14.093123300286004,44.4007760327932
-41.0,5011.8723362727505,14.047961397308214,44.390168536189435
-40.0,5011.8723362727505,14.0020665469443,44.37927233529713
-39.0,5011.8723362727505,13.955501297752278,44.36810036849932
-38.0,5011.8723362727505,13.908332743118654,44.356667296962
-37.0,5011.8723362727505,13.860632431909462,44.3449895167198
-36.0,5011.8723362727505,13.81247625320289,44.33308516026623
-35.0,5011.8723362727505,13.763944294794985,44.320974087119566
-34.0,5011.8723362727505,13.715120675342602,44.30867786290755
-33.0,5011.8723362727505,13.666093350188172,44.29621972659597
-32.0,5011.8723362727505,13.616953891097436,44.28362454557417
-31.0,5011.8723362727505,13.567797240332727,44.27091875840665
-30.0,5011.8723362727505,13.518721439678982,44.258130305161444
-29.0,5011.8723362727505,13.469827335235964,44.24528854533309
-28.0,5011.8723362727505,13.421218258986196,44.23242416348935
-27.0,5011.8723362727505,13.372999688342452,44.21956906288516
-26.0,5011.8723362727505,13.325278885069007,44.206756247403895
-25.0,5011.8723362727505,13.278164515155941,44.19401969230296
-24.0,5011.8723362727505,13.231766251403318,44.18139420435738
-23.0,5011.8723362727505,13.186194360640568,44.16891527210955
-22.0,5011.8723362727505,13.141559277663582,44.15661890704463
-21.0,5011.8723362727505,13.09797116811345,44.14454147661741
-20.0,5011.8723362727505,13.055539482609628,44.13271953015715
-19.5,5011.8723362727505,13.034791195424683,44.126915790594325
-19.0,5011.8723362727505,13.014372504132723,44.12118961876978
-18.5,5011.8723362727505,12.994296686116108,44.11554555351091
-18.0,5011.8723362727505,12.974576886864366,44.10998811044113
-17.5,5011.8723362727505,12.95522610219313,44.10452177602994
-17.0,5011.8723362727505,12.936257154549473,44.099151001619674
-16.5,5011.8723362727505,12.917682654257058,44.09388019743986
-16.0,5011.8723362727505,12.899514923893623,44.08871372662027
-15.5,5011.8723362727505,12.881765835940254,44.08365589921407
-15.0,5011.8723362727505,12.86444645445893,44.07871096624229
-14.5,5011.8723362727505,12.84756625172456,44.0738831137712
-14.0,5011.8723362727505,12.831131440883048,44.06917645703391
-13.5,5011.8723362727505,12.815141548185796,44.06459503460783
-13.0,5011.8723362727505,12.799582633920153,44.060142802659406
-12.5,5011.8723362727505,12.784414428379721,44.05582362926757
-12.0,5011.8723362727505,12.76954696096761,44.05164128883726
-11.5,5011.8723362727505,12.754800004951829,44.04759945661434
-11.0,5011.8723362727505,12.73983604955986,44.04370170331295
-10.5,5011.8723362727505,12.7240551812587,44.039951489866326
-10.0,5011.8723362727505,12.706439463188989,44.036352162311914
-9.5,5011.8723362727505,12.685337116059372,44.03290694682121
-9.0,5011.8723362727505,12.658185536280145,44.02961894488478
-8.5,5011.8723362727505,12.621189359033492,44.02649112866249
-8.0,5011.8723362727505,12.568996517364667,44.0235263365086
-7.5,5011.8723362727505,12.49444974550965,44.0207272686813
-7.0,5011.8723362727505,12.38852680727535,44.01809648324558
-6.5,5011.8723362727505,12.240608104712592,44.01563639217837
-6.0,5011.8723362727505,12.039209244832799,44.013349257684
-5.5,5011.8723362727505,11.773272359354547,44.01123718872802
-5.0,5011.8723362727505,11.434013579952293,44.00930213779675
-4.5,5011.8723362727505,11.017179228511548,44.00754589788961
-4.0,5011.8723362727505,10.52539397127736,44.0059700997505
-3.5,5011.8723362727505,9.970134277288086,44.00457620934454
-3.0,5011.8723362727505,9.372785374880632,44.00336552558535
-2.5,5011.8723362727505,8.764289649166805,44.00233917831793
-2.0,5011.8723362727505,8.183093173974974,44.00149812656152
-1.5,5011.8723362727505,7.671425767816537,44.00084315701628
-1.0,5011.8723362727505,7.270341518893713,44.00037488283691
-0.5,5011.8723362727505,7.014298851421702,44.000093742676164
0.0,5011.8723362727505,6.926263692855535,44.0
0.5,5011.8723362727505,7.014298851421702,44.000093742676164
1.0,5011.8723362727505,7.270341518893713,44.00037488283691
1.5,5011.8723362727505,7.671425767816537,44.00084315701628
2.0,5011.8723362727505,8.183093173974974,44.00149812656152
2.5,5011.8723362727505,8.764289649166805,44.00233917831793
3.0,5011.8723362727505,9.372785374880632,44.00336552558535
3.5,5011.8723362727505,9.970134277288086,44.00457620934454
4.0,5011.8723362727505,10.52539397127736,44.0059700997505
4.5,5011.8723362727505,11.017179228511548,44.00754589788961
5.0,5011.8723362727505,11.434013579952293,44.00930213779675
5.5,5011.8723362727505,11.773272359354547,44.01123718872802
6.0,5011.8723362727505,12.039209244832799,44.013349257684
6.5,5011.8723362727505,12.240608104712592,44.01563639217837
7.0,5011.8723362727505,12.38852680727535,44.01809648324558
7.5,5011.8723362727505,12.49444974550965,44.0207272686813
8.0,5011.8723362727505,12.568996517364667,44.0235263365086
8.5,5011.8723362727505,12.621189359033492,44.02649112866249
9.0,5011.8723362727505,12.658185536280145,44.02961894488478
9.5,5011.8723362727505,12.685337116059372,44.03290694682121
10.0,5011.8723362727505,12.706439463188989,44.036352162311914
10.5,5011.8723362727505,12.7240551812587,44.039951489866326
11.0,5011.8723362727505,12.73983604955986,44.04370170331295
11.5,5011.8723362727505,12.754800004951829,44.04759945661434
12.0,5011.8723362727505,12.76954696096761,44.05164128883726
12.5,5011.8723362727505,12.784414428379721,44.05582362926757
13.0,5011.8723362727505,12.799582633920153,44.060142802659406
13.5,5011.8723362727505,12.815141548185796,44.06459503460783
14.0,5011.8723362727505,12.831131440883048,44.06917645703391
14.5,5011.8723362727505,12.84756625172456,44.0738831137712
15.0,5011.8723362727505,12.86444645445893,44.07871096624229
15.5,5011.8723362727505,12.881765835940254,44.08365589921407
16.0,5011.8723362727505,12.899514923893623,44.08871372662027
16.5,5011.8723362727505,12.917682654257058,44.09388019743986
17.0,5011.8723362727505,12.936257154549473,44.099151001619674
17.5,5011.8723362727505,12.95522610219313,44.10452177602994
18.0,5011.8723362727505,12.974576886864366,44.10998811044113
18.5,5011.8723362727505,12.994296686116108,44.11554555351091
19.0,5011.8723362727505,13.014372504132723,44.12118961876978
19.5,5011.8723362727505,13.034791195424683,44.126915790594325
20.0,5011.8723362727505,13.055539482609628,44.13271953015715
21.0,5011.8723362727505,13.09797116811345,44.14454147661741
22.0,5011.8723362727505,13.141559277663582,44.15661890704463
23.0,5011.8723362727505,13.186194360640568,44.16891527210955
24.0,5011.8723362727505,13.231766251403318,44.18139420435738
25.0,5011.8723362727505,13.278164515155941,44.19401969230296
26.0,5011.8723362727505,13.325278885069007,44.206756247403895
27.0,5011.8723362727505,13.372999688342452,44.21956906288516
28.0,5011.8723362727505,13.421218258986196,44.23242416348935
29.0,5011.8723362727505,13.469827335235964,44.24528854533309
30.0,5011.8723362727505,13.518721439678982,44.258130305161444
31.0,5011.8723362727505,13.567797240332727,44.27091875840665
32.0,5011.8723362727505,13.616953891097436,44.28362454557417
33.0,5011.8723362727505,13.666093350188172,44.29621972659597
34.0,5011.8723362727505,13.715120675342602,44.30867786290755
35.0,5011.8723362727505,13.763944294794985,44.320974087119566
36.0,5011.8723362727505,13.81247625320289,44.33308516026623
37.0,5011.8723362727505,13.860632431909462,44.3449895167198
38.0,5011.8723362727505,13.908332743118654,44.356667296962
39.0,5011.8723362727505,13.955501297752278,44.36810036849932
40.0,5011.8723362727505,14.0020665469443,44.37927233529713
41.0,5011.8723362727505,14.047961397308214,44.390168536189435
42.0,5011.8723362727505,14.093123300286004,44.4007760327932
43.0,5011.8723362727505,14.137494316051175,44.411083587521176
44.0,5011.8723362727505,14.181021152592285,44.421081632342066
45.0,5011.8723362727505,14.223655180746546,44.43076222898371
46.0,5011.8723362727505,14.26535242608449,44.44011902131188
47.0,5011.8723362727505,14.306073538665707,44.44914718064582
48.0,5011.8723362727505,14.345783741791879,44.457843344790724
49.0,5011.8723362727505,14.384452760976279,44.466205551578376
50.0,5011.8723362727505,14.42205473442825,44.474233167709336
51.0,5011.8723362727505,14.458568106417141,44.4819268136849
52.0,5011.8723362727505,14.49397550493239,44.489288285604204
53.0,5011.8723362727505,14.528263605095537,44.496320474582475
54.0,5011.8723362727505,14.561422979805695,44.50302728452079
55.0,5011.8723362727505,14.593447939113368,44.509413548926446
56.0,5011.8723362727505,14.624336359818507,44.51548494744737
57.0,5011.8723362727505,14.654089506778226,44.521247922743655
58.0,5011.8723362727505,14.682711847388266,44.526709598276
59.0,5011.8723362727505,14.710210860670797,44.53187769754448
60.0,5011.8723362727505,14.736596842360317,44.53676046526288
61.0,5011.8723362727505,14.761882707330166,44.5413665909041
62.0,5011.8723362727505,14.786083790645314,44.545705135001775
63.0,5011.8723362727505,14.809217648463543,44.54978545854266
64.0,5011.8723362727505,14.831303859937885,44.55361715573402
65.0,5011.8723362727505,14.852363831199137,44.55720999038134
66.0,5011.8723362727505,14.872420602419222,44.5605738360635
67.0,5011.8723362727505,14.891498658875305,44.563718620246476
68.0,5011.8723362727505,14.909623746851361,44.566654272433105
69.0,5011.8723362727505,14.926822695129669,44.56939067640438
70.0,5011.8723362727505,14.943123242739789,44.57193762656962
71.0,5011.8723362727505,14.958553873548071,44.57430478840666
72.0,5011.8723362727505,14.97314365818722,44.5765016629406
73.0,5011.8723362727505,14.98692210374359,44.57853755518017
74.0,5011.8723362727505,14.99991901154011,44.58042154640426
75.0,5011.8723362727505,15.012164343276092,44.5821624701683
76.0,5011.8723362727505,15.023688095711316,44.58376889188018
77.0,5011.8723362727505,15.03452018401203,44.585249091778685
78.0,5011.8723362727505,15.044690333810426,44.586611051133815
79.0,5011.8723362727505,15.054227981967506,44.5878624414777
80.0,5011.8723362727505,15.063162185972102,44.589010616666755
81.0,5011.8723362727505,15.071521541856294,44.59006260757051
82.0,5011.8723362727505,15.079334110459742,44.59102511917965
83.0,5011.8723362727505,15.086627351832558,44.59190452992519
84.0,5011.8723362727505,15.093428067528299,44.592706893002045
85.0,5011.8723362727505,15.099762350505365,44.59343793949363
86.0,5011.8723362727505,15.105655542326518,44.594103083098766
87.0,5011.8723362727505,15.111132197322299,44.59470742626866
88.0,5011.8723362727505,15.116216053364544,44.595255767569036
89.0,5011.8723362727505,15.120930008880864,44.595752610091
90.0,5011.8723362727505,15.12529610572975,44.5962021707435
91.0,5011.8723362727505,15.12933551754841,44.59660839027027
92.0,5011.8723362727505,15.13306854318158,44.59697494384418
93.0,5011.8723362727505,15.136514604798872,44.59730525210315
94.0,5011.8723362727505,15.13969225031062,44.59760249250194
95.0,5011.8723362727505,15.142619159697322,44.59786961086565
96.0,5011.8723362727505,15.145312154875304,44.59810933304093
97.0,5011.8723362727505,15.147787212731073,44.598324176552005
98.0,5011.8723362727505,15.150059480968437,44.59851646217847
99.0,5011.8723362727505,15.152143296425816,44.598688325381964
100.0,5011.8723362727505,15.154052205535882,44.598841727518256
-100.0,5623.413251903526,15.757735923293744,44.49903477293188
-99.0,5623.413251903526,15.755750970011942,44.4989069378183
-98.0,5623.413251903526,15.753584142734004,44.49876371848206
-97.0,5623.413251903526,15.751221355385402,44.498603480460005
-96.0,5623.413251903526,15.748647699998903,44.49842444420077
-95.0,5623.413251903526,15.745847425439875,44.498224675721374
-94.0,5623.413251903526,15.742803918359293,44.498002077084955
-93.0,5623.413251903526,15.739499686715318,44.497754376752624
-92.0,5623.413251903526,15.735916346219708,44.49747911987015
-91.0,5623.413251903526,15.732034610079134,44.49717365855855
-90.0,5623.413251903526,15.7278342824136,44.49683514228625
-89.0,5623.413251903526,15.723294255744353,44.496460508409164
-88.0,5623.413251903526,15.718392512951548,44.4960464729742
-87.0,5623.413251903526,15.713106134107182,44.49558952189055
-86.0,5623.413251903526,15.70741130859147,44.495085902582304
-85.0,5623.413251903526,15.701283352899916,44.49453161624469
-84.0,5623.413251903526,15.694696734544491,44.49392241083504
-83.0,5623.413251903526,15.687625102444416,44.493253774937656
-82.0,5623.413251903526,15.680041324190327,44.492520932649704
-81.0,5623.413251903526,15.671917530549788,44.49171883964209
-80.0,5623.413251903526,15.663225167561635,44.490842180555624
-79.0,5623.413251903526,15.653935056541835,44.48988536789808
-78.0,5623.413251903526,15.644017462293766,44.488842542611515
-77.0,5623.413251903526,15.633442169781251,44.48770757648224
-76.0,5623.413251903526,15.622178569483102,44.48647407656682
-75.0,5623.413251903526,15.610195751603317,44.485135391806914
-74.0,5623.413251903526,15.59746260926148,44.483684622003544
-73.0,5623.413251903526,15.583947950733238,44.48211462931681
-72.0,5623.413251903526,15.5696206207514,44.4804180524505
-71.0,5623.413251903526,15.55444963081397,44.478587323672215
-70.0,5623.413251903526,15.538404298376888,44.47661468880801
-69.0,5623.413251903526,15.521454394736493,44.474492230336985
-68.0,5623.413251903526,15.503570301330177,44.47221189369425
-67.0,5623.413251903526,15.484723174103783,44.469765516872066
-66.0,5623.413251903526,15.464885115511454,44.467144863386245
-65.0,5623.413251903526,15.444029353628531,44.464341658651115
-64.0,5623.413251903526,15.422130427771213,44.461347629778345
-63.0,5623.413251903526,15.399164379928804,44.45815454878555
-62.0,5623.413251903526,15.375108951226142,44.45475427916815
-61.0,5623.413251903526,15.349943782546148,44.45113882575341
-60.0,5623.413251903526,15.323650618355954,44.44730038771906
-59.0,5623.413251903526,15.296213512695964,44.4432314146204
-58.0,5623.413251903526,15.267619036210064,44.43892466523
-57.0,5623.413251903526,15.237856483018197,44.434373268953046
-56.0,5623.413251903526,15.206918076160465,44.429570789539476
-55.0,5623.413251903526,15.174799170275914,44.42451129077204
-54.0,5623.413251903526,15.141498450120007,44.41918940376733
-53.0,5623.413251903526,15.107018123473559,44.413600395485396
-52.0,5623.413251903526,15.07136410695348,44.4077402380035
-51.0,5623.413251903526,15.034546203202938,44.40160567807075
-50.0,5623.413251903526,14.996578267916313,44.39519430642445
-49.0,5623.413251903526,14.95747836514348,44.38850462631531
-48.0,5623.413251903526,14.917268909318988,44.381536120658936
-47.0,5623.413251903526,14.875976792475548,44.37428931720485
-46.0,5623.413251903526,14.833633495128115,44.366765851093234
-45.0,5623.413251903526,14.790275179355381,44.35896852415309
-44.0,5623.413251903526,14.745942762659885,44.35090136028505
-43.0,5623.413251903526,14.700681971256472,44.34256965626764
-42.0,5623.413251903526,14.654543371521383,44.33398002732767
-41.0,5623.413251903526,14.607582378430871,44.32514044682453
-40.0,5623.413251903526,14.559859239928718,44.31606027941427
-39.0,5623.413251903526,14.511438996285754,44.306750307082766
-38.0,5623.413251903526,14.462391413651153,44.29722274746834
-37.0,5623.413251903526,14.412790891144121,44.28749126393316
-36.0,5623.413251903526,14.362716340994698,44.277570966888526
-35.0,5623.413251903526,14.312251041412804,44.26747840593297
-34.0,5623.413251903526,14.261482462044377,44.25723155242296
-33.0,5623.413251903526,14.210502062060883,44.24684977216331
-32.0,5623.413251903526,14.159405061122582,44.23635378797847
-31.0,5623.413251903526,14.108290183654965,44.22576563200554
-30.0,5623.413251903526,14.057259377080113,44.21510858763454
-29.0,5623.413251903526,14.006417504848896,44.20440712111091
-28.0,5623.413251903526,13.955872015323706,44.19368680290779
-27.0,5623.413251903526,13.905732587763517,44.182974219070964
-26.0,5623.413251903526,13.85611075686104,44.172296872836576
-25.0,5623.413251903526,13.807119517474174,44.16168307691913
-24.0,5623.413251903526,13.75887291137854,44.151161836964484
-23.0,5623.413251903526,13.711485598043149,44.14076272675796
-22.0,5623.413251903526,13.665072411594663,44.130515755870526
-21.0,5623.413251903526,13.619747906282765,44.12045123051451
-20.0,5623.413251903526,13.575625892851583,44.1105996084643
-19.5,5623.413251903526,13.55405106745923,44.10576315882861
-19.0,5623.413251903526,13.5328189678918,44.100991348974816
-18.5,5623.413251903526,13.511943400455499,44.096287961259094
-18.0,5623.413251903526,13.491438034309553,44.09165675870094
-17.5,5623.413251903526,13.471316382976816,44.08710148002495
-17.0,5623.413251903526,13.4515917797052,44.082625834683064
-16.5,5623.413251903526,13.43227733716896,44.07823349786655
-16.0,5623.413251903526,13.413385868833645,44.07392810551689
-15.5,5623.413251903526,13.394929720137895,44.06971324934506
-15.0,5623.413251903526,13.376920395896702,44.06559247186858
-14.5,5623.413251903526,13.359367745726821,44.061569261476
-14.0,5623.413251903526,13.342278230283869,44.057647047528256
-13.5,5623.413251903526,13.325651356946777,44.05382919550652
-13.0,5623.413251903526,13.309472630694163,44.05011900221617
-12.5,5623.413251903526,13.293700177617287,44.04651969105631
-12.0,5623.413251903526,13.278240443009626,44.04303440736439
-11.5,5623.413251903526,13.262906020545104,44.03966621384529
-11.0,5623.413251903526,13.247345954218526,44.03641808609412
-10.5,5623.413251903526,13.23093643206846,44.03329290822194
-10.0,5623.413251903526,13.21261896623973,44.030293468593264
-9.5,5623.413251903526,13.190675976409675,44.02742245568434
-9.0,5623.413251903526,13.16244277394618,44.02468245407065
-8.5,5623.413251903526,13.123972800151899,44.02207594055208
-8.0,5623.413251903526,13.06970078069804,44.01960528042384
-7.5,5623.413251903526,12.992184329725523,44.01727272390108
-7.0,5623.413251903526,12.882041797135743,44.01508040270465
-6.5,5623.413251903526,12.728230537844405,44.01303032681531
-6.0,5623.413251903526,12.518808661359191,44.011124381403334
-5.5,5623.413251903526,12.242277793127217,44.00936432394001
-5.0,5623.413251903526,11.889504146648239,44.0077517814973
-4.5,5623.413251903526,11.456064592351256,44.00628824824134
-4.0,5623.413251903526,10.944688353879906,44.004975083125416
-3.5,5623.413251903526,10.367309082114195,44.00381350778712
-3.0,5623.413251903526,9.746163917075933,44.00280460465446
-2.5,5623.413251903526,9.113427878806991,44.001949315264945
-2.0,5623.413251903526,8.509078596423208,44.00124843880127
-1.5,5623.413251903526,7.977028174697989,44.000702630846895
-1.0,5623.413251903526,7.559966151168094,44.000312402364095
-0.5,5623.413251903526,7.293723651512076,44.0000781188968
0.0,5623.413251903526,7.202181484319054,44.0
0.5,5623.413251903526,7.293723651512076,44.0000781188968
1.0,5623.413251903526,7.559966151168094,44.000312402364095
1.5,5623.413251903526,7.977028174697989,44.000702630846895
2.0,5623.413251903526,8.509078596423208,44.00124843880127
2.5,5623.413251903526,9.113427878806991,44.001949315264945
3.0,5623.413251903526,9.746163917075933,44.00280460465446
3.5,5623.413251903526,10.367309082114195,44.00381350778712
4.0,5623.413251903526,10.944688353879906,44.004975083125416
4.5,5623.413251903526,11.456064592351256,44.00628824824134
5.0,5623.413251903526,11.889504146648239,44.0077517814973
5.5,5623.413251903526,12.242277793127217,44.00936432394001
6.0,5623.413251903526,12.518808661359191,44.011124381403334
6.5,5623.413251903526,12.728230537844405,44.01303032681531
7.0,5623.413251903526,12.882041797135743,44.01508040270465
7.5,5623.413251903526,12.992184329725523,44.01727272390108
8.0,5623.413251903526,13.06970078069804,44.01960528042384
8.5,5623.413251903526,13.123972800151899,44.02207594055208
9.0,5623.413251903526,13.16244277394618,44.02468245407065
9.5,5623.413251903526,13.190675976409675,44.02742245568434
10.0,5623.413251903526,13.21261896623973,44.030293468593264
10.5,5623.413251903526,13.23093643206846,44.03329290822194
11.0,5623.413251903526,13.247345954218526,44.03641808609412
11.5,5623.413251903526,13.262906020545104,44.03966621384529
12.0,5623.413251903526,13.278240443009626,44.04303440736439
12.5,5623.413251903526,13.293700177617287,44.04651969105631
13.0,5623.413251903526,13.309472630694163,44.05011900221617
13.5,5623.413251903526,13.325651356946777,44.05382919550652
14.0,5623.413251903526,13.342278230283869,44.057647047528256
14.5,5623.413251903526,13.359367745726821,44.061569261476
15.0,5623.413251903526,13.376920395896702,44.06559247186858
15.5,5623.413251903526,13.394929720137895,44.06971324934506
16.0,5623.413251903526,13.413385868833645,44.07392810551689
16.5,5623.413251903526,13.43227733716896,44.07823349786655
17.0,5623.413251903526,13.4515917797052,44.082625834683064
17.5,5623.413251903526,13.471316382976816,44.08710148002495
18.0,5623.413251903526,13.491438034309553,44.09165675870094
18.5,5623.413251903526,13.511943400455499,44.096287961259094
19.0,5623.413251903526,13.5328189678918,44.100991348974816
19.5,5623.413251903526,13.55405106745923,44.10576315882861
20.0,5623.413251903526,13.575625892851583,44.1105996084643
21.0,5623.413251903526,13.619747906282765,44.12045123051451
22.0,5623.413251903526,13.665072411594663,44.130515755870526
23.0,5623.413251903526,13.711485598043149,44.14076272675796
24.0,5623.413251903526,13.75887291137854,44.151161836964484
25.0,5623.413251903526,13.807119517474174,44.16168307691913
26.0,5623.413251903526,13.85611075686104,44.172296872836576
27.0,5623.413251903526,13.905732587763517,44.182974219070964
28.0,5623.413251903526,13.955872015323706,44.19368680290779
29.0,5623.413251903526,14.006417504848896,44.20440712111091
30.0,5623.413251903526,14.057259377080113,44.21510858763454
31.0,5623.413251903526,14.108290183654965,44.22576563200554
32.0,5623.413251903526,14.159405061122582,44.23635378797847
33.0,5623.413251903526,14.210502062060883,44.24684977216331
34.0,5623.413251903526,14.261482462044377,44.25723155242296
35.0,5623.413251903526,14.312251041412804,44.26747840593297
36.0,5623.413251903526,14.362716340994698,44.277570966888526
37.0,5623.413251903526,14.412790891144121,44.28749126393316
38.0,5623.413251903526,14.462391413651153,44.29722274746834
39.0,5623.413251903526,14.511438996285754,44.306750307082766
40.0,5623.413251903526,14.559859239928718,44.31606027941427
41.0,5623.413251903526,14.607582378430871,44.32514044682453
42.0,5623.413251903526,14.654543371521383,44.33398002732767
43.0,5623.413251903526,14.700681971256472,44.34256965626764
44.0,5623.413251903526,14.745942762659885,44.35090136028505
45.0,5623.413251903526,14.790275179355381,44.35896852415309
46.0,5623.413251903526,14.833633495128115,44.366765851093234
47.0,5623.413251903526,14.875976792475548,44.37428931720485
48.0,5623.413251903526,14.917268909318988,44.381536120658936
49.0,5623.413251903526,14.95747836514348,44.38850462631531
50.0,5623.413251903526,14.996578267916313,44.39519430642445
51.0,5623.413251903526,15.034546203202938,44.40160567807075
52.0,5623.413251903526,15.07136410695348,44.4077402380035
53.0,5623.413251903526,15.107018123473559,44.413600395485396
54.0,5623.413251903526,15.141498450120007,44.41918940376733
55.0,5623.413251903526,15.174799170275914,44.42451129077204
56.0,5623.413251903526,15.206918076160465,44.429570789539476
57.0,5623.413251903526,15.237856483018197,44.434373268953046
58.0,5623.413251903526,15.267619036210064,44.43892466523
59.0,5623.413251903526,15.296213512695964,44.4432314146204
60.0,5623.413251903526,15.323650618355954,44.44730038771906
61.0,5623.413251903526,15.349943782546148,44.45113882575341
62.0,5623.413251903526,15.375108951226142,44.45475427916815
63.0,5623.413251903526,15.399164379928804,44.45815454878555
64.0,5623.413251903526,15.422130427771213,44.461347629778345
65.0,5623.413251903526,15.444029353628531,44.464341658651115
66.0,5623.413251903526,15.464885115511454,44.467144863386245
67.0,5623.413251903526,15.484723174103783,44.469765516872066
68.0,5623.413251903526,15.503570301330177,44.47221189369425
69.0,5623.413251903526,15.521454394736493,44.474492230336985
70.0,5623.413251903526,15.538404298376888,44.47661468880801
71.0,5623.413251903526,15.55444963081397,44.478587323672215
72.0,5623.413251903526,15.5696206207514,44.4804180524505
73.0,5623.413251903526,15.583947950733238,44.48211462931681
74.0,5623.413251903526,15.59746260926148,44.483684622003544
75.0,5623.413251903526,15.610195751603317,44.485135391806914
76.0,5623.413251903526,15.622178569483102,44.48647407656682
77.0,5623.413251903526,15.633442169781251,44.48770757648224
78.0,5623.413251903526,15.644017462293766,44.488842542611515
79.0,5623.413251903526,15.653935056541835,44.48988536789808
80.0,5623.413251903526,15.663225167561635,44.490842180555624
81.0,5623.413251903526,15.671917530549788,44.49171883964209
82.0,5623.413251903526,15.680041324190327,44.492520932649704
83.0,5623.413251903526,15.687625102444416,44.493253774937656
84.0,5623.413251903526,15.694696734544491,44.49392241083504
85.0,5623.413251903526,15.701283352899916,44.49453161624469
86.0,5623.413251903526,15.70741130859147,44.495085902582304
87.0,5623.413251903526,15.713106134107182,44.49558952189055
88.0,5623.413251903526,15.718392512951548,44.4960464729742
89.0,5623.413251903526,15.723294255744353,44.496460508409164
90.0,5623.413251903526,15.7278342824136,44.49683514228625
91.0,5623.413251903526,15.732034610079134,44.49717365855855
92.0,5623.413251903526,15.735916346219708,44.49747911987015
93.0,5623.413251903526,15.739499686715318,44.497754376752624
94.0,5623.413251903526,15.742803918359293,44.498002077084955
95.0,5623.413251903526,15.745847425439875,44.498224675721374
96.0,5623.413251903526,15.748647699998903,44.49842444420077
97.0,5623.413251903526,15.751221355385402,44.498603480460005
98.0,5623.413251903526,15.753584142734004,44.49876371848206
99.0,5623.413251903526,15.755750970011942,44.4989069378183
100.0,5623.413251903526,15.757735923293744,44.49903477293188
-100.0,6309.573444801968,16.37473595627315,44.3992278183455
-99.0,6309.573444801968,16.37267328140455,44.39912555025464
-98.0,6309.573444801968,16.370421611195592,44.39901097478565
-97.0,6309.573444801968,16.367966308026247,44.398882784368
-96.0,6309.573444801968,16.365291880202253,44.39873955536062
-95.0,6309.573444801968,16.36238195984743,44.3985797405771
-94.0,6309.573444801968,16.35921928311086,44.39840166166796
-93.0,6309.573444801968,16.355785673043286,44.398203501402094
-92.0,6309.573444801968,16.352062025512783,44.39798329589612
-91.0,6309.573444801968,16.348028298544442,44.39773892684684
-90.0,6309.573444801968,16.343663505481036,44.397468113829
-89.0,6309.573444801968,16.33894571237261,44.39716840672733
-88.0,6309.573444801968,16.33385204001076,44.39683717837936
-87.0,6309.573444801968,16.328358671029157,44.39647161751244
-86.0,6309.573444801968,16.322440862494304,44.39606872206584
-85.0,6309.573444801968,16.316072964409873,44.39562529299575
-84.0,6309.573444801968,16.30922844455373,44.39513792866803
-83.0,6309.573444801968,16.301879920058695,44.394603019950125
-82.0,6309.573444801968,16.293999196135783,44.39401674611977
-81.0,6309.573444801968,16.285557312322357,44.39337507171367
-80.0,6309.573444801968,16.276524596616245,44.3926737444445
-79.0,6309.573444801968,16.266870727831147,44.39190829431846
-78.0,6309.573444801968,16.25656480647772,44.39107403408921
-77.0,6309.573444801968,16.24557543443876,44.39016606118579
-76.0,6309.573444801968,16.233870803665848,44.38917926125345
-75.0,6309.573444801968,16.22141879407838,44.38810831344553
-74.0,6309.573444801968,16.20818708079443,44.386947697602835
-73.0,6309.573444801968,16.194143250766032,44.385691703453446
-72.0,6309.573444801968,16.17925492882987,44.3843344419604
-71.0,6309.573444801968,16.16348991311759,44.382869858937774
-70.0,6309.573444801968,16.14681631969866,44.38129175104641
-69.0,6309.573444801968,16.129202736253248,44.37959378426959
-68.0,6309.573444801968,16.110618384492863,44.3777695149554
-67.0,6309.573444801968,16.09103329096364,44.37581241349765
-66.0,6309.573444801968,16.0704184657809,44.37371589070899
-65.0,6309.573444801968,16.048746088755284,44.37147332692089
-64.0,6309.573444801968,16.025989702280402,44.36907810382267
-63.0,6309.573444801968,16.00212441026071,44.366523639028436
-62.0,6309.573444801968,15.977127082266481,44.36380342333452
-61.0,6309.573444801968,15.950976562011801,44.36091106060273
-60.0,6309.573444801968,15.9236538791616,44.35784031017525
-59.0,6309.573444801968,15.89514246338628,44.35458513169632
-58.0,6309.573444801968,15.865428359498278,44.351139732184
-57.0,6309.573444801968,15.834500442424803,44.347498615162436
-56.0,6309.573444801968,15.80235063069619,44.343656631631575
-55.0,6309.573444801968,15.76897409706064,44.33960903261763
-54.0,6309.573444801968,15.734369474774729,44.33535152301386
-53.0,6309.573444801968,15.69853905806575,44.33088031638832
-52.0,6309.573444801968,15.661488995217962,44.3261921904028
-51.0,6309.573444801968,15.623229472700682,44.3212845424566
-50.0,6309.573444801968,15.583774888733178,44.31615544513956
-49.0,6309.573444801968,15.543144014669942,44.31080370105225
-48.0,6309.573444801968,15.501360142591073,44.30522889652715
-47.0,6309.573444801968,15.458451217496865,44.29943145376388
-46.0,6309.573444801968,15.414449952533591,44.29341268087459
-45.0,6309.573444801968,15.36939392571963,44.28717481932247
-44.0,6309.573444801968,15.32332565669761,44.28072108822804
-43.0,6309.573444801968,15.276292662109393,44.274055725014115
-42.0,6309.573444801968,15.228347488276556,44.267184021862136
-41.0,6309.573444801968,15.179547719969436,44.26011235745962
-40.0,6309.573444801968,15.12995596416255,44.25284822353142
-39.0,6309.573444801968,15.07963980780281,44.24540024566621
-38.0,6309.573444801968,15.028671748759006,44.23777819797467
-37.0,6309.573444801968,14.977129099275638,44.22999301114653
-36.0,6309.573444801968,14.925093861420567,44.22205677351082
-35.0,6309.573444801968,14.872652574193118,44.21398272474637
-34.0,6309.573444801968,14.81989613214587,44.205785241938365
-33.0,6309.573444801968,14.766919575568291,44.197479817730645
-32.0,6309.573444801968,14.71382185248199,44.189083030382776
-31.0,6309.573444801968,14.660705552904192,44.18061250560443
-30.0,6309.573444801968,14.607676616046353,44.17208687010763
-29.0,6309.573444801968,14.55484401132691,44.163525696888726
-28.0,6309.573444801968,14.502319394288998,44.154949442326235
-27.0,6309.573444801968,14.450216738723922,44.14637937525677
-26.0,6309.573444801968,14.39865194650693,44.13783749826926
-25.0,6309.573444801968,14.347742436851762,44.129346461535306
-24.0,6309.573444801968,14.297606716882342,44.120929469571585
-23.0,6309.573444801968,14.248363935601997,44.11261018140637
-22.0,6309.573444801968,14.200133423510486,44.10441260469642
-21.0,6309.573444801968,14.153034220271909,44.096360984411604
-20.0,6309.573444801968,14.10718459293257,44.088479686771436
-19.5,6309.573444801968,14.084764997197361,44.084610527062885
-19.0,6309.573444801968,14.062701546844696,44.080793079179855
-18.5,6309.573444801968,14.04100858877186,44.077030369007275
-18.0,6309.573444801968,14.019700327359114,44.073325406960755
-17.5,6309.573444801968,13.998790805256343,44.069681184019956
-17.0,6309.573444801968,13.978293877779755,44.066100667746454
-16.5,6309.573444801968,13.958223171035268,44.06258679829324
-16.0,6309.573444801968,13.938592000204448,44.05914248441351
-15.5,6309.573444801968,13.919413194116204,44.05577059947605
-15.0,6309.573444801968,13.90069870806085,44.05247397749486
-14.5,6309.573444801968,13.882458777320561,44.0492554091808
-14.0,6309.573444801968,13.864700115520337,44.04611763802261
-13.5,6309.573444801968,13.84742221075035,44.04306335640522
-13.0,6309.573444801968,13.830610000431243,44.040095201772935
-12.5,6309.573444801968,13.814219971065745,44.03721575284504
-12.0,6309.573444801968,13.798154904777872,44.03442752589151
-11.5,6309.573444801968,13.782220057276884,44.03173297107623
-11.0,6309.573444801968,13.766050730744185,44.0291344688753
-10.5,6309.573444801968,13.748998687628097,44.02663432657755
-10.0,6309.573444801968,13.729963994586303,44.02423477487461
-9.5,6309.573444801968,13.707161818797383,44.02193796454747
-9.0,6309.573444801968,13.677823134751009,44.01974596325652
-8.5,6309.573444801968,13.637846854770654,44.017660752441664
-8.0,6309.573444801968,13.581449794133471,44.01568422433907
-7.5,6309.573444801968,13.500898157583581,44.01381817912087
-7.0,6309.573444801968,13.386442953010267,44.01206432216372
-6.5,6309.573444801968,13.22660915643836,44.01042426145224
-6.0,6309.573444801968,13.008987288195005,44.00889950512266
-5.5,6309.573444801968,12.721628750578956,44.00749145915201
-5.0,6309.573444801968,12.355042120269603,44.00620142519784
-4.5,6309.573444801968,11.904631078406283,44.00503059859307
-4.0,6309.573444801968,11.37323171240331,44.00398006650033
-3.5,6309.573444801968,10.773244939696145,44.003050806229695
-3.0,6309.573444801968,10.127778603826032,44.00224368372357
-2.5,6309.573444801968,9.470267549756626,44.00155945221195
-2.0,6309.573444801968,8.842254745596804,44.00099875104102
-1.5,6309.573444801968,8.28937169097628,44.00056210467751
-1.0,6309.573444801968,7.855979448211527,44.000249921891275
-0.5,6309.573444801968,7.579312124084027,44.00006249511744
0.0,6309.573444801968,7.484185589158733,44.0
0.5,6309.573444801968,7.579312124084027,44.00006249511744
1.0,6309.573444801968,7.855979448211527,44.000249921891275
1.5,6309.573444801968,8.28937169097628,44.00056210467751
2.0,6309.573444801968,8.842254745596804,44.00099875104102
2.5,6309.573444801968,9.470267549756626,44.00155945221195
3.0,6309.573444801968,10.127778603826032,44.00224368372357
3.5,6309.573444801968,10.773244939696145,44.003050806229695
4.0,6309.573444801968,11.37323171240331,44.00398006650033
4.5,6309.573444801968,11.904631078406283,44.00503059859307
5.0,6309.573444801968,12.355042120269603,44.00620142519784
5.5,6309.573444801968,12.721628750578956,44.00749145915201
6.0,6309.573444801968,13.008987288195005,44.00889950512266
6.5,6309.573444801968,13.22660915643836,44.01042426145224
7.0,6309.573444801968,13.386442953010267,44.01206432216372
7.5,6309.573444801968,13.500898157583581,44.01381817912087
8.0,6309.573444801968,13.581449794133471,44.01568422433907
8.5,6309.573444801968,13.637846854770654,44.017660752441664
9.0,6309.573444801968,13.677823134751009,44.01974596325652
9.5,6309.573444801968,13.707161818797383,44.02193796454747
10.0,6309.573444801968,13.729963994586303,44.02423477487461
10.5,6309.573444801968,13.748998687628097,44.02663432657755
11.0,6309.573444801968,13.766050730744185,44.0291344688753
11.5,6309.573444801968,13.782220057276884,44.03173297107623
12.0,6309.573444801968,13.798154904777872,44.03442752589151
12.5,6309.573444801968,13.814219971065745,44.03721575284504
13.0,6309.573444801968,13.830610000431243,44.040095201772935
13.5,6309.573444801968,13.84742221075035,44.04306335640522
14.0,6309.573444801968,13.864700115520337,44.04611763802261
14.5,6309.573444801968,13.882458777320561,44.0492554091808
15.0,6309.573444801968,13.90069870806085,44.05247397749486
15.5,6309.573444801968,13.919413194116204,44.05577059947605
16.0,6309.573444801968,13.938592000204448,44.05914248441351
16.5,6309.573444801968,13.958223171035268,44.06258679829324
17.0,6309.573444801968,13.978293877779755,44.066100667746454
17.5,6309.573444801968,13.998790805256343,44.069681184019956
18.0,6309.573444801968,14.019700327359114,44.073325406960755
18.5,6309.573444801968,14.04100858877186,44.077030369007275
19.0,6309.573444801968,14.062701546844696,44.080793079179855
19.5,6309.573444801968,14.084764997197361,44.084610527062885
20.0,6309.573444801968,14.10718459293257,44.088479686771436
21.0,6309.573444801968,14.153034220271909,44.096360984411604
22.0,6309.573444801968,14.200133423510486,44.10441260469642
23.0,6309.573444801968,14.248363935601997,44.11261018140637
24.0,6309.573444801968,14.297606716882342,44.120929469571585
25.0,6309.573444801968,14.347742436851762,44.129346461535306
26.0,6309.573444801968,14.39865194650693,44.13783749826926
27.0,6309.573444801968,14.450216738723922,44.14637937525677
28.0,6309.573444801968,14.502319394288998,44.154949442326235
29.0,6309.573444801968,14.55484401132691,44.163525696888726
30.0,6309.573444801968,14.607676616046353,44.17208687010763
31.0,6309.573444801968,14.660705552904192,44.18061250560443
32.0,6309.573444801968,14.71382185248199,44.189083030382776
33.0,6309.573444801968,14.766919575568291,44.197479817730645
34.0,6309.573444801968,14.81989613214587,44.205785241938365
35.0,6309.573444801968,14.872652574193118,44.21398272474637
36.0,6309.573444801968,14.925093861420567,44.22205677351082
37.0,6309.573444801968,14.977129099275638,44.22999301114653
38.0,6309.573444801968,15.028671748759006,44.23777819797467
39.0,6309.573444801968,15.07963980780281,44.24540024566621
40.0,6309.573444801968,15.12995596416255,44.25284822353142
41.0,6309.573444801968,15.179547719969436,44.26011235745962
42.0,6309.573444801968,15.228347488276556,44.267184021862136
43.0,6309.573444801968,15.276292662109393,44.274055725014115
44.0,6309.573444801968,15.32332565669761,44.28072108822804
45.0,6309.573444801968,15.36939392571963,44.28717481932247
46.0,6309.573444801968,15.414449952533591,44.29341268087459
47.0,6309.573444801968,15.458451217496865,44.29943145376388
48.0,6309.573444801968,15.501360142591073,44.30522889652715
49.0,6309.573444801968,15.543144014669942,44.31080370105225
50.0,6309.573444801968,15.583774888733178,44.31615544513956
51.0,6309.573444801968,15.623229472700682,44.3212845424566
52.0,6309.573444801968,15.661488995217962,44.3261921904028
53.0,6309.573444801968,15.69853905806575,44.33088031638832
54.0,6309.573444801968,15.734369474774729,44.33535152301386
55.0,6309.573444801968,15.76897409706064,44.33960903261763
56.0,6309.573444801968,15.80235063069619,44.343656631631575
57.0,6309.573444801968,15.834500442424803,44.347498615162436
58.0,6309.573444801968,15.865428359498278,44.351139732184
59.0,6309.573444801968,15.89514246338628,44.35458513169632
60.0,6309.573444801968,15.9236538791616,44.35784031017525
61.0,6309.573444801968,15.950976562011801,44.36091106060273
62.0,6309.573444801968,15.977127082266481,44.36380342333452
63.0,6309.573444801968,16.00212441026071,44.366523639028436
64.0,6309.573444801968,16.025989702280402,44.36907810382267
65.0,6309.573444801968,16.048746088755284,44.37147332692089
66.0,6309.573444801968,16.0704184657809,44.37371589070899
67.0,6309.573444801968,16.09103329096364,44.37581241349765
68.0,6309.573444801968,16.110618384492863,44.3777695149554
69.0,6309.573444801968,16.129202736253248,44.37959378426959
70.0,6309.573444801968,16.14681631969866,44.38129175104641
71.0,6309.573444801968,16.16348991311759,44.382869858937774
72.0,6309.573444801968,16.17925492882987,44.3843344419604
73.0,6309.573444801968,16.194143250766032,44.385691703453446
74.0,6309.573444801968,16.20818708079443,44.386947697602835
75.0,6309.573444801968,16.22141879407838,44.38810831344553
76.0,6309.573444801968,16.233870803665848,44.38917926125345
77.0,6309.573444801968,16.24557543443876,44.39016606118579
78.0,6309.573444801968,16.25656480647772,44.39107403408921
79.0,6309.573444801968,16.266870727831147,44.39190829431846
80.0,6309.573444801968,16.276524596616245,44.3926737444445
81.0,6309.573444801968,16.285557312322357,44.39337507171367
82.0,6309.573444801968,16.293999196135783,44.39401674611977
83.0,6309.573444801968,16.301879920058695,44.394603019950125
84.0,6309.573444801968,16.30922844455373,44.39513792866803
85.0,6309.573444801968,16.316072964409873,44.39562529299575
86.0,6309.573444801968,16.322440862494304,44.39606872206584
87.0,6309.573444801968,16.328358671029157,44.39647161751244
88.0,6309.573444801968,16.33385204001076,44.39683717837936
89.0,6309.573444801968,16.33894571237261,44.39716840672733
90.0,6309.573444801968,16.343663505481036,44.397468113829
91.0,6309.573444801968,16.348028298544442,44.39773892684684
92.0,6309.573444801968,16.352062025512783,44.39798329589612
93.0,6309.573444801968,16.355785673043286,44.398203501402094
94.0,6309.573444801968,16.35921928311086,44.39840166166796
95.0,6309.573444801968,16.36238195984743,44.3985797405771
96.0,6309.573444801968,16.365291880202253,44.39873955536062
97.0,6309.573444801968,16.367966308026247,44.398882784368
98.0,6309.573444801968,16.370421611195592,44.39901097478565
99.0,6309.573444801968,16.37267328140455,44.39912555025464
100.0,6309.573444801968,16.37473595627315,44.3992278183455
-100.0,7079.457843841416,17.005100381150374,44.299420863759124
-99.0,7079.457843841416,17.002958301223835,44.29934416269098
-98.0,7079.457843841416,17.000619950362438,44.29925823108923
-97.0,7079.457843841416,16.998070127454003,44.299162088276
-96.0,7079.457843841416,16.995292744433563,44.29905466652046
-95.0,7079.457843841416,16.992270803324583,44.29893480543282
-94.0,7079.457843841416,16.988986375684217,44.29880124625097
-93.0,7079.457843841416,16.98542058482049,44.29865262605157
-92.0,7079.457843841416,16.981553591165795,44.29848747192209
-91.0,7079.457843841416,16.977364581206185,44.29830419513513
-90.0,7079.457843841416,16.97283176037876,44.29810108537175
-89.0,7079.457843841416,16.96793235036076,44.2978763050455
-88.0,7079.457843841416,16.962642591182156,44.297627883784514
-87.0,7079.457843841416,16.956937748599515,44.29735371313433
-86.0,7079.457843841416,16.95079212717146,44.29705154154938
-85.0,7079.457843841416,16.944179089475348,44.29671896974681
-84.0,7079.457843841416,16.93707108190043,44.29635344650102
-83.0,7079.457843841416,16.929439667444335,44.295952264962594
-82.0,7079.457843841416,16.921255565927027,44.295512559589824
-81.0,7079.457843841416,16.912488702019317,44.29503130378525
-80.0,7079.457843841416,16.90310826146095,44.29450530833338
-79.0,7079.457843841416,16.893082755816437,44.29393122073885
-78.0,7079.457843841416,16.882380096084805,44.29330552556691
-77.0,7079.457843841416,16.87096767544197,44.29262454588934
-76.0,7079.457843841416,16.85881246135185,44.29188444594009
-75.0,7079.457843841416,16.845881097234145,44.29108123508415
-74.0,7079.457843841416,16.83214001382315,44.290210773202126
-73.0,7079.457843841416,16.81755555029308,44.28926877759008
-72.0,7079.457843841416,16.802094085161222,44.2882508314703
-71.0,7079.457843841416,16.785722176910998,44.287152394203325
-70.0,7079.457843841416,16.76840671420305,44.28596881328481
-69.0,7079.457843841416,16.750115075463903,44.28469533820219
-68.0,7079.457843841416,16.730815297559218,44.28332713621655
-67.0,7079.457843841416,16.710476253172303,44.28185931012324
-66.0,7079.457843841416,16.689067836419298,44.28028691803174
-65.0,7079.457843841416,16.666561156140425,44.27860499519067
-64.0,7079.457843841416,16.642928736213108,44.27680857786701
-63.0,7079.457843841416,16.618144722137764,44.27489272927133
-62.0,7079.457843841416,16.592185093051985,44.272852567500884
-61.0,7079.457843841416,16.56502787823413,44.270683295452045
-60.0,7079.457843841416,16.536653377064113,44.268380232631436
-59.0,7079.457843841416,16.507044381318305,44.26593884877224
-58.0,7079.457843841416,16.476186398588034,44.263354799138
-57.0,7079.457843841416,16.44406787552795,44.26062396137183
-56.0,7079.457843841416,16.41068041956285,44.25774247372368
-55.0,7079.457843841416,16.376019017610297,44.25470677446322
-54.0,7079.457843841416,16.340082250312484,44.25151364226039
-53.0,7079.457843841416,16.302872500215646,44.24816023729124
-52.0,7079.457843841416,16.264396152289365,44.2446441428021
-51.0,7079.457843841416,16.22466378514289,44.24096340684245
-50.0,7079.457843841416,16.183690351271615,44.237116583854664
-49.0,7079.457843841416,16.141495344655066,44.233102775789185
-48.0,7079.457843841416,16.09810295402894,44.22892167239536
-47.0,7079.457843841416,16.053542200168675,44.224573590322905
-46.0,7079.457843841416,16.007847055551004,44.220059510655936
-45.0,7079.457843841416,15.961056544803643,44.215381114491855
-44.0,7079.457843841416,15.913214824412107,44.21054081617103
-43.0,7079.457843841416,15.864371240226411,44.20554179376059
-42.0,7079.457843841416,15.814580361399646,44.2003880163966
-41.0,7079.457843841416,15.763901989494569,44.19508426809472
-40.0,7079.457843841416,15.712401141613688,44.189636167648565
-39.0,7079.457843841416,15.660148006541714,44.18405018424966
-38.0,7079.457843841416,15.60721787303686,44.178333648481
-37.0,7079.457843841416,15.553691029568013,44.172494758359896
-36.0,7079.457843841416,15.499652634967608,44.16654258013312
-35.0,7079.457843841416,15.445192559653975,44.16048704355978
-34.0,7079.457843841416,15.39040519727076,44.15433893145377
-33.0,7079.457843841416,15.335389246793445,44.14810986329798
-32.0,7079.457843841416,15.28024746536233,44.141812272787085
-31.0,7079.457843841416,15.22508639231616,44.135459379203326
-30.0,7079.457843841416,15.170016045119032,44.12906515258072
-29.0,7079.457843841416,15.115149588093349,44.12264427266655
-28.0,7079.457843841416,15.06060297509169,44.11621208174467
-27.0,7079.457843841416,15.006494567458455,44.10978453144258
-26.0,7079.457843841416,14.95294472884581,44.103378123701944
-25.0,7079.457843841416,14.900075398656115,44.09700984615148
-24.0,7079.457843841416,14.848009646082279,44.09069710217869
-23.0,7079.457843841416,14.796871206906498,44.08445763605478
-22.0,7079.457843841416,14.74678400539433,44.078309453522316
-21.0,7079.457843841416,14.697871663779601,44.0722707383087
-20.0,7079.457843841416,14.650257001935538,44.06635976507858
-19.5,7079.457843841416,14.626974337897465,44.06345789529716
-19.0,7079.457843841416,14.604061529470904,44.06059480938489
-18.5,7079.457843841416,14.581533475853568,44.057772776755456
-18.0,7079.457843841416,14.559404928239783,44.05499405522057
-17.5,7079.457843841416,14.53769046986751,44.05226088801497
-17.0,7079.457843841416,14.516404489429394,44.04957550080984
-16.5,7079.457843841416,14.495561137584081,44.04694009871993
-16.0,7079.457843841416,14.47517424209648,44.044356863310135
-15.5,7079.457843841416,14.455257125656127,44.04182794960703
-15.0,7079.457843841416,14.435822203786069,44.03935548312115
-14.5,7079.457843841416,14.416880105787538,44.0369415568856
-14.0,7079.457843841416,14.398437803734291,44.03458822851695
-13.5,7079.457843841416,14.38049476600995,44.03229751730392
-13.0,7079.457843841416,14.363035350183708,44.03007140132971
-12.5,7079.457843841416,14.346014367655831,44.02791181463378
-12.0,7079.457843841416,14.329330858035608,44.02582064441863
-11.5,7079.457843841416,14.312782580125287,44.02379972830717
-11.0,7079.457843841416,14.295990796641357,44.021850851656474
-10.5,7079.457843841416,14.278282315376863,44.01997574493316
-10.0,7079.457843841416,14.258514859781581,44.01817608115596
-9.5,7079.457843841416,14.23483488782755,44.0164534734106
-9.0,7079.457843841416,14.204366777160498,44.01480947244239
-8.5,7079.457843841416,14.16285156398416,44.01324556433124
-8.0,7079.457843841416,14.104283433182047,44.011763168254305
-7.5,7079.457843841416,14.020630868093075,44.01036363434065
-7.0,7079.457843841416,13.901769577864533,44.009048241622786
-6.5,7079.457843841416,13.735782794183644,44.00781819608918
-6.0,7079.457843841416,13.509783320085619,44.006674628842
-5.5,7079.457843841416,13.211362582762558,44.00561859436401
-5.0,7079.457843841416,12.830663775560721,44.004651068898376
-4.5,7079.457843841416,12.362913639001725,44.00377294894481
-4.0,7079.457843841416,11.811057438969483,44.00298504987525
-3.5,7079.457843841416,11.187973480578135,44.002288104672274
-3.0,7079.457843841416,10.517659170568171,44.001682762792676
-2.5,7079.457843841416,9.834836466982358,44.00116958915896
-2.0,7079.457843841416,9.182647582599511,44.000749063280765
-1.5,7079.457843841416,8.60848065447526,44.00042157850814
-1.0,7079.457843841416,8.158404475396285,44.000187441418454
-0.5,7079.457843841416,7.871086522206939,44.00004687133808
0.0,7079.457843841416,7.772297981149829,44.0
0.5,7079.457843841416,7.871086522206939,44.00004687133808
1.0,7079.457843841416,8.158404475396285,44.000187441418454
1.5,7079.457843841416,8.60848065447526,44.00042157850814
2.0,7079.457843841416,9.182647582599511,44.000749063280765
2.5,7079.457843841416,9.834836466982358,44.00116958915896
3.0,7079.457843841416,10.517659170568171,44.001682762792676
3.5,7079.457843841416,11.187973480578135,44.002288104672274
4.0,7079.457843841416,11.811057438969483,44.00298504987525
4.5,7079.457843841416,12.362913639001725,44.00377294894481
5.0,7079.457843841416,12.830663775560721,44.004651068898376
5.5,7079.457843841416,13.211362582762558,44.00561859436401
6.0,7079.457843841416,13.509783320085619,44.006674628842
6.5,7079.457843841416,13.735782794183644,44.00781819608918
7.0,7079.457843841416,13.901769577864533,44.009048241622786
7.5,7079.457843841416,14.020630868093075,44.01036363434065
8.0,7079.457843841416,14.104283433182047,44.011763168254305
8.5,7079.457843841416,14.16285156398416,44.01324556433124
9.0,7079.457843841416,14.204366777160498,44.01480947244239
9.5,7079.457843841416,14.23483488782755,44.0164534734106
10.0,7079.457843841416,14.258514859781581,44.01817608115596
10.5,7079.457843841416,14.278282315376863,44.01997574493316
11.0,7079.457843841416,14.295990796641357,44.021850851656474
11.5,7079.457843841416,14.312782580125287,44.02379972830717
12.0,7079.457843841416,14.329330858035608,44.02582064441863
12.5,7079.457843841416,14.346014367655831,44.02791181463378
13.0,7079.457843841416,14.363035350183708,44.03007140132971
13.5,7079.457843841416,14.38049476600995,44.03229751730392
14.0,7079.457843841416,14.398437803734291,44.03458822851695
14.5,7079.457843841416,14.416880105787538,44.0369415568856
15.0,7079.457843841416,14.435822203786069,44.03935548312115
15.5,7079.457843841416,14.455257125656127,44.04182794960703
16.0,7079.457843841416,14.47517424209648,44.044356863310135
16.5,7079.457843841416,14.495561137584081,44.04694009871993
17.0,7079.457843841416,14.516404489429394,44.04957550080984
17.5,7079.457843841416,14.53769046986751,44.05226088801497
18.0,7079.457843841416,14.559404928239783,44.05499405522057
18.5,7079.457843841416,14.581533475853568,44.057772776755456
19.0,7079.457843841416,14.604061529470904,44.06059480938489
19.5,7079.457843841416,14.626974337897465,44.06345789529716
20.0,7079.457843841416,14.650257001935538,44.06635976507858
21.0,7079.457843841416,14.697871663779601,44.0722707383087
22.0,7079.457843841416,14.74678400539433,44.078309453522316
23.0,7079.457843841416,14.796871206906498,44.08445763605478
24.0,7079.457843841416,14.848009646082279,44.09069710217869
25.0,7079.457843841416,14.900075398656115,44.09700984615148
26.0,7079.457843841416,14.95294472884581,44.103378123701944
27.0,7079.457843841416,15.006494567458455,44.10978453144258
28.0,7079.457843841416,15.06060297509169,44.11621208174467
29.0,7079.457843841416,15.115149588093349,44.12264427266655
30.0,7079.457843841416,15.170016045119032,44.12906515258072
31.0,7079.457843841416,15.22508639231616,44.135459379203326
32.0,7079.457843841416,15.28024746536233,44.141812272787085
33.0,7079.457843841416,15.335389246793445,44.14810986329798
34.0,7079.457843841416,15.39040519727076,44.15433893145377
35.0,7079.457843841416,15.445192559653975,44.16048704355978
36.0,7079.457843841416,15.499652634967608,44.16654258013312
37.0,7079.457843841416,15.553691029568013,44.172494758359896
38.0,7079.457843841416,15.60721787303686,44.178333648481
39.0,7079.457843841416,15.660148006541714,44.18405018424966
40.0,7079.457843841416,15.712401141613688,44.189636167648565
41.0,7079.457843841416,15.763901989494569,44.19508426809472
42.0,7079.457843841416,15.814580361399646,44.2003880163966
43.0,7079.457843841416,15.864371240226411,44.20554179376059
44.0,7079.457843841416,15.913214824412107,44.21054081617103
45.0,7079.457843841416,15.961056544803643,44.215381114491855
46.0,7079.457843841416,16.007847055551004,44.220059510655936
47.0,7079.457843841416,16.053542200168675,44.224573590322905
48.0,7079.457843841416,16.09810295402894,44.22892167239536
49.0,7079.457843841416,16.141495344655066,44.233102775789185
50.0,7079.457843841416,16.183690351271615,44.237116583854664
51.0,7079.457843841416,16.22466378514289,44.24096340684245
52.0,7079.457843841416,16.264396152289365,44.2446441428021
53.0,7079.457843841416,16.302872500215646,44.24816023729124
54.0,7079.457843841416,16.340082250312484,44.25151364226039
55.0,7079.457843841416,16.376019017610297,44.25470677446322
56.0,7079.457843841416,16.41068041956285,44.25774247372368
57.0,7079.457843841416,16.44406787552795,44.26062396137183
58.0,7079.457843841416,16.476186398588034,44.263354799138
59.0,7079.457843841416,16.507044381318305,44.26593884877224
60.0,7079.457843841416,16.536653377064113,44.268380232631436
61.0,7079.457843841416,16.56502787823413,44.270683295452045
62.0,7079.457843841416,16.592185093051985,44.272852567500884
63.0,7079.457843841416,16.618144722137764,44.27489272927133
64.0,7079.457843841416,16.642928736213108,44.27680857786701
65.0,7079.457843841416,16.666561156140425,44.27860499519067
66.0,7079.457843841416,16.689067836419298,44.28028691803174
67.0,7079.457843841416,16.710476253172303,44.28185931012324
68.0,7079.457843841416,16.730815297559218,44.28332713621655
69.0,7079.457843841416,16.750115075463903,44.28469533820219
70.0,7079.457843841416,16.76840671420305,44.28596881328481
71.0,7079.457843841416,16.785722176910998,44.287152394203325
72.0,7079.457843841416,16.802094085161222,44.2882508314703
73.0,7079.457843841416,16.81755555029308,44.28926877759008
74.0,7079.457843841416,16.83214001382315,44.290210773202126
75.0,7079.457843841416,16.845881097234145,44.29108123508415
76.0,7079.457843841416,16.85881246135185,44.29188444594009
77.0,7079.457843841416,16.87096767544197,44.29262454588934
78.0,7079.457843841416,16.882380096084805,44.29330552556691
79.0,7079.457843841416,16.893082755816437,44.29393122073885
80.0,7079.457843841416,16.90310826146095,44.29450530833338
81.0,7079.457843841416,16.912488702019317,44.29503130378525
82.0,7079.457843841416,16.921255565927027,44.295512559589824
83.0,7079.457843841416,16.929439667444335,44.295952264962594
84.0,7079.457843841416,16.93707108190043,44.29635344650102
85.0,7079.457843841416,16.944179089475348,44.29671896974681
86.0,7079.457843841416,16.95079212717146,44.29705154154938
87.0,7079.457843841416,16.956937748599515,44.29735371313433
88.0,7079.457843841416,16.962642591182156,44.297627883784514
89.0,7079.457843841416,16.96793235036076,44.2978763050455
90.0,7079.457843841416,16.97283176037876,44.29810108537175
91.0,7079.457843841416,16.977364581206185,44.29830419513513
92.0,7079.457843841416,16.981553591165795,44.29848747192209
93.0,7079.457843841416,16.98542058482049,44.29865262605157
94.0,7079.457843841416,16.988986375684217,44.29880124625097
95.0,7079.457843841416,16.992270803324583,44.29893480543282
96.0,7079.457843841416,16.995292744433563,44.29905466652046
97.0,7079.457843841416,16.998070127454003,44.299162088276
98.0,7079.457843841416,17.000619950362438,44.29925823108923
99.0,7079.457843841416,17.002958301223835,44.29934416269098
100.0,7079.457843841416,17.005100381150374,44.299420863759124
-100.0,7943.282347242862,17.648876592559347,44.19961390917275
-99.0,7943.282347242862,17.64665341813359,44.19956277512732
-98.0,7943.282347242862,17.64422654238114,44.19950548739282
-97.0,7943.282347242862,17.641580188708705,44.199441392184
-96.0,7943.282347242862,17.638697659992065,44.1993697776803
-95.0,7943.282347242862,17.63556131474817,44.199289870288546
-94.0,7943.282347242862,17.63215254580222,44.19920083083398
-93.0,7943.282347242862,17.62845176183163,44.19910175070105
-92.0,7943.282347242862,17.624438372185807,44.198991647948056
-91.0,7943.282347242862,17.62009077539631,44.19886946342342
-90.0,7943.282347242862,17.61538635180537,44.198734056914496
-89.0,7943.282347242862,17.610301460752336,44.198584203363666
-88.0,7943.282347242862,17.60481144276626,44.19841858918968
-87.0,7943.282347242862,17.598890627218907,44.198235808756216
-86.0,7943.282347242862,17.592512345895233,44.19803436103292
-85.0,7943.282347242862,17.58564895293755,44.19781264649787
-84.0,7943.282347242862,17.578271851615188,44.19756896433401
-83.0,7943.282347242862,17.57035152836255,44.197301509975055
-82.0,7943.282347242862,17.5618575945155,44.19700837305988
-81.0,7943.282347242862,17.55275883615813,44.19668753585683
-80.0,7943.282347242862,17.54302327246913,44.19633687222225
-79.0,7943.282347242862,17.532618222929162,44.19595414715923
-78.0,7943.282347242862,17.52151038371728,44.1955370170446
-77.0,7943.282347242862,17.509665913585774,44.19508303059289
-76.0,7943.282347242862,17.49705052945841,44.19458963062672
-75.0,7943.282347242862,17.483629611947105,44.194054156722764
-74.0,7943.282347242862,17.469368320926588,44.19347384880142
-73.0,7943.282347242862,17.454231721245225,44.19284585172672
-72.0,7943.282347242862,17.4381849185839,44.192167220980195
-71.0,7943.282347242862,17.421193205402766,44.19143492946888
-70.0,7943.282347242862,17.40322221683898,44.1906458755232
-69.0,7943.282347242862,17.384238096337068,44.18979689213479
-68.0,7943.282347242862,17.36420767070776,44.1888847574777
-67.0,7943.282347242862,17.343098634221676,44.18790620674882
-66.0,7943.282347242862,17.320879741251495,44.1868579453545
-65.0,7943.282347242862,17.297521006880817,44.185736663460446
-64.0,7943.282347242862,17.27299391480066,44.18453905191134
-63.0,7943.282347242862,17.24727163171618,44.183261819514215
-62.0,7943.282347242862,17.220329227387218,44.18190171166726
-61.0,7943.282347242862,17.19214389932828,44.18045553030136
-60.0,7943.282347242862,17.162695201096533,44.178920155087624
-59.0,7943.282347242862,17.131965273002333,44.177292565848155
-58.0,7943.282347242862,17.09993907398586,44.175569866092
-57.0,7943.282347242862,17.06660461331716,44.17374930758122
-56.0,7943.282347242862,17.031953180696352,44.17182831581579
-55.0,7943.282347242862,16.995979573256562,44.169804516308815
-54.0,7943.282347242862,16.95868231790618,44.16767576150693
-53.0,7943.282347242862,16.920063887389475,44.16544015819416
-52.0,7943.282347242862,16.880130908397124,44.1630960952014
-51.0,7943.282347242862,16.838894360021573,44.1606422712283
-50.0,7943.282347242862,16.796369760827258,44.15807772256978
-49.0,7943.282347242862,16.752577342793476,44.155401850526125
-48.0,7943.282347242862,16.707542210388993,44.15261444826357
-47.0,7943.282347242862,16.661294483052853,44.14971572688194
-46.0,7943.282347242862,16.61386941938605,44.14670634043729
-45.0,7943.282347242862,16.56530752140405,44.14358740966124
-44.0,7943.282347242862,16.515654617261134,44.14036054411402
-43.0,7943.282347242862,16.464961920934147,44.137027862507054
-42.0,7943.282347242862,16.413286067445934,44.13359201093107
-41.0,7943.282347242862,16.360689122316696,44.13005617872981
-40.0,7943.282347242862,16.307238564055403,44.12642411176571
-39.0,7943.282347242862,16.25300723864189,44.1227001228331
-38.0,7943.282347242862,16.198073285103437,44.11888909898733
-37.0,7943.282347242862,16.14252003145619,44.11499650557327
-36.0,7943.282347242862,16.08643586046125,44.11102838675541
-35.0,7943.282347242862,16.029914044836026,44.106991362373186
-34.0,7943.282347242862,15.973052551762748,44.10289262096918
-33.0,7943.282347242862,15.915953816746002,44.09873990886532
-32.0,7943.282347242862,15.858724487088507,44.09454151519139
-31.0,7943.282347242862,15.801475135477261,44.090306252802215
-30.0,7943.282347242862,15.744319944398892,44.08604343505381
-29.0,7943.282347242862,15.68737636233156,44.08176284844436
-28.0,7943.282347242862,15.630764732889169,44.077474721163114
-27.0,7943.282347242862,15.574607898319854,44.073189687628386
-26.0,7943.282347242862,15.519030778982549,44.06891874913463
-25.0,7943.282347242862,15.464159930640866,44.06467323076765
-24.0,7943.282347242862,15.410123081620382,44.06046473478579
-23.0,7943.282347242862,15.357048652071596,44.056305090703184
-22.0,7943.282347242862,15.305065257763921,44.05220630234821
-21.0,7943.282347242862,15.254301201000791,44.0481804922058
-20.0,7943.282347242862,15.204883951349396,44.04423984338572
-19.5,7943.282347242862,15.180719856157728,44.04230526353144
-19.0,7943.282347242862,15.156939618508703,44.04039653958993
-18.5,7943.282347242862,15.13355870165133,44.03851518450364
-18.0,7943.282347242862,15.11059241522816,44.036662703480374
-17.5,7943.282347242862,15.088055894566901,44.03484059200998
-17.0,7943.282347242862,15.065964073084901,44.03305033387323
-16.5,7943.282347242862,15.044331637154032,44.03129339914662
-16.0,7943.282347242862,15.023172938028393,44.02957124220676
-15.5,7943.282347242862,15.00250180276564,44.027885299738024
-15.0,7943.282347242862,14.982331116913592,44.02623698874743
-14.5,7943.282347242862,14.962671912175772,44.0246277045904
-14.0,7943.282347242862,14.943531424573521,44.023058819011304
-13.5,7943.282347242862,14.924909102364616,44.02153167820261
-13.0,7943.282347242862,14.90678871092976,44.02004760088647
-12.5,7943.282347242862,14.889123350926853,44.01860787642252
-12.0,7943.282347242862,14.871808239823803,44.01721376294575
-11.5,7943.282347242862,14.854633480009834,44.01586648553811
-11.0,7943.282347242862,14.837205996029482,44.01456723443765
-10.5,7943.282347242862,14.81882711007917,44.013317163288775
-10.0,7943.282347242862,14.798311301496428,44.01211738743731
-9.5,7943.282347242862,14.77373485717298,44.01096898227374
-9.0,7943.282347242862,14.742113289930291,44.00987298162826
-8.5,7943.282347242862,14.699026400841701,44.00883037622083
-8.0,7943.282347242862,14.638241007658774,44.007842112169534
-7.5,7943.282347242862,14.55142153792234,44.00690908956043
-7.0,7943.282347242862,14.428060417090542,44.00603216108186
-6.5,7943.282347242862,14.25578973385323,44.00521213072612
-6.0,7943.282347242862,14.021234409924617,44.004449752561335
-5.5,7943.282347242862,13.711516110848098,44.003745729576
-5.0,7943.282347242862,13.316404872652326,44.003100712598915
-4.5,7943.282347242862,12.830946730609647,44.00251529929653
-4.0,7943.282347242862,12.258198451981205,44.001990033250166
-3.5,7943.282347242862,11.611525886575954,44.00152540311485
-3.0,7943.282347242862,10.915834930896212,44.00112184186178
-2.5,7943.282347242862,10.207162040994195,44.000779726105975
-2.0,7943.282347242862,9.530282700236482,44.000499375520505
-1.5,7943.282347242862,8.934379057748938,44.00028105233876
-1.0,7943.282347242862,8.467263970876507,44.000124960945634
-0.5,7943.282347242862,8.169068783255835,44.000031247558724
0.0,7943.282347242862,8.066540322335454,44.0
0.5,7943.282347242862,8.169068783255835,44.000031247558724
1.0,7943.282347242862,8.467263970876507,44.000124960945634
1.5,7943.282347242862,8.934379057748938,44.00028105233876
2.0,7943.282347242862,9.530282700236482,44.000499375520505
2.5,7943.282347242862,10.207162040994195,44.000779726105975
3.0,7943.282347242862,10.915834930896212,44.00112184186178
3.5,7943.282347242862,11.611525886575954,44.00152540311485
4.0,7943.282347242862,12.258198451981205,44.001990033250166
4.5,7943.282347242862,12.830946730609647,44.00251529929653
5.0,7943.282347242862,13.316404872652326,44.003100712598915
5.5,7943.282347242862,13.711516110848098,44.003745729576
6.0,7943.282347242862,14.021234409924617,44.004449752561335
6.5,7943.282347242862,14.25578973385323,44.00521213072612
7.0,7943.282347242862,14.428060417090542,44.00603216108186
7.5,7943.282347242862,14.55142153792234,44.00690908956043
8.0,7943.282347242862,14.638241007658774,44.007842112169534
8.5,7943.282347242862,14.699026400841701,44.00883037622083
9.0,7943.282347242862,14.742113289930291,44.00987298162826
9.5,7943.282347242862,14.77373485717298,44.01096898227374
10.0,7943.282347242862,14.798311301496428,44.01211738743731
10.5,7943.282347242862,14.81882711007917,44.013317163288775
11.0,7943.282347242862,14.837205996029482,44.01456723443765
11.5,7943.282347242862,14.854633480009834,44.01586648553811
12.0,7943.282347242862,14.871808239823803,44.01721376294575
12.5,7943.282347242862,14.889123350926853,44.01860787642252
13.0,7943.282347242862,14.90678871092976,44.02004760088647
13.5,7943.282347242862,14.924909102364616,44.02153167820261
14.0,7943.282347242862,14.943531424573521,44.023058819011304
14.5,7943.282347242862,14.962671912175772,44.0246277045904
15.0,7943.282347242862,14.982331116913592,44.02623698874743
15.5,7943.282347242862,15.00250180276564,44.027885299738024
16.0,7943.282347242862,15.023172938028393,44.02957124220676
16.5,7943.282347242862,15.044331637154032,44.03129339914662
17.0,7943.282347242862,15.065964073084901,44.03305033387323
17.5,7943.282347242862,15.088055894566901,44.03484059200998
18.0,7943.282347242862,15.11059241522816,44.036662703480374
18.5,7943.282347242862,15.13355870165133,44.03851518450364
19.0,7943.282347242862,15.156939618508703,44.04039653958993
19.5,7943.282347242862,15.180719856157728,44.04230526353144
20.0,7943.282347242862,15.204883951349396,44.04423984338572
21.0,7943.282347242862,15.254301201000791,44.0481804922058
22.0,7943.282347242862,15.305065257763921,44.05220630234821
23.0,7943.282347242862,15.357048652071596,44.056305090703184
24.0,7943.282347242862,15.410123081620382,44.06046473478579
25.0,7943.282347242862,15.464159930640866,44.06467323076765
26.0,7943.282347242862,15.519030778982549,44.06891874913463
27.0,7943.282347242862,15.574607898319854,44.073189687628386
28.0,7943.282347242862,15.630764732889169,44.077474721163114
29.0,7943.282347242862,15.68737636233156,44.08176284844436
30.0,7943.282347242862,15.744319944398892,44.08604343505381
31.0,7943.282347242862,15.801475135477261,44.090306252802215
32.0,7943.282347242862,15.858724487088507,44.09454151519139
33.0,7943.282347242862,15.915953816746002,44.09873990886532
34.0,7943.282347242862,15.973052551762748,44.10289262096918
35.0,7943.282347242862,16.029914044836026,44.106991362373186
36.0,7943.282347242862,16.08643586046125,44.11102838675541
37.0,7943.282347242862,16.14252003145619,44.11499650557327
38.0,7943.282347242862,16.198073285103437,44.11888909898733
39.0,7943.282347242862,16.25300723864189,44.1227001228331
40.0,7943.282347242862,16.307238564055403,44.12642411176571
41.0,7943.282347242862,16.360689122316696,44.13005617872981
42.0,7943.282347242862,16.413286067445934,44.13359201093107
43.0,7943.282347242862,16.464961920934147,44.137027862507054
44.0,7943.282347242862,16.515654617261134,44.14036054411402
45.0,7943.282347242862,16.56530752140405,44.14358740966124
46.0,7943.282347242862,16.61386941938605,44.14670634043729
47.0,7943.282347242862,16.661294483052853,44.14971572688194
48.0,7943.282347242862,16.707542210388993,44.15261444826357
49.0,7943.282347242862,16.752577342793476,44.155401850526125
50.0,7943.282347242862,16.796369760827258,44.15807772256978
51.0,7943.282347242862,16.838894360021573,44.1606422712283
52.0,7943.282347242862,16.880130908397124,44.1630960952014
53.0,7943.282347242862,16.920063887389475,44.16544015819416
54.0,7943.282347242862,16.95868231790618,44.16767576150693
55.0,7943.282347242862,16.995979573256562,44.169804516308815
56.0,7943.282347242862,17.031953180696352,44.17182831581579
57.0,7943.282347242862,17.06660461331716,44.17374930758122
58.0,7943.282347242862,17.09993907398586,44.175569866092
59.0,7943.282347242862,17.131965273002333,44.177292565848155
60.0,7943.282347242862,17.162695201096533,44.178920155087624
61.0,7943.282347242862,17.19214389932828,44.18045553030136
62.0,7943.282347242862,17.220329227387218,44.18190171166726
63.0,7943.282347242862,17.24727163171618,44.183261819514215
64.0,7943.282347242862,17.27299391480066,44.18453905191134
65.0,7943.282347242862,17.297521006880817,44.185736663460446
66.0,7943.282347242862,17.320879741251495,44.1868579453545
67.0,7943.282347242862,17.343098634221676,44.18790620674882
68.0,7943.282347242862,17.36420767070776,44.1888847574777
69.0,7943.282347242862,17.384238096337068,44.18979689213479
70.0,7943.282347242862,17.40322221683898,44.1906458755232
71.0,7943.282347242862,17.421193205402766,44.19143492946888
72.0,7943.282347242862,17.4381849185839,44.192167220980195
73.0,7943.282347242862,17.454231721245225,44.19284585172672
74.0,7943.282347242862,17.469368320926588,44.19347384880142
75.0,7943.282347242862,17.483629611947105,44.194054156722764
76.0,7943.282347242862,17.49705052945841,44.19458963062672
77.0,7943.282347242862,17.509665913585774,44.19508303059289
78.0,7943.282347242862,17.52151038371728,44.1955370170446
79.0,7943.282347242862,17.532618222929162,44.19595414715923
80.0,7943.282347242862,17.54302327246913,44.19633687222225
81.0,7943.282347242862,17.55275883615813,44.19668753585683
82.0,7943.282347242862,17.5618575945155,44.19700837305988
83.0,7943.282347242862,17.57035152836255,44.197301509975055
84.0,7943.282347242862,17.578271851615188,44.19756896433401
85.0,7943.282347242862,17.58564895293755,44.19781264649787
86.0,7943.282347242862,17.592512345895233,44.19803436103292
87.0,7943.282347242862,17.598890627218907,44.198235808756216
88.0,7943.282347242862,17.60481144276626,44.19841858918968
89.0,7943.282347242862,17.610301460752336,44.198584203363666
90.0,7943.282347242862,17.61538635180537,44.198734056914496
91.0,7943.282347242862,17.62009077539631,44.19886946342342
92.0,7943.282347242862,17.624438372185807,44.198991647948056
93.0,7943.282347242862,17.62845176183163,44.19910175070105
94.0,7943.282347242862,17.63215254580222,44.19920083083398
95.0,7943.282347242862,17.63556131474817,44.199289870288546
96.0,7943.282347242862,17.638697659992065,44.1993697776803
97.0,7943.282347242862,17.641580188708705,44.199441392184
98.0,7943.282347242862,17.64422654238114,44.19950548739282
99.0,7943.282347242862,17.64665341813359,44.19956277512732
100.0,7943.282347242862,17.648876592559347,44.19961390917275
-100.0,8912.509381337513,18.306111324484654,44.09980695458637
-99.0,8912.509381337513,18.303805360231447,44.09978138756365
-98.0,8912.509381337513,18.301288108923014,44.099752743696406
-97.0,8912.509381337513,18.29854320645415,44.09972069609199
-96.0,8912.509381337513,18.295553333908657,44.09968488884015
-95.0,8912.509381337513,18.292300192844092,44.09964493514427
-94.0,8912.509381337513,18.2887644831644,44.09960041541699
-93.0,8912.509381337513,18.284925883976616,44.099550875350516
-92.0,8912.509381337513,18.280763037845325,44.099495823974024
-91.0,8912.509381337513,18.276253538874943,44.0994347317117
-90.0,8912.509381337513,18.27137392506374,44.099367028457245
-89.0,8912.509381337513,18.266099675385494,44.099292101681826
-88.0,8912.509381337513,18.260405212063738,44.099209294594836
-87.0,8912.509381337513,18.25426390850976,44.099117904378105
-86.0,8912.509381337513,18.247648103398443,44.099017180516455
-85.0,8912.509381337513,18.240529121355134,44.09890632324893
-84.0,8912.509381337513,18.232877300722198,44.098784482167005
-83.0,8912.509381337513,18.224662028864618,44.098650754987524
-82.0,8912.509381337513,18.215851785460657,44.09850418652994
-81.0,8912.509381337513,18.206414194204857,44.09834376792841
-80.0,8912.509381337513,18.196316083327222,44.09816843611112
-79.0,8912.509381337513,18.185523555303327,44.097977073579614
-78.0,8912.509381337513,18.17400206609574,44.0977685085223
-77.0,8912.509381337513,18.161716514226775,44.09754151529644
-76.0,8912.509381337513,18.148631339936752,44.09729481531336
-75.0,8912.509381337513,18.134710634630093,44.09702707836138
-74.0,8912.509381337513,18.119918260753867,44.0967369244007
-73.0,8912.509381337513,18.104217982190075,44.09642292586336
-72.0,8912.509381337513,18.0875736051738,44.0960836104901
-71.0,8912.509381337513,18.069949129674967,44.09571746473444
-70.0,8912.509381337513,18.0513089111016,44.0953229377616
-69.0,8912.509381337513,18.031617832098195,44.09489844606739
-68.0,8912.509381337513,18.010841484123638,44.09444237873885
-67.0,8912.509381337513,17.988946358400465,44.09395310337441
-66.0,8912.509381337513,17.96590004573089,44.093428972677245
-65.0,8912.509381337513,17.941671444576244,44.092868331730216
-64.0,8912.509381337513,17.91623097669544,44.092269525955665
-63.0,8912.509381337513,17.88955080953608,44.09163090975711
-62.0,8912.509381337513,17.861605084469183,44.090950855833626
-61.0,8912.509381337513,17.83237014985688,44.09022776515068
-60.0,8912.509381337513,17.80182479784174,44.089460077543805
-59.0,8912.509381337513,17.76995050364882,44.088646282924074
-58.0,8912.509381337513,17.73673166609726,44.087784933045995
-57.0,8912.509381337513,17.70215584792875,44.0868746537906
-56.0,8912.509381337513,17.66621401447648,44.085914157907894
-55.0,8912.509381337513,17.628900769121604,44.0849022581544
-54.0,8912.509381337513,17.590214583915365,44.083837880753464
-53.0,8912.509381337513,17.550158023685707,44.08272007909708
-52.0,8912.509381337513,17.508737961897722,44.0815480476007
-51.0,8912.509381337513,17.465965786499396,44.08032113561415
-50.0,8912.509381337513,17.421857593958215,44.079038861284886
-49.0,8912.509381337513,17.37643436968156,44.07770092526306
-48.0,8912.509381337513,17.329722153015208,44.07630722413178
-47.0,8912.509381337513,17.281752185030008,44.07485786344097
-46.0,8912.509381337513,17.232561037338417,44.073353170218645
-45.0,8912.509381337513,17.18219072022931,44.07179370483061
-44.0,8912.509381337513,17.130688768472933,44.07018027205701
-43.0,8912.509381337513,17.078108303227268,44.06851393125353
-42.0,8912.509381337513,17.024508068573137,44.06679600546553
-41.0,8912.509381337513,16.96995244131754,44.0650280893649
-40.0,8912.509381337513,16.914511412833065,44.06321205588285
-39.0,8912.509381337513,16.8582605418449,44.06135006141655
-38.0,8912.509381337513,16.801280877235936,44.05944454949366
-37.0,8912.509381337513,16.743658850113114,44.05749825278663
-36.0,8912.509381337513,16.685486134564318,44.055514193377704
-35.0,8912.509381337513,16.6268594767331,44.05349568118659
-34.0,8912.509381337513,16.567880492047202,44.051446310484586
-33.0,8912.509381337513,16.508655430654656,44.049369954432656
-32.0,8912.509381337513,16.449294911346733,44.04727075759569
-31.0,8912.509381337513,16.389913624478208,44.045153126401104
-30.0,8912.509381337513,16.330630004630475,44.043021717526905
-29.0,8912.509381337513,16.27156587400026,44.04088142422218
-28.0,8912.509381337513,16.212846057733323,44.03873736058156
-27.0,8912.509381337513,16.154597972657474,44.03659484381419
-26.0,8912.509381337513,16.09695119109905,44.03445937456731
-25.0,8912.509381337513,16.04003698169066,44.03233661538383
-24.0,8912.509381337513,15.983987829292461,44.0302323673929
-23.0,8912.509381337513,15.928936936352725,44.02815254535159
-22.0,8912.509381337513,15.875017708223378,44.026103151174105
-21.0,8912.509381337513,15.822363225117066,44.0240902461029
-20.0,8912.509381337513,15.771105703499535,44.022119921692855
-19.5,8912.509381337513,15.746041750317346,44.02115263176572
-19.0,8912.509381337513,15.721375949327534,44.02019826979496
-18.5,8912.509381337513,15.697124339622247,44.01925759225182
-18.0,8912.509381337513,15.673302800966928,44.01833135174019
-17.5,8912.509381337513,15.649927032320814,44.017420296004985
-17.0,8912.509381337513,15.627012523213718,44.01652516693661
-16.5,8912.509381337513,15.604574506930168,44.01564669957331
-16.0,8912.509381337513,15.582627869157283,44.01478562110338
-15.5,8912.509381337513,15.561186951864961,44.01394264986901
-15.0,8912.509381337513,15.540265120451942,44.013118494373714
-14.5,8912.509381337513,15.519873817436476,44.0123138522952
-14.0,8912.509381337513,15.500020548305486,44.01152940950565
-13.5,8912.509381337513,15.480704740770157,44.0107658391013
-13.0,8912.509381337513,15.461909555642647,44.010023800443236
-12.5,8912.509381337513,15.443586347074422,44.00930393821126
-12.0,8912.509381337513,15.425626430487899,44.00860688147288
-11.5,8912.509381337513,15.40781209179745,44.007933242769056
-11.0,8912.509381337513,15.389735617627727,44.007283617218825
-10.5,8912.509381337513,15.37067231178716,44.00665858164439
-10.0,8912.509381337513,15.349392505457397,44.00605869371865
-9.5,8912.509381337513,15.323900847482145,44.00548449113687
-9.0,8912.509381337513,15.291101709975374,44.00493649081413
-8.5,8912.509381337513,15.246410288164764,44.004415188110414
-8.0,8912.509381337513,15.18336127942625,44.00392105608477
-7.5,8912.509381337513,15.093308699037198,44.00345454478022
-7.0,8912.509381337513,14.965353675995555,44.00301608054093
-6.5,8912.509381337513,14.786667724583962,44.00260606536306
-6.0,8912.509381337513,14.543377685749533,44.002224876280664
-5.5,8912.509381337513,14.222125642743292,44.001872864788005
-5.0,8912.509381337513,13.812300673202953,44.00155035629946
-4.5,8912.509381337513,13.308764329402047,44.00125764964827
-4.0,8912.509381337513,12.714687210980834,44.00099501662508
-3.5,8912.509381337513,12.043932904851829,44.00076270155743
-3.0,8912.509381337513,11.32233478979222,44.000560920930894
-2.5,8912.509381337513,10.58727130021805,44.00038986305299
-2.0,8912.509381337513,9.885185334566362,44.00024968776025
-1.5,8912.509381337513,9.267090558911242,44.00014052616938
-1.0,8912.509381337513,8.782580355851739,44.00006248047282
-0.5,8912.509381337513,8.47328053881347,44.00001562377936
0.0,8912.509381337513,8.3669339728044,44.0
0.5,8912.509381337513,8.47328053881347,44.00001562377936
1.0,8912.509381337513,8.782580355851739,44.00006248047282
1.5,8912.509381337513,9.267090558911242,44.00014052616938
2.0,8912.509381337513,9.885185334566362,44.00024968776025
2.5,8912.509381337513,10.58727130021805,44.00038986305299
3.0,8912.509381337513,11.32233478979222,44.000560920930894
3.5,8912.509381337513,12.043932904851829,44.00076270155743
4.0,8912.509381337513,12.714687210980834,44.00099501662508
4.5,8912.509381337513,13.308764329402047,44.00125764964827
5.0,8912.509381337513,13.812300673202953,44.00155035629946
5.5,8912.509381337513,14.222125642743292,44.001872864788005
6.0,8912.509381337513,14.543377685749533,44.002224876280664
6.5,8912.509381337513,14.786667724583962,44.00260606536306
7.0,8912.509381337513,14.965353675995555,44.00301608054093
7.5,8912.509381337513,15.093308699037198,44.00345454478022
8.0,8912.509381337513,15.18336127942625,44.00392105608477
8.5,8912.509381337513,15.246410288164764,44.004415188110414
9.0,8912.509381337513,15.291101709975374,44.00493649081413
9.5,8912.509381337513,15.323900847482145,44.00548449113687
10.0,8912.509381337513,15.349392505457397,44.00605869371865
10.5,8912.509381337513,15.37067231178716,44.00665858164439
11.0,8912.509381337513,15.389735617627727,44.007283617218825
11.5,8912.509381337513,15.40781209179745,44.007933242769056
12.0,8912.509381337513,15.425626430487899,44.00860688147288
12.5,8912.509381337513,15.443586347074422,44.00930393821126
13.0,8912.509381337513,15.461909555642647,44.010023800443236
13.5,8912.509381337513,15.480704740770157,44.0107658391013
14.0,8912.509381337513,15.500020548305486,44.01152940950565
14.5,8912.509381337513,15.519873817436476,44.0123138522952
15.0,8912.509381337513,15.540265120451942,44.013118494373714
15.5,8912.509381337513,15.561186951864961,44.01394264986901
16.0,8912.509381337513,15.582627869157283,44.01478562110338
16.5,8912.509381337513,15.604574506930168,44.01564669957331
17.0,8912.509381337513,15.627012523213718,44.01652516693661
17.5,8912.509381337513,15.649927032320814,44.017420296004985
18.0,8912.509381337513,15.673302800966928,44.01833135174019
18.5,8912.509381337513,15.697124339622247,44.01925759225182
19.0,8912.509381337513,15.721375949327534,44.02019826979496
19.5,8912.509381337513,15.746041750317346,44.02115263176572
20.0,8912.509381337513,15.771105703499535,44.022119921692855
21.0,8912.509381337513,15.822363225117066,44.0240902461029
22.0,8912.509381337513,15.875017708223378,44.026103151174105
23.0,8912.509381337513,15.928936936352725,44.02815254535159
24.0,8912.509381337513,15.983987829292461,44.0302323673929
25.0,8912.509381337513,16.04003698169066,44.03233661538383
26.0,8912.509381337513,16.09695119109905,44.03445937456731
27.0,8912.509381337513,16.154597972657474,44.03659484381419
28.0,8912.509381337513,16.212846057733323,44.03873736058156
29.0,8912.509381337513,16.27156587400026,44.04088142422218
30.0,8912.509381337513,16.330630004630475,44.043021717526905
31.0,8912.509381337513,16.389913624478208,44.045153126401104
32.0,8912.509381337513,16.449294911346733,44.04727075759569
33.0,8912.509381337513,16.508655430654656,44.049369954432656
34.0,8912.509381337513,16.567880492047202,44.051446310484586
35.0,8912.509381337513,16.6268594767331,44.05349568118659
36.0,8912.509381337513,16.685486134564318,44.055514193377704
37.0,8912.509381337513,16.743658850113114,44.05749825278663
38.0,8912.509381337513,16.801280877235936,44.05944454949366
39.0,8912.509381337513,16.8582605418449,44.06135006141655
40.0,8912.509381337513,16.914511412833065,44.06321205588285
41.0,8912.509381337513,16.96995244131754,44.0650280893649
42.0,8912.509381337513,17.024508068573137,44.06679600546553
43.0,8912.509381337513,17.078108303227268,44.06851393125353
44.0,8912.509381337513,17.130688768472933,44.07018027205701
45.0,8912.509381337513,17.18219072022931,44.07179370483061
46.0,8912.509381337513,17.232561037338417,44.073353170218645
47.0,8912.509381337513,17.281752185030008,44.07485786344097
48.0,8912.509381337513,17.329722153015208,44.07630722413178
49.0,8912.509381337513,17.37643436968156,44.07770092526306
50.0,8912.509381337513,17.421857593958215,44.079038861284886
51.0,8912.509381337513,17.465965786499396,44.08032113561415
52.0,8912.509381337513,17.508737961897722,44.0815480476007
53.0,8912.509381337513,17.550158023685707,44.08272007909708
54.0,8912.509381337513,17.590214583915365,44.083837880753464
55.0,8912.509381337513,17.628900769121604,44.0849022581544
56.0,8912.509381337513,17.66621401447648,44.085914157907894
57.0,8912.509381337513,17.70215584792875,44.0868746537906
58.0,8912.509381337513,17.73673166609726,44.087784933045995
59.0,8912.509381337513,17.76995050364882,44.088646282924074
60.0,8912.509381337513,17.80182479784174,44.089460077543805
61.0,8912.509381337513,17.83237014985688,44.09022776515068
62.0,8912.509381337513,17.861605084469183,44.090950855833626
63.0,8912.509381337513,17.88955080953608,44.09163090975711
64.0,8912.509381337513,17.91623097669544,44.092269525955665
65.0,8912.509381337513,17.941671444576244,44.092868331730216
66.0,8912.509381337513,17.96590004573089,44.093428972677245
67.0,8912.509381337513,17.988946358400465,44.09395310337441
68.0,8912.509381337513,18.010841484123638,44.09444237873885
69.0,8912.509381337513,18.031617832098195,44.09489844606739
70.0,8912.509381337513,18.0513089111016,44.0953229377616
71.0,8912.509381337513,18.069949129674967,44.09571746473444
72.0,8912.509381337513,18.0875736051738,44.0960836104901
73.0,8912.509381337513,18.104217982190075,44.09642292586336
74.0,8912.509381337513,18.119918260753867,44.0967369244007
75.0,8912.509381337513,18.134710634630093,44.09702707836138
76.0,8912.509381337513,18.148631339936752,44.09729481531336
77.0,8912.509381337513,18.161716514226775,44.09754151529644
78.0,8912.509381337513,18.17400206609574,44.0977685085223
79.0,8912.509381337513,18.185523555303327,44.097977073579614
80.0,8912.509381337513,18.196316083327222,44.09816843611112
81.0,8912.509381337513,18.206414194204857,44.09834376792841
82.0,8912.509381337513,18.215851785460657,44.09850418652994
83.0,8912.509381337513,18.224662028864618,44.098650754987524
84.0,8912.509381337513,18.232877300722198,44.098784482167005
85.0,8912.509381337513,18.240529121355134,44.09890632324893
86.0,8912.509381337513,18.247648103398443,44.099017180516455
87.0,8912.509381337513,18.25426390850976,44.099117904378105
88.0,8912.509381337513,18.260405212063738,44.099209294594836
89.0,8912.509381337513,18.266099675385494,44.099292101681826
90.0,8912.509381337513,18.27137392506374,44.099367028457245
91.0,8912.509381337513,18.276253538874943,44.0994347317117
92.0,8912.509381337513,18.280763037845325,44.099495823974024
93.0,8912.509381337513,18.284925883976616,44.099550875350516
94.0,8912.509381337513,18.2887644831644,44.09960041541699
95.0,8912.509381337513,18.292300192844092,44.09964493514427
96.0,8912.509381337513,18.295553333908657,44.09968488884015
97.0,8912.509381337513,18.29854320645415,44.09972069609199
98.0,8912.509381337513,18.301288108923014,44.099752743696406
99.0,8912.509381337513,18.303805360231447,44.09978138756365
100.0,8912.509381337513,18.306111324484654,44.09980695458637
-100.0,10000.000000000062,18.976850670628547,43.99999999999999
-99.0,10000.000000000062,18.974460215413387,43.99999999999999
-98.0,10000.000000000062,18.971850731545743,43.99999999999999
-97.0,10000.000000000062,18.969005255336526,43.99999999999999
-96.0,10000.000000000062,18.965905833301214,43.99999999999999
-95.0,10000.000000000062,18.962533496538995,43.99999999999999
-94.0,10000.000000000062,18.958868237794697,43.99999999999999
-93.0,10000.000000000062,18.954888991614023,43.99999999999999
-92.0,10000.000000000062,18.950573618021128,43.99999999999999
-91.0,10000.000000000062,18.945898890164216,43.99999999999999
-90.0,10000.000000000062,18.940840486389423,43.99999999999999
-89.0,10000.000000000062,18.935372987215537,43.99999999999999
-88.0,10000.000000000062,18.92946987769157,43.99999999999999
-87.0,10000.000000000062,18.92310355562562,43.99999999999999
-86.0,10000.000000000062,18.91624534617643,43.99999999999999
-85.0,10000.000000000062,18.908865523298264,43.99999999999999
-84.0,10000.000000000062,18.900933338524784,43.99999999999999
-83.0,10000.000000000062,18.892417057568302,43.99999999999999
-82.0,10000.000000000062,18.883284005196597,43.99999999999999
-81.0,10000.000000000062,18.873500618830306,43.99999999999999
-80.0,10000.000000000062,18.863032511279574,43.99999999999999
-79.0,10000.000000000062,18.85184454300834,43.99999999999999
-78.0,10000.000000000062,18.83990090427917,43.99999999999999
-77.0,10000.000000000062,18.82716520748966,43.99999999999999
-76.0,10000.000000000062,18.813600589963887,43.99999999999999
-75.0,10000.000000000062,18.799169827408598,43.99999999999999
-74.0,10000.000000000062,18.783835458184164,43.99999999999999
-73.0,10000.000000000062,18.767559918474436,43.99999999999999
-72.0,10000.000000000062,18.750305688368176,43.99999999999999
-71.0,10000.000000000062,18.732035448787464,43.99999999999999
-70.0,10000.000000000062,18.7127122491158,43.99999999999999
-69.0,10000.000000000062,18.692299685291207,43.99999999999999
-68.0,10000.000000000062,18.67076208803718,43.99999999999999
-67.0,10000.000000000062,18.64806472080837,43.99999999999999
-66.0,10000.000000000062,18.62417398692792,43.99999999999999
-65.0,10000.000000000062,18.599057645290962,43.99999999999999
-64.0,10000.000000000062,18.572685033904122,43.99999999999999
-63.0,10000.000000000062,18.54502730042506,43.99999999999999
-62.0,10000.000000000062,18.516057638759797,43.99999999999999
-61.0,10000.000000000062,18.485751530670026,43.99999999999999
-60.0,10000.000000000062,18.45408699123844,43.99999999999999
-59.0,10000.000000000062,18.42104481693888,43.99999999999999
-58.0,10000.000000000062,18.386608834960303,43.99999999999999
-57.0,10000.000000000062,18.35076615234092,43.99999999999999
-56.0,10000.000000000062,18.31350740338204,43.99999999999999
-55.0,10000.000000000062,18.274826993731686,43.99999999999999
-54.0,10000.000000000062,18.23472333945678,43.99999999999999
-53.0,10000.000000000062,18.19319909936104,43.99999999999999
-52.0,10000.000000000062,18.150261398754605,43.99999999999999
-51.0,10000.000000000062,18.105922042842007,43.99999999999999
-50.0,10000.000000000062,18.060197717868313,43.99999999999999
-49.0,10000.000000000062,18.013110178150164,43.99999999999999
-48.0,10000.000000000062,17.964686417119836,43.99999999999999
-47.0,10000.000000000062,17.914958820526866,43.99999999999999
-46.0,10000.000000000062,17.863965299974435,43.99999999999999
-45.0,10000.000000000062,17.811749405016275,43.99999999999999
-44.0,10000.000000000062,17.758360412105503,43.99999999999999
-43.0,10000.000000000062,17.703853388769282,43.99999999999999
-42.0,10000.000000000062,17.64828923148255,43.99999999999999
-41.0,10000.000000000062,17.591734675830573,44.0
-40.0,10000.000000000062,17.53426227768292,44.0
-39.0,10000.000000000062,17.475950364250632,44.0
-38.0,10000.000000000062,17.416882954062835,44.0
-37.0,10000.000000000062,17.35714964507841,44.0
-36.0,10000.000000000062,17.296845470340987,44.0
-35.0,10000.000000000062,17.236070720790927,44.0
-34.0,10000.000000000062,17.174930735064272,44.0
-33.0,10000.000000000062,17.113535656334367,44.0
-32.0,10000.000000000062,17.052000156485704,44.0
-31.0,10000.000000000062,16.990443128149128,44.0
-30.0,10000.000000000062,16.928987345371276,44.0
-29.0,10000.000000000062,16.86775909393696,44.0
-28.0,10000.000000000062,16.806887772608658,44.0
-27.0,10000.000000000062,16.7465054667906,44.0
-26.0,10000.000000000062,16.68674649636342,44.0
-25.0,10000.000000000062,16.627746939667,44.0
-24.0,10000.000000000062,16.569644135831577,44.0
-23.0,10000.000000000062,16.51257616786807,44.0
-22.0,10000.000000000062,16.45668132912547,44.0
-21.0,10000.000000000062,16.402097575900328,44.0
-20.0,10000.000000000062,16.34896196909445,44.0
-19.5,10000.000000000062,16.32297966797527,44.0
-19.0,10000.000000000062,16.29741010741934,44.0
-18.5,10000.000000000062,16.272269914194133,44.0
-18.0,10000.000000000062,16.247575549902688,44.0
-17.5,10000.000000000062,16.22334328871704,44.0
-17.0,10000.000000000062,16.199589187706277,44.0
-16.5,10000.000000000062,16.176329038305315,44.0
-16.0,10000.000000000062,16.15357827161565,44.0
-15.5,10000.000000000062,16.131351755099637,44.0
-15.0,10000.000000000062,16.10966334386672,44.0
-14.5,10000.000000000062,16.08852489969117,44.0
-14.0,10000.000000000062,16.067944203062353,44.0
-13.5,10000.000000000062,16.04792066072268,44.0
-13.0,10000.000000000062,16.028436816493322,44.0
-12.5,10000.000000000062,16.009442242132742,44.0
-12.0,10000.000000000062,15.990824270840085,44.0
-11.5,10000.000000000062,15.972357211444873,44.0
-11.0,10000.000000000062,15.953618411877349,44.0
-10.5,10000.000000000062,15.933856622941807,44.0
-10.0,10000.000000000062,15.911797120524184,44.0
-9.5,10000.000000000062,15.885371443428244,44.0
-9.0,10000.000000000062,15.85137053938267,44.0
-8.5,10000.000000000062,15.80504161550993,44.0
-8.0,10000.000000000062,15.739682479287389,44.0
-7.5,10000.000000000062,15.646330355493513,44.0
-7.0,10000.000000000062,15.513687036452271,44.0
-6.5,10000.000000000062,15.328453998327912,44.0
-6.0,10000.000000000062,15.076249766922565,44.0
-5.5,10000.000000000062,14.743226988916742,44.0
-5.0,10000.000000000062,14.318385955766255,44.0
-4.5,10000.000000000062,13.79639994605793,44.0
-4.0,10000.000000000062,13.180555730796444,44.0
-3.5,10000.000000000062,12.48522486131428,44.0
-3.0,10000.000000000062,11.737187256223471,44.0
-2.5,10000.000000000062,10.97519090277494,44.0
-2.0,10000.000000000062,10.247380375899365,44.0
-1.5,10000.000000000062,9.606638491946407,44.0
-1.0,10000.000000000062,9.10437574433827,44.0
-0.5,10000.000000000062,8.78374312409754,44.0
0.0,10000.000000000062,8.673500000000017,44.0
0.5,10000.000000000062,8.78374312409754,44.0
1.0,10000.000000000062,9.10437574433827,44.0
1.5,10000.000000000062,9.606638491946407,44.0
2.0,10000.000000000062,10.247380375899365,44.0
2.5,10000.000000000062,10.97519090277494,44.0
3.0,10000.000000000062,11.737187256223471,44.0
3.5,10000.000000000062,12.48522486131428,44.0
4.0,10000.000000000062,13.180555730796444,44.0
4.5,10000.000000000062,13.79639994605793,44.0
5.0,10000.000000000062,14.318385955766255,44.0
5.5,10000.000000000062,14.743226988916742,44.0
6.0,10000.000000000062,15.076249766922565,44.0
6.5,10000.000000000062,15.328453998327912,44.0
7.0,10000.000000000062,15.513687036452271,44.0
7.5,10000.000000000062,15.646330355493513,44.0
8.0,10000.000000000062,15.739682479287389,44.0
8.5,10000.000000000062,15.80504161550993,44.0
9.0,10000.000000000062,15.85137053938267,44.0
9.5,10000.000000000062,15.885371443428244,44.0
10.0,10000.000000000062,15.911797120524184,44.0
10.5,10000.000000000062,15.933856622941807,44.0
11.0,10000.000000000062,15.953618411877349,44.0
11.5,10000.000000000062,15.972357211444873,44.0
12.0,10000.000000000062,15.990824270840085,44.0
12.5,10000.000000000062,16.009442242132742,44.0
13.0,10000.000000000062,16.028436816493322,44.0
13.5,10000.000000000062,16.04792066072268,44.0
14.0,10000.000000000062,16.067944203062353,44.0
14.5,10000.000000000062,16.08852489969117,44.0
15.0,10000.000000000062,16.10966334386672,44.0
15.5,10000.000000000062,16.131351755099637,44.0
16.0,10000.000000000062,16.15357827161565,44.0
16.5,10000.000000000062,16.176329038305315,44.0
17.0,10000.000000000062,16.199589187706277,44.0
17.5,10000.000000000062,16.22334328871704,44.0
18.0,10000.000000000062,16.247575549902688,44.0
18.5,10000.000000000062,16.272269914194133,44.0
19.0,10000.000000000062,16.29741010741934,44.0
19.5,10000.000000000062,16.32297966797527,44.0
20.0,10000.000000000062,16.34896196909445,44.0
21.0,10000.000000000062,16.402097575900328,44.0
22.0,10000.000000000062,16.45668132912547,44.0
23.0,10000.000000000062,16.51257616786807,44.0
24.0,10000.000000000062,16.569644135831577,44.0
25.0,10000.000000000062,16.627746939667,44.0
26.0,10000.000000000062,16.68674649636342,44.0
27.0,10000.000000000062,16.7465054667906,44.0
28.0,10000.000000000062,16.806887772608658,44.0
29.0,10000.000000000062,16.86775909393696,44.0
30.0,10000.000000000062,16.928987345371276,44.0
31.0,10000.000000000062,16.990443128149128,44.0
32.0,10000.000000000062,17.052000156485704,44.0
33.0,10000.000000000062,17.113535656334367,44.0
34.0,10000.000000000062,17.174930735064272,44.0
35.0,10000.000000000062,17.236070720790927,44.0
36.0,10000.000000000062,17.296845470340987,44.0
37.0,10000.000000000062,17.35714964507841,44.0
38.0,10000.000000000062,17.416882954062835,44.0
39.0,10000.000000000062,17.475950364250632,44.0
40.0,10000.000000000062,17.53426227768292,44.0
41.0,10000.000000000062,17.591734675830573,44.0
42.0,10000.000000000062,17.64828923148255,43.99999999999999
43.0,10000.000000000062,17.703853388769282,43.99999999999999
44.0,10000.000000000062,17.758360412105503,43.99999999999999
45.0,10000.000000000062,17.811749405016275,43.99999999999999
46.0,10000.000000000062,17.863965299974435,43.99999999999999
47.0,10000.000000000062,17.914958820526866,43.99999999999999
48.0,10000.000000000062,17.964686417119836,43.99999999999999
49.0,10000.000000000062,18.013110178150164,43.99999999999999
50.0,10000.000000000062,18.060197717868313,43.99999999999999
51.0,10000.000000000062,18.105922042842007,43.99999999999999
52.0,10000.000000000062,18.150261398754605,43.99999999999999
53.0,10000.000000000062,18.19319909936104,43.99999999999999
54.0,10000.000000000062,18.23472333945678,43.99999999999999
55.0,10000.000000000062,18.274826993731686,43.99999999999999
56.0,10000.000000000062,18.31350740338204,43.99999999999999
57.0,10000.000000000062,18.35076615234092,43.99999999999999
58.0,10000.000000000062,18.386608834960303,43.99999999999999
59.0,10000.000000000062,18.42104481693888,43.99999999999999
60.0,10000.000000000062,18.45408699123844,43.99999999999999
61.0,10000.000000000062,18.485751530670026,43.99999999999999
62.0,10000.000000000062,18.516057638759797,43.99999999999999
63.0,10000.000000000062,18.54502730042506,43.99999999999999
64.0,10000.000000000062,18.572685033904122,43.99999999999999
65.0,10000.000000000062,18.599057645290962,43.99999999999999
66.0,10000.000000000062,18.62417398692792,43.99999999999999
67.0,10000.000000000062,18.64806472080837,43.99999999999999
68.0,10000.000000000062,18.67076208803718,43.99999999999999
69.0,10000.000000000062,18.692299685291207,43.99999999999999
70.0,10000.000000000062,18.7127122491158,43.99999999999999
71.0,10000.000000000062,18.732035448787464,43.99999999999999
72.0,10000.000000000062,18.750305688368176,43.99999999999999
73.0,10000.000000000062,18.767559918474436,43.99999999999999
74.0,10000.000000000062,18.783835458184164,43.99999999999999
75.0,10000.000000000062,18.799169827408598,43.99999999999999
76.0,10000.000000000062,18.813600589963887,43.99999999999999
77.0,10000.000000000062,18.82716520748966,43.99999999999999
78.0,10000.000000000062,18.83990090427917,43.99999999999999
79.0,10000.000000000062,18.85184454300834,43.99999999999999
80.0,10000.000000000062,18.863032511279574,43.99999999999999
81.0,10000.000000000062,18.873500618830306,43.99999999999999
82.0,10000.000000000062,18.883284005196597,43.99999999999999
83.0,10000.000000000062,18.892417057568302,43.99999999999999
84.0,10000.000000000062,18.900933338524784,43.99999999999999
85.0,10000.000000000062,18.908865523298264,43.99999999999999
86.0,10000.000000000062,18.91624534617643,43.99999999999999
87.0,10000.000000000062,18.92310355562562,43.99999999999999
88.0,10000.000000000062,18.92946987769157,43.99999999999999
89.0,10000.000000000062,18.935372987215537,43.99999999999999
90.0,10000.000000000062,18.940840486389423,43.99999999999999
91.0,10000.000000000062,18.945898890164216,43.99999999999999
92.0,10000.000000000062,18.950573618021128,43.99999999999999
93.0,10000.000000000062,18.954888991614023,43.99999999999999
94.0,10000.000000000062,18.958868237794697,43.99999999999999
95.0,10000.000000000062,18.962533496538995,43.99999999999999
96.0,10000.000000000062,18.965905833301214,43.99999999999999
97.0,10000.000000000062,18.969005255336526,43.99999999999999
98.0,10000.000000000062,18.971850731545743,43.99999999999999
99.0,10000.000000000062,18.974460215413387,43.99999999999999
100.0,10000.000000000062,18.976850670628547,43.99999999999999
