y_m,f_hz,ey_mv
-100.0,10.0,0.49939080712180295
-99.0,10.0,0.49932790040561453
-98.0,10.0,0.4992592297775186
-97.0,10.0,0.49918434882464446
-96.0,10.0,0.4991027850868731
-95.0,10.0,0.49901403938260425
-94.0,10.0,0.4989175852051227
-93.0,10.0,0.4988128682003681
-92.0,10.0,0.4986993057373971
-91.0,10.0,0.4985762865832679
-90.0,10.0,0.4984431706944576
-89.0,10.0,0.49829928913725
-88.0,10.0,0.49814394414977725
-87.0,10.0,0.497976409358568
-86.0,10.0,0.49779593016253676
-85.0,10.0,0.4976017242973218
-84.0,10.0,0.4973929825927565
-83.0,10.0,0.49716886993600706
-82.0,10.0,0.49692852645254104
-81.0,10.0,0.4966710689165861
-80.0,10.0,0.49639559240209313
-79.0,10.0,0.49610117218442906
-78.0,10.0,0.4957868659020825
-77.0,10.0,0.4954517159865691
-76.0,10.0,0.4950947523674698
-75.0,10.0,0.4947149954581201
-74.0,10.0,0.49431145942589816
-73.0,10.0,0.49388315574932634
-72.0,10.0,0.4934290970623195
-71.0,10.0,0.4929483012838797
-70.0,10.0,0.4924397960293623
-69.0,10.0,0.49190262329713613
-68.0,10.0,0.49133584442203015
-67.0,10.0,0.4907385452844299
-66.0,10.0,0.49010984176126016
-65.0,10.0,0.48944888540239284
-64.0,10.0,0.48875486931326545
-63.0,10.0,0.4880270342217112
-62.0,10.0,0.4872646747042043
-61.0,10.0,0.48646714554394715
-60.0,10.0,0.4856338681904844
-59.0,10.0,0.4847643372878644
-58.0,10.0,0.4838581272357966
-57.0,10.0,0.4829148987458128
-56.0,10.0,0.48193440535215804
-55.0,10.0,0.4809164998350435
-54.0,10.0,0.47986114051201967
-53.0,10.0,0.47876839735160537
-52.0,10.0,0.47763845786196235
-51.0,10.0,0.4764716327063677
-50.0,10.0,0.47526836099653363
-49.0,10.0,0.47402921521447716
-48.0,10.0,0.472754905713679
-47.0,10.0,0.4714462847507061
-46.0,10.0,0.4701043499993264
-45.0,10.0,0.4687302475004274
-44.0,10.0,0.46732527400277557
-43.0,10.0,0.4658908786518223
-42.0,10.0,0.464428663986382
-41.0,10.0,0.4629403862060668
-40.0,10.0,0.4614279546758655
-39.0,10.0,0.4598934306381737
-38.0,10.0,0.4583390251069159
-37.0,10.0,0.45676709592311526
-36.0,10.0,0.4551801439563409
-35.0,10.0,0.45358080844186566
-34.0,10.0,0.45197186144905893
-33.0,10.0,0.45035620148248245
-32.0,10.0,0.4487368462233072
-31.0,10.0,0.44711692442497625
-30.0,10.0,0.44549966698345383
-29.0,10.0,0.4438883972088666
-28.0,10.0,0.442286520331806
-27.0,10.0,0.44069751228396237
-26.0,10.0,0.4391249077990365
-25.0,10.0,0.43757228788597285
-24.0,10.0,0.43604326673240923
-23.0,10.0,0.43454147810179133
-22.0,10.0,0.43307056129278887
-21.0,10.0,0.43163414673442635
-20.0,10.0,0.4302358412946472
-19.5,10.0,0.4295520965348888
-19.0,10.0,0.4288792133838142
-18.5,10.0,0.4282176294197634
-18.0,10.0,0.42756777793787204
-17.5,10.0,0.42693008748037786
-17.0,10.0,0.42630498136851036
-16.5,10.0,0.42569287723667387
-16.0,10.0,0.4250941865696382
-15.5,10.0,0.42450931424344995
-15.0,10.0,0.4239386580707786
-14.5,10.0,0.4233826083514095
-14.0,10.0,0.4228415474285919
-13.5,10.0,0.4223158492519456
-13.0,10.0,0.4218058789476246
-12.5,10.0,0.42131199239642747
-12.0,10.0,0.4208345358205351
-11.5,10.0,0.4203738453795477
-11.0,10.0,0.419930246776479
-10.5,10.0,0.41950405487435327
-10.0,10.0,0.4190955733240374
-9.5,10.0,0.4187050942039223
-9.0,10.0,0.4183328976720525
-8.5,10.0,0.41797925163128286
-8.0,10.0,0.4176444114080234
-7.5,10.0,0.4173286194451104
-7.0,10.0,0.4170321050093214
-6.5,10.0,0.416755083914028
-6.0,10.0,0.4164977582574549
-5.5,10.0,0.41626031617699166
-5.0,10.0,0.4160429316199731
-4.5,10.0,0.4158457641313207
-4.0,10.0,0.4156689586584071
-3.5,10.0,0.41551264537347815
-3.0,10.0,0.4153769395139371
-2.5,10.0,0.41526194124076515
-2.0,10.0,0.4151677355153216
-1.5,10.0,0.41509439199473624
-1.0,10.0,0.4150419649460741
-0.5,10.0,0.41501049317942007
0.0,10.0,0.415
0.5,10.0,0.41501049317942007
1.0,10.0,0.4150419649460741
1.5,10.0,0.41509439199473624
2.0,10.0,0.4151677355153216
2.5,10.0,0.41526194124076515
3.0,10.0,0.4153769395139371
3.5,10.0,0.41551264537347815
4.0,10.0,0.4156689586584071
4.5,10.0,0.4158457641313207
5.0,10.0,0.4160429316199731
5.5,10.0,0.41626031617699166
6.0,10.0,0.4164977582574549
6.5,10.0,0.416755083914028
7.0,10.0,0.4170321050093214
7.5,10.0,0.4173286194451104
8.0,10.0,0.4176444114080234
8.5,10.0,0.41797925163128286
9.0,10.0,0.4183328976720525
9.5,10.0,0.4187050942039223
10.0,10.0,0.4190955733240374
10.5,10.0,0.41950405487435327
11.0,10.0,0.419930246776479
11.5,10.0,0.4203738453795477
12.0,10.0,0.4208345358205351
12.5,10.0,0.42131199239642747
13.0,10.0,0.4218058789476246
13.5,10.0,0.4223158492519456
14.0,10.0,0.4228415474285919
14.5,10.0,0.4233826083514095
15.0,10.0,0.4239386580707786
15.5,10.0,0.42450931424344995
16.0,10.0,0.4250941865696382
16.5,10.0,0.42569287723667387
17.0,10.0,0.42630498136851036
17.5,10.0,0.42693008748037786
18.0,10.0,0.42756777793787204
18.5,10.0,0.4282176294197634
19.0,10.0,0.4288792133838142
19.5,10.0,0.4295520965348888
20.0,10.0,0.4302358412946472
21.0,10.0,0.43163414673442635
22.0,10.0,0.43307056129278887
23.0,10.0,0.43454147810179133
24.0,10.0,0.43604326673240923
25.0,10.0,0.43757228788597285
26.0,10.0,0.4391249077990365
27.0,10.0,0.44069751228396237
28.0,10.0,0.442286520331806
29.0,10.0,0.4438883972088666
30.0,10.0,0.44549966698345383
31.0,10.0,0.44711692442497625
32.0,10.0,0.4487368462233072
33.0,10.0,0.45035620148248245
34.0,10.0,0.45197186144905893
35.0,10.0,0.45358080844186566
36.0,10.0,0.4551801439563409
37.0,10.0,0.45676709592311526
38.0,10.0,0.4583390251069159
39.0,10.0,0.4598934306381737
40.0,10.0,0.4614279546758655
41.0,10.0,0.4629403862060668
42.0,10.0,0.464428663986382
43.0,10.0,0.4658908786518223
44.0,10.0,0.46732527400277557
45.0,10.0,0.4687302475004274
46.0,10.0,0.4701043499993264
47.0,10.0,0.4714462847507061
48.0,10.0,0.472754905713679
49.0,10.0,0.47402921521447716
50.0,10.0,0.47526836099653363
51.0,10.0,0.4764716327063677
52.0,10.0,0.47763845786196235
53.0,10.0,0.47876839735160537
54.0,10.0,0.47986114051201967
55.0,10.0,0.4809164998350435
56.0,10.0,0.48193440535215804
57.0,10.0,0.4829148987458128
58.0,10.0,0.4838581272357966
59.0,10.0,0.4847643372878644
60.0,10.0,0.4856338681904844
61.0,10.0,0.48646714554394715
62.0,10.0,0.4872646747042043
63.0,10.0,0.4880270342217112
64.0,10.0,0.48875486931326545
65.0,10.0,0.48944888540239284
66.0,10.0,0.49010984176126016
67.0,10.0,0.4907385452844299
68.0,10.0,0.49133584442203015
69.0,10.0,0.49190262329713613
70.0,10.0,0.4924397960293623
71.0,10.0,0.4929483012838797
72.0,10.0,0.4934290970623195
73.0,10.0,0.49388315574932634
74.0,10.0,0.49431145942589816
75.0,10.0,0.4947149954581201
76.0,10.0,0.4950947523674698
77.0,10.0,0.4954517159865691
78.0,10.0,0.4957868659020825
79.0,10.0,0.49610117218442906
80.0,10.0,0.49639559240209313
81.0,10.0,0.4966710689165861
82.0,10.0,0.49692852645254104
83.0,10.0,0.49716886993600706
84.0,10.0,0.4973929825927565
85.0,10.0,0.4976017242973218
86.0,10.0,0.49779593016253676
87.0,10.0,0.497976409358568
88.0,10.0,0.49814394414977725
89.0,10.0,0.49829928913725
90.0,10.0,0.4984431706944576
91.0,10.0,0.4985762865832679
92.0,10.0,0.4986993057373971
93.0,10.0,0.4988128682003681
94.0,10.0,0.4989175852051227
95.0,10.0,0.49901403938260425
96.0,10.0,0.4991027850868731
97.0,10.0,0.49918434882464446
98.0,10.0,0.4992592297775186
99.0,10.0,0.49932790040561453
100.0,10.0,0.49939080712180295
-100.0,11.220184543019636,0.5016539372003704
-99.0,11.220184543019636,0.5015907454046821
-98.0,11.220184543019636,0.5015217635762962
-97.0,11.220184543019636,0.5014465432792965
-96.0,11.220184543019636,0.5013646099124779
-95.0,11.220184543019636,0.501275462032058
-94.0,11.220184543019636,0.5011785707453081
-93.0,11.220184543019636,0.5010733791859566
-92.0,11.220184543019636,0.5009593020827038
-91.0,11.220184543019636,0.5008357254326335
-90.0,11.220184543019636,0.5007020062916856
-89.0,11.220184543019636,0.5005574726946823
-88.0,11.220184543019636,0.5004014237176513
-87.0,11.220184543019636,0.5002331296953553
-86.0,11.220184543019636,0.5000518326070216
-85.0,11.220184543019636,0.49985674664323704
-84.0,11.220184543019636,0.49964705896685263
-83.0,11.220184543019636,0.49942193068048557
-82.0,11.220184543019636,0.4991804980128398
-81.0,11.220184543019636,0.4989218737355567
-80.0,11.220184543019636,0.49864514882165994
-79.0,11.220184543019636,0.4983493943558663
-78.0,11.220184543019636,0.49803366370608776
-77.0,11.220184543019636,0.49769699496434894
-76.0,11.220184543019636,0.4973384136640832
-75.0,11.220184543019636,0.49695693577935346
-74.0,11.220184543019636,0.49655157100995956
-73.0,11.220184543019636,0.4961213263546605
-72.0,11.220184543019636,0.49566520997284363
-71.0,11.220184543019636,0.4951822353329343
-70.0,11.220184543019636,0.49467142564365324
-69.0,11.220184543019636,0.49413181856191496
-68.0,11.220184543019636,0.4935624711687228
-67.0,11.220184543019636,0.4929624652018719
-66.0,11.220184543019636,0.4923309125316344
-65.0,11.220184543019636,0.49166696086289147
-64.0,11.220184543019636,0.4909697996444106
-63.0,11.220184543019636,0.49023866616316947
-62.0,11.220184543019636,0.48947285179881694
-61.0,11.220184543019636,0.48867170841057367
-60.0,11.220184543019636,0.48783465482612
-59.0,11.220184543019636,0.4869611833993416
-58.0,11.220184543019636,0.4860508666012202
-57.0,11.220184543019636,0.48510336360570644
-56.0,11.220184543019636,0.4841184268301164
-55.0,11.220184543019636,0.4830959083874933
-54.0,11.220184543019636,0.4820357664064919
-53.0,11.220184543019636,0.4809380711727129
-52.0,11.220184543019636,0.47980301104406436
-51.0,11.220184543019636,0.4786308980916813
-50.0,11.220184543019636,0.47742217341723436
-49.0,11.220184543019636,0.4761774120971041
-48.0,11.220184543019636,0.474897327703938
-47.0,11.220184543019636,0.4735827763565437
-46.0,11.220184543019636,0.4722347602499287
-45.0,11.220184543019636,0.4708544306185877
-44.0,11.220184543019636,0.4694430900878692
-43.0,11.220184543019636,0.46800219437043544
-42.0,11.220184543019636,0.46653335326745665
-41.0,11.220184543019636,0.46503833093725816
-40.0,11.220184543019636,0.4635190453976539
-39.0,11.220184543019636,0.4619775672321398
-38.0,11.220184543019636,0.4604161174744727
-37.0,11.220184543019636,0.4588370646508964
-36.0,11.220184543019636,0.4572429209643746
-35.0,11.220184543019636,0.45563633761061817
-34.0,11.220184543019636,0.45402009922140946
-33.0,11.220184543019636,0.45239711743669986
-32.0,11.220184543019636,0.4507704236131324
-31.0,11.220184543019636,0.44914316068297755
-30.0,11.220184543019636,0.44751857418391444
-29.0,11.220184543019636,0.4459000024865854
-28.0,11.220184543019636,0.44429086625334335
-27.0,11.220184543019636,0.44269465716804196
-26.0,11.220184543019636,0.44111492598302315
-25.0,11.220184543019636,0.4395552699355819
-24.0,11.220184543019636,0.4380193195920652
-23.0,11.220184543019636,0.43651072518334094
-22.0,11.220184543019636,0.43503314250058583
-21.0,11.220184543019636,0.43359021842513573
-20.0,11.220184543019636,0.43218557617047204
-19.5,11.220184543019636,0.4314987328287818
-19.0,11.220184543019636,0.4308228003182139
-18.5,11.220184543019636,0.43015821820011785
-18.0,11.220184543019636,0.42950542173322814
-17.5,11.220184543019636,0.42886484140184244
-17.0,11.220184543019636,0.4282369024455896
-16.5,11.220184543019636,0.42762202439150176
-16.0,11.220184543019636,0.427020620589108
-15.5,11.220184543019636,0.42643309774926463
-15.0,11.220184543019636,0.42585985548744126
-14.5,11.220184543019636,0.42530128587217675
-14.0,11.220184543019636,0.4247577729794164
-13.5,11.220184543019636,0.42422969245343795
-13.0,11.220184543019636,0.4237174110750675
-12.5,11.220184543019636,0.4232212863378776
-12.0,11.220184543019636,0.42274166603305247
-11.5,11.220184543019636,0.42227888784359424
-11.0,11.220184543019636,0.4218332789485316
-10.5,11.220184543019636,0.42140515563777925
-10.0,11.220184543019636,0.42099482293828344
-9.5,11.220184543019636,0.42060257425207065
-9.0,11.220184543019636,0.42022869100680044
-8.5,11.220184543019636,0.4198734423194049
-8.0,11.220184543019636,0.4195370846733776
-7.5,11.220184543019636,0.4192198616102528
-7.0,11.220184543019636,0.41892200343579505
-6.5,11.220184543019636,0.41864372694139496
-6.0,11.220184543019636,0.41838523514114223
-5.5,11.220184543019636,0.41814671702502404
-5.0,11.220184543019636,0.4179283473286665
-4.5,11.220184543019636,0.4177302863200139
-4.0,11.220184543019636,0.41755267960330866
-3.5,11.220184543019636,0.4173956579407089
-3.0,11.220184543019636,0.4172593370918485
-2.5,11.220184543019636,0.41714381767161635
-2.0,11.220184543019636,0.4170491850263982
-1.5,11.220184543019636,0.41697550912899467
-1.0,11.220184543019636,0.41692284449239725
-0.5,11.220184543019636,0.4168912301025697
0.0,11.220184543019636,0.416880689370352
0.5,11.220184543019636,0.4168912301025697
1.0,11.220184543019636,0.41692284449239725
1.5,11.220184543019636,0.41697550912899467
2.0,11.220184543019636,0.4170491850263982
2.5,11.220184543019636,0.41714381767161635
3.0,11.220184543019636,0.4172593370918485
3.5,11.220184543019636,0.4173956579407089
4.0,11.220184543019636,0.41755267960330866
4.5,11.220184543019636,0.4177302863200139
5.0,11.220184543019636,0.4179283473286665
5.5,11.220184543019636,0.41814671702502404
6.0,11.220184543019636,0.41838523514114223
6.5,11.220184543019636,0.41864372694139496
7.0,11.220184543019636,0.41892200343579505
7.5,11.220184543019636,0.4192198616102528
8.0,11.220184543019636,0.4195370846733776
8.5,11.220184543019636,0.4198734423194049
9.0,11.220184543019636,0.42022869100680044
9.5,11.220184543019636,0.42060257425207065
10.0,11.220184543019636,0.42099482293828344
10.5,11.220184543019636,0.42140515563777925
11.0,11.220184543019636,0.4218332789485316
11.5,11.220184543019636,0.42227888784359424
12.0,11.220184543019636,0.42274166603305247
12.5,11.220184543019636,0.4232212863378776
13.0,11.220184543019636,0.4237174110750675
13.5,11.220184543019636,0.42422969245343795
14.0,11.220184543019636,0.4247577729794164
14.5,11.220184543019636,0.42530128587217675
15.0,11.220184543019636,0.42585985548744126
15.5,11.220184543019636,0.42643309774926463
16.0,11.220184543019636,0.427020620589108
16.5,11.220184543019636,0.42762202439150176
17.0,11.220184543019636,0.4282369024455896
17.5,11.220184543019636,0.42886484140184244
18.0,11.220184543019636,0.42950542173322814
18.5,11.220184543019636,0.43015821820011785
19.0,11.220184543019636,0.4308228003182139
19.5,11.220184543019636,0.4314987328287818
20.0,11.220184543019636,0.43218557617047204
21.0,11.220184543019636,0.43359021842513573
22.0,11.220184543019636,0.43503314250058583
23.0,11.220184543019636,0.43651072518334094
24.0,11.220184543019636,0.4380193195920652
25.0,11.220184543019636,0.4395552699355819
26.0,11.220184543019636,0.44111492598302315
27.0,11.220184543019636,0.44269465716804196
28.0,11.220184543019636,0.44429086625334335
29.0,11.220184543019636,0.4459000024865854
30.0,11.220184543019636,0.44751857418391444
31.0,11.220184543019636,0.44914316068297755
32.0,11.220184543019636,0.4507704236131324
33.0,11.220184543019636,0.45239711743669986
34.0,11.220184543019636,0.45402009922140946
35.0,11.220184543019636,0.45563633761061817
36.0,11.220184543019636,0.4572429209643746
37.0,11.220184543019636,0.4588370646508964
38.0,11.220184543019636,0.4604161174744727
39.0,11.220184543019636,0.4619775672321398
40.0,11.220184543019636,0.4635190453976539
41.0,11.220184543019636,0.46503833093725816
42.0,11.220184543019636,0.46653335326745665
43.0,11.220184543019636,0.46800219437043544
44.0,11.220184543019636,0.4694430900878692
45.0,11.220184543019636,0.4708544306185877
46.0,11.220184543019636,0.4722347602499287
47.0,11.220184543019636,0.4735827763565437
48.0,11.220184543019636,0.474897327703938
49.0,11.220184543019636,0.4761774120971041
50.0,11.220184543019636,0.47742217341723436
51.0,11.220184543019636,0.4786308980916813
52.0,11.220184543019636,0.47980301104406436
53.0,11.220184543019636,0.4809380711727129
54.0,11.220184543019636,0.4820357664064919
55.0,11.220184543019636,0.4830959083874933
56.0,11.220184543019636,0.4841184268301164
57.0,11.220184543019636,0.48510336360570644
58.0,11.220184543019636,0.4860508666012202
59.0,11.220184543019636,0.4869611833993416
60.0,11.220184543019636,0.48783465482612
61.0,11.220184543019636,0.48867170841057367
62.0,11.220184543019636,0.48947285179881694
63.0,11.220184543019636,0.49023866616316947
64.0,11.220184543019636,0.4909697996444106
65.0,11.220184543019636,0.49166696086289147
66.0,11.220184543019636,0.4923309125316344
67.0,11.220184543019636,0.4929624652018719
68.0,11.220184543019636,0.4935624711687228
69.0,11.220184543019636,0.49413181856191496
70.0,11.220184543019636,0.49467142564365324
71.0,11.220184543019636,0.4951822353329343
72.0,11.220184543019636,0.49566520997284363
73.0,11.220184543019636,0.4961213263546605
74.0,11.220184543019636,0.49655157100995956
75.0,11.220184543019636,0.49695693577935346
76.0,11.220184543019636,0.4973384136640832
77.0,11.220184543019636,0.49769699496434894
78.0,11.220184543019636,0.49803366370608776
79.0,11.220184543019636,0.4983493943558663
80.0,11.220184543019636,0.49864514882165994
81.0,11.220184543019636,0.4989218737355567
82.0,11.220184543019636,0.4991804980128398
83.0,11.220184543019636,0.49942193068048557
84.0,11.220184543019636,0.49964705896685263
85.0,11.220184543019636,0.49985674664323704
86.0,11.220184543019636,0.5000518326070216
87.0,11.220184543019636,0.5002331296953553
88.0,11.220184543019636,0.5004014237176513
89.0,11.220184543019636,0.5005574726946823
90.0,11.220184543019636,0.5007020062916856
91.0,11.220184543019636,0.5008357254326335
92.0,11.220184543019636,0.5009593020827038
93.0,11.220184543019636,0.5010733791859566
94.0,11.220184543019636,0.5011785707453081
95.0,11.220184543019636,0.501275462032058
96.0,11.220184543019636,0.5013646099124779
97.0,11.220184543019636,0.5014465432792965
98.0,11.220184543019636,0.5015217635762962
99.0,11.220184543019636,0.5015907454046821
100.0,11.220184543019636,0.5016539372003704
-100.0,12.589254117941675,0.5097894223153818
-99.0,12.589254117941675,0.5097252057177831
-98.0,12.589254117941675,0.5096551051886428
-97.0,12.589254117941675,0.5095786650196134
-96.0,12.589254117941675,0.5094954029127275
-95.0,12.589254117941675,0.5094048092921263
-94.0,12.589254117941675,0.5093063466878552
-93.0,12.589254117941675,0.5091994492027611
-92.0,12.589254117941675,0.5090835220740093
-91.0,12.589254117941675,0.5089579413411986
-90.0,12.589254117941675,0.5088220536334358
-89.0,12.589254117941675,0.5086751760880652
-88.0,12.589254117941675,0.5085165964140024
-87.0,12.589254117941675,0.5083455731127916
-86.0,12.589254117941675,0.5081613358705905
-85.0,12.589254117941675,0.5079630861342591
-84.0,12.589254117941675,0.507749997884604
-83.0,12.589254117941675,0.5075212186195703
-82.0,12.589254117941675,0.5072758705598022
-81.0,12.589254117941675,0.5070130520884697
-80.0,12.589254117941675,0.5067318394366106
-79.0,12.589254117941675,0.5064312886244201
-78.0,12.589254117941675,0.5061104376679697
-77.0,12.589254117941675,0.5057683090597093
-76.0,12.589254117941675,0.5054039125298311
-75.0,12.589254117941675,0.505016248094129
-74.0,12.589254117941675,0.5046043093923827
-73.0,12.589254117941675,0.5041670873195265
-72.0,12.589254117941675,0.5037035739499461
-71.0,12.589254117941675,0.5032127667531634
-70.0,12.589254117941675,0.5026936730969569
-69.0,12.589254117941675,0.5021453150316104
-68.0,12.589254117941675,0.501566734346503
-67.0,12.589254117941675,0.500956997887673
-66.0,12.589254117941675,0.5003152031223037
-65.0,12.589254117941675,0.499640483933329
-64.0,12.589254117941675,0.49893201662454345
-63.0,12.589254117941675,0.4981890261137593
-62.0,12.589254117941675,0.49741079228869883
-61.0,12.589254117941675,0.49659665649747264
-60.0,12.589254117941675,0.4957460281427007
-59.0,12.589254117941675,0.4948583913456062
-58.0,12.589254117941675,0.4939333116437939
-57.0,12.589254117941675,0.4929704426839274
-56.0,12.589254117941675,0.4919695328681939
-55.0,12.589254117941675,0.49093043191130564
-54.0,12.589254117941675,0.4898530972628762
-53.0,12.589254117941675,0.48873760034835084
-52.0,12.589254117941675,0.4875841325802989
-51.0,12.589254117941675,0.4863930110908147
-50.0,12.589254117941675,0.4851646841350581
-49.0,12.589254117941675,0.4838997361156104
-48.0,12.589254117941675,0.48259889217735896
-47.0,12.589254117941675,0.48126302232306856
-46.0,12.589254117941675,0.4798931450006693
-45.0,12.589254117941675,0.47849043011460024
-44.0,12.589254117941675,0.47705620141530886
-43.0,12.589254117941675,0.4755919382232234
-42.0,12.589254117941675,0.4740992764461833
-41.0,12.589254117941675,0.47258000885244356
-40.0,12.589254117941675,0.4710360845649369
-39.0,12.589254117941675,0.4694696077464856
-38.0,12.589254117941675,0.46788283545007353
-37.0,12.589254117941675,0.4662781746131051
-36.0,12.589254117941675,0.46465817817975696
-35.0,12.589254117941675,0.4630255403410434
-34.0,12.589254117941675,0.46138309088802615
-33.0,12.589254117941675,0.4597337886796693
-32.0,12.589254117941675,0.4580807142331127
-31.0,12.589254117941675,0.456427061450582
-30.0,12.589254117941675,0.4547761285036968
-29.0,12.589254117941675,0.4531313079025424
-28.0,12.589254117941675,0.45149607578346596
-27.0,12.589254117941675,0.44987398045609417
-26.0,12.589254117941675,0.44826863025647506
-25.0,12.589254117941675,0.4466836807594712
-24.0,12.589254117941675,0.44512282140950504
-23.0,12.589254117941675,0.44358976163442637
-22.0,12.589254117941675,0.4420882165125666
-21.0,12.589254117941675,0.4406218920679229
-20.0,12.589254117941675,0.43919447027280845
-19.5,12.589254117941675,0.43849648816917836
-19.0,12.589254117941675,0.4378095938411688
-18.5,12.589254117941675,0.4371342339786387
-18.0,12.589254117941675,0.43647085089905513
-17.5,12.589254117941675,0.4358198820680196
-17.0,12.589254117941675,0.4351817596214103
-16.5,12.589254117941675,0.43455690988986595
-16.0,12.589254117941675,0.4339457529263392
-15.5,12.589254117941675,0.4333487020374488
-15.0,12.589254117941675,0.43276616331935847
-14.5,12.589254117941675,0.43219853519891
-14.0,12.589254117941675,0.4316462079807333
-13.5,12.589254117941675,0.4311095634010516
-13.0,12.589254117941675,0.43058897418889497
-12.5,12.589254117941675,0.43008480363542556
-12.0,12.589254117941675,0.42959740517207046
-11.5,12.589254117941675,0.42912712195814673
-11.0,12.589254117941675,0.4286742864786519
-10.5,12.589254117941675,0.4282392201528772
-10.0,12.589254117941675,0.42782223295449007
-9.5,12.589254117941675,0.427423623043713
-9.0,12.589254117941675,0.4270436764122096
-8.5,12.589254117941675,0.42668266654126874
-8.0,12.589254117941675,0.4263408540738603
-7.5,12.589254117941675,0.42601848650111085
-7.0,12.589254117941675,0.4257157978637284
-6.5,12.589254117941675,0.42543300846888
-6.0,12.589254117941675,0.4251703246230011
-5.5,12.589254117941675,0.42492793838099086
-5.0,12.589254117941675,0.4247060273122199
-4.5,12.589254117941675,0.4245047542837499
-4.0,12.589254117941675,0.4243242672611347
-3.5,12.589254117941675,0.42416469912714483
-3.0,12.589254117941675,0.4240261675187258
-2.5,12.589254117941675,0.423908774682471
-2.0,12.589254117941675,0.4238126073488562
-1.5,12.589254117941675,0.42373773662545366
-1.0,12.589254117941675,0.4236842179093098
-0.5,12.589254117941675,0.4236520908186366
0.0,12.589254117941675,0.423641379143935
0.5,12.589254117941675,0.4236520908186366
1.0,12.589254117941675,0.4236842179093098
1.5,12.589254117941675,0.42373773662545366
2.0,12.589254117941675,0.4238126073488562
2.5,12.589254117941675,0.423908774682471
3.0,12.589254117941675,0.4240261675187258
3.5,12.589254117941675,0.42416469912714483
4.0,12.589254117941675,0.4243242672611347
4.5,12.589254117941675,0.4245047542837499
5.0,12.589254117941675,0.4247060273122199
5.5,12.589254117941675,0.42492793838099086
6.0,12.589254117941675,0.4251703246230011
6.5,12.589254117941675,0.42543300846888
7.0,12.589254117941675,0.4257157978637284
7.5,12.589254117941675,0.42601848650111085
8.0,12.589254117941675,0.4263408540738603
8.5,12.589254117941675,0.42668266654126874
9.0,12.589254117941675,0.4270436764122096
9.5,12.589254117941675,0.427423623043713
10.0,12.589254117941675,0.42782223295449007
10.5,12.589254117941675,0.4282392201528772
11.0,12.589254117941675,0.4286742864786519
11.5,12.589254117941675,0.42912712195814673
12.0,12.589254117941675,0.42959740517207046
12.5,12.589254117941675,0.43008480363542556
13.0,12.589254117941675,0.43058897418889497
13.5,12.589254117941675,0.4311095634010516
14.0,12.589254117941675,0.4316462079807333
14.5,12.589254117941675,0.43219853519891
15.0,12.589254117941675,0.43276616331935847
15.5,12.589254117941675,0.4333487020374488
16.0,12.589254117941675,0.4339457529263392
16.5,12.589254117941675,0.43455690988986595
17.0,12.589254117941675,0.4351817596214103
17.5,12.589254117941675,0.4358198820680196
18.0,12.589254117941675,0.43647085089905513
18.5,12.589254117941675,0.4371342339786387
19.0,12.589254117941675,0.4378095938411688
19.5,12.589254117941675,0.43849648816917836
20.0,12.589254117941675,0.43919447027280845
21.0,12.589254117941675,0.4406218920679229
22.0,12.589254117941675,0.4420882165125666
23.0,12.589254117941675,0.44358976163442637
24.0,12.589254117941675,0.44512282140950504
25.0,12.589254117941675,0.4466836807594712
26.0,12.589254117941675,0.44826863025647506
27.0,12.589254117941675,0.44987398045609417
28.0,12.589254117941675,0.45149607578346596
29.0,12.589254117941675,0.4531313079025424
30.0,12.589254117941675,0.4547761285036968
31.0,12.589254117941675,0.456427061450582
32.0,12.589254117941675,0.4580807142331127
33.0,12.589254117941675,0.4597337886796693
34.0,12.589254117941675,0.46138309088802615
35.0,12.589254117941675,0.4630255403410434
36.0,12.589254117941675,0.46465817817975696
37.0,12.589254117941675,0.4662781746131051
38.0,12.589254117941675,0.46788283545007353
39.0,12.589254117941675,0.4694696077464856
40.0,12.589254117941675,0.4710360845649369
41.0,12.589254117941675,0.47258000885244356
42.0,12.589254117941675,0.4740992764461833
43.0,12.589254117941675,0.4755919382232234
44.0,12.589254117941675,0.47705620141530886
45.0,12.589254117941675,0.47849043011460024
46.0,12.589254117941675,0.4798931450006693
47.0,12.589254117941675,0.48126302232306856
48.0,12.589254117941675,0.48259889217735896
49.0,12.589254117941675,0.4838997361156104
50.0,12.589254117941675,0.4851646841350581
51.0,12.589254117941675,0.4863930110908147
52.0,12.589254117941675,0.4875841325802989
53.0,12.589254117941675,0.48873760034835084
54.0,12.589254117941675,0.4898530972628762
55.0,12.589254117941675,0.49093043191130564
56.0,12.589254117941675,0.4919695328681939
57.0,12.589254117941675,0.4929704426839274
58.0,12.589254117941675,0.4939333116437939
59.0,12.589254117941675,0.4948583913456062
60.0,12.589254117941675,0.4957460281427007
61.0,12.589254117941675,0.49659665649747264
62.0,12.589254117941675,0.49741079228869883
63.0,12.589254117941675,0.4981890261137593
64.0,12.589254117941675,0.49893201662454345
65.0,12.589254117941675,0.499640483933329
66.0,12.589254117941675,0.5003152031223037
67.0,12.589254117941675,0.500956997887673
68.0,12.589254117941675,0.501566734346503
69.0,12.589254117941675,0.5021453150316104
70.0,12.589254117941675,0.5026936730969569
71.0,12.589254117941675,0.5032127667531634
72.0,12.589254117941675,0.5037035739499461
73.0,12.589254117941675,0.5041670873195265
74.0,12.589254117941675,0.5046043093923827
75.0,12.589254117941675,0.505016248094129
76.0,12.589254117941675,0.5054039125298311
77.0,12.589254117941675,0.5057683090597093
78.0,12.589254117941675,0.5061104376679697
79.0,12.589254117941675,0.5064312886244201
80.0,12.589254117941675,0.5067318394366106
81.0,12.589254117941675,0.5070130520884697
82.0,12.589254117941675,0.5072758705598022
83.0,12.589254117941675,0.5075212186195703
84.0,12.589254117941675,0.507749997884604
85.0,12.589254117941675,0.5079630861342591
86.0,12.589254117941675,0.5081613358705905
87.0,12.589254117941675,0.5083455731127916
88.0,12.589254117941675,0.5085165964140024
89.0,12.589254117941675,0.5086751760880652
90.0,12.589254117941675,0.5088220536334358
91.0,12.589254117941675,0.5089579413411986
92.0,12.589254117941675,0.5090835220740093
93.0,12.589254117941675,0.5091994492027611
94.0,12.589254117941675,0.5093063466878552
95.0,12.589254117941675,0.5094048092921263
96.0,12.589254117941675,0.5094954029127275
97.0,12.589254117941675,0.5095786650196134
98.0,12.589254117941675,0.5096551051886428
99.0,12.589254117941675,0.5097252057177831
100.0,12.589254117941675,0.5097894223153818
-100.0,14.125375446227547,0.5247640675550166
-99.0,14.125375446227547,0.5246979646476487
-98.0,14.125375446227547,0.5246258049730866
-97.0,14.125375446227547,0.5245471194369249
-96.0,14.125375446227547,0.5244614115740899
-95.0,14.125375446227547,0.5243681568403502
-94.0,14.125375446227547,0.5242668019780138
-93.0,14.125375446227547,0.5241567644671635
-92.0,14.125375446227547,0.5240374320742953
-91.0,14.125375446227547,0.5239081625106843
-90.0,14.125375446227547,0.523768283213204
-89.0,14.125375446227547,0.5236170912606698
-88.0,14.125375446227547,0.523453853439032
-87.0,14.125375446227547,0.5232778064689273
-86.0,14.125375446227547,0.5230881574091774
-85.0,14.125375446227547,0.5228840842498002
-84.0,14.125375446227547,0.5226647367079674
-83.0,14.125375446227547,0.5224292372400773
-82.0,14.125375446227547,0.5221766822827266
-81.0,14.125375446227547,0.5219061437348325
-80.0,14.125375446227547,0.5216166706924784
-79.0,14.125375446227547,0.521307291447229
-78.0,14.125375446227547,0.5209770157576686
-77.0,14.125375446227547,0.5206248374027662
-76.0,14.125375446227547,0.5202497370243525
-75.0,14.125375446227547,0.5198506852645073
-74.0,14.125375446227547,0.5194266462020058
-73.0,14.125375446227547,0.5189765810901509
-72.0,14.125375446227547,0.5184994523963417
-71.0,14.125375446227547,0.5179942281415911
-70.0,14.125375446227547,0.5174598865359223
-69.0,14.125375446227547,0.5168954209031502
-68.0,14.125375446227547,0.5162998448860043
-67.0,14.125375446227547,0.5156721979198923
-66.0,14.125375446227547,0.515011550960838
-65.0,14.125375446227547,0.5143170124502984
-64.0,14.125375446227547,0.513587734496669
-63.0,14.125375446227547,0.5128229192503599
-62.0,14.125375446227547,0.5120218254463873
-61.0,14.125375446227547,0.5111837750855039
-60.0,14.125375446227547,0.510308160222017
-59.0,14.125375446227547,0.5093944498236348
-58.0,14.125375446227547,0.5084421966659863
-57.0,14.125375446227547,0.5074510442218907
-56.0,14.125375446227547,0.506420733503056
-55.0,14.125375446227547,0.5053511098096879
-54.0,14.125375446227547,0.5042421293415171
-53.0,14.125375446227547,0.5030938656220529
-52.0,14.125375446227547,0.5019065156864513
-51.0,14.125375446227547,0.5006804059823012
-50.0,14.125375446227547,0.49941599793188957
-49.0,14.125375446227547,0.4981138931041429
-48.0,14.125375446227547,0.4967748379444836
-47.0,14.125375446227547,0.49539972801129273
-46.0,14.125375446227547,0.49398961166857097
-45.0,14.125375446227547,0.49254569318573865
-44.0,14.125375446227547,0.49106933519732465
-43.0,14.125375446227547,0.48956206047757866
-42.0,14.125375446227547,0.4880255529877884
-41.0,14.125375446227547,0.4864616581573025
-40.0,14.125375446227547,0.4848723823629379
-39.0,14.125375446227547,0.48325989157557003
-38.0,14.125375446227547,0.4816265091472589
-37.0,14.125375446227547,0.4799747127172168
-36.0,14.125375446227547,0.478307130220257
-35.0,14.125375446227547,0.47662653498704016
-34.0,14.125375446227547,0.47493583993141464
-33.0,14.125375446227547,0.4732380908263942
-32.0,14.125375446227547,0.4715364586767776
-31.0,14.125375446227547,0.46983423120304313
-30.0,14.125375446227547,0.4681348034578906
-29.0,14.125375446227547,0.46644166760360034
-28.0,14.125375446227547,0.4647584018851675
-27.0,14.125375446227547,0.46308865884089734
-26.0,14.125375446227547,0.46143615279874334
-25.0,14.125375446227547,0.4598046467130747
-24.0,14.125375446227547,0.4581979384027112
-23.0,14.125375446227547,0.45661984625689667
-22.0,14.125375446227547,0.4550741944813346
-21.0,14.125375446227547,0.4535647979614309
-20.0,14.125375446227547,0.4520954468244088
-19.5,14.125375446227547,0.4513769620702176
-19.0,14.125375446227547,0.4506698907859418
-18.5,14.125375446227547,0.44997469278258767
-18.0,14.125375446227547,0.4492918233703344
-17.5,14.125375446227547,0.4486217328649758
-17.0,14.125375446227547,0.44796486609602654
-16.5,14.125375446227547,0.4473216619172371
-16.0,14.125375446227547,0.4466925527202706
-15.5,14.125375446227547,0.4460779639522878
-15.0,14.125375446227547,0.4454783136381935
-14.5,14.125375446227547,0.4448940119082905
-14.0,14.125375446227547,0.44432546053208627
-13.5,14.125375446227547,0.44377305245899196
-13.0,14.125375446227547,0.4432371713666464
-12.5,14.125375446227547,0.4427181912175911
-12.0,14.125375446227547,0.44221647582501067
-11.5,14.125375446227547,0.4417323784282452
-11.0,14.125375446227547,0.4412662412787656
-10.5,14.125375446227547,0.44081839523729066
-10.0,14.125375446227547,0.4403891593827094
-9.5,14.125375446227547,0.43997884063345594
-9.0,14.125375446227547,0.4395877333819638
-8.5,14.125375446227547,0.4392161191428099
-8.0,14.125375446227547,0.43886426621513713
-7.5,14.125375446227547,0.4385324293599205
-7.0,14.125375446227547,0.43822084949262136
-6.5,14.125375446227547,0.4379297533917489
-6.0,14.125375446227547,0.4376593534238203
-5.5,14.125375446227547,0.4374098472851896
-5.0,14.125375446227547,0.4371814177611818
-4.5,14.125375446227547,0.43697423250294454
-4.0,14.125375446227547,0.43678844382239823
-3.5,14.125375446227547,0.4366241885056355
-3.0,14.125375446227547,0.43648158764509054
-2.5,14.125375446227547,0.4363607464907663
-2.0,14.125375446227547,0.4362617543207749
-1.5,14.125375446227547,0.4361846843314153
-1.0,14.125375446227547,0.4361295935469765
-0.5,14.125375446227547,0.4360965227494228
0.0,14.125375446227547,0.43608549642808175
0.5,14.125375446227547,0.4360965227494228
1.0,14.125375446227547,0.4361295935469765
1.5,14.125375446227547,0.4361846843314153
2.0,14.125375446227547,0.4362617543207749
2.5,14.125375446227547,0.4363607464907663
3.0,14.125375446227547,0.43648158764509054
3.5,14.125375446227547,0.4366241885056355
4.0,14.125375446227547,0.43678844382239823
4.5,14.125375446227547,0.43697423250294454
5.0,14.125375446227547,0.4371814177611818
5.5,14.125375446227547,0.4374098472851896
6.0,14.125375446227547,0.4376593534238203
6.5,14.125375446227547,0.4379297533917489
7.0,14.125375446227547,0.43822084949262136
7.5,14.125375446227547,0.4385324293599205
8.0,14.125375446227547,0.43886426621513713
8.5,14.125375446227547,0.4392161191428099
9.0,14.125375446227547,0.4395877333819638
9.5,14.125375446227547,0.43997884063345594
10.0,14.125375446227547,0.4403891593827094
10.5,14.125375446227547,0.44081839523729066
11.0,14.125375446227547,0.4412662412787656
11.5,14.125375446227547,0.4417323784282452
12.0,14.125375446227547,0.44221647582501067
12.5,14.125375446227547,0.4427181912175911
13.0,14.125375446227547,0.4432371713666464
13.5,14.125375446227547,0.44377305245899196
14.0,14.125375446227547,0.44432546053208627
14.5,14.125375446227547,0.4448940119082905
15.0,14.125375446227547,0.4454783136381935
15.5,14.125375446227547,0.4460779639522878
16.0,14.125375446227547,0.4466925527202706
16.5,14.125375446227547,0.4473216619172371
17.0,14.125375446227547,0.44796486609602654
17.5,14.125375446227547,0.4486217328649758
18.0,14.125375446227547,0.4492918233703344
18.5,14.125375446227547,0.44997469278258767
19.0,14.125375446227547,0.4506698907859418
19.5,14.125375446227547,0.4513769620702176
20.0,14.125375446227547,0.4520954468244088
21.0,14.125375446227547,0.4535647979614309
22.0,14.125375446227547,0.4550741944813346
23.0,14.125375446227547,0.45661984625689667
24.0,14.125375446227547,0.4581979384027112
25.0,14.125375446227547,0.4598046467130747
26.0,14.125375446227547,0.46143615279874334
27.0,14.125375446227547,0.46308865884089734
28.0,14.125375446227547,0.4647584018851675
29.0,14.125375446227547,0.46644166760360034
30.0,14.125375446227547,0.4681348034578906
31.0,14.125375446227547,0.46983423120304313
32.0,14.125375446227547,0.4715364586767776
33.0,14.125375446227547,0.4732380908263942
34.0,14.125375446227547,0.47493583993141464
35.0,14.125375446227547,0.47662653498704016
36.0,14.125375446227547,0.478307130220257
37.0,14.125375446227547,0.4799747127172168
38.0,14.125375446227547,0.4816265091472589
39.0,14.125375446227547,0.48325989157557003
40.0,14.125375446227547,0.4848723823629379
41.0,14.125375446227547,0.4864616581573025
42.0,14.125375446227547,0.4880255529877884
43.0,14.125375446227547,0.48956206047757866
44.0,14.125375446227547,0.49106933519732465
45.0,14.125375446227547,0.49254569318573865
46.0,14.125375446227547,0.49398961166857097
47.0,14.125375446227547,0.49539972801129273
48.0,14.125375446227547,0.4967748379444836
49.0,14.125375446227547,0.4981138931041429
50.0,14.125375446227547,0.49941599793188957
51.0,14.125375446227547,0.5006804059823012
52.0,14.125375446227547,0.5019065156864513
53.0,14.125375446227547,0.5030938656220529
54.0,14.125375446227547,0.5042421293415171
55.0,14.125375446227547,0.5053511098096879
56.0,14.125375446227547,0.506420733503056
57.0,14.125375446227547,0.5074510442218907
58.0,14.125375446227547,0.5084421966659863
59.0,14.125375446227547,0.5093944498236348
60.0,14.125375446227547,0.510308160222017
61.0,14.125375446227547,0.5111837750855039
62.0,14.125375446227547,0.5120218254463873
63.0,14.125375446227547,0.5128229192503599
64.0,14.125375446227547,0.513587734496669
65.0,14.125375446227547,0.5143170124502984
66.0,14.125375446227547,0.515011550960838
67.0,14.125375446227547,0.5156721979198923
68.0,14.125375446227547,0.5162998448860043
69.0,14.125375446227547,0.5168954209031502
70.0,14.125375446227547,0.5174598865359223
71.0,14.125375446227547,0.5179942281415911
72.0,14.125375446227547,0.5184994523963417
73.0,14.125375446227547,0.5189765810901509
74.0,14.125375446227547,0.5194266462020058
75.0,14.125375446227547,0.5198506852645073
76.0,14.125375446227547,0.5202497370243525
77.0,14.125375446227547,0.5206248374027662
78.0,14.125375446227547,0.5209770157576686
79.0,14.125375446227547,0.521307291447229
80.0,14.125375446227547,0.5216166706924784
81.0,14.125375446227547,0.5219061437348325
82.0,14.125375446227547,0.5221766822827266
83.0,14.125375446227547,0.5224292372400773
84.0,14.125375446227547,0.5226647367079674
85.0,14.125375446227547,0.5228840842498002
86.0,14.125375446227547,0.5230881574091774
87.0,14.125375446227547,0.5232778064689273
88.0,14.125375446227547,0.523453853439032
89.0,14.125375446227547,0.5236170912606698
90.0,14.125375446227547,0.523768283213204
91.0,14.125375446227547,0.5239081625106843
92.0,14.125375446227547,0.5240374320742953
93.0,14.125375446227547,0.5241567644671635
94.0,14.125375446227547,0.5242668019780138
95.0,14.125375446227547,0.5243681568403502
96.0,14.125375446227547,0.5244614115740899
97.0,14.125375446227547,0.5245471194369249
98.0,14.125375446227547,0.5246258049730866
99.0,14.125375446227547,0.5246979646476487
100.0,14.125375446227547,0.5247640675550166
-100.0,15.848931924611142,0.5471702957902481
-99.0,15.848931924611142,0.5471013704395746
-98.0,15.848931924611142,0.5470261297115686
-97.0,15.848931924611142,0.5469440844825638
-96.0,15.848931924611142,0.5468547170895609
-95.0,15.848931924611142,0.5467574805914868
-94.0,15.848931924611142,0.5466517981078084
-93.0,15.848931924611142,0.5465370622463374
-92.0,15.848931924611142,0.546412634632596
-91.0,15.848931924611142,0.5462778455535966
-90.0,15.848931924611142,0.5461319937293019
-89.0,15.848931924611142,0.5459743462253965
-88.0,15.848931924611142,0.5458041385212642
-87.0,15.848931924611142,0.5456205747472543
-86.0,15.848931924611142,0.5454228281054097
-85.0,15.848931924611142,0.545210041487798
-84.0,15.848931924611142,0.544981328306454
-83.0,15.848931924611142,0.5447357735486668
-82.0,15.848931924611142,0.5444724350709377
-81.0,15.848931924611142,0.5441903451443854
-80.0,15.848931924611142,0.543888512263666
-79.0,15.848931924611142,0.5435659232306111
-78.0,15.848931924611142,0.5432215455227565
-77.0,15.848931924611142,0.542854329955729
-76.0,15.848931924611142,0.5424632136470916
-75.0,15.848931924611142,0.5420471232876898
-74.0,15.848931924611142,0.5416049787248263
-73.0,15.848931924611142,0.5411356968596904
-72.0,15.848931924611142,0.5406381958594065
-71.0,15.848931924611142,0.54011139968184
-70.0,15.848931924611142,0.5395542429089134
-69.0,15.848931924611142,0.5389656758816654
-68.0,15.848931924611142,0.5383446701276213
-67.0,15.848931924611142,0.5376902240682723
-66.0,15.848931924611142,0.5370013689915843
-65.0,15.848931924611142,0.5362771752714992
-64.0,15.848931924611142,0.5355167588133756
-63.0,15.848931924611142,0.5347192877012669
-62.0,15.848931924611142,0.5338839890198657
-61.0,15.848931924611142,0.533010155820904
-60.0,15.848931924611142,0.5320971542007955
-59.0,15.848931924611142,0.5311444304533812
-58.0,15.848931924611142,0.5301515182588299
-57.0,15.848931924611142,0.5291180458670637
-56.0,15.848931924611142,0.5280437432315817
-55.0,15.848931924611142,0.5269284490472611
-54.0,15.848931924611142,0.5257721176436614
-53.0,15.848931924611142,0.5245748256835777
-52.0,15.848931924611142,0.5233367786151176
-51.0,15.848931924611142,0.5220583168244374
-50.0,15.848931924611142,0.5207399214355023
-49.0,15.848931924611142,0.5193822197028596
-48.0,15.848931924611142,0.517985989943448
-47.0,15.848931924611142,0.5165521659539476
-46.0,15.848931924611142,0.5150818408611099
-45.0,15.848931924611142,0.5135762703539114
-44.0,15.848931924611142,0.5120368752482659
-43.0,15.848931924611142,0.510465243337409
-42.0,15.848931924611142,0.5088631304839325
-41.0,15.848931924611142,0.5072324609128075
-40.0,15.848931924611142,0.5055753266685623
-39.0,15.848931924611142,0.5038939862040867
-38.0,15.848931924611142,0.5021908620732716
-37.0,15.848931924611142,0.5004685377048702
-36.0,15.848931924611142,0.4987297532405157
-35.0,15.848931924611142,0.4969774004257595
-34.0,15.848931924611142,0.4952145165492244
-33.0,15.848931924611142,0.4934442774314817
-32.0,15.848931924611142,0.49166998947199925
-31.0,15.848931924611142,0.4898950807694175
-30.0,15.848931924611142,0.48812309133743953
-29.0,15.848931924611142,0.48635766244570633
-28.0,15.848931924611142,0.48460252512210916
-27.0,15.848931924611142,0.48286148786000427
-26.0,15.848931924611142,0.4811384235806731
-25.0,15.848931924611142,0.4794372559080498
-24.0,15.848931924611142,0.47776194481915163
-23.0,15.848931924611142,0.4761164717397299
-22.0,15.848931924611142,0.4745048241603454
-21.0,15.848931924611142,0.4729309798533056
-20.0,15.848931924611142,0.4713988907756177
-19.5,15.848931924611142,0.47064972836191954
-19.0,15.848931924611142,0.46991246674725795
-18.5,15.848931924611142,0.46918758537552
-18.0,15.848931924611142,0.4684755589975906
-17.5,15.848931924611142,0.4677768571567203
-17.0,15.848931924611142,0.4670919436756289
-16.5,15.848931924611142,0.46642127614612083
-16.0,15.848931924611142,0.46576530542199646
-15.5,15.848931924611142,0.4651244751160395
-15.0,15.848931924611142,0.4644992211018642
-14.5,15.848931924611142,0.46388997102140156
-14.0,15.848931924611142,0.46329714379880027
-13.5,15.848931924611142,0.4627211491615145
-13.0,15.848931924611142,0.46216238716934294
-12.5,15.848931924611142,0.4616212477521741
-12.0,15.848931924611142,0.4610981102571855
-11.5,15.848931924611142,0.460593343006231
-11.0,15.848931924611142,0.46010730286413837
-10.5,15.848931924611142,0.45964033481862393
-10.0,15.848931924611142,0.4591927715725174
-9.5,15.848931924611142,0.45876493314896954
-9.0,15.848931924611142,0.45835712651029903
-8.5,15.848931924611142,0.4579696451911129
-8.0,15.848931924611142,0.4576027689463152
-7.5,15.848931924611142,0.4572567634145931
-7.0,15.848931924611142,0.45693187979794864
-6.5,15.848931924611142,0.45662835455781564
-6.0,15.848931924611142,0.4563464091282772
-5.5,15.848931924611142,0.45608624964687045
-5.0,15.848931924611142,0.4558480667034365
-4.5,15.848931924611142,0.45563203510744477
-4.0,15.848931924611142,0.4554383136741868
-3.5,15.848931924611142,0.4552670450302095
-3.0,15.848931924611142,0.4551183554383175
-2.5,15.848931924611142,0.4549923546424488
-2.0,15.848931924611142,0.4548891357326872
-1.5,15.848931924611142,0.4548087750306465
-1.0,15.848931924611142,0.4547513319954228
-0.5,15.848931924611142,0.45471684915027716
0.0,15.848931924611142,0.45470535203017565
0.5,15.848931924611142,0.45471684915027716
1.0,15.848931924611142,0.4547513319954228
1.5,15.848931924611142,0.4548087750306465
2.0,15.848931924611142,0.4548891357326872
2.5,15.848931924611142,0.4549923546424488
3.0,15.848931924611142,0.4551183554383175
3.5,15.848931924611142,0.4552670450302095
4.0,15.848931924611142,0.4554383136741868
4.5,15.848931924611142,0.45563203510744477
5.0,15.848931924611142,0.4558480667034365
5.5,15.848931924611142,0.45608624964687045
6.0,15.848931924611142,0.4563464091282772
6.5,15.848931924611142,0.45662835455781564
7.0,15.848931924611142,0.45693187979794864
7.5,15.848931924611142,0.4572567634145931
8.0,15.848931924611142,0.4576027689463152
8.5,15.848931924611142,0.4579696451911129
9.0,15.848931924611142,0.45835712651029903
9.5,15.848931924611142,0.45876493314896954
10.0,15.848931924611142,0.4591927715725174
10.5,15.848931924611142,0.45964033481862393
11.0,15.848931924611142,0.46010730286413837
11.5,15.848931924611142,0.460593343006231
12.0,15.848931924611142,0.4610981102571855
12.5,15.848931924611142,0.4616212477521741
13.0,15.848931924611142,0.46216238716934294
13.5,15.848931924611142,0.4627211491615145
14.0,15.848931924611142,0.46329714379880027
14.5,15.848931924611142,0.46388997102140156
15.0,15.848931924611142,0.4644992211018642
15.5,15.848931924611142,0.4651244751160395
16.0,15.848931924611142,0.46576530542199646
16.5,15.848931924611142,0.46642127614612083
17.0,15.848931924611142,0.4670919436756289
17.5,15.848931924611142,0.4677768571567203
18.0,15.848931924611142,0.4684755589975906
18.5,15.848931924611142,0.46918758537552
19.0,15.848931924611142,0.46991246674725795
19.5,15.848931924611142,0.47064972836191954
20.0,15.848931924611142,0.4713988907756177
21.0,15.848931924611142,0.4729309798533056
22.0,15.848931924611142,0.4745048241603454
23.0,15.848931924611142,0.4761164717397299
24.0,15.848931924611142,0.47776194481915163
25.0,15.848931924611142,0.4794372559080498
26.0,15.848931924611142,0.4811384235806731
27.0,15.848931924611142,0.48286148786000427
28.0,15.848931924611142,0.48460252512210916
29.0,15.848931924611142,0.48635766244570633
30.0,15.848931924611142,0.48812309133743953
31.0,15.848931924611142,0.4898950807694175
32.0,15.848931924611142,0.49166998947199925
33.0,15.848931924611142,0.4934442774314817
34.0,15.848931924611142,0.4952145165492244
35.0,15.848931924611142,0.4969774004257595
36.0,15.848931924611142,0.4987297532405157
37.0,15.848931924611142,0.5004685377048702
38.0,15.848931924611142,0.5021908620732716
39.0,15.848931924611142,0.5038939862040867
40.0,15.848931924611142,0.5055753266685623
41.0,15.848931924611142,0.5072324609128075
42.0,15.848931924611142,0.5088631304839325
43.0,15.848931924611142,0.510465243337409
44.0,15.848931924611142,0.5120368752482659
45.0,15.848931924611142,0.5135762703539114
46.0,15.848931924611142,0.5150818408611099
47.0,15.848931924611142,0.5165521659539476
48.0,15.848931924611142,0.517985989943448
49.0,15.848931924611142,0.5193822197028596
50.0,15.848931924611142,0.5207399214355023
51.0,15.848931924611142,0.5220583168244374
52.0,15.848931924611142,0.5233367786151176
53.0,15.848931924611142,0.5245748256835777
54.0,15.848931924611142,0.5257721176436614
55.0,15.848931924611142,0.5269284490472611
56.0,15.848931924611142,0.5280437432315817
57.0,15.848931924611142,0.5291180458670637
58.0,15.848931924611142,0.5301515182588299
59.0,15.848931924611142,0.5311444304533812
60.0,15.848931924611142,0.5320971542007955
61.0,15.848931924611142,0.533010155820904
62.0,15.848931924611142,0.5338839890198657
63.0,15.848931924611142,0.5347192877012669
64.0,15.848931924611142,0.5355167588133756
65.0,15.848931924611142,0.5362771752714992
66.0,15.848931924611142,0.5370013689915843
67.0,15.848931924611142,0.5376902240682723
68.0,15.848931924611142,0.5383446701276213
69.0,15.848931924611142,0.5389656758816654
70.0,15.848931924611142,0.5395542429089134
71.0,15.848931924611142,0.54011139968184
72.0,15.848931924611142,0.5406381958594065
73.0,15.848931924611142,0.5411356968596904
74.0,15.848931924611142,0.5416049787248263
75.0,15.848931924611142,0.5420471232876898
76.0,15.848931924611142,0.5424632136470916
77.0,15.848931924611142,0.542854329955729
78.0,15.848931924611142,0.5432215455227565
79.0,15.848931924611142,0.5435659232306111
80.0,15.848931924611142,0.543888512263666
81.0,15.848931924611142,0.5441903451443854
82.0,15.848931924611142,0.5444724350709377
83.0,15.848931924611142,0.5447357735486668
84.0,15.848931924611142,0.544981328306454
85.0,15.848931924611142,0.545210041487798
86.0,15.848931924611142,0.5454228281054097
87.0,15.848931924611142,0.5456205747472543
88.0,15.848931924611142,0.5458041385212642
89.0,15.848931924611142,0.5459743462253965
90.0,15.848931924611142,0.5461319937293019
91.0,15.848931924611142,0.5462778455535966
92.0,15.848931924611142,0.546412634632596
93.0,15.848931924611142,0.5465370622463374
94.0,15.848931924611142,0.5466517981078084
95.0,15.848931924611142,0.5467574805914868
96.0,15.848931924611142,0.5468547170895609
97.0,15.848931924611142,0.5469440844825638
98.0,15.848931924611142,0.5470261297115686
99.0,15.848931924611142,0.5471013704395746
100.0,15.848931924611142,0.5471702957902481
-100.0,17.782794100389236,0.5774534995504168
-99.0,17.782794100389236,0.5773807595181811
-98.0,17.782794100389236,0.5773013545833189
-97.0,17.782794100389236,0.5772147685515574
-96.0,17.782794100389236,0.5771204551097784
-95.0,17.782794100389236,0.5770178370463913
-94.0,17.782794100389236,0.5769063055533429
-93.0,17.782794100389236,0.5767852196222532
-92.0,17.782794100389236,0.5766539055477349
-91.0,17.782794100389236,0.5765116565514566
-90.0,17.782794100389236,0.5763577325409561
-89.0,17.782794100389236,0.5761913600175828
-88.0,17.782794100389236,0.5760117321482378
-87.0,17.782794100389236,0.5758180090157721
-86.0,17.782794100389236,0.5756093180629992
-85.0,17.782794100389236,0.5753847547452482
-84.0,17.782794100389236,0.57514338340624
-83.0,17.782794100389236,0.5748842383917786
-82.0,17.782794100389236,0.5746063254153234
-81.0,17.782794100389236,0.5743086231889254
-80.0,17.782794100389236,0.5739900853322621
-79.0,17.782794100389236,0.5736496425715947
-78.0,17.782794100389236,0.5732862052393823
-77.0,17.782794100389236,0.572898666084021
-76.0,17.782794100389236,0.5724859033977211
-75.0,17.782794100389236,0.572046784468908
-74.0,17.782794100389236,0.5715801693637076
-73.0,17.782794100389236,0.5710849150390792
-72.0,17.782794100389236,0.570559879787981
-71.0,17.782794100389236,0.5700039280146008
-70.0,17.782794100389236,0.5694159353351735
-69.0,17.782794100389236,0.5687947939972406
-68.0,17.782794100389236,0.5681394186073981
-67.0,17.782794100389236,0.5674487521546583
-66.0,17.782794100389236,0.5667217723135066
-65.0,17.782794100389236,0.5659574980076223
-64.0,17.782794100389236,0.5651549962120432
-63.0,17.782794100389236,0.5643133889683378
-62.0,17.782794100389236,0.5634318605841108
-61.0,17.782794100389236,0.5625096649849601
-60.0,17.782794100389236,0.5615461331838314
-59.0,17.782794100389236,0.560540680829634
-58.0,17.782794100389236,0.5594928157940114
-57.0,17.782794100389236,0.558402145752334
-56.0,17.782794100389236,0.5572683857123462
-55.0,17.782794100389236,0.5560913654414742
-54.0,17.782794100389236,0.5548710367416417
-53.0,17.782794100389236,0.5536074805185551
-52.0,17.782794100389236,0.5523009135908715
-51.0,17.782794100389236,0.5509516951834584
-50.0,17.782794100389236,0.5495603330481433
-49.0,17.782794100389236,0.5481274891549495
-48.0,17.782794100389236,0.546653984896857
-47.0,17.782794100389236,0.545140805751632
-46.0,17.782794100389236,0.5435891053452536
-45.0,17.782794100389236,0.5420002088629509
-44.0,17.782794100389236,0.54037561575586
-43.0,17.782794100389236,0.5387170016938179
-42.0,17.782794100389236,0.5370262197178362
-41.0,17.782794100389236,0.5353053005493411
-40.0,17.782794100389236,0.5335564520173094
-39.0,17.782794100389236,0.5317820575689685
-38.0,17.782794100389236,0.5299846738347372
-37.0,17.782794100389236,0.5281670272235338
-36.0,17.782794100389236,0.5263320095304492
-35.0,17.782794100389236,0.5244826725450294
-34.0,17.782794100389236,0.5226222216549898
-33.0,17.782794100389236,0.5207540084470612
-32.0,17.782794100389236,0.5188815223137752
-31.0,17.782794100389236,0.5170083810822905
-30.0,17.782794100389236,0.5151383206887814
-29.0,17.782794100389236,0.5132751839293811
-28.0,17.782794100389236,0.5114229083261541
-27.0,17.782794100389236,0.5095855131539653
-26.0,17.782794100389236,0.5077670856813754
-25.0,17.782794100389236,0.5059717666857424
-24.0,17.782794100389236,0.5042037353094728
-23.0,17.782794100389236,0.5024671933307899
-22.0,17.782794100389236,0.5007663489283842
-21.0,17.782794100389236,0.49910540002483483
-20.0,17.782794100389236,0.49748851729866983
-19.5,17.782794100389236,0.4966978924039159
-19.0,17.782794100389236,0.49591982695930753
-18.5,17.782794100389236,0.4951548269436096
-18.0,17.782794100389236,0.49440339338285
-17.5,17.782794100389236,0.4936660218072052
-17.0,17.782794100389236,0.4929432017097175
-16.5,17.782794100389236,0.492235416007663
-16.0,17.782794100389236,0.49154314050739817
-15.5,17.782794100389236,0.49086684337350794
-15.0,17.782794100389236,0.4902069846030826
-14.5,17.782794100389236,0.4895640155059454
-14.0,17.782794100389236,0.48893837819165104
-13.5,17.782794100389236,0.48833050506406733
-13.0,17.782794100389236,0.487740818324349
-12.5,17.782794100389236,0.48716972948309983
-12.0,17.782794100389236,0.486617638882511
-11.5,17.782794100389236,0.48608493522925234
-11.0,17.782794100389236,0.48557199513887694
-10.5,17.782794100389236,0.48507918269248657
-10.0,17.782794100389236,0.48460684900638784
-9.5,17.782794100389236,0.48415533181544995
-9.0,17.782794100389236,0.48372495507085694
-8.5,17.782794100389236,0.48331602855292294
-8.0,17.782794100389236,0.4829288474996196
-7.5,17.782794100389236,0.48256369225143836
-7.0,17.782794100389236,0.4822208279131851
-6.5,17.782794100389236,0.48190050403327944
-6.0,17.782794100389236,0.48160295430109945
-5.5,17.782794100389236,0.4813283962628883
-5.0,17.782794100389236,0.4810770310567043
-4.5,17.782794100389236,0.4808490431668669
-4.0,17.782794100389236,0.4806446001983188
-3.5,17.782794100389236,0.48046385267128944
-3.0,17.782794100389236,0.48030693383661344
-2.5,17.782794100389236,0.4801739595120196
-2.0,17.782794100389236,0.48006502793967326
-1.5,17.782794100389236,0.4799802196652169
-1.0,17.782794100389236,0.4799195974385173
-0.5,17.782794100389236,0.4798832061362902
0.0,17.782794100389236,0.47987107270673734
0.5,17.782794100389236,0.4798832061362902
1.0,17.782794100389236,0.4799195974385173
1.5,17.782794100389236,0.4799802196652169
2.0,17.782794100389236,0.48006502793967326
2.5,17.782794100389236,0.4801739595120196
3.0,17.782794100389236,0.48030693383661344
3.5,17.782794100389236,0.48046385267128944
4.0,17.782794100389236,0.4806446001983188
4.5,17.782794100389236,0.4808490431668669
5.0,17.782794100389236,0.4810770310567043
5.5,17.782794100389236,0.4813283962628883
6.0,17.782794100389236,0.48160295430109945
6.5,17.782794100389236,0.48190050403327944
7.0,17.782794100389236,0.4822208279131851
7.5,17.782794100389236,0.48256369225143836
8.0,17.782794100389236,0.4829288474996196
8.5,17.782794100389236,0.48331602855292294
9.0,17.782794100389236,0.48372495507085694
9.5,17.782794100389236,0.48415533181544995
10.0,17.782794100389236,0.48460684900638784
10.5,17.782794100389236,0.48507918269248657
11.0,17.782794100389236,0.48557199513887694
11.5,17.782794100389236,0.48608493522925234
12.0,17.782794100389236,0.486617638882511
12.5,17.782794100389236,0.48716972948309983
13.0,17.782794100389236,0.487740818324349
13.5,17.782794100389236,0.48833050506406733
14.0,17.782794100389236,0.48893837819165104
14.5,17.782794100389236,0.4895640155059454
15.0,17.782794100389236,0.4902069846030826
15.5,17.782794100389236,0.49086684337350794
16.0,17.782794100389236,0.49154314050739817
16.5,17.782794100389236,0.492235416007663
17.0,17.782794100389236,0.4929432017097175
17.5,17.782794100389236,0.4936660218072052
18.0,17.782794100389236,0.49440339338285
18.5,17.782794100389236,0.4951548269436096
19.0,17.782794100389236,0.49591982695930753
19.5,17.782794100389236,0.4966978924039159
20.0,17.782794100389236,0.49748851729866983
21.0,17.782794100389236,0.49910540002483483
22.0,17.782794100389236,0.5007663489283842
23.0,17.782794100389236,0.5024671933307899
24.0,17.782794100389236,0.5042037353094728
25.0,17.782794100389236,0.5059717666857424
26.0,17.782794100389236,0.5077670856813754
27.0,17.782794100389236,0.5095855131539653
28.0,17.782794100389236,0.5114229083261541
29.0,17.782794100389236,0.5132751839293811
30.0,17.782794100389236,0.5151383206887814
31.0,17.782794100389236,0.5170083810822905
32.0,17.782794100389236,0.5188815223137752
33.0,17.782794100389236,0.5207540084470612
34.0,17.782794100389236,0.5226222216549898
35.0,17.782794100389236,0.5244826725450294
36.0,17.782794100389236,0.5263320095304492
37.0,17.782794100389236,0.5281670272235338
38.0,17.782794100389236,0.5299846738347372
39.0,17.782794100389236,0.5317820575689685
40.0,17.782794100389236,0.5335564520173094
41.0,17.782794100389236,0.5353053005493411
42.0,17.782794100389236,0.5370262197178362
43.0,17.782794100389236,0.5387170016938179
44.0,17.782794100389236,0.54037561575586
45.0,17.782794100389236,0.5420002088629509
46.0,17.782794100389236,0.5435891053452536
47.0,17.782794100389236,0.545140805751632
48.0,17.782794100389236,0.546653984896857
49.0,17.782794100389236,0.5481274891549495
50.0,17.782794100389236,0.5495603330481433
51.0,17.782794100389236,0.5509516951834584
52.0,17.782794100389236,0.5523009135908715
53.0,17.782794100389236,0.5536074805185551
54.0,17.782794100389236,0.5548710367416417
55.0,17.782794100389236,0.5560913654414742
56.0,17.782794100389236,0.5572683857123462
57.0,17.782794100389236,0.558402145752334
58.0,17.782794100389236,0.5594928157940114
59.0,17.782794100389236,0.560540680829634
60.0,17.782794100389236,0.5615461331838314
61.0,17.782794100389236,0.5625096649849601
62.0,17.782794100389236,0.5634318605841108
63.0,17.782794100389236,0.5643133889683378
64.0,17.782794100389236,0.5651549962120432
65.0,17.782794100389236,0.5659574980076223
66.0,17.782794100389236,0.5667217723135066
67.0,17.782794100389236,0.5674487521546583
68.0,17.782794100389236,0.5681394186073981
69.0,17.782794100389236,0.5687947939972406
70.0,17.782794100389236,0.5694159353351735
71.0,17.782794100389236,0.5700039280146008
72.0,17.782794100389236,0.570559879787981
73.0,17.782794100389236,0.5710849150390792
74.0,17.782794100389236,0.5715801693637076
75.0,17.782794100389236,0.572046784468908
76.0,17.782794100389236,0.5724859033977211
77.0,17.782794100389236,0.572898666084021
78.0,17.782794100389236,0.5732862052393823
79.0,17.782794100389236,0.5736496425715947
80.0,17.782794100389236,0.5739900853322621
81.0,17.782794100389236,0.5743086231889254
82.0,17.782794100389236,0.5746063254153234
83.0,17.782794100389236,0.5748842383917786
84.0,17.782794100389236,0.57514338340624
85.0,17.782794100389236,0.5753847547452482
86.0,17.782794100389236,0.5756093180629992
87.0,17.782794100389236,0.5758180090157721
88.0,17.782794100389236,0.5760117321482378
89.0,17.782794100389236,0.5761913600175828
90.0,17.782794100389236,0.5763577325409561
91.0,17.782794100389236,0.5765116565514566
92.0,17.782794100389236,0.5766539055477349
93.0,17.782794100389236,0.5767852196222532
94.0,17.782794100389236,0.5769063055533429
95.0,17.782794100389236,0.5770178370463913
96.0,17.782794100389236,0.5771204551097784
97.0,17.782794100389236,0.5772147685515574
98.0,17.782794100389236,0.5773013545833189
99.0,17.782794100389236,0.5773807595181811
100.0,17.782794100389236,0.5774534995504168
-100.0,19.952623149688808,0.6159756972039786
-99.0,19.952623149688808,0.6158981046495896
-98.0,19.952623149688808,0.6158134025737492
-97.0,19.952623149688808,0.6157210403466193
-96.0,19.952623149688808,0.6156204352102737
-95.0,19.952623149688808,0.615510971447062
-94.0,19.952623149688808,0.615391999635056
-93.0,19.952623149688808,0.6152628360039019
-92.0,19.952623149688808,0.6151227619050055
-91.0,19.952623149688808,0.6149710234105167
-90.0,19.952623149688808,0.6148068310560529
-89.0,19.952623149688808,0.6146293597425009
-88.0,19.952623149688808,0.6144377488125418
-87.0,19.952623149688808,0.6142311023177538
-86.0,19.952623149688808,0.6140084894922457
-85.0,19.952623149688808,0.6137689454487413
-84.0,19.952623149688808,0.6135114721128859
-83.0,19.952623149688808,0.6132350394112327
-82.0,19.952623149688808,0.612938586727913
-81.0,19.952623149688808,0.6126210246443731
-80.0,19.952623149688808,0.6122812369757613
-79.0,19.952623149688808,0.6119180831165787
-78.0,19.952623149688808,0.6115304007070449
-77.0,19.952623149688808,0.6111170086302743
-76.0,19.952623149688808,0.6106767103488173
-75.0,19.952623149688808,0.6102082975873713
-74.0,19.952623149688808,0.609710554366531
-73.0,19.952623149688808,0.6091822613903108
-72.0,19.952623149688808,0.608622200787849
-71.0,19.952623149688808,0.6080291612071965
-70.0,19.952623149688808,0.6074019432564126
-69.0,19.952623149688808,0.606739365284345
-68.0,19.952623149688808,0.6060402694904796
-67.0,19.952623149688808,0.6053035283501228
-66.0,19.952623149688808,0.6045280513379385
-65.0,19.952623149688808,0.6037127919295382
-64.0,19.952623149688808,0.6028567548574205
-63.0,19.952623149688808,0.6019590035941292
-62.0,19.952623149688808,0.6010186680320414
-61.0,19.952623149688808,0.6000349523257767
-60.0,19.952623149688808,0.5990071428598361
-59.0,19.952623149688808,0.5979346163007897
-58.0,19.952623149688808,0.5968168476901641
-57.0,19.952623149688808,0.5956534185311674
-56.0,19.952623149688808,0.5944440248195746
-55.0,19.952623149688808,0.5931884849665161
-54.0,19.952623149688808,0.5918867475585992
-53.0,19.952623149688808,0.5905388988987881
-52.0,19.952623149688808,0.5891451702698159
-51.0,19.952623149688808,0.5877059448606121
-50.0,19.952623149688808,0.5862217642953698
-49.0,19.952623149688808,0.5846933347044473
-48.0,19.952623149688808,0.5831215322763414
-47.0,19.952623149688808,0.581507408230509
-46.0,19.952623149688808,0.5798521931518666
-45.0,19.952623149688808,0.5781573006293805
-44.0,19.952623149688808,0.5764243301432856
-43.0,19.952623149688808,0.5746550691481507
-42.0,19.952623149688808,0.5728514943022348
-41.0,19.952623149688808,0.5710157717973565
-40.0,19.952623149688808,0.5691502567478138
-39.0,19.952623149688808,0.5672574916017327
-38.0,19.952623149688808,0.5653402035435632
-37.0,19.952623149688808,0.5634013008622595
-36.0,19.952623149688808,0.5614438682659388
-35.0,19.952623149688808,0.5594711611304796
-34.0,19.952623149688808,0.5574865986765363
-33.0,19.952623149688808,0.555493756076785
-32.0,19.952623149688808,0.553496355502793
-31.0,19.952623149688808,0.5514982561286901
-30.0,19.952623149688808,0.5495034431167295
-29.0,19.952623149688808,0.5475160156178027
-28.0,19.952623149688808,0.5455401738279445
-27.0,19.952623149688808,0.5435802051497576
-26.0,19.952623149688808,0.5416404695154329
-25.0,19.952623149688808,0.5397253839355558
-24.0,19.952623149688808,0.5378394063451107
-23.0,19.952623149688808,0.5359870188249451
-22.0,19.952623149688808,0.5341727102833517
-21.0,19.952623149688808,0.5324009586883218
-20.0,19.952623149688808,0.5306762129463322
-19.5,19.952623149688808,0.5298328450887436
-19.0,19.952623149688808,0.5290028745281944
-18.5,19.952623149688808,0.5281868409975335
-18.0,19.952623149688808,0.5273852789464736
-17.5,19.952623149688808,0.5265987169622449
-17.0,19.952623149688808,0.5258276771922034
-16.5,19.952623149688808,0.5250726747692663
-16.0,19.952623149688808,0.5243342172410587
-15.5,19.952623149688808,0.5236128040036475
-15.0,19.952623149688808,0.5229089257407478
-14.5,19.952623149688808,0.5222230638692757
-14.0,19.952623149688808,0.5215556899921249
-13.5,19.952623149688808,0.5209072653590306
-13.0,19.952623149688808,0.5202782403363878
-12.5,19.952623149688808,0.519669053886868
-12.0,19.952623149688808,0.5190801330596807
-11.5,19.952623149688808,0.5185118924923023
-11.0,19.952623149688808,0.5179647339244889
-10.5,19.952623149688808,0.5174390457253657
-10.0,19.952623149688808,0.516935202434375
-9.5,19.952623149688808,0.5164535643168399
-9.0,19.952623149688808,0.5159944769348819
-8.5,19.952623149688808,0.5155582707344073
-8.0,19.952623149688808,0.5151452606488535
-7.5,19.952623149688808,0.5147557457203592
-7.0,19.952623149688808,0.5143900087389982
-6.5,19.952623149688808,0.5140483159006838
-6.0,19.952623149688808,0.5137309164843237
-5.5,19.952623149688808,0.5134380425487743
-5.0,19.952623149688808,0.5131699086501096
-4.5,19.952623149688808,0.5129267115796857
-4.0,19.952623149688808,0.5127086301234509
-3.5,19.952623149688808,0.5125158248429106
-3.0,19.952623149688808,0.512348437878126
-2.5,19.952623149688808,0.5122065927730817
-2.0,19.952623149688808,0.5120903943237247
-1.5,19.952623149688808,0.5119999284489355
-1.0,19.952623149688808,0.5119352620846543
-0.5,19.952623149688808,0.5118964431013441
0.0,19.952623149688808,0.5118835002449338
0.5,19.952623149688808,0.5118964431013441
1.0,19.952623149688808,0.5119352620846543
1.5,19.952623149688808,0.5119999284489355
2.0,19.952623149688808,0.5120903943237247
2.5,19.952623149688808,0.5122065927730817
3.0,19.952623149688808,0.512348437878126
3.5,19.952623149688808,0.5125158248429106
4.0,19.952623149688808,0.5127086301234509
4.5,19.952623149688808,0.5129267115796857
5.0,19.952623149688808,0.5131699086501096
5.5,19.952623149688808,0.5134380425487743
6.0,19.952623149688808,0.5137309164843237
6.5,19.952623149688808,0.5140483159006838
7.0,19.952623149688808,0.5143900087389982
7.5,19.952623149688808,0.5147557457203592
8.0,19.952623149688808,0.5151452606488535
8.5,19.952623149688808,0.5155582707344073
9.0,19.952623149688808,0.5159944769348819
9.5,19.952623149688808,0.5164535643168399
10.0,19.952623149688808,0.516935202434375
10.5,19.952623149688808,0.5174390457253657
11.0,19.952623149688808,0.5179647339244889
11.5,19.952623149688808,0.5185118924923023
12.0,19.952623149688808,0.5190801330596807
12.5,19.952623149688808,0.519669053886868
13.0,19.952623149688808,0.5202782403363878
13.5,19.952623149688808,0.5209072653590306
14.0,19.952623149688808,0.5215556899921249
14.5,19.952623149688808,0.5222230638692757
15.0,19.952623149688808,0.5229089257407478
15.5,19.952623149688808,0.5236128040036475
16.0,19.952623149688808,0.5243342172410587
16.5,19.952623149688808,0.5250726747692663
17.0,19.952623149688808,0.5258276771922034
17.5,19.952623149688808,0.5265987169622449
18.0,19.952623149688808,0.5273852789464736
18.5,19.952623149688808,0.5281868409975335
19.0,19.952623149688808,0.5290028745281944
19.5,19.952623149688808,0.5298328450887436
20.0,19.952623149688808,0.5306762129463322
21.0,19.952623149688808,0.5324009586883218
22.0,19.952623149688808,0.5341727102833517
23.0,19.952623149688808,0.5359870188249451
24.0,19.952623149688808,0.5378394063451107
25.0,19.952623149688808,0.5397253839355558
26.0,19.952623149688808,0.5416404695154329
27.0,19.952623149688808,0.5435802051497576
28.0,19.952623149688808,0.5455401738279445
29.0,19.952623149688808,0.5475160156178027
30.0,19.952623149688808,0.5495034431167295
31.0,19.952623149688808,0.5514982561286901
32.0,19.952623149688808,0.553496355502793
33.0,19.952623149688808,0.555493756076785
34.0,19.952623149688808,0.5574865986765363
35.0,19.952623149688808,0.5594711611304796
36.0,19.952623149688808,0.5614438682659388
37.0,19.952623149688808,0.5634013008622595
38.0,19.952623149688808,0.5653402035435632
39.0,19.952623149688808,0.5672574916017327
40.0,19.952623149688808,0.5691502567478138
41.0,19.952623149688808,0.5710157717973565
42.0,19.952623149688808,0.5728514943022348
43.0,19.952623149688808,0.5746550691481507
44.0,19.952623149688808,0.5764243301432856
45.0,19.952623149688808,0.5781573006293805
46.0,19.952623149688808,0.5798521931518666
47.0,19.952623149688808,0.581507408230509
48.0,19.952623149688808,0.5831215322763414
49.0,19.952623149688808,0.5846933347044473
50.0,19.952623149688808,0.5862217642953698
51.0,19.952623149688808,0.5877059448606121
52.0,19.952623149688808,0.5891451702698159
53.0,19.952623149688808,0.5905388988987881
54.0,19.952623149688808,0.5918867475585992
55.0,19.952623149688808,0.5931884849665161
56.0,19.952623149688808,0.5944440248195746
57.0,19.952623149688808,0.5956534185311674
58.0,19.952623149688808,0.5968168476901641
59.0,19.952623149688808,0.5979346163007897
60.0,19.952623149688808,0.5990071428598361
61.0,19.952623149688808,0.6000349523257767
62.0,19.952623149688808,0.6010186680320414
63.0,19.952623149688808,0.6019590035941292
64.0,19.952623149688808,0.6028567548574205
65.0,19.952623149688808,0.6037127919295382
66.0,19.952623149688808,0.6045280513379385
67.0,19.952623149688808,0.6053035283501228
68.0,19.952623149688808,0.6060402694904796
69.0,19.952623149688808,0.606739365284345
70.0,19.952623149688808,0.6074019432564126
71.0,19.952623149688808,0.6080291612071965
72.0,19.952623149688808,0.608622200787849
73.0,19.952623149688808,0.6091822613903108
74.0,19.952623149688808,0.609710554366531
75.0,19.952623149688808,0.6102082975873713
76.0,19.952623149688808,0.6106767103488173
77.0,19.952623149688808,0.6111170086302743
78.0,19.952623149688808,0.6115304007070449
79.0,19.952623149688808,0.6119180831165787
80.0,19.952623149688808,0.6122812369757613
81.0,19.952623149688808,0.6126210246443731
82.0,19.952623149688808,0.612938586727913
83.0,19.952623149688808,0.6132350394112327
84.0,19.952623149688808,0.6135114721128859
85.0,19.952623149688808,0.6137689454487413
86.0,19.952623149688808,0.6140084894922457
87.0,19.952623149688808,0.6142311023177538
88.0,19.952623149688808,0.6144377488125418
89.0,19.952623149688808,0.6146293597425009
90.0,19.952623149688808,0.6148068310560529
91.0,19.952623149688808,0.6149710234105167
92.0,19.952623149688808,0.6151227619050055
93.0,19.952623149688808,0.6152628360039019
94.0,19.952623149688808,0.615391999635056
95.0,19.952623149688808,0.615510971447062
96.0,19.952623149688808,0.6156204352102737
97.0,19.952623149688808,0.6157210403466193
98.0,19.952623149688808,0.6158134025737492
99.0,19.952623149688808,0.6158981046495896
100.0,19.952623149688808,0.6159756972039786
-100.0,22.38721138568341,0.6630442720480161
-99.0,22.38721138568341,0.6629607504107587
-98.0,22.38721138568341,0.6628695759919115
-97.0,22.38721138568341,0.6627701560863374
-96.0,22.38721138568341,0.6626618634058057
-95.0,22.38721138568341,0.6625440351838096
-94.0,22.38721138568341,0.6624159723741179
-93.0,22.38721138568341,0.6622769389574061
-92.0,22.38721138568341,0.6621261613709573
-91.0,22.38721138568341,0.6619628280770032
-90.0,22.38721138568341,0.6617860892857889
-89.0,22.38721138568341,0.6615950568498703
-88.0,22.38721138568341,0.6613888043464876
-87.0,22.38721138568341,0.6611663673650776
-86.0,22.38721138568341,0.6609267440170988
-85.0,22.38721138568341,0.6606688956853063
-84.0,22.38721138568341,0.6603917480294509
-83.0,22.38721138568341,0.6600941922650434
-82.0,22.38721138568341,0.6597750867313339
-81.0,22.38721138568341,0.6594332587639863
-80.0,22.38721138568341,0.6590675068870725
-79.0,22.38721138568341,0.6586766033379615
-78.0,22.38721138568341,0.6582592969374299
-77.0,22.38721138568341,0.6578143163158616
-76.0,22.38721138568341,0.6573403735047446
-75.0,22.38721138568341,0.6568361679007885
-74.0,22.38721138568341,0.6563003906079068
-73.0,22.38721138568341,0.6557317291600023
-72.0,22.38721138568341,0.6551288726249999
-71.0,22.38721138568341,0.6544905170878671
-70.0,22.38721138568341,0.6538153715074804
-69.0,22.38721138568341,0.6531021639391319
-68.0,22.38721138568341,0.6523496481112521
-67.0,22.38721138568341,0.651556610341559
-66.0,22.38721138568341,0.6507218767743621
-65.0,22.38721138568341,0.6498443209171639
-64.0,22.38721138568341,0.648922871451049
-63.0,22.38721138568341,0.6479565202856522
-62.0,22.38721138568341,0.6469443308257831
-61.0,22.38721138568341,0.6458854464130974
-60.0,22.38721138568341,0.6447790989025673
-59.0,22.38721138568341,0.6436246173299615
-58.0,22.38721138568341,0.6424214366231341
-57.0,22.38721138568341,0.6411691063066817
-56.0,22.38721138568341,0.6398672991464928
-55.0,22.38721138568341,0.6385158196779405
-54.0,22.38721138568341,0.6371146125589782
-53.0,22.38721138568341,0.6356637706872421
-52.0,22.38721138568341,0.6341635430184819
-51.0,22.38721138568341,0.6326143420222571
-50.0,22.38721138568341,0.6310167507099118
-49.0,22.38721138568341,0.6293715291693707
-48.0,22.38721138568341,0.6276796205413561
-47.0,22.38721138568341,0.6259421563721977
-46.0,22.38721138568341,0.6241604612795456
-45.0,22.38721138568341,0.6223360568689943
-44.0,22.38721138568341,0.6204706648419238
-43.0,22.38721138568341,0.6185662092377382
-42.0,22.38721138568341,0.616624817757161
-41.0,22.38721138568341,0.6146488221173102
-40.0,22.38721138568341,0.6126407573939237
-39.0,22.38721138568341,0.610603360311315
-38.0,22.38721138568341,0.6085395664463854
-37.0,22.38721138568341,0.6064525063192855
-36.0,22.38721138568341,0.6043455003500539
-35.0,22.38721138568341,0.6022220526677317
-34.0,22.38721138568341,0.6000858437660144
-33.0,22.38721138568341,0.5979407220073863
-32.0,22.38721138568341,0.595790693985855
-31.0,22.38721138568341,0.5936399137667728
-30.0,22.38721138568341,0.5914926710307509
-29.0,22.38721138568341,0.5893533781572566
-28.0,22.38721138568341,0.5872265562920673
-27.0,22.38721138568341,0.5851168204512474
-26.0,22.38721138568341,0.583028863722655
-25.0,22.38721138568341,0.5809674406340769
-24.0,22.38721138568341,0.5789373497648564
-23.0,22.38721138568341,0.5769434156852586
-22.0,22.38721138568341,0.5749904703146996
-21.0,22.38721138568341,0.5730833337963128
-20.0,22.38721138568341,0.571226794991038
-19.5,22.38721138568341,0.5703189828326334
-19.0,22.38721138568341,0.5694255916994466
-18.5,22.38721138568341,0.5685472025669536
-18.0,22.38721138568341,0.5676843907237935
-17.5,22.38721138568341,0.5668377251481533
-17.0,22.38721138568341,0.5660077678862551
-16.5,22.38721138568341,0.5651950734338878
-16.0,22.38721138568341,0.5644001881219326
-15.5,22.38721138568341,0.5636236495068275
-15.0,22.38721138568341,0.5628659857669215
-14.5,22.38721138568341,0.5621277151056604
-14.0,22.38721138568341,0.5614093451625474
-13.5,22.38721138568341,0.5607113724328123
-13.0,22.38721138568341,0.5600342816967144
-12.5,22.38721138568341,0.5593785454593972
-12.0,22.38721138568341,0.5587446234021979
-11.5,22.38721138568341,0.5581329618463026
-11.0,22.38721138568341,0.5575439932296227
-10.5,22.38721138568341,0.5569781355977483
-10.0,22.38721138568341,0.5564357921098192
-9.5,22.38721138568341,0.5559173505601261
-9.0,22.38721138568341,0.5554231829162427
-8.5,22.38721138568341,0.554953644874451
-8.0,22.38721138568341,0.5545090754332092
-7.5,22.38721138568341,0.5540897964853746
-7.0,22.38721138568341,0.55369611242987
-6.5,22.38721138568341,0.5533283098034473
-6.0,22.38721138568341,0.552986656933173
-5.5,22.38721138568341,0.5526714036102259
-5.0,22.38721138568341,0.5523827807855617
-4.5,22.38721138568341,0.552121000287962
-4.0,22.38721138568341,0.5518862545649524
-3.5,22.38721138568341,0.5516787164470315
-3.0,22.38721138568341,0.5514985389356138
-2.5,22.38721138568341,0.5513458550150556
-2.0,22.38721138568341,0.5512207774890806
-1.5,22.38721138568341,0.551123398841892
-1.0,22.38721138568341,0.5510537911242085
-0.5,22.38721138568341,0.5510120058644208
0.0,22.38721138568341,0.5509980740050217
0.5,22.38721138568341,0.5510120058644208
1.0,22.38721138568341,0.5510537911242085
1.5,22.38721138568341,0.551123398841892
2.0,22.38721138568341,0.5512207774890806
2.5,22.38721138568341,0.5513458550150556
3.0,22.38721138568341,0.5514985389356138
3.5,22.38721138568341,0.5516787164470315
4.0,22.38721138568341,0.5518862545649524
4.5,22.38721138568341,0.552121000287962
5.0,22.38721138568341,0.5523827807855617
5.5,22.38721138568341,0.5526714036102259
6.0,22.38721138568341,0.552986656933173
6.5,22.38721138568341,0.5533283098034473
7.0,22.38721138568341,0.55369611242987
7.5,22.38721138568341,0.5540897964853746
8.0,22.38721138568341,0.5545090754332092
8.5,22.38721138568341,0.554953644874451
9.0,22.38721138568341,0.5554231829162427
9.5,22.38721138568341,0.5559173505601261
10.0,22.38721138568341,0.5564357921098192
10.5,22.38721138568341,0.5569781355977483
11.0,22.38721138568341,0.5575439932296227
11.5,22.38721138568341,0.5581329618463026
12.0,22.38721138568341,0.5587446234021979
12.5,22.38721138568341,0.5593785454593972
13.0,22.38721138568341,0.5600342816967144
13.5,22.38721138568341,0.5607113724328123
14.0,22.38721138568341,0.5614093451625474
14.5,22.38721138568341,0.5621277151056604
15.0,22.38721138568341,0.5628659857669215
15.5,22.38721138568341,0.5636236495068275
16.0,22.38721138568341,0.5644001881219326
16.5,22.38721138568341,0.5651950734338878
17.0,22.38721138568341,0.5660077678862551
17.5,22.38721138568341,0.5668377251481533
18.0,22.38721138568341,0.5676843907237935
18.5,22.38721138568341,0.5685472025669536
19.0,22.38721138568341,0.5694255916994466
19.5,22.38721138568341,0.5703189828326334
20.0,22.38721138568341,0.571226794991038
21.0,22.38721138568341,0.5730833337963128
22.0,22.38721138568341,0.5749904703146996
23.0,22.38721138568341,0.5769434156852586
24.0,22.38721138568341,0.5789373497648564
25.0,22.38721138568341,0.5809674406340769
26.0,22.38721138568341,0.583028863722655
27.0,22.38721138568341,0.5851168204512474
28.0,22.38721138568341,0.5872265562920673
29.0,22.38721138568341,0.5893533781572566
30.0,22.38721138568341,0.5914926710307509
31.0,22.38721138568341,0.5936399137667728
32.0,22.38721138568341,0.595790693985855
33.0,22.38721138568341,0.5979407220073863
34.0,22.38721138568341,0.6000858437660144
35.0,22.38721138568341,0.6022220526677317
36.0,22.38721138568341,0.6043455003500539
37.0,22.38721138568341,0.6064525063192855
38.0,22.38721138568341,0.6085395664463854
39.0,22.38721138568341,0.610603360311315
40.0,22.38721138568341,0.6126407573939237
41.0,22.38721138568341,0.6146488221173102
42.0,22.38721138568341,0.616624817757161
43.0,22.38721138568341,0.6185662092377382
44.0,22.38721138568341,0.6204706648419238
45.0,22.38721138568341,0.6223360568689943
46.0,22.38721138568341,0.6241604612795456
47.0,22.38721138568341,0.6259421563721977
48.0,22.38721138568341,0.6276796205413561
49.0,22.38721138568341,0.6293715291693707
50.0,22.38721138568341,0.6310167507099118
51.0,22.38721138568341,0.6326143420222571
52.0,22.38721138568341,0.6341635430184819
53.0,22.38721138568341,0.6356637706872421
54.0,22.38721138568341,0.6371146125589782
55.0,22.38721138568341,0.6385158196779405
56.0,22.38721138568341,0.6398672991464928
57.0,22.38721138568341,0.6411691063066817
58.0,22.38721138568341,0.6424214366231341
59.0,22.38721138568341,0.6436246173299615
60.0,22.38721138568341,0.6447790989025673
61.0,22.38721138568341,0.6458854464130974
62.0,22.38721138568341,0.6469443308257831
63.0,22.38721138568341,0.6479565202856522
64.0,22.38721138568341,0.648922871451049
65.0,22.38721138568341,0.6498443209171639
66.0,22.38721138568341,0.6507218767743621
67.0,22.38721138568341,0.651556610341559
68.0,22.38721138568341,0.6523496481112521
69.0,22.38721138568341,0.6531021639391319
70.0,22.38721138568341,0.6538153715074804
71.0,22.38721138568341,0.6544905170878671
72.0,22.38721138568341,0.6551288726249999
73.0,22.38721138568341,0.6557317291600023
74.0,22.38721138568341,0.6563003906079068
75.0,22.38721138568341,0.6568361679007885
76.0,22.38721138568341,0.6573403735047446
77.0,22.38721138568341,0.6578143163158616
78.0,22.38721138568341,0.6582592969374299
79.0,22.38721138568341,0.6586766033379615
80.0,22.38721138568341,0.6590675068870725
81.0,22.38721138568341,0.6594332587639863
82.0,22.38721138568341,0.6597750867313339
83.0,22.38721138568341,0.6600941922650434
84.0,22.38721138568341,0.6603917480294509
85.0,22.38721138568341,0.6606688956853063
86.0,22.38721138568341,0.6609267440170988
87.0,22.38721138568341,0.6611663673650776
88.0,22.38721138568341,0.6613888043464876
89.0,22.38721138568341,0.6615950568498703
90.0,22.38721138568341,0.6617860892857889
91.0,22.38721138568341,0.6619628280770032
92.0,22.38721138568341,0.6621261613709573
93.0,22.38721138568341,0.6622769389574061
94.0,22.38721138568341,0.6624159723741179
95.0,22.38721138568341,0.6625440351838096
96.0,22.38721138568341,0.6626618634058057
97.0,22.38721138568341,0.6627701560863374
98.0,22.38721138568341,0.6628695759919115
99.0,22.38721138568341,0.6629607504107587
100.0,22.38721138568341,0.6630442720480161
-100.0,25.11886431509582,0.718927687265973
-99.0,25.11886431509582,0.718837126167655
-98.0,25.11886431509582,0.7187382672877236
-97.0,25.11886431509582,0.7186304679660254
-96.0,25.11886431509582,0.7185130480445441
-95.0,25.11886431509582,0.7183852888967686
-94.0,25.11886431509582,0.7182464325586961
-93.0,25.11886431509582,0.718095680977025
-92.0,25.11886431509582,0.7179321953907875
-91.0,25.11886431509582,0.7177550958633107
-90.0,25.11886431509582,0.7175634609819392
-89.0,25.11886431509582,0.7173563277434248
-88.0,25.11886431509582,0.7171326916432414
-87.0,25.11886431509582,0.7168915069873307
-86.0,25.11886431509582,0.7166316874448962
-85.0,25.11886431509582,0.71635210686083
-84.0,25.11886431509582,0.7160516003461745
-83.0,25.11886431509582,0.7157289656646663
-82.0,25.11886431509582,0.7153829649328677
-81.0,25.11886431509582,0.7150123266506773
-80.0,25.11886431509582,0.714615748078072
-79.0,25.11886431509582,0.7141918979728018
-78.0,25.11886431509582,0.713739419702401
-77.0,25.11886431509582,0.713256934742303
-76.0,25.11886431509582,0.7127430465700393
-75.0,25.11886431509582,0.7121963449634646
-74.0,25.11886431509582,0.7116154107086956
-73.0,25.11886431509582,0.7109988207209464
-72.0,25.11886431509582,0.7103451535787453
-71.0,25.11886431509582,0.7096529954690813
-70.0,25.11886431509582,0.708920946537905
-69.0,25.11886431509582,0.7081476276370877
-68.0,25.11886431509582,0.70733168745545
-67.0,25.11886431509582,0.706471810017826
-66.0,25.11886431509582,0.7055667225323486
-65.0,25.11886431509582,0.70461520356226
-64.0,25.11886431509582,0.7036160914945844
-63.0,25.11886431509582,0.7025682932739925
-62.0,25.11886431509582,0.7014707933661644
-61.0,25.11886431509582,0.7003226629109496
-60.0,25.11886431509582,0.6991230690216892
-59.0,25.11886431509582,0.6978712841832182
-58.0,25.11886431509582,0.6965666956973685
-57.0,25.11886431509582,0.6952088151212809
-56.0,25.11886431509582,0.6937972876405439
-55.0,25.11886431509582,0.6923319013161698
-54.0,25.11886431509582,0.6908125961417135
-53.0,25.11886431509582,0.6892394728445105
-52.0,25.11886431509582,0.687612801363068
-51.0,25.11886431509582,0.6859330289311522
-50.0,25.11886431509582,0.6842007876981
-49.0,25.11886431509582,0.6824169018143897
-48.0,25.11886431509582,0.6805823939115512
-47.0,25.11886431509582,0.6786984909061272
-46.0,25.11886431509582,0.6767666290586264
-45.0,25.11886431509582,0.6747884582202535
-44.0,25.11886431509582,0.6727658452026886
-43.0,25.11886431509582,0.6707008762093079
-42.0,25.11886431509582,0.6685958582700109
-41.0,25.11886431509582,0.6664533196262221
-40.0,25.11886431509582,0.6642760090176779
-39.0,25.11886431509582,0.6620668938282532
-38.0,25.11886431509582,0.6598291570543201
-37.0,25.11886431509582,0.657566193065918
-36.0,25.11886431509582,0.6552816021383221
-35.0,25.11886431509582,0.6529791837393715
-34.0,25.11886431509582,0.6506629285661161
-33.0,25.11886431509582,0.6483370093328937
-32.0,25.11886431509582,0.6460057703218061
-31.0,25.11886431509582,0.6436737157156392
-30.0,25.11886431509582,0.6413454967425098
-29.0,25.11886431509582,0.6390258976708292
-28.0,25.11886431509582,0.6367198207024778
-27.0,25.11886431509582,0.6344322698213006
-26.0,25.11886431509582,0.6321683336630683
-25.0,25.11886431509582,0.629933167481826
-24.0,25.11886431509582,0.6277319742959769
-23.0,25.11886431509582,0.6255699853054404
-22.0,25.11886431509582,0.6234524396786967
-21.0,25.11886431509582,0.6213845638154014
-20.0,25.11886431509582,0.619371550196457
-19.5,25.11886431509582,0.6183872248308251
-19.0,25.11886431509582,0.6174185359388722
-18.5,25.11886431509582,0.6164661134624783
-18.0,25.11886431509582,0.6155305811773825
-17.5,25.11886431509582,0.6146125560170073
-17.0,25.11886431509582,0.613712647398563
-16.5,25.11886431509582,0.6128314565524532
-16.0,25.11886431509582,0.6119695758560096
-15.5,25.11886431509582,0.6111275881725843
-15.0,25.11886431509582,0.6103060661970253
-14.5,25.11886431509582,0.6095055718085626
-14.0,25.11886431509582,0.6087266554321216
-13.5,25.11886431509582,0.6079698554090806
-13.0,25.11886431509582,0.6072356973784735
-12.5,25.11886431509582,0.606524693669634
-12.0,25.11886431509582,0.6058373427072593
-11.5,25.11886431509582,0.6051741284298611
-11.0,25.11886431509582,0.604535519722551
-10.5,25.11886431509582,0.6039219698650904
-10.0,25.11886431509582,0.6033339159961136
-9.5,25.11886431509582,0.6027717785944102
-9.0,25.11886431509582,0.6022359609781274
-8.5,25.11886431509582,0.6017268488227262
-8.0,25.11886431509582,0.6012448096985001
-7.5,25.11886431509582,0.6007901926284289
-7.0,25.11886431509582,0.6003633276671146
-6.5,25.11886431509582,0.5999645255015101
-6.0,25.11886431509582,0.599594077074114
-5.5,25.11886431509582,0.5992522532292762
-5.0,25.11886431509582,0.5989393043832103
-4.5,25.11886431509582,0.5986554602182809
-4.0,25.11886431509582,0.5984009294020844
-3.5,25.11886431509582,0.5981758993318061
-3.0,25.11886431509582,0.5979805359042922
-2.5,25.11886431509582,0.5978149833122299
-2.0,25.11886431509582,0.5976793638667887
-1.5,25.11886431509582,0.5975737778470254
-1.0,25.11886431509582,0.5974983033763155
-0.5,25.11886431509582,0.5974529963260213
0.0,25.11886431509582,0.5974378902465641
0.5,25.11886431509582,0.5974529963260213
1.0,25.11886431509582,0.5974983033763155
1.5,25.11886431509582,0.5975737778470254
2.0,25.11886431509582,0.5976793638667887
2.5,25.11886431509582,0.5978149833122299
3.0,25.11886431509582,0.5979805359042922
3.5,25.11886431509582,0.5981758993318061
4.0,25.11886431509582,0.5984009294020844
4.5,25.11886431509582,0.5986554602182809
5.0,25.11886431509582,0.5989393043832103
5.5,25.11886431509582,0.5992522532292762
6.0,25.11886431509582,0.599594077074114
6.5,25.11886431509582,0.5999645255015101
7.0,25.11886431509582,0.6003633276671146
7.5,25.11886431509582,0.6007901926284289
8.0,25.11886431509582,0.6012448096985001
8.5,25.11886431509582,0.6017268488227262
9.0,25.11886431509582,0.6022359609781274
9.5,25.11886431509582,0.6027717785944102
10.0,25.11886431509582,0.6033339159961136
10.5,25.11886431509582,0.6039219698650904
11.0,25.11886431509582,0.604535519722551
11.5,25.11886431509582,0.6051741284298611
12.0,25.11886431509582,0.6058373427072593
12.5,25.11886431509582,0.606524693669634
13.0,25.11886431509582,0.6072356973784735
13.5,25.11886431509582,0.6079698554090806
14.0,25.11886431509582,0.6087266554321216
14.5,25.11886431509582,0.6095055718085626
15.0,25.11886431509582,0.6103060661970253
15.5,25.11886431509582,0.6111275881725843
16.0,25.11886431509582,0.6119695758560096
16.5,25.11886431509582,0.6128314565524532
17.0,25.11886431509582,0.613712647398563
17.5,25.11886431509582,0.6146125560170073
18.0,25.11886431509582,0.6155305811773825
18.5,25.11886431509582,0.6164661134624783
19.0,25.11886431509582,0.6174185359388722
19.5,25.11886431509582,0.6183872248308251
20.0,25.11886431509582,0.619371550196457
21.0,25.11886431509582,0.6213845638154014
22.0,25.11886431509582,0.6234524396786967
23.0,25.11886431509582,0.6255699853054404
24.0,25.11886431509582,0.6277319742959769
25.0,25.11886431509582,0.629933167481826
26.0,25.11886431509582,0.6321683336630683
27.0,25.11886431509582,0.6344322698213006
28.0,25.11886431509582,0.6367198207024778
29.0,25.11886431509582,0.6390258976708292
30.0,25.11886431509582,0.6413454967425098
31.0,25.11886431509582,0.6436737157156392
32.0,25.11886431509582,0.6460057703218061
33.0,25.11886431509582,0.6483370093328937
34.0,25.11886431509582,0.6506629285661161
35.0,25.11886431509582,0.6529791837393715
36.0,25.11886431509582,0.6552816021383221
37.0,25.11886431509582,0.657566193065918
38.0,25.11886431509582,0.6598291570543201
39.0,25.11886431509582,0.6620668938282532
40.0,25.11886431509582,0.6642760090176779
41.0,25.11886431509582,0.6664533196262221
42.0,25.11886431509582,0.6685958582700109
43.0,25.11886431509582,0.6707008762093079
44.0,25.11886431509582,0.6727658452026886
45.0,25.11886431509582,0.6747884582202535
46.0,25.11886431509582,0.6767666290586264
47.0,25.11886431509582,0.6786984909061272
48.0,25.11886431509582,0.6805823939115512
49.0,25.11886431509582,0.6824169018143897
50.0,25.11886431509582,0.6842007876981
51.0,25.11886431509582,0.6859330289311522
52.0,25.11886431509582,0.687612801363068
53.0,25.11886431509582,0.6892394728445105
54.0,25.11886431509582,0.6908125961417135
55.0,25.11886431509582,0.6923319013161698
56.0,25.11886431509582,0.6937972876405439
57.0,25.11886431509582,0.6952088151212809
58.0,25.11886431509582,0.6965666956973685
59.0,25.11886431509582,0.6978712841832182
60.0,25.11886431509582,0.6991230690216892
61.0,25.11886431509582,0.7003226629109496
62.0,25.11886431509582,0.7014707933661644
63.0,25.11886431509582,0.7025682932739925
64.0,25.11886431509582,0.7036160914945844
65.0,25.11886431509582,0.70461520356226
66.0,25.11886431509582,0.7055667225323486
67.0,25.11886431509582,0.706471810017826
68.0,25.11886431509582,0.70733168745545
69.0,25.11886431509582,0.7081476276370877
70.0,25.11886431509582,0.708920946537905
71.0,25.11886431509582,0.7096529954690813
72.0,25.11886431509582,0.7103451535787453
73.0,25.11886431509582,0.7109988207209464
74.0,25.11886431509582,0.7116154107086956
75.0,25.11886431509582,0.7121963449634646
76.0,25.11886431509582,0.7127430465700393
77.0,25.11886431509582,0.713256934742303
78.0,25.11886431509582,0.713739419702401
79.0,25.11886431509582,0.7141918979728018
80.0,25.11886431509582,0.714615748078072
81.0,25.11886431509582,0.7150123266506773
82.0,25.11886431509582,0.7153829649328677
83.0,25.11886431509582,0.7157289656646663
84.0,25.11886431509582,0.7160516003461745
85.0,25.11886431509582,0.71635210686083
86.0,25.11886431509582,0.7166316874448962
87.0,25.11886431509582,0.7168915069873307
88.0,25.11886431509582,0.7171326916432414
89.0,25.11886431509582,0.7173563277434248
90.0,25.11886431509582,0.7175634609819392
91.0,25.11886431509582,0.7177550958633107
92.0,25.11886431509582,0.7179321953907875
93.0,25.11886431509582,0.718095680977025
94.0,25.11886431509582,0.7182464325586961
95.0,25.11886431509582,0.7183852888967686
96.0,25.11886431509582,0.7185130480445441
97.0,25.11886431509582,0.7186304679660254
98.0,25.11886431509582,0.7187382672877236
99.0,25.11886431509582,0.718837126167655
100.0,25.11886431509582,0.718927687265973
-100.0,28.183829312644566,0.7838651071669915
-99.0,28.183829312644566,0.7837663661026321
-98.0,28.183829312644566,0.783658577756343
-97.0,28.183829312644566,0.7835410414194454
-96.0,28.183829312644566,0.7834130154983885
-95.0,28.183829312644566,0.7832737164564453
-94.0,28.183829312644566,0.7831223178662228
-93.0,28.183829312644566,0.7829579495899478
-92.0,28.183829312644566,0.7827796971052456
-91.0,28.183829312644566,0.7825866009948249
-90.0,28.183829312644566,0.7823776566190778
-89.0,28.183829312644566,0.782151813991117
-88.0,28.183829312644566,0.7819079778741588
-87.0,28.183829312644566,0.7816450081214269
-86.0,28.183829312644566,0.7813617202788776
-85.0,28.183829312644566,0.7810568864710097
-84.0,28.183829312644566,0.7807292365898227
-83.0,28.183829312644566,0.7803774598065999
-82.0,28.183829312644566,0.780000206425606
-81.0,28.183829312644566,0.7795960900980039
-80.0,28.183829312644566,0.7791636904132769
-79.0,28.183829312644566,0.7787015558842065
-78.0,28.183829312644566,0.7782082073399775
-77.0,28.183829312644566,0.7776821417402622
-76.0,28.183829312644566,0.7771218364211621
-75.0,28.183829312644566,0.7765257537816749
-74.0,28.183829312644566,0.7758923464168769
-73.0,28.183829312644566,0.7752200627013015
-72.0,28.183829312644566,0.7745073528230361
-71.0,28.183829312644566,0.7737526752658653
-70.0,28.183829312644566,0.7729545037333845
-69.0,28.183829312644566,0.7721113345053796
-68.0,28.183829312644566,0.7712216942129692
-67.0,28.183829312644566,0.770284148015024
-66.0,28.183829312644566,0.7692973081542624
-65.0,28.183829312644566,0.7682598428671814
-64.0,28.183829312644566,0.7671704856176661
-63.0,28.183829312644566,0.7660280446197445
-62.0,28.183829312644566,0.7648314126105683
-61.0,28.183829312644566,0.7635795768303367
-60.0,28.183829312644566,0.7622716291615832
-59.0,28.183829312644566,0.7609067763760553
-58.0,28.183829312644566,0.7594843504333874
-57.0,28.183829312644566,0.7580038187719309
-56.0,28.183829312644566,0.7564647945285266
-55.0,28.183829312644566,0.7548670466207156
-54.0,28.183829312644566,0.7532105096219479
-53.0,28.183829312644566,0.7514952933577942
-52.0,28.183829312644566,0.7497216921490615
-51.0,28.183829312644566,0.7478901936260776
-50.0,28.183829312644566,0.7460014870373116
-49.0,28.183829312644566,0.7440564709749509
-48.0,28.183829312644566,0.7420562604401113
-47.0,28.183829312644566,0.7400021931710445
-46.0,28.183829312644566,0.7378958351590421
-45.0,28.183829312644566,0.7357389852787535
-44.0,28.183829312644566,0.7335336789623418
-43.0,28.183829312644566,0.7312821908503058
-42.0,28.183829312644566,0.728987036355908
-41.0,28.183829312644566,0.7266509720849523
-40.0,28.183829312644566,0.7242769950581488
-39.0,28.183829312644566,0.7218683406894627
-38.0,28.183829312644566,0.7194284794806376
-37.0,28.183829312644566,0.7169611123994926
-36.0,28.183829312644566,0.7144701649175517
-35.0,28.183829312644566,0.7119597796910484
-34.0,28.183829312644566,0.7094343078782787
-33.0,28.183829312644566,0.706898299095608
-32.0,28.183829312644566,0.7043564900240901
-31.0,28.183829312644566,0.7018137916885536
-30.0,28.183829312644566,0.6992752754410841
-29.0,28.183829312644566,0.6967461576909776
-28.0,28.183829312644566,0.6942317834333851
-27.0,28.183829312644566,0.6917376086389172
-26.0,28.183829312644566,0.6892691815763281
-25.0,28.183829312644566,0.6868321231499674
-24.0,28.183829312644566,0.6844321063428771
-23.0,28.183829312644566,0.6820748348651217
-22.0,28.183829312644566,0.6797660211150895
-21.0,28.183829312644566,0.6775113635689958
-20.0,28.183829312644566,0.6753165237205775
-19.5,28.183829312644566,0.6742432887876562
-19.0,28.183829312644566,0.6731871026989137
-18.5,28.183829312644566,0.6721486522959726
-18.0,28.183829312644566,0.671128617697356
-17.5,28.183829312644566,0.6701276715612347
-17.0,28.183829312644566,0.6691464783506631
-16.5,28.183829312644566,0.6681856936024122
-16.0,28.183829312644566,0.6672459632005241
-15.5,28.183829312644566,0.6663279226557074
-15.0,28.183829312644566,0.6654321963916926
-14.5,28.183829312644566,0.664559397039667
-14.0,28.183829312644566,0.6637101247418996
-13.5,28.183829312644566,0.6628849664656603
-13.0,28.183829312644566,0.6620844953285313
-12.5,28.183829312644566,0.6613092699361903
-12.0,28.183829312644566,0.6605598337337371
-11.5,28.183829312644566,0.6598367143716153
-11.0,28.183829312644566,0.6591404230871648
-10.5,28.183829312644566,0.6584714541028158
-10.0,28.183829312644566,0.657830284041918
-9.5,28.183829312644566,0.6572173713631694
-9.0,28.183829312644566,0.6566331558145837
-8.5,28.183829312644566,0.6560780579079066
-8.0,28.183829312644566,0.6555524784143596
-7.5,28.183829312644566,0.6550567978825574
-7.0,28.183829312644566,0.654591376179411
-6.5,28.183829312644566,0.6541565520547916
-6.0,28.183829312644566,0.6537526427306913
-5.5,28.183829312644566,0.6533799435155797
-5.0,28.183829312644566,0.6530387274446113
-4.5,28.183829312644566,0.6527292449462988
-4.0,28.183829312644566,0.6524517235362194
-3.5,28.183829312644566,0.6522063675382814
-3.0,28.183829312644566,0.6519933578340271
-2.5,28.183829312644566,0.6518128516404039
-2.0,28.183829312644566,0.6516649823163846
-1.5,28.183829312644566,0.6515498591987706
-1.0,28.183829312644566,0.6514675674674613
-0.5,28.183829312644566,0.6514181680404211
0.0,28.183829312644566,0.6514016974985261
0.5,28.183829312644566,0.6514181680404211
1.0,28.183829312644566,0.6514675674674613
1.5,28.183829312644566,0.6515498591987706
2.0,28.183829312644566,0.6516649823163846
2.5,28.183829312644566,0.6518128516404039
3.0,28.183829312644566,0.6519933578340271
3.5,28.183829312644566,0.6522063675382814
4.0,28.183829312644566,0.6524517235362194
4.5,28.183829312644566,0.6527292449462988
5.0,28.183829312644566,0.6530387274446113
5.5,28.183829312644566,0.6533799435155797
6.0,28.183829312644566,0.6537526427306913
6.5,28.183829312644566,0.6541565520547916
7.0,28.183829312644566,0.654591376179411
7.5,28.183829312644566,0.6550567978825574
8.0,28.183829312644566,0.6555524784143596
8.5,28.183829312644566,0.6560780579079066
9.0,28.183829312644566,0.6566331558145837
9.5,28.183829312644566,0.6572173713631694
10.0,28.183829312644566,0.657830284041918
10.5,28.183829312644566,0.6584714541028158
11.0,28.183829312644566,0.6591404230871648
11.5,28.183829312644566,0.6598367143716153
12.0,28.183829312644566,0.6605598337337371
12.5,28.183829312644566,0.6613092699361903
13.0,28.183829312644566,0.6620844953285313
13.5,28.183829312644566,0.6628849664656603
14.0,28.183829312644566,0.6637101247418996
14.5,28.183829312644566,0.664559397039667
15.0,28.183829312644566,0.6654321963916926
15.5,28.183829312644566,0.6663279226557074
16.0,28.183829312644566,0.6672459632005241
16.5,28.183829312644566,0.6681856936024122
17.0,28.183829312644566,0.6691464783506631
17.5,28.183829312644566,0.6701276715612347
18.0,28.183829312644566,0.671128617697356
18.5,28.183829312644566,0.6721486522959726
19.0,28.183829312644566,0.6731871026989137
19.5,28.183829312644566,0.6742432887876562
20.0,28.183829312644566,0.6753165237205775
21.0,28.183829312644566,0.6775113635689958
22.0,28.183829312644566,0.6797660211150895
23.0,28.183829312644566,0.6820748348651217
24.0,28.183829312644566,0.6844321063428771
25.0,28.183829312644566,0.6868321231499674
26.0,28.183829312644566,0.6892691815763281
27.0,28.183829312644566,0.6917376086389172
28.0,28.183829312644566,0.6942317834333851
29.0,28.183829312644566,0.6967461576909776
30.0,28.183829312644566,0.6992752754410841
31.0,28.183829312644566,0.7018137916885536
32.0,28.183829312644566,0.7043564900240901
33.0,28.183829312644566,0.706898299095608
34.0,28.183829312644566,0.7094343078782787
35.0,28.183829312644566,0.7119597796910484
36.0,28.183829312644566,0.7144701649175517
37.0,28.183829312644566,0.7169611123994926
38.0,28.183829312644566,0.7194284794806376
39.0,28.183829312644566,0.7218683406894627
40.0,28.183829312644566,0.7242769950581488
41.0,28.183829312644566,0.7266509720849523
42.0,28.183829312644566,0.728987036355908
43.0,28.183829312644566,0.7312821908503058
44.0,28.183829312644566,0.7335336789623418
45.0,28.183829312644566,0.7357389852787535
46.0,28.183829312644566,0.7378958351590421
47.0,28.183829312644566,0.7400021931710445
48.0,28.183829312644566,0.7420562604401113
49.0,28.183829312644566,0.7440564709749509
50.0,28.183829312644566,0.7460014870373116
51.0,28.183829312644566,0.7478901936260776
52.0,28.183829312644566,0.7497216921490615
53.0,28.183829312644566,0.7514952933577942
54.0,28.183829312644566,0.7532105096219479
55.0,28.183829312644566,0.7548670466207156
56.0,28.183829312644566,0.7564647945285266
57.0,28.183829312644566,0.7580038187719309
58.0,28.183829312644566,0.7594843504333874
59.0,28.183829312644566,0.7609067763760553
60.0,28.183829312644566,0.7622716291615832
61.0,28.183829312644566,0.7635795768303367
62.0,28.183829312644566,0.7648314126105683
63.0,28.183829312644566,0.7660280446197445
64.0,28.183829312644566,0.7671704856176661
65.0,28.183829312644566,0.7682598428671814
66.0,28.183829312644566,0.7692973081542624
67.0,28.183829312644566,0.770284148015024
68.0,28.183829312644566,0.7712216942129692
69.0,28.183829312644566,0.7721113345053796
70.0,28.183829312644566,0.7729545037333845
71.0,28.183829312644566,0.7737526752658653
72.0,28.183829312644566,0.7745073528230361
73.0,28.183829312644566,0.7752200627013015
74.0,28.183829312644566,0.7758923464168769
75.0,28.183829312644566,0.7765257537816749
76.0,28.183829312644566,0.7771218364211621
77.0,28.183829312644566,0.7776821417402622
78.0,28.183829312644566,0.7782082073399775
79.0,28.183829312644566,0.7787015558842065
80.0,28.183829312644566,0.7791636904132769
81.0,28.183829312644566,0.7795960900980039
82.0,28.183829312644566,0.780000206425606
83.0,28.183829312644566,0.7803774598065999
84.0,28.183829312644566,0.7807292365898227
85.0,28.183829312644566,0.7810568864710097
86.0,28.183829312644566,0.7813617202788776
87.0,28.183829312644566,0.7816450081214269
88.0,28.183829312644566,0.7819079778741588
89.0,28.183829312644566,0.782151813991117
90.0,28.183829312644566,0.7823776566190778
91.0,28.183829312644566,0.7825866009948249
92.0,28.183829312644566,0.7827796971052456
93.0,28.183829312644566,0.7829579495899478
94.0,28.183829312644566,0.7831223178662228
95.0,28.183829312644566,0.7832737164564453
96.0,28.183829312644566,0.7834130154983885
97.0,28.183829312644566,0.7835410414194454
98.0,28.183829312644566,0.783658577756343
99.0,28.183829312644566,0.7837663661026321
100.0,28.183829312644566,0.7838651071669915
-100.0,31.622776601683825,0.8580727526393561
-99.0,31.622776601683825,0.8579646638672972
-98.0,31.622776601683825,0.8578466713171031
-97.0,31.622776601683825,0.857718007944777
-96.0,31.622776601683825,0.8575778619509242
-95.0,31.622776601683825,0.8574253756222595
-94.0,31.622776601683825,0.85725964429442
-93.0,31.622776601683825,0.8570797154546486
-92.0,31.622776601683825,0.8568845880037457
-91.0,31.622776601683825,0.8566732116974428
-90.0,31.622776601683825,0.856444486788008
-89.0,31.622776601683825,0.8561972638874531
-88.0,31.622776601683825,0.8559303440741355
-87.0,31.622776601683825,0.8556424792648405
-86.0,31.622776601683825,0.8553323728745663
-85.0,31.622776601683825,0.8549986807861913
-84.0,31.622776601683825,0.8546400126519914
-83.0,31.622776601683825,0.8542549335485401
-82.0,31.622776601683825,0.853841966005895
-81.0,31.622776601683825,0.8533995924311033
-80.0,31.622776601683825,0.8529262579449504
-79.0,31.622776601683825,0.852420373649523
-78.0,31.622776601683825,0.8518803203425362
-77.0,31.622776601683825,0.851304452692491
-76.0,31.622776601683825,0.8506911038865769
-75.0,31.622776601683825,0.8500385907607996
-74.0,31.622776601683825,0.8493452194191173
-73.0,31.622776601683825,0.8486092913453914
-72.0,31.622776601683825,0.847829110008724
-71.0,31.622776601683825,0.8470029879592593
-70.0,31.622776601683825,0.8461292544077946
-69.0,31.622776601683825,0.8452062632785814
-68.0,31.622776601683825,0.8442324017205303
-67.0,31.622776601683825,0.8432060990576846
-66.0,31.622776601683825,0.8421258361553106
-65.0,31.622776601683825,0.8409901551733228
-64.0,31.622776601683825,0.8397976696740287
-63.0,31.622776601683825,0.8385470750463924
-62.0,31.622776601683825,0.8372371592042123
-61.0,31.622776601683825,0.8358668135108341
-60.0,31.622776601683825,0.8344350438783117
-59.0,31.622776601683825,0.8329409819843487
-58.0,31.622776601683825,0.8313838965459345
-57.0,31.622776601683825,0.8297632045843966
-56.0,31.622776601683825,0.8280784826126666
-55.0,31.622776601683825,0.8263294776719645
-54.0,31.622776601683825,0.8245161181418805
-53.0,31.622776601683825,0.8226385242450512
-52.0,31.622776601683825,0.8206970181653099
-51.0,31.622776601683825,0.81869213369641
-50.0,31.622776601683825,0.8166246253372131
-49.0,31.622776601683825,0.8144954767486382
-48.0,31.622776601683825,0.8123059084877278
-47.0,31.622776601683825,0.8100573849349387
-46.0,31.622776601683825,0.8077516203322316
-45.0,31.622776601683825,0.8053905838517357
-44.0,31.622776601683825,0.8029765036177329
-43.0,31.622776601683825,0.8005118696084301
-42.0,31.622776601683825,0.7979994353684903
-41.0,31.622776601683825,0.7954422184685492
-40.0,31.622776601683825,0.792843499653964
-39.0,31.622776601683825,0.7902068206317722
-38.0,31.622776601683825,0.7875359804522915
-37.0,31.622776601683825,0.7848350304498839
-36.0,31.622776601683825,0.782108267716135
-35.0,31.622776601683825,0.7793602270879764
-34.0,31.622776601683825,0.7765956716430625
-33.0,31.622776601683825,0.7738195817049245
-32.0,31.622776601683825,0.7710371423709889
-31.0,31.622776601683825,0.7682537295873906
-30.0,31.622776601683825,0.7654748948055257
-29.0,31.622776601683825,0.7627063482664072
-28.0,31.622776601683825,0.7599539409699839
-27.0,31.622776601683825,0.7572236453975892
-26.0,31.622776601683825,0.754521535066463
-25.0,31.622776601683825,0.7518537630057726
-24.0,31.622776601683825,0.7492265392536097
-23.0,31.622776601683825,0.7466461074839827
-22.0,31.622776601683825,0.7441187208817371
-21.0,31.622776601683825,0.7416506173915486
-20.0,31.622776601683825,0.7392479944745248
-19.5,31.622776601683825,0.7380731575737616
-19.0,31.622776601683825,0.7369169835124589
-18.5,31.622776601683825,0.7357802241547787
-18.0,31.622776601683825,0.7346636240053146
-17.5,31.622776601683825,0.7335679194020449
-17.0,31.622776601683825,0.7324938377120089
-16.5,31.622776601683825,0.7314420965309207
-16.0,31.622776601683825,0.7304134028879529
-15.5,31.622776601683825,0.729408452456912
-15.0,31.622776601683825,0.7284279287750346
-14.5,31.622776601683825,0.7274725024706273
-14.0,31.622776601683825,0.7265428305007658
-13.5,31.622776601683825,0.7256395554002645
-13.0,31.622776601683825,0.724763304543115
-12.5,31.622776601683825,0.7239146894175787
-12.0,31.622776601683825,0.7230943049161039
-11.5,31.622776601683825,0.7223027286412201
-11.0,31.622776601683825,0.7215405202285424
-10.5,31.622776601683825,0.7208082206879936
-10.0,31.622776601683825,0.7201063517643304
-9.5,31.622776601683825,0.71943541531803
-9.0,31.622776601683825,0.7187958927275662
-8.5,31.622776601683825,0.7181882443140678
-8.0,31.622776601683825,0.717612908789326
-7.5,31.622776601683825,0.7170703027280735
-7.0,31.622776601683825,0.7165608200654247
-6.5,31.622776601683825,0.7160848316203278
-6.0,31.622776601683825,0.7156426846458309
-5.5,31.622776601683825,0.7152347024069312
-5.0,31.622776601683825,0.7148611837867201
-4.5,31.622776601683825,0.7145224029215015
-4.0,31.622776601683825,0.7142186088655015
-3.5,31.622776601683825,0.7139500252857474
-3.0,31.622776601683825,0.7137168501876378
-2.5,31.622776601683825,0.7135192556716751
-2.0,31.622776601683825,0.713357387721779
-1.5,31.622776601683825,0.7132313660255455
-1.0,31.622776601683825,0.713141283826761
-0.5,31.622776601683825,0.7130872078104264
0.0,31.622776601683825,0.7130691780204893
0.5,31.622776601683825,0.7130872078104264
1.0,31.622776601683825,0.713141283826761
1.5,31.622776601683825,0.7132313660255455
2.0,31.622776601683825,0.713357387721779
2.5,31.622776601683825,0.7135192556716751
3.0,31.622776601683825,0.7137168501876378
3.5,31.622776601683825,0.7139500252857474
4.0,31.622776601683825,0.7142186088655015
4.5,31.622776601683825,0.7145224029215015
5.0,31.622776601683825,0.7148611837867201
5.5,31.622776601683825,0.7152347024069312
6.0,31.622776601683825,0.7156426846458309
6.5,31.622776601683825,0.7160848316203278
7.0,31.622776601683825,0.7165608200654247
7.5,31.622776601683825,0.7170703027280735
8.0,31.622776601683825,0.717612908789326
8.5,31.622776601683825,0.7181882443140678
9.0,31.622776601683825,0.7187958927275662
9.5,31.622776601683825,0.71943541531803
10.0,31.622776601683825,0.7201063517643304
10.5,31.622776601683825,0.7208082206879936
11.0,31.622776601683825,0.7215405202285424
11.5,31.622776601683825,0.7223027286412201
12.0,31.622776601683825,0.7230943049161039
12.5,31.622776601683825,0.7239146894175787
13.0,31.622776601683825,0.724763304543115
13.5,31.622776601683825,0.7256395554002645
14.0,31.622776601683825,0.7265428305007658
14.5,31.622776601683825,0.7274725024706273
15.0,31.622776601683825,0.7284279287750346
15.5,31.622776601683825,0.729408452456912
16.0,31.622776601683825,0.7304134028879529
16.5,31.622776601683825,0.7314420965309207
17.0,31.622776601683825,0.7324938377120089
17.5,31.622776601683825,0.7335679194020449
18.0,31.622776601683825,0.7346636240053146
18.5,31.622776601683825,0.7357802241547787
19.0,31.622776601683825,0.7369169835124589
19.5,31.622776601683825,0.7380731575737616
20.0,31.622776601683825,0.7392479944745248
21.0,31.622776601683825,0.7416506173915486
22.0,31.622776601683825,0.7441187208817371
23.0,31.622776601683825,0.7466461074839827
24.0,31.622776601683825,0.7492265392536097
25.0,31.622776601683825,0.7518537630057726
26.0,31.622776601683825,0.754521535066463
27.0,31.622776601683825,0.7572236453975892
28.0,31.622776601683825,0.7599539409699839
29.0,31.622776601683825,0.7627063482664072
30.0,31.622776601683825,0.7654748948055257
31.0,31.622776601683825,0.7682537295873906
32.0,31.622776601683825,0.7710371423709889
33.0,31.622776601683825,0.7738195817049245
34.0,31.622776601683825,0.7765956716430625
35.0,31.622776601683825,0.7793602270879764
36.0,31.622776601683825,0.782108267716135
37.0,31.622776601683825,0.7848350304498839
38.0,31.622776601683825,0.7875359804522915
39.0,31.622776601683825,0.7902068206317722
40.0,31.622776601683825,0.792843499653964
41.0,31.622776601683825,0.7954422184685492
42.0,31.622776601683825,0.7979994353684903
43.0,31.622776601683825,0.8005118696084301
44.0,31.622776601683825,0.8029765036177329
45.0,31.622776601683825,0.8053905838517357
46.0,31.622776601683825,0.8077516203322316
47.0,31.622776601683825,0.8100573849349387
48.0,31.622776601683825,0.8123059084877278
49.0,31.622776601683825,0.8144954767486382
50.0,31.622776601683825,0.8166246253372131
51.0,31.622776601683825,0.81869213369641
52.0,31.622776601683825,0.8206970181653099
53.0,31.622776601683825,0.8226385242450512
54.0,31.622776601683825,0.8245161181418805
55.0,31.622776601683825,0.8263294776719645
56.0,31.622776601683825,0.8280784826126666
57.0,31.622776601683825,0.8297632045843966
58.0,31.622776601683825,0.8313838965459345
59.0,31.622776601683825,0.8329409819843487
60.0,31.622776601683825,0.8344350438783117
61.0,31.622776601683825,0.8358668135108341
62.0,31.622776601683825,0.8372371592042123
63.0,31.622776601683825,0.8385470750463924
64.0,31.622776601683825,0.8397976696740287
65.0,31.622776601683825,0.8409901551733228
66.0,31.622776601683825,0.8421258361553106
67.0,31.622776601683825,0.8432060990576846
68.0,31.622776601683825,0.8442324017205303
69.0,31.622776601683825,0.8452062632785814
70.0,31.622776601683825,0.8461292544077946
71.0,31.622776601683825,0.8470029879592593
72.0,31.622776601683825,0.847829110008724
73.0,31.622776601683825,0.8486092913453914
74.0,31.622776601683825,0.8493452194191173
75.0,31.622776601683825,0.8500385907607996
76.0,31.622776601683825,0.8506911038865769
77.0,31.622776601683825,0.851304452692491
78.0,31.622776601683825,0.8518803203425362
79.0,31.622776601683825,0.852420373649523
80.0,31.622776601683825,0.8529262579449504
81.0,31.622776601683825,0.8533995924311033
82.0,31.622776601683825,0.853841966005895
83.0,31.622776601683825,0.8542549335485401
84.0,31.622776601683825,0.8546400126519914
85.0,31.622776601683825,0.8549986807861913
86.0,31.622776601683825,0.8553323728745663
87.0,31.622776601683825,0.8556424792648405
88.0,31.622776601683825,0.8559303440741355
89.0,31.622776601683825,0.8561972638874531
90.0,31.622776601683825,0.856444486788008
91.0,31.622776601683825,0.8566732116974428
92.0,31.622776601683825,0.8568845880037457
93.0,31.622776601683825,0.8570797154546486
94.0,31.622776601683825,0.85725964429442
95.0,31.622776601683825,0.8574253756222595
96.0,31.622776601683825,0.8575778619509242
97.0,31.622776601683825,0.857718007944777
98.0,31.622776601683825,0.8578466713171031
99.0,31.622776601683825,0.8579646638672972
100.0,31.622776601683825,0.8580727526393561
-100.0,35.48133892335758,0.941748336784895
-99.0,35.48133892335758,0.9416297076581707
-98.0,35.48133892335758,0.9415002089792341
-97.0,35.48133892335758,0.9413589989052391
-96.0,35.48133892335758,0.941205186473587
-95.0,35.48133892335758,0.941037830330462
-94.0,35.48133892335758,0.9408559375925024
-93.0,35.48133892335758,0.940658462861982
-92.0,35.48133892335758,0.9404443074167897
-91.0,35.48133892335758,0.9402123185973287
-90.0,35.48133892335758,0.9399612894131728
-89.0,35.48133892335758,0.939689958392934
-88.0,35.48133892335758,0.9393970097012599
-87.0,35.48133892335758,0.9390810735472002
-86.0,35.48133892335758,0.9387407269083297
-85.0,35.48133892335758,0.9383744945949755
-84.0,35.48133892335758,0.9379808506786507
-83.0,35.48133892335758,0.9375582203083348
-82.0,35.48133892335758,0.9371049819375371
-81.0,35.48133892335758,0.9366194699841319
-80.0,35.48133892335758,0.9360999779437352
-79.0,35.48133892335758,0.9355447619759064
-78.0,35.48133892335758,0.93495204498068
-77.0,35.48133892335758,0.9343200211808679
-76.0,35.48133892335758,0.9336468612232047
-75.0,35.48133892335758,0.9329307178087437
-74.0,35.48133892335758,0.9321697318599473
-73.0,35.48133892335758,0.931362039228649
-72.0,35.48133892335758,0.9305057779455151
-71.0,35.48133892335758,0.9295990960077988
-70.0,35.48133892335758,0.9286401596980814
-69.0,35.48133892335758,0.9276271624223491
-68.0,35.48133892335758,0.9265583340511739
-67.0,35.48133892335758,0.9254319507429988
-66.0,35.48133892335758,0.9242463452235694
-65.0,35.48133892335758,0.9229999174904716
-64.0,35.48133892335758,0.92169114590654
-63.0,35.48133892335758,0.9203185986406515
-62.0,35.48133892335758,0.9188809454091431
-61.0,35.48133892335758,0.9173769694658566
-60.0,35.48133892335758,0.9158055797836419
-59.0,35.48133892335758,0.9141658233651266
-58.0,35.48133892335758,0.9124568976157096
-57.0,35.48133892335758,0.9106781627071319
-56.0,35.48133892335758,0.908829153855678
-55.0,35.48133892335758,0.9069095934351094
-54.0,35.48133892335758,0.9049194028409007
-53.0,35.48133892335758,0.9028587140192856
-52.0,35.48133892335758,0.9007278805720865
-51.0,35.48133892335758,0.8985274883463401
-50.0,35.48133892335758,0.8962583654164097
-49.0,35.48133892335758,0.8939215913656189
-48.0,35.48133892335758,0.8915185057745115
-47.0,35.48133892335758,0.8890507158236626
-46.0,35.48133892335758,0.886520102920575
-45.0,35.48133892335758,0.8839288282626208
-44.0,35.48133892335758,0.8812793372512299
-43.0,35.48133892335758,0.8785743626766324
-42.0,35.48133892335758,0.8758169265973874
-41.0,35.48133892335758,0.8730103408447107
-40.0,35.48133892335758,0.8701582060882118
-39.0,35.48133892335758,0.8672644094070482
-38.0,35.48133892335758,0.8643331203186725
-37.0,35.48133892335758,0.8613687852262429
-36.0,35.48133892335758,0.8583761202553342
-35.0,35.48133892335758,0.8553601024607761
-34.0,35.48133892335758,0.8523259593951805
-33.0,35.48133892335758,0.8492791570419241
-32.0,35.48133892335758,0.8462253861269536
-31.0,35.48133892335758,0.8431705468356736
-30.0,35.48133892335758,0.8401207319732722
-29.0,35.48133892335758,0.8370822086190383
-28.0,35.48133892335758,0.8340613983374063
-27.0,35.48133892335758,0.8310648560205399
-26.0,35.48133892335758,0.8280992474490987
-25.0,35.48133892335758,0.8251713256693328
-24.0,35.48133892335758,0.8222879062956833
-23.0,35.48133892335758,0.8194558418585381
-22.0,35.48133892335758,0.8166819953265791
-21.0,35.48133892335758,0.8139732129421617
-20.0,35.48133892335758,0.8113362965162891
-19.5,35.48133892335758,0.8100468945467194
-19.0,35.48133892335758,0.8087779753368779
-18.5,35.48133892335758,0.8075303640695034
-18.0,35.48133892335758,0.8063048778500923
-17.5,35.48133892335758,0.8051023248211531
-17.0,35.48133892335758,0.8039235032794467
-16.5,35.48133892335758,0.8027692007975519
-16.0,35.48133892335758,0.8016401933511013
-15.5,35.48133892335758,0.8005372444530352
-15.0,35.48133892335758,0.7994611042962176
-14.5,35.48133892335758,0.7984125089057587
-14.0,35.48133892335758,0.7973921793023776
-13.5,35.48133892335758,0.7964008206781352
-13.0,35.48133892335758,0.7954391215858514
-12.5,35.48133892335758,0.7945077531435065
-12.0,35.48133892335758,0.7936073682549157
-11.5,35.48133892335758,0.7927386008479362
-11.0,35.48133892335758,0.7919020651314544
-10.5,35.48133892335758,0.7910983548723663
-10.0,35.48133892335758,0.7903280426937453
-9.5,35.48133892335758,0.7895916793953559
-9.0,35.48133892335758,0.7888897932976409
-8.5,35.48133892335758,0.7882228896102764
-8.0,35.48133892335758,0.7875914498263511
-7.5,35.48133892335758,0.7869959311431832
-7.0,35.48133892335758,0.7864367659107546
-6.5,35.48133892335758,0.7859143611086908
-6.0,35.48133892335758,0.785429097852672
-5.5,35.48133892335758,0.7849813309311147
-5.0,35.48133892335758,0.7845713883729108
-4.5,35.48133892335758,0.784199571046964
-4.0,35.48133892335758,0.7838661522942031
-3.5,35.48133892335758,0.783571377592707
-3.0,35.48133892335758,0.7833154642565138
-2.5,35.48133892335758,0.7830986011686308
-2.0,35.48133892335758,0.782920948548705
-1.5,35.48133892335758,0.7827826377557544
-1.0,35.48133892335758,0.782683771126301
-0.5,35.48133892335758,0.7826244218481817
0.0,35.48133892335758,0.7826046338702584
0.5,35.48133892335758,0.7826244218481817
1.0,35.48133892335758,0.782683771126301
1.5,35.48133892335758,0.7827826377557544
2.0,35.48133892335758,0.782920948548705
2.5,35.48133892335758,0.7830986011686308
3.0,35.48133892335758,0.7833154642565138
3.5,35.48133892335758,0.783571377592707
4.0,35.48133892335758,0.7838661522942031
4.5,35.48133892335758,0.784199571046964
5.0,35.48133892335758,0.7845713883729108
5.5,35.48133892335758,0.7849813309311147
6.0,35.48133892335758,0.785429097852672
6.5,35.48133892335758,0.7859143611086908
7.0,35.48133892335758,0.7864367659107546
7.5,35.48133892335758,0.7869959311431832
8.0,35.48133892335758,0.7875914498263511
8.5,35.48133892335758,0.7882228896102764
9.0,35.48133892335758,0.7888897932976409
9.5,35.48133892335758,0.7895916793953559
10.0,35.48133892335758,0.7903280426937453
10.5,35.48133892335758,0.7910983548723663
11.0,35.48133892335758,0.7919020651314544
11.5,35.48133892335758,0.7927386008479362
12.0,35.48133892335758,0.7936073682549157
12.5,35.48133892335758,0.7945077531435065
13.0,35.48133892335758,0.7954391215858514
13.5,35.48133892335758,0.7964008206781352
14.0,35.48133892335758,0.7973921793023776
14.5,35.48133892335758,0.7984125089057587
15.0,35.48133892335758,0.7994611042962176
15.5,35.48133892335758,0.8005372444530352
16.0,35.48133892335758,0.8016401933511013
16.5,35.48133892335758,0.8027692007975519
17.0,35.48133892335758,0.8039235032794467
17.5,35.48133892335758,0.8051023248211531
18.0,35.48133892335758,0.8063048778500923
18.5,35.48133892335758,0.8075303640695034
19.0,35.48133892335758,0.8087779753368779
19.5,35.48133892335758,0.8100468945467194
20.0,35.48133892335758,0.8113362965162891
21.0,35.48133892335758,0.8139732129421617
22.0,35.48133892335758,0.8166819953265791
23.0,35.48133892335758,0.8194558418585381
24.0,35.48133892335758,0.8222879062956833
25.0,35.48133892335758,0.8251713256693328
26.0,35.48133892335758,0.8280992474490987
27.0,35.48133892335758,0.8310648560205399
28.0,35.48133892335758,0.8340613983374063
29.0,35.48133892335758,0.8370822086190383
30.0,35.48133892335758,0.8401207319732722
31.0,35.48133892335758,0.8431705468356736
32.0,35.48133892335758,0.8462253861269536
33.0,35.48133892335758,0.8492791570419241
34.0,35.48133892335758,0.8523259593951805
35.0,35.48133892335758,0.8553601024607761
36.0,35.48133892335758,0.8583761202553342
37.0,35.48133892335758,0.8613687852262429
38.0,35.48133892335758,0.8643331203186725
39.0,35.48133892335758,0.8672644094070482
40.0,35.48133892335758,0.8701582060882118
41.0,35.48133892335758,0.8730103408447107
42.0,35.48133892335758,0.8758169265973874
43.0,35.48133892335758,0.8785743626766324
44.0,35.48133892335758,0.8812793372512299
45.0,35.48133892335758,0.8839288282626208
46.0,35.48133892335758,0.886520102920575
47.0,35.48133892335758,0.8890507158236626
48.0,35.48133892335758,0.8915185057745115
49.0,35.48133892335758,0.8939215913656189
50.0,35.48133892335758,0.8962583654164097
51.0,35.48133892335758,0.8985274883463401
52.0,35.48133892335758,0.9007278805720865
53.0,35.48133892335758,0.9028587140192856
54.0,35.48133892335758,0.9049194028409007
55.0,35.48133892335758,0.9069095934351094
56.0,35.48133892335758,0.908829153855678
57.0,35.48133892335758,0.9106781627071319
58.0,35.48133892335758,0.9124568976157096
59.0,35.48133892335758,0.9141658233651266
60.0,35.48133892335758,0.9158055797836419
61.0,35.48133892335758,0.9173769694658566
62.0,35.48133892335758,0.9188809454091431
63.0,35.48133892335758,0.9203185986406515
64.0,35.48133892335758,0.92169114590654
65.0,35.48133892335758,0.9229999174904716
66.0,35.48133892335758,0.9242463452235694
67.0,35.48133892335758,0.9254319507429988
68.0,35.48133892335758,0.9265583340511739
69.0,35.48133892335758,0.9276271624223491
70.0,35.48133892335758,0.9286401596980814
71.0,35.48133892335758,0.9295990960077988
72.0,35.48133892335758,0.9305057779455151
73.0,35.48133892335758,0.931362039228649
74.0,35.48133892335758,0.9321697318599473
75.0,35.48133892335758,0.9329307178087437
76.0,35.48133892335758,0.9336468612232047
77.0,35.48133892335758,0.9343200211808679
78.0,35.48133892335758,0.93495204498068
79.0,35.48133892335758,0.9355447619759064
80.0,35.48133892335758,0.9360999779437352
81.0,35.48133892335758,0.9366194699841319
82.0,35.48133892335758,0.9371049819375371
83.0,35.48133892335758,0.9375582203083348
84.0,35.48133892335758,0.9379808506786507
85.0,35.48133892335758,0.9383744945949755
86.0,35.48133892335758,0.9387407269083297
87.0,35.48133892335758,0.9390810735472002
88.0,35.48133892335758,0.9393970097012599
89.0,35.48133892335758,0.939689958392934
90.0,35.48133892335758,0.9399612894131728
91.0,35.48133892335758,0.9402123185973287
92.0,35.48133892335758,0.9404443074167897
93.0,35.48133892335758,0.940658462861982
94.0,35.48133892335758,0.9408559375925024
95.0,35.48133892335758,0.941037830330462
96.0,35.48133892335758,0.941205186473587
97.0,35.48133892335758,0.9413589989052391
98.0,35.48133892335758,0.9415002089792341
99.0,35.48133892335758,0.9416297076581707
100.0,35.48133892335758,0.941748336784895
-100.0,39.81071705534978,1.0350742929414243
-99.0,39.81071705534978,1.034943907832505
-98.0,39.81071705534978,1.0348015760137996
-97.0,39.81071705534978,1.0346463722170025
-96.0,39.81071705534978,1.0344773171863544
-95.0,39.81071705534978,1.0342933762811801
-94.0,39.81071705534978,1.0340934582247518
-93.0,39.81071705534978,1.033876414021876
-92.0,39.81071705534978,1.0336410360686015
-91.0,39.81071705534978,1.033386057478362
-90.0,39.81071705534978,1.0331101516496508
-89.0,39.81071705534978,1.0328119321010127
-88.0,39.81071705534978,1.0324899525996336
-87.0,39.81071705534978,1.0321427076101766
-86.0,39.81071705534978,1.0317686330906648
-85.0,39.81071705534978,1.0313661076621712
-84.0,39.81071705534978,1.0309334541788089
-83.0,39.81071705534978,1.030468941724002
-82.0,39.81071705534978,1.0299707880582478
-81.0,39.81071705534978,1.0294371625425383
-80.0,39.81071705534978,1.0288661895602678
-79.0,39.81071705534978,1.0282559524588228
-78.0,39.81071705534978,1.027604498030092
-77.0,39.81071705534978,1.0269098415468685
-76.0,39.81071705534978,1.0261699723695112
-75.0,39.81071705534978,1.0253828601343056
-74.0,39.81071705534978,1.0245464615317044
-73.0,39.81071705534978,1.0236587276790394
-72.0,39.81071705534978,1.0227176120883936
-71.0,39.81071705534978,1.0217210792261127
-70.0,39.81071705534978,1.020667113655921
-69.0,39.81071705534978,1.0195537297528394
-68.0,39.81071705534978,1.0183789819700646
-67.0,39.81071705534978,1.0171409756357284
-66.0,39.81071705534978,1.015837878251006
-65.0,39.81071705534978,1.0144679312554603
-64.0,39.81071705534978,1.0130294622197893
-63.0,39.81071705534978,1.011520897420388
-62.0,39.81071705534978,1.009940774744325
-61.0,39.81071705534978,1.008287756867582
-60.0,39.81071705534978,1.0065606446437299
-59.0,39.81071705534978,1.0047583906346755
-58.0,39.81071705534978,1.0028801127098044
-57.0,39.81071705534978,1.000925107634763
-56.0,39.81071705534978,0.998892864566413
-55.0,39.81071705534978,0.9967830783661406
-54.0,39.81071705534978,0.9945956626398202
-53.0,39.81071705534978,0.992330762409375
-52.0,39.81071705534978,0.9899887663180781
-51.0,39.81071705534978,0.9875703182695965
-50.0,39.81071705534978,0.9850763283993161
-49.0,39.81071705534978,0.9825079832757732
-48.0,39.81071705534978,0.9798667552300886
-47.0,39.81071705534978,0.9771544107122065
-46.0,39.81071705534978,0.9743730175745088
-45.0,39.81071705534978,0.9715249511860341
-44.0,39.81071705534978,0.968612899284108
-43.0,39.81071705534978,0.9656398654746886
-42.0,39.81071705534978,0.9626091712981534
-41.0,39.81071705534978,0.959524456783606
-40.0,39.81071705534978,0.9563896794220283
-39.0,39.81071705534978,0.9532091114967399
-38.0,39.81071705534978,0.9499873357185997
-37.0,39.81071705534978,0.9467292391231621
-36.0,39.81071705534978,0.9434400051975156
-35.0,39.81071705534978,0.9401251042157325
-34.0,39.81071705534978,0.9367902817736496
-33.0,39.81071705534978,0.9334415455260278
-32.0,39.81071705534978,0.9300851501418752
-31.0,39.81071705534978,0.9267275805068002
-30.0,39.81071705534978,0.9233755332145485
-29.0,39.81071705534978,0.9200358964032884
-28.0,39.81071705534978,0.9167157280055985
-27.0,39.81071705534978,0.9134222324943789
-26.0,39.81071705534978,0.9101627362199228
-25.0,39.81071705534978,0.906944661446013
-24.0,39.81071705534978,0.9037754992050442
-23.0,39.81071705534978,0.9006627811036773
-22.0,39.81071705534978,0.8976140502212873
-21.0,39.81071705534978,0.8946368312533675
-20.0,39.81071705534978,0.8917386000609727
-19.5,39.81071705534978,0.8903214201416261
-19.0,39.81071705534978,0.8889267527951348
-18.5,39.81071705534978,0.8875555049787042
-18.0,39.81071705534978,0.8862085747718541
-17.5,39.81071705534978,0.8848868504028965
-17.0,39.81071705534978,0.8835912092786962
-16.5,39.81071705534978,0.8823225170191835
-16.0,39.81071705534978,0.8810816264981023
-15.5,39.81071705534978,0.8798693768914677
-15.0,39.81071705534978,0.8786865927352179
-14.5,39.81071705534978,0.8775340829935321
-14.0,39.81071705534978,0.8764126401392845
-13.5,39.81071705534978,0.875323039248093
-13.0,39.81071705534978,0.874266037107408
-12.5,39.81071705534978,0.8732423713420728
-12.0,39.81071705534978,0.8722527595577664
-11.5,39.81071705534978,0.8712978985037191
-11.0,39.81071705534978,0.870378463256067
-10.5,39.81071705534978,0.8694951064231838
-10.0,39.81071705534978,0.8686484573742963
-9.5,39.81071705534978,0.867839121492663
-9.0,39.81071705534978,0.8670676794545511
-8.5,39.81071705534978,0.8663346865352163
-8.0,39.81071705534978,0.8656406719430452
-7.5,39.81071705534978,0.8649861381829773
-7.0,39.81071705534978,0.8643715604502792
-6.5,39.81071705534978,0.8637973860556938
-6.0,39.81071705534978,0.8632640338829372
-5.5,39.81071705534978,0.8627718938794667
-5.0,39.81071705534978,0.8623213265813836
-4.5,39.81071705534978,0.861912662673283
-4.0,39.81071705534978,0.8615462025838013
-3.5,39.81071705534978,0.8612222161175552
-3.0,39.81071705534978,0.8609409421241031
-2.5,39.81071705534978,0.8607025882044965
-2.0,39.81071705534978,0.8605073304559278
-1.5,39.81071705534978,0.8603553132549119
-1.0,39.81071705534978,0.8602466490793782
-0.5,39.81071705534978,0.860181418369977
0.0,39.81071705534978,0.8601596694308414
0.5,39.81071705534978,0.860181418369977
1.0,39.81071705534978,0.8602466490793782
1.5,39.81071705534978,0.8603553132549119
2.0,39.81071705534978,0.8605073304559278
2.5,39.81071705534978,0.8607025882044965
3.0,39.81071705534978,0.8609409421241031
3.5,39.81071705534978,0.8612222161175552
4.0,39.81071705534978,0.8615462025838013
4.5,39.81071705534978,0.861912662673283
5.0,39.81071705534978,0.8623213265813836
5.5,39.81071705534978,0.8627718938794667
6.0,39.81071705534978,0.8632640338829372
6.5,39.81071705534978,0.8637973860556938
7.0,39.81071705534978,0.8643715604502792
7.5,39.81071705534978,0.8649861381829773
8.0,39.81071705534978,0.8656406719430452
8.5,39.81071705534978,0.8663346865352163
9.0,39.81071705534978,0.8670676794545511
9.5,39.81071705534978,0.867839121492663
10.0,39.81071705534978,0.8686484573742963
10.5,39.81071705534978,0.8694951064231838
11.0,39.81071705534978,0.870378463256067
11.5,39.81071705534978,0.8712978985037191
12.0,39.81071705534978,0.8722527595577664
12.5,39.81071705534978,0.8732423713420728
13.0,39.81071705534978,0.874266037107408
13.5,39.81071705534978,0.875323039248093
14.0,39.81071705534978,0.8764126401392845
14.5,39.81071705534978,0.8775340829935321
15.0,39.81071705534978,0.8786865927352179
15.5,39.81071705534978,0.8798693768914677
16.0,39.81071705534978,0.8810816264981023
16.5,39.81071705534978,0.8823225170191835
17.0,39.81071705534978,0.8835912092786962
17.5,39.81071705534978,0.8848868504028965
18.0,39.81071705534978,0.8862085747718541
18.5,39.81071705534978,0.8875555049787042
19.0,39.81071705534978,0.8889267527951348
19.5,39.81071705534978,0.8903214201416261
20.0,39.81071705534978,0.8917386000609727
21.0,39.81071705534978,0.8946368312533675
22.0,39.81071705534978,0.8976140502212873
23.0,39.81071705534978,0.9006627811036773
24.0,39.81071705534978,0.9037754992050442
25.0,39.81071705534978,0.906944661446013
26.0,39.81071705534978,0.9101627362199228
27.0,39.81071705534978,0.9134222324943789
28.0,39.81071705534978,0.9167157280055985
29.0,39.81071705534978,0.9200358964032884
30.0,39.81071705534978,0.9233755332145485
31.0,39.81071705534978,0.9267275805068002
32.0,39.81071705534978,0.9300851501418752
33.0,39.81071705534978,0.9334415455260278
34.0,39.81071705534978,0.9367902817736496
35.0,39.81071705534978,0.9401251042157325
36.0,39.81071705534978,0.9434400051975156
37.0,39.81071705534978,0.9467292391231621
38.0,39.81071705534978,0.9499873357185997
39.0,39.81071705534978,0.9532091114967399
40.0,39.81071705534978,0.9563896794220283
41.0,39.81071705534978,0.959524456783606
42.0,39.81071705534978,0.9626091712981534
43.0,39.81071705534978,0.9656398654746886
44.0,39.81071705534978,0.968612899284108
45.0,39.81071705534978,0.9715249511860341
46.0,39.81071705534978,0.9743730175745088
47.0,39.81071705534978,0.9771544107122065
48.0,39.81071705534978,0.9798667552300886
49.0,39.81071705534978,0.9825079832757732
50.0,39.81071705534978,0.9850763283993161
51.0,39.81071705534978,0.9875703182695965
52.0,39.81071705534978,0.9899887663180781
53.0,39.81071705534978,0.992330762409375
54.0,39.81071705534978,0.9945956626398202
55.0,39.81071705534978,0.9967830783661406
56.0,39.81071705534978,0.998892864566413
57.0,39.81071705534978,1.000925107634763
58.0,39.81071705534978,1.0028801127098044
59.0,39.81071705534978,1.0047583906346755
60.0,39.81071705534978,1.0065606446437299
61.0,39.81071705534978,1.008287756867582
62.0,39.81071705534978,1.009940774744325
63.0,39.81071705534978,1.011520897420388
64.0,39.81071705534978,1.0130294622197893
65.0,39.81071705534978,1.0144679312554603
66.0,39.81071705534978,1.015837878251006
67.0,39.81071705534978,1.0171409756357284
68.0,39.81071705534978,1.0183789819700646
69.0,39.81071705534978,1.0195537297528394
70.0,39.81071705534978,1.020667113655921
71.0,39.81071705534978,1.0217210792261127
72.0,39.81071705534978,1.0227176120883936
73.0,39.81071705534978,1.0236587276790394
74.0,39.81071705534978,1.0245464615317044
75.0,39.81071705534978,1.0253828601343056
76.0,39.81071705534978,1.0261699723695112
77.0,39.81071705534978,1.0269098415468685
78.0,39.81071705534978,1.027604498030092
79.0,39.81071705534978,1.0282559524588228
80.0,39.81071705534978,1.0288661895602678
81.0,39.81071705534978,1.0294371625425383
82.0,39.81071705534978,1.0299707880582478
83.0,39.81071705534978,1.030468941724002
84.0,39.81071705534978,1.0309334541788089
85.0,39.81071705534978,1.0313661076621712
86.0,39.81071705534978,1.0317686330906648
87.0,39.81071705534978,1.0321427076101766
88.0,39.81071705534978,1.0324899525996336
89.0,39.81071705534978,1.0328119321010127
90.0,39.81071705534978,1.0331101516496508
91.0,39.81071705534978,1.033386057478362
92.0,39.81071705534978,1.0336410360686015
93.0,39.81071705534978,1.033876414021876
94.0,39.81071705534978,1.0340934582247518
95.0,39.81071705534978,1.0342933762811801
96.0,39.81071705534978,1.0344773171863544
97.0,39.81071705534978,1.0346463722170025
98.0,39.81071705534978,1.0348015760137996
99.0,39.81071705534978,1.034943907832505
100.0,39.81071705534978,1.0350742929414243
-100.0,44.66835921509637,1.1382202026020931
-99.0,44.66835921509637,1.1380768245217923
-98.0,44.66835921509637,1.1379203092333459
-97.0,44.66835921509637,1.1377496392647843
-96.0,44.66835921509637,1.137563737776797
-95.0,44.66835921509637,1.1373614670260095
-94.0,44.66835921509637,1.13714162698917
-93.0,44.66835921509637,1.136902954172875
-92.0,44.66835921509637,1.136644120634557
-91.0,44.66835921509637,1.136363733241477
-90.0,44.66835921509637,1.13606033319532
-89.0,44.66835921509637,1.1357323958507393
-88.0,44.66835921509637,1.1353783308567649
-87.0,44.66835921509637,1.134996482650363
-86.0,44.66835921509637,1.134585131331631
-85.0,44.66835921509637,1.134142493950047
-84.0,44.66835921509637,1.133666726230911
-83.0,44.66835921509637,1.1331559247705454
-82.0,44.66835921509637,1.1326081297279784
-81.0,44.66835921509637,1.1320213280396876
-80.0,44.66835921509637,1.1313934571825017
-79.0,44.66835921509637,1.1307224095079738
-78.0,44.66835921509637,1.1300060371693768
-77.0,44.66835921509637,1.1292421576599876
-76.0,44.66835921509637,1.1284285599784554
-75.0,44.66835921509637,1.127563011433838
-74.0,44.66835921509637,1.1266432650992986
-73.0,44.66835921509637,1.1256670679195138
-72.0,44.66835921509637,1.1246321694725505
-71.0,44.66835921509637,1.1235363313823379
-70.0,44.66835921509637,1.1223773373729031
-69.0,44.66835921509637,1.1211530039502864
-68.0,44.66835921509637,1.119861191692524
-67.0,44.66835921509637,1.1184998171223117
-66.0,44.66835921509637,1.117066865130978
-65.0,44.66835921509637,1.1155604019162526
-64.0,44.66835921509637,1.1139785883900315
-63.0,44.66835921509637,1.1123196940060032
-62.0,44.66835921509637,1.1105821109506133
-61.0,44.66835921509637,1.1087643686345285
-60.0,44.66835921509637,1.1068651484155012
-59.0,44.66835921509637,1.1048832984774675
-58.0,44.66835921509637,1.1028178487848521
-57.0,44.66835921509637,1.1006680260254846
-56.0,44.66835921509637,1.0984332684503346
-55.0,44.66835921509637,1.0961132405135021
-54.0,44.66835921509637,1.0937078472116242
-53.0,44.66835921509637,1.0912172480181643
-52.0,44.66835921509637,1.088641870304982
-51.0,44.66835921509637,1.0859824221412153
-50.0,44.66835921509637,1.083239904357906
-49.0,44.66835921509637,1.0804156217660124
-48.0,44.66835921509637,1.077511193415527
-47.0,44.66835921509637,1.0745285617844225
-46.0,44.66835921509637,1.0714700007880809
-45.0,44.66835921509637,1.0683381225028017
-44.0,44.66835921509637,1.0651358825008992
-43.0,44.66835921509637,1.0618665836998595
-42.0,44.66835921509637,1.0585338786339866
-41.0,44.66835921509637,1.0551417700639436
-40.0,44.66835921509637,1.051694609847581
-39.0,44.66835921509637,1.048197096004373
-38.0,44.66835921509637,1.044654267915664
-37.0,44.66835921509637,1.0410714996136732
-36.0,44.66835921509637,1.0374544911237649
-35.0,44.66835921509637,1.0338092578368199
-34.0,44.66835921509637,1.030142117901499
-33.0,44.66835921509637,1.0264596776397497
-32.0,44.66835921509637,1.0227688150029177
-31.0,44.66835921509637,1.0190766611002007
-30.0,44.66835921509637,1.0153905798458047
-29.0,44.66835921509637,1.0117181457859001
-28.0,44.66835921509637,1.0080671201812041
-27.0,44.66835921509637,1.004445425435606
-26.0,44.66835921509637,1.0008611179755598
-25.0,44.66835921509637,0.9973223596988574
-24.0,44.66835921509637,0.9938373881247459
-23.0,44.66835921509637,0.9904144853899935
-22.0,44.66835921509637,0.9870619462473471
-21.0,44.66835921509637,0.9837880452337043
-20.0,44.66835921509637,0.9806010031851372
-19.5,44.66835921509637,0.9790426002512392
-19.0,44.66835921509637,0.9775089532845322
-18.5,44.66835921509637,0.9760010596211702
-18.0,44.66835921509637,0.9745199068349533
-17.5,44.66835921509637,0.9730664716667936
-17.0,44.66835921509637,0.9716417189577913
-16.5,44.66835921509637,0.9702466005875355
-16.0,44.66835921509637,0.9688820544192615
-15.5,44.66835921509637,0.9675490032534878
-15.0,44.66835921509637,0.9662483537917613
-14.5,44.66835921509637,0.9649809956121328
-14.0,44.66835921509637,0.9637478001579777
-13.5,44.66835921509637,0.962549619741765
-13.0,44.66835921509637,0.9613872865653682
-12.5,44.66835921509637,0.960261611758485
-12.0,44.66835921509637,0.9591733844367246
-11.5,44.66835921509637,0.9581233707808873
-11.0,44.66835921509637,0.9571123131389397
-10.5,44.66835921509637,0.9561409291521564
-10.0,44.66835921509637,0.9552099109068679
-9.5,44.66835921509637,0.9543199241132166
-9.0,44.66835921509637,0.9534716073122841
-8.5,44.66835921509637,0.9526655711129112
-8.0,44.66835921509637,0.9519023974594867
-7.5,44.66835921509637,0.9511826389319349
-7.0,44.66835921509637,0.9505068180790774
-6.5,44.66835921509637,0.9498754267865
-6.0,44.66835921509637,0.949288925679987
-5.5,44.66835921509637,0.9487477435655449
-5.0,44.66835921509637,0.9482522769069608
-4.5,44.66835921509637,0.9478028893417914
-4.0,44.66835921509637,0.9473999112366062
-3.5,44.66835921509637,0.9470436392822491
-3.0,44.66835921509637,0.9467343361298116
-2.5,44.66835921509637,0.9464722300679418
-2.0,44.66835921509637,0.9462575147420458
-1.5,44.66835921509637,0.9460903489158637
-1.0,44.66835921509637,0.945970856275833
-0.5,44.66835921509637,0.9458991252785733
0.0,44.66835921509637,0.94587520904176
0.5,44.66835921509637,0.9458991252785733
1.0,44.66835921509637,0.945970856275833
1.5,44.66835921509637,0.9460903489158637
2.0,44.66835921509637,0.9462575147420458
2.5,44.66835921509637,0.9464722300679418
3.0,44.66835921509637,0.9467343361298116
3.5,44.66835921509637,0.9470436392822491
4.0,44.66835921509637,0.9473999112366062
4.5,44.66835921509637,0.9478028893417914
5.0,44.66835921509637,0.9482522769069608
5.5,44.66835921509637,0.9487477435655449
6.0,44.66835921509637,0.949288925679987
6.5,44.66835921509637,0.9498754267865
7.0,44.66835921509637,0.9505068180790774
7.5,44.66835921509637,0.9511826389319349
8.0,44.66835921509637,0.9519023974594867
8.5,44.66835921509637,0.9526655711129112
9.0,44.66835921509637,0.9534716073122841
9.5,44.66835921509637,0.9543199241132166
10.0,44.66835921509637,0.9552099109068679
10.5,44.66835921509637,0.9561409291521564
11.0,44.66835921509637,0.9571123131389397
11.5,44.66835921509637,0.9581233707808873
12.0,44.66835921509637,0.9591733844367246
12.5,44.66835921509637,0.960261611758485
13.0,44.66835921509637,0.9613872865653682
13.5,44.66835921509637,0.962549619741765
14.0,44.66835921509637,0.9637478001579777
14.5,44.66835921509637,0.9649809956121328
15.0,44.66835921509637,0.9662483537917613
15.5,44.66835921509637,0.9675490032534878
16.0,44.66835921509637,0.9688820544192615
16.5,44.66835921509637,0.9702466005875355
17.0,44.66835921509637,0.9716417189577913
17.5,44.66835921509637,0.9730664716667936
18.0,44.66835921509637,0.9745199068349533
18.5,44.66835921509637,0.9760010596211702
19.0,44.66835921509637,0.9775089532845322
19.5,44.66835921509637,0.9790426002512392
20.0,44.66835921509637,0.9806010031851372
21.0,44.66835921509637,0.9837880452337043
22.0,44.66835921509637,0.9870619462473471
23.0,44.66835921509637,0.9904144853899935
24.0,44.66835921509637,0.9938373881247459
25.0,44.66835921509637,0.9973223596988574
26.0,44.66835921509637,1.0008611179755598
27.0,44.66835921509637,1.004445425435606
28.0,44.66835921509637,1.0080671201812041
29.0,44.66835921509637,1.0117181457859001
30.0,44.66835921509637,1.0153905798458047
31.0,44.66835921509637,1.0190766611002007
32.0,44.66835921509637,1.0227688150029177
33.0,44.66835921509637,1.0264596776397497
34.0,44.66835921509637,1.030142117901499
35.0,44.66835921509637,1.0338092578368199
36.0,44.66835921509637,1.0374544911237649
37.0,44.66835921509637,1.0410714996136732
38.0,44.66835921509637,1.044654267915664
39.0,44.66835921509637,1.048197096004373
40.0,44.66835921509637,1.051694609847581
41.0,44.66835921509637,1.0551417700639436
42.0,44.66835921509637,1.0585338786339866
43.0,44.66835921509637,1.0618665836998595
44.0,44.66835921509637,1.0651358825008992
45.0,44.66835921509637,1.0683381225028017
46.0,44.66835921509637,1.0714700007880809
47.0,44.66835921509637,1.0745285617844225
48.0,44.66835921509637,1.077511193415527
49.0,44.66835921509637,1.0804156217660124
50.0,44.66835921509637,1.083239904357906
51.0,44.66835921509637,1.0859824221412153
52.0,44.66835921509637,1.088641870304982
53.0,44.66835921509637,1.0912172480181643
54.0,44.66835921509637,1.0937078472116242
55.0,44.66835921509637,1.0961132405135021
56.0,44.66835921509637,1.0984332684503346
57.0,44.66835921509637,1.1006680260254846
58.0,44.66835921509637,1.1028178487848521
59.0,44.66835921509637,1.1048832984774675
60.0,44.66835921509637,1.1068651484155012
61.0,44.66835921509637,1.1087643686345285
62.0,44.66835921509637,1.1105821109506133
63.0,44.66835921509637,1.1123196940060032
64.0,44.66835921509637,1.1139785883900315
65.0,44.66835921509637,1.1155604019162526
66.0,44.66835921509637,1.117066865130978
67.0,44.66835921509637,1.1184998171223117
68.0,44.66835921509637,1.119861191692524
69.0,44.66835921509637,1.1211530039502864
70.0,44.66835921509637,1.1223773373729031
71.0,44.66835921509637,1.1235363313823379
72.0,44.66835921509637,1.1246321694725505
73.0,44.66835921509637,1.1256670679195138
74.0,44.66835921509637,1.1266432650992986
75.0,44.66835921509637,1.127563011433838
76.0,44.66835921509637,1.1284285599784554
77.0,44.66835921509637,1.1292421576599876
78.0,44.66835921509637,1.1300060371693768
79.0,44.66835921509637,1.1307224095079738
80.0,44.66835921509637,1.1313934571825017
81.0,44.66835921509637,1.1320213280396876
82.0,44.66835921509637,1.1326081297279784
83.0,44.66835921509637,1.1331559247705454
84.0,44.66835921509637,1.133666726230911
85.0,44.66835921509637,1.134142493950047
86.0,44.66835921509637,1.134585131331631
87.0,44.66835921509637,1.134996482650363
88.0,44.66835921509637,1.1353783308567649
89.0,44.66835921509637,1.1357323958507393
90.0,44.66835921509637,1.13606033319532
91.0,44.66835921509637,1.136363733241477
92.0,44.66835921509637,1.136644120634557
93.0,44.66835921509637,1.136902954172875
94.0,44.66835921509637,1.13714162698917
95.0,44.66835921509637,1.1373614670260095
96.0,44.66835921509637,1.137563737776797
97.0,44.66835921509637,1.1377496392647843
98.0,44.66835921509637,1.1379203092333459
99.0,44.66835921509637,1.1380768245217923
100.0,44.66835921509637,1.1382202026020931
-100.0,50.1187233627273,1.2513446709230274
-99.0,50.1187233627273,1.2511870429031577
-98.0,50.1187233627273,1.2510149720053934
-97.0,50.1187233627273,1.2508273396341194
-96.0,50.1187233627273,1.2506229619260294
-95.0,50.1187233627273,1.250400588060671
-94.0,50.1187233627273,1.250158898747895
-93.0,50.1187233627273,1.2498965049192825
-92.0,50.1187233627273,1.2496119466518314
-91.0,50.1187233627273,1.2493036923533025
-90.0,50.1187233627273,1.2489701382395655
-89.0,50.1187233627273,1.2486096081351097
-88.0,50.1187233627273,1.248220353628506
-87.0,50.1187233627273,1.2478005546150197
-86.0,50.1187233627273,1.2473483202587892
-85.0,50.1187233627273,1.2468616904069114
-84.0,50.1187233627273,1.2463386374874703
-83.0,50.1187233627273,1.2457770689229104
-82.0,50.1187233627273,1.245174830089241
-81.0,50.1187233627273,1.2445297078502813
-80.0,50.1187233627273,1.24383943469455
-79.0,50.1187233627273,1.2431016935004153
-78.0,50.1187233627273,1.2423141229527739
-77.0,50.1187233627273,1.241474323631767
-76.0,50.1187233627273,1.240579864790909
-75.0,50.1187233627273,1.2396282918384556
-74.0,50.1187233627273,1.2386171345319033
-73.0,50.1187233627273,1.237543915891168
-72.0,50.1187233627273,1.2364061618312825
-71.0,50.1187233627273,1.2352014115103456
-70.0,50.1187233627273,1.2339272283830187
-69.0,50.1187233627273,1.232581211944089
-68.0,50.1187233627273,1.231161010140529
-67.0,50.1187233627273,1.2296643324241516
-66.0,50.1187233627273,1.2280889634103662
-65.0,50.1187233627273,1.2264327771017953
-64.0,50.1187233627273,1.2246937516285998
-63.0,50.1187233627273,1.2228699844503925
-62.0,50.1187233627273,1.2209597079576036
-61.0,50.1187233627273,1.218961305403209
-60.0,50.1187233627273,1.2168733270888579
-59.0,50.1187233627273,1.2146945067227652
-58.0,50.1187233627273,1.2124237778602789
-57.0,50.1187233627273,1.2100602903319309
-56.0,50.1187233627273,1.207603426558053
-55.0,50.1187233627273,1.205052817643793
-54.0,50.1187233627273,1.2024083591436736
-53.0,50.1187233627273,1.1996702263807721
-52.0,50.1187233627273,1.1968388892022215
-51.0,50.1187233627273,1.1939151260501375
-50.0,50.1187233627273,1.1909000372253125
-49.0,50.1187233627273,1.187795057220154
-48.0,50.1187233627273,1.1846019659974287
-47.0,50.1187233627273,1.1813228990924687
-46.0,50.1187233627273,1.177960356418639
-45.0,50.1187233627273,1.1745172096590712
-44.0,50.1187233627273,1.170996708132006
-43.0,50.1187233627273,1.1674024830225032
-42.0,50.1187233627273,1.1637385498798611
-41.0,50.1187233627273,1.1600093092877404
-40.0,50.1187233627273,1.1562195456227642
-39.0,50.1187233627273,1.152374423827199
-38.0,50.1187233627273,1.148479484132167
-37.0,50.1187233627273,1.144540634679663
-36.0,50.1187233627273,1.140564142004359
-35.0,50.1187233627273,1.1365566193497252
-34.0,50.1187233627273,1.132525012807246
-33.0,50.1187233627273,1.1284765852824155
-32.0,50.1187233627273,1.1244188983066
-31.0,50.1187233627273,1.120359791729656
-30.0,50.1187233627273,1.1163073613442764
-29.0,50.1187233627273,1.1122699345092297
-28.0,50.1187233627273,1.1082560438548597
-27.0,50.1187233627273,1.104274399170243
-26.0,50.1187233627273,1.1003338575871424
-25.0,50.1187233627273,1.0964433921911558
-24.0,50.1187233627273,1.092612059205137
-23.0,50.1187233627273,1.088848963903869
-22.0,50.1187233627273,1.0851632254319803
-21.0,50.1187233627273,1.0815639407090543
-20.0,50.1187233627273,1.0780601476166765
-19.5,50.1187233627273,1.0763468594479848
-19.0,50.1187233627273,1.0746607876716459
-18.5,50.1187233627273,1.0730030287462176
-18.0,50.1187233627273,1.0713746683976502
-17.5,50.1187233627273,1.0697767804423575
-17.0,50.1187233627273,1.068210425614252
-16.5,50.1187233627273,1.0666766503975271
-16.0,50.1187233627273,1.065176485866978
-15.5,50.1187233627273,1.0637109465376418
-15.0,50.1187233627273,1.0622810292255525
-14.5,50.1187233627273,1.0608877119213935
-14.0,50.1187233627273,1.0595319526788183
-13.5,50.1187233627273,1.058214688519208
-13.0,50.1187233627273,1.0569368343546133
-12.5,50.1187233627273,1.0556992819306048
-12.0,50.1187233627273,1.0545028987907479
-11.5,50.1187233627273,1.053348527264373
-11.0,50.1187233627273,1.0522369834792997
-10.5,50.1187233627273,1.0511690564011278
-10.0,50.1187233627273,1.050145506900679
-9.5,50.1187233627273,1.049167066851134
-9.0,50.1187233627273,1.0482344382563553
-8.5,50.1187233627273,1.04734829241186
-8.0,50.1187233627273,1.0465092690998345
-7.5,50.1187233627273,1.0457179758195498
-7.0,50.1187233627273,1.0449749870544687
-6.5,50.1187233627273,1.0442808435772857
-6.0,50.1187233627273,1.0436360517940722
-5.5,50.1187233627273,1.0430410831286436
-5.0,50.1187233627273,1.0424963734481953
-4.5,50.1187233627273,1.0420023225311863
-4.0,50.1187233627273,1.0415592935783795
-3.5,50.1187233627273,1.0411676127678784
-3.0,50.1187233627273,1.040827568854919
-2.5,50.1187233627273,1.0405394128171086
-2.0,50.1187233627273,1.0403033575457197
-1.5,50.1187233627273,1.0401195775835692
-1.0,50.1187233627273,1.039988208909937
-0.5,50.1187233627273,1.0399093487728954
0.0,50.1187233627273,1.039883055569334
0.5,50.1187233627273,1.0399093487728954
1.0,50.1187233627273,1.039988208909937
1.5,50.1187233627273,1.0401195775835692
2.0,50.1187233627273,1.0403033575457197
2.5,50.1187233627273,1.0405394128171086
3.0,50.1187233627273,1.040827568854919
3.5,50.1187233627273,1.0411676127678784
4.0,50.1187233627273,1.0415592935783795
4.5,50.1187233627273,1.0420023225311863
5.0,50.1187233627273,1.0424963734481953
5.5,50.1187233627273,1.0430410831286436
6.0,50.1187233627273,1.0436360517940722
6.5,50.1187233627273,1.0442808435772857
7.0,50.1187233627273,1.0449749870544687
7.5,50.1187233627273,1.0457179758195498
8.0,50.1187233627273,1.0465092690998345
8.5,50.1187233627273,1.04734829241186
9.0,50.1187233627273,1.0482344382563553
9.5,50.1187233627273,1.049167066851134
10.0,50.1187233627273,1.050145506900679
10.5,50.1187233627273,1.0511690564011278
11.0,50.1187233627273,1.0522369834792997
11.5,50.1187233627273,1.053348527264373
12.0,50.1187233627273,1.0545028987907479
12.5,50.1187233627273,1.0556992819306048
13.0,50.1187233627273,1.0569368343546133
13.5,50.1187233627273,1.058214688519208
14.0,50.1187233627273,1.0595319526788183
14.5,50.1187233627273,1.0608877119213935
15.0,50.1187233627273,1.0622810292255525
15.5,50.1187233627273,1.0637109465376418
16.0,50.1187233627273,1.065176485866978
16.5,50.1187233627273,1.0666766503975271
17.0,50.1187233627273,1.068210425614252
17.5,50.1187233627273,1.0697767804423575
18.0,50.1187233627273,1.0713746683976502
18.5,50.1187233627273,1.0730030287462176
19.0,50.1187233627273,1.0746607876716459
19.5,50.1187233627273,1.0763468594479848
20.0,50.1187233627273,1.0780601476166765
21.0,50.1187233627273,1.0815639407090543
22.0,50.1187233627273,1.0851632254319803
23.0,50.1187233627273,1.088848963903869
24.0,50.1187233627273,1.092612059205137
25.0,50.1187233627273,1.0964433921911558
26.0,50.1187233627273,1.1003338575871424
27.0,50.1187233627273,1.104274399170243
28.0,50.1187233627273,1.1082560438548597
29.0,50.1187233627273,1.1122699345092297
30.0,50.1187233627273,1.1163073613442764
31.0,50.1187233627273,1.120359791729656
32.0,50.1187233627273,1.1244188983066
33.0,50.1187233627273,1.1284765852824155
34.0,50.1187233627273,1.132525012807246
35.0,50.1187233627273,1.1365566193497252
36.0,50.1187233627273,1.140564142004359
37.0,50.1187233627273,1.144540634679663
38.0,50.1187233627273,1.148479484132167
39.0,50.1187233627273,1.152374423827199
40.0,50.1187233627273,1.1562195456227642
41.0,50.1187233627273,1.1600093092877404
42.0,50.1187233627273,1.1637385498798611
43.0,50.1187233627273,1.1674024830225032
44.0,50.1187233627273,1.170996708132006
45.0,50.1187233627273,1.1745172096590712
46.0,50.1187233627273,1.177960356418639
47.0,50.1187233627273,1.1813228990924687
48.0,50.1187233627273,1.1846019659974287
49.0,50.1187233627273,1.187795057220154
50.0,50.1187233627273,1.1909000372253125
51.0,50.1187233627273,1.1939151260501375
52.0,50.1187233627273,1.1968388892022215
53.0,50.1187233627273,1.1996702263807721
54.0,50.1187233627273,1.2024083591436736
55.0,50.1187233627273,1.205052817643793
56.0,50.1187233627273,1.207603426558053
57.0,50.1187233627273,1.2100602903319309
58.0,50.1187233627273,1.2124237778602789
59.0,50.1187233627273,1.2146945067227652
60.0,50.1187233627273,1.2168733270888579
61.0,50.1187233627273,1.218961305403209
62.0,50.1187233627273,1.2209597079576036
63.0,50.1187233627273,1.2228699844503925
64.0,50.1187233627273,1.2246937516285998
65.0,50.1187233627273,1.2264327771017953
66.0,50.1187233627273,1.2280889634103662
67.0,50.1187233627273,1.2296643324241516
68.0,50.1187233627273,1.231161010140529
69.0,50.1187233627273,1.232581211944089
70.0,50.1187233627273,1.2339272283830187
71.0,50.1187233627273,1.2352014115103456
72.0,50.1187233627273,1.2364061618312825
73.0,50.1187233627273,1.237543915891168
74.0,50.1187233627273,1.2386171345319033
75.0,50.1187233627273,1.2396282918384556
76.0,50.1187233627273,1.240579864790909
77.0,50.1187233627273,1.241474323631767
78.0,50.1187233627273,1.2423141229527739
79.0,50.1187233627273,1.2431016935004153
80.0,50.1187233627273,1.24383943469455
81.0,50.1187233627273,1.2445297078502813
82.0,50.1187233627273,1.245174830089241
83.0,50.1187233627273,1.2457770689229104
84.0,50.1187233627273,1.2463386374874703
85.0,50.1187233627273,1.2468616904069114
86.0,50.1187233627273,1.2473483202587892
87.0,50.1187233627273,1.2478005546150197
88.0,50.1187233627273,1.248220353628506
89.0,50.1187233627273,1.2486096081351097
90.0,50.1187233627273,1.2489701382395655
91.0,50.1187233627273,1.2493036923533025
92.0,50.1187233627273,1.2496119466518314
93.0,50.1187233627273,1.2498965049192825
94.0,50.1187233627273,1.250158898747895
95.0,50.1187233627273,1.250400588060671
96.0,50.1187233627273,1.2506229619260294
97.0,50.1187233627273,1.2508273396341194
98.0,50.1187233627273,1.2510149720053934
99.0,50.1187233627273,1.2511870429031577
100.0,50.1187233627273,1.2513446709230274
-100.0,56.23413251903499,1.374596807813932
-99.0,56.23413251903499,1.3744236541033918
-98.0,56.23413251903499,1.3742346349528087
-97.0,56.23413251903499,1.374028521589649
-96.0,56.23413251903499,1.3738040135450977
-95.0,56.23413251903499,1.3735597367981982
-94.0,56.23413251903499,1.3732942421143242
-93.0,56.23413251903499,1.373006003607714
-92.0,56.23413251903499,1.3726934175591503
-91.0,56.23413251903499,1.3723548015210605
-90.0,56.23413251903499,1.3719883937433872
-89.0,56.23413251903499,1.3715923529544494
-88.0,56.23413251903499,1.3711647585317153
-87.0,56.23413251903499,1.3707036110978623
-86.0,56.23413251903499,1.3702068335777249
-85.0,56.23413251903499,1.3696722727516621
-84.0,56.23413251903499,1.3690977013405325
-83.0,56.23413251903499,1.3684808206567771
-82.0,56.23413251903499,1.3678192638550903
-81.0,56.23413251903499,1.3671105998147748
-80.0,56.23413251903499,1.3663523376840958
-79.0,56.23413251903499,1.3655419321147795
-78.0,56.23413251903499,1.3646767892122107
-77.0,56.23413251903499,1.363754273223863
-76.0,56.23413251903499,1.3627717139850424
-75.0,56.23413251903499,1.36172641513714
-74.0,56.23413251903499,1.3606156631292543
-73.0,56.23413251903499,1.3594367370092808
-72.0,56.23413251903499,1.3581869190053872
-71.0,56.23413251903499,1.356863505893194
-70.0,56.23413251903499,1.3554638211379921
-69.0,56.23413251903499,1.3539852277949982
-68.0,56.23413251903499,1.3524251421439482
-67.0,56.23413251903499,1.3507810480273836
-66.0,56.23413251903499,1.349050511854739
-65.0,56.23413251903499,1.3472311982269218
-64.0,56.23413251903499,1.3453208861284986
-63.0,56.23413251903499,1.3433174856269323
-62.0,56.23413251903499,1.3412190550106156
-61.0,56.23413251903499,1.339023818289807
-60.0,56.23413251903499,1.3367301829770244
-59.0,56.23413251903499,1.3343367580561178
-58.0,56.23413251903499,1.3318423720421648
-57.0,56.23413251903499,1.3292460910276154
-56.0,56.23413251903499,1.3265472366038258
-55.0,56.23413251903499,1.323745403541367
-54.0,56.23413251903499,1.320840477107326
-53.0,56.23413251903499,1.3178326498933588
-52.0,56.23413251903499,1.3147224380245461
-51.0,56.23413251903499,1.3115106966162462
-50.0,56.23413251903499,1.3081986343442082
-49.0,56.23413251903499,1.304787826992251
-48.0,56.23413251903499,1.3012802298419157
-47.0,56.23413251903499,1.2976781887696973
-46.0,56.23413251903499,1.2939844499198125
-45.0,56.23413251903499,1.290202167823989
-44.0,56.23413251903499,1.2863349118445164
-43.0,56.23413251903499,1.2823866708227658
-42.0,56.23413251903499,1.2783618558225915
-41.0,56.23413251903499,1.2742653008664593
-40.0,56.23413251903499,1.2701022615717756
-39.0,56.23413251903499,1.26587841160569
-38.0,56.23413251903499,1.2615998368885664
-37.0,56.23413251903499,1.2572730274893
-36.0,56.23413251903499,1.2529048671696206
-35.0,56.23413251903499,1.2485026205494
-34.0,56.23413251903499,1.2440739178806413
-33.0,56.23413251903499,1.2396267374341916
-32.0,56.23413251903499,1.2351693855201502
-31.0,56.23413251903499,1.230710474180297
-30.0,56.23413251903499,1.22625889660853
-29.0,56.23413251903499,1.2218238003730992
-28.0,56.23413251903499,1.2174145585322067
-27.0,56.23413251903499,1.2130407387521729
-26.0,56.23413251903499,1.2087120705546308
-25.0,56.23413251903499,1.2044384108360107
-24.0,56.23413251903499,1.2002297078186643
-23.0,56.23413251903499,1.1960959636082806
-22.0,56.23413251903499,1.192047195546514
-21.0,56.23413251903499,1.188093396560901
-20.0,56.23413251903499,1.1842444947259891
-19.5,56.23413251903499,1.182362454947283
-19.0,56.23413251903499,1.1805103122600162
-18.5,56.23413251903499,1.1786892711192583
-18.0,56.23413251903499,1.1769005241903563
-17.5,56.23413251903499,1.1751452510560811
-17.0,56.23413251903499,1.1734246169281315
-16.5,56.23413251903499,1.1717397713649513
-16.0,56.23413251903499,1.1700918469978243
-15.5,56.23413251903499,1.1684819582672115
-15.0,56.23413251903499,1.1669112001712938
-14.5,56.23413251903499,1.1653806470286843
-14.0,56.23413251903499,1.1638913512572535
-13.5,56.23413251903499,1.1624443421710102
-13.0,56.23413251903499,1.1610406247969567
-12.5,56.23413251903499,1.1596811787138166
-12.0,56.23413251903499,1.1583669569145127
-11.5,56.23413251903499,1.1570988846942383
-11.0,56.23413251903499,1.1558778585659375
-10.5,56.23413251903499,1.1547047452049715
-10.0,56.23413251903499,1.153580380424708
-9.5,56.23413251903499,1.1525055681847276
-9.0,56.23413251903499,1.1514810796332937
-8.5,56.23413251903499,1.1505076521856805
-8.0,56.23413251903499,1.1495859886399038
-7.5,56.23413251903499,1.1487167563313332
-7.0,56.23413251903499,1.1479005863276133
-6.5,56.23413251903499,1.1471380726652531
-6.0,56.23413251903499,1.1464297716291714
-5.5,56.23413251903499,1.1457762010764283
-5.0,56.23413251903499,1.1451778398052868
-4.5,56.23413251903499,1.1446351269706867
-4.0,56.23413251903499,1.1441484615471245
-3.5,56.23413251903499,1.143718201839861
-3.0,56.23413251903499,1.1433446650452976
-2.5,56.23413251903499,1.1430281268612703
-2.0,56.23413251903499,1.1427688211479377
-1.5,56.23413251903499,1.1425669396398426
-1.0,56.23413251903499,1.1424226317096478
-0.5,56.23413251903499,1.1423360041839465
0.0,56.23413251903499,1.142307121211475
0.5,56.23413251903499,1.1423360041839465
1.0,56.23413251903499,1.1424226317096478
1.5,56.23413251903499,1.1425669396398426
2.0,56.23413251903499,1.1427688211479377
2.5,56.23413251903499,1.1430281268612703
3.0,56.23413251903499,1.1433446650452976
3.5,56.23413251903499,1.143718201839861
4.0,56.23413251903499,1.1441484615471245
4.5,56.23413251903499,1.1446351269706867
5.0,56.23413251903499,1.1451778398052868
5.5,56.23413251903499,1.1457762010764283
6.0,56.23413251903499,1.1464297716291714
6.5,56.23413251903499,1.1471380726652531
7.0,56.23413251903499,1.1479005863276133
7.5,56.23413251903499,1.1487167563313332
8.0,56.23413251903499,1.1495859886399038
8.5,56.23413251903499,1.1505076521856805
9.0,56.23413251903499,1.1514810796332937
9.5,56.23413251903499,1.1525055681847276
10.0,56.23413251903499,1.153580380424708
10.5,56.23413251903499,1.1547047452049715
11.0,56.23413251903499,1.1558778585659375
11.5,56.23413251903499,1.1570988846942383
12.0,56.23413251903499,1.1583669569145127
12.5,56.23413251903499,1.1596811787138166
13.0,56.23413251903499,1.1610406247969567
13.5,56.23413251903499,1.1624443421710102
14.0,56.23413251903499,1.1638913512572535
14.5,56.23413251903499,1.1653806470286843
15.0,56.23413251903499,1.1669112001712938
15.5,56.23413251903499,1.1684819582672115
16.0,56.23413251903499,1.1700918469978243
16.5,56.23413251903499,1.1717397713649513
17.0,56.23413251903499,1.1734246169281315
17.5,56.23413251903499,1.1751452510560811
18.0,56.23413251903499,1.1769005241903563
18.5,56.23413251903499,1.1786892711192583
19.0,56.23413251903499,1.1805103122600162
19.5,56.23413251903499,1.182362454947283
20.0,56.23413251903499,1.1842444947259891
21.0,56.23413251903499,1.188093396560901
22.0,56.23413251903499,1.192047195546514
23.0,56.23413251903499,1.1960959636082806
24.0,56.23413251903499,1.2002297078186643
25.0,56.23413251903499,1.2044384108360107
26.0,56.23413251903499,1.2087120705546308
27.0,56.23413251903499,1.2130407387521729
28.0,56.23413251903499,1.2174145585322067
29.0,56.23413251903499,1.2218238003730992
30.0,56.23413251903499,1.22625889660853
31.0,56.23413251903499,1.230710474180297
32.0,56.23413251903499,1.2351693855201502
33.0,56.23413251903499,1.2396267374341916
34.0,56.23413251903499,1.2440739178806413
35.0,56.23413251903499,1.2485026205494
36.0,56.23413251903499,1.2529048671696206
37.0,56.23413251903499,1.2572730274893
38.0,56.23413251903499,1.2615998368885664
39.0,56.23413251903499,1.26587841160569
40.0,56.23413251903499,1.2701022615717756
41.0,56.23413251903499,1.2742653008664593
42.0,56.23413251903499,1.2783618558225915
43.0,56.23413251903499,1.2823866708227658
44.0,56.23413251903499,1.2863349118445164
45.0,56.23413251903499,1.290202167823989
46.0,56.23413251903499,1.2939844499198125
47.0,56.23413251903499,1.2976781887696973
48.0,56.23413251903499,1.3012802298419157
49.0,56.23413251903499,1.304787826992251
50.0,56.23413251903499,1.3081986343442082
51.0,56.23413251903499,1.3115106966162462
52.0,56.23413251903499,1.3147224380245461
53.0,56.23413251903499,1.3178326498933588
54.0,56.23413251903499,1.320840477107326
55.0,56.23413251903499,1.323745403541367
56.0,56.23413251903499,1.3265472366038258
57.0,56.23413251903499,1.3292460910276154
58.0,56.23413251903499,1.3318423720421648
59.0,56.23413251903499,1.3343367580561178
60.0,56.23413251903499,1.3367301829770244
61.0,56.23413251903499,1.339023818289807
62.0,56.23413251903499,1.3412190550106156
63.0,56.23413251903499,1.3433174856269323
64.0,56.23413251903499,1.3453208861284986
65.0,56.23413251903499,1.3472311982269218
66.0,56.23413251903499,1.349050511854739
67.0,56.23413251903499,1.3507810480273836
68.0,56.23413251903499,1.3524251421439482
69.0,56.23413251903499,1.3539852277949982
70.0,56.23413251903499,1.3554638211379921
71.0,56.23413251903499,1.356863505893194
72.0,56.23413251903499,1.3581869190053872
73.0,56.23413251903499,1.3594367370092808
74.0,56.23413251903499,1.3606156631292543
75.0,56.23413251903499,1.36172641513714
76.0,56.23413251903499,1.3627717139850424
77.0,56.23413251903499,1.363754273223863
78.0,56.23413251903499,1.3646767892122107
79.0,56.23413251903499,1.3655419321147795
80.0,56.23413251903499,1.3663523376840958
81.0,56.23413251903499,1.3671105998147748
82.0,56.23413251903499,1.3678192638550903
83.0,56.23413251903499,1.3684808206567771
84.0,56.23413251903499,1.3690977013405325
85.0,56.23413251903499,1.3696722727516621
86.0,56.23413251903499,1.3702068335777249
87.0,56.23413251903499,1.3707036110978623
88.0,56.23413251903499,1.3711647585317153
89.0,56.23413251903499,1.3715923529544494
90.0,56.23413251903499,1.3719883937433872
91.0,56.23413251903499,1.3723548015210605
92.0,56.23413251903499,1.3726934175591503
93.0,56.23413251903499,1.373006003607714
94.0,56.23413251903499,1.3732942421143242
95.0,56.23413251903499,1.3735597367981982
96.0,56.23413251903499,1.3738040135450977
97.0,56.23413251903499,1.374028521589649
98.0,56.23413251903499,1.3742346349528087
99.0,56.23413251903499,1.3744236541033918
100.0,56.23413251903499,1.374596807813932
-100.0,63.09573444801943,1.5081174194529605
-99.0,63.09573444801943,1.5079274465637296
-98.0,63.09573444801943,1.5077200671547388
-97.0,63.09573444801943,1.5074939330973949
-96.0,63.09573444801943,1.5072476176026472
-95.0,63.09573444801943,1.506979613184863
-94.0,63.09573444801943,1.5066883298389053
-93.0,63.09573444801943,1.5063720934630425
-92.0,63.09573444801943,1.506029144561781
-91.0,63.09573444801943,1.505657637264044
-90.0,63.09573444801943,1.5052556386932696
-89.0,63.09573444801943,1.5048211287269901
-88.0,63.09573444801943,1.5043520001841908
-87.0,63.09573444801943,1.5038460594792684
-86.0,63.09573444801943,1.5033010277816439
-85.0,63.09573444801943,1.5027145427200173
-84.0,63.09573444801943,1.5020841606698638
-83.0,63.09573444801943,1.5014073596620285
-82.0,63.09573444801943,1.5006815429491496
-81.0,63.09573444801943,1.4999040432651227
-80.0,63.09573444801943,1.4990721278108687
-79.0,63.09573444801943,1.4981830039972819
-78.0,63.09573444801943,1.4972338259733966
-77.0,63.09573444801943,1.4962217019644928
-76.0,63.09573444801943,1.4951437024410787
-75.0,63.09573444801943,1.4939968691354182
-74.0,63.09573444801943,1.4927782249175194
-73.0,63.09573444801943,1.491484784537276
-72.0,63.09573444801943,1.4901135662337681
-71.0,63.09573444801943,1.4886616042065863
-70.0,63.09573444801943,1.4871259619374766
-69.0,63.09573444801943,1.4855037463436525
-68.0,63.09573444801943,1.483792122736779
-67.0,63.09573444801943,1.4819883305539976
-66.0,63.09573444801943,1.4800896998194266
-65.0,63.09573444801943,1.4780936682864254
-64.0,63.09573444801943,1.4759977992025992
-63.0,63.09573444801943,1.4737997996311045
-62.0,63.09573444801943,1.471497539253377
-61.0,63.09573444801943,1.469089069570009
-60.0,63.09573444801943,1.4665726434082307
-59.0,63.09573444801943,1.463946734636398
-58.0,63.09573444801943,1.4612100579781238
-57.0,63.09573444801943,1.4583615888113257
-56.0,63.09573444801943,1.4554005828305556
-55.0,63.09573444801943,1.4523265954446738
-54.0,63.09573444801943,1.449139500776257
-53.0,63.09573444801943,1.4458395101242325
-52.0,63.09573444801943,1.442427189747172
-51.0,63.09573444801943,1.438903477821536
-50.0,63.09573444801943,1.4352697004270452
-49.0,63.09573444801943,1.4315275864103063
-48.0,63.09573444801943,1.4276792809779248
-47.0,63.09573444801943,1.4237273578716605
-46.0,63.09573444801943,1.4196748299807507
-45.0,63.09573444801943,1.415525158250414
-44.0,63.09573444801943,1.4112822587507408
-43.0,63.09573444801943,1.406950507776744
-42.0,63.09573444801943,1.4025347448582401
-41.0,63.09573444801943,1.3980402735674806
-40.0,63.09573444801943,1.3934728600230215
-39.0,63.09573444801943,1.3888387290001654
-38.0,63.09573444801943,1.3841445575713907
-37.0,63.09573444801943,1.3793974662144246
-36.0,63.09573444801943,1.37460500734094
-35.0,63.09573444801943,1.3697751512151712
-34.0,63.09573444801943,1.364916269248935
-33.0,63.09573444801943,1.3600371146774883
-32.0,63.09573444801943,1.3551468006392298
-31.0,63.09573444801943,1.3502547757012966
-30.0,63.09573444801943,1.3453707968924817
-29.0,63.09573444801943,1.340504900324425
-28.0,63.09573444801943,1.3356673695015462
-27.0,63.09573444801943,1.330868701439522
-26.0,63.09573444801943,1.3261195707310585
-25.0,63.09573444801943,1.32143079171613
-24.0,63.09573444801943,1.3168132789315208
-23.0,63.09573444801943,1.312278006031275
-22.0,63.09573444801943,1.3078359633853405
-21.0,63.09573444801943,1.3034981145780957
-20.0,63.09573444801943,1.2992753520414748
-19.5,63.09573444801943,1.2972105014916733
-19.0,63.09573444801943,1.295178452068816
-18.5,63.09573444801943,1.2931805252219721
-18.0,63.09573444801943,1.2912180294653
-17.5,63.09573444801943,1.2892922589596139
-17.0,63.09573444801943,1.2874044920987313
-16.5,63.09573444801943,1.2855559901027453
-16.0,63.09573444801943,1.2837479956203797
-15.5,63.09573444801943,1.2819817313425805
-15.0,63.09573444801943,1.2802583986295013
-14.5,63.09573444801943,1.2785791761530292
-14.0,63.09573444801943,1.2769452185569947
-13.5,63.09573444801943,1.2753576551371866
-13.0,63.09573444801943,1.2738175885432843
-12.5,63.09573444801943,1.2723260935047858
-12.0,63.09573444801943,1.270884215582992
-11.5,63.09573444801943,1.2694929699510735
-11.0,63.09573444801943,1.2681533402042051
-10.5,63.09573444801943,1.2668662772017243
-10.0,63.09573444801943,1.2656326979432133
-9.5,63.09573444801943,1.2644534844803699
-9.0,63.09573444801943,1.2633294828664676
-8.5,63.09573444801943,1.2622615021451582
-8.0,63.09573444801943,1.2612503133803077
-7.5,63.09573444801943,1.260296648728495
-7.0,63.09573444801943,1.2594012005557305
-6.5,63.09573444801943,1.2585646205998922
-6.0,63.09573444801943,1.2577875191802912
-5.5,63.09573444801943,1.2570704644557127
-5.0,63.09573444801943,1.2564139817321935
-4.5,63.09573444801943,1.2558185528217172
-4.0,63.09573444801943,1.255284615452921
-3.5,63.09573444801943,1.2548125627348266
-3.0,63.09573444801943,1.254402742674511
-2.5,63.09573444801943,1.2540554577495497
-2.0,63.09573444801943,1.2537709645359632
-1.5,63.09573444801943,1.253549473392311
-1.0,63.09573444801943,1.2533911482004767
-0.5,63.09573444801943,1.2532961061635888
0.0,63.09573444801943,1.2532644176614314
0.5,63.09573444801943,1.2532961061635888
1.0,63.09573444801943,1.2533911482004767
1.5,63.09573444801943,1.253549473392311
2.0,63.09573444801943,1.2537709645359632
2.5,63.09573444801943,1.2540554577495497
3.0,63.09573444801943,1.254402742674511
3.5,63.09573444801943,1.2548125627348266
4.0,63.09573444801943,1.255284615452921
4.5,63.09573444801943,1.2558185528217172
5.0,63.09573444801943,1.2564139817321935
5.5,63.09573444801943,1.2570704644557127
6.0,63.09573444801943,1.2577875191802912
6.5,63.09573444801943,1.2585646205998922
7.0,63.09573444801943,1.2594012005557305
7.5,63.09573444801943,1.260296648728495
8.0,63.09573444801943,1.2612503133803077
8.5,63.09573444801943,1.2622615021451582
9.0,63.09573444801943,1.2633294828664676
9.5,63.09573444801943,1.2644534844803699
10.0,63.09573444801943,1.2656326979432133
10.5,63.09573444801943,1.2668662772017243
11.0,63.09573444801943,1.2681533402042051
11.5,63.09573444801943,1.2694929699510735
12.0,63.09573444801943,1.270884215582992
12.5,63.09573444801943,1.2723260935047858
13.0,63.09573444801943,1.2738175885432843
13.5,63.09573444801943,1.2753576551371866
14.0,63.09573444801943,1.2769452185569947
14.5,63.09573444801943,1.2785791761530292
15.0,63.09573444801943,1.2802583986295013
15.5,63.09573444801943,1.2819817313425805
16.0,63.09573444801943,1.2837479956203797
16.5,63.09573444801943,1.2855559901027453
17.0,63.09573444801943,1.2874044920987313
17.5,63.09573444801943,1.2892922589596139
18.0,63.09573444801943,1.2912180294653
18.5,63.09573444801943,1.2931805252219721
19.0,63.09573444801943,1.295178452068816
19.5,63.09573444801943,1.2972105014916733
20.0,63.09573444801943,1.2992753520414748
21.0,63.09573444801943,1.3034981145780957
22.0,63.09573444801943,1.3078359633853405
23.0,63.09573444801943,1.312278006031275
24.0,63.09573444801943,1.3168132789315208
25.0,63.09573444801943,1.32143079171613
26.0,63.09573444801943,1.3261195707310585
27.0,63.09573444801943,1.330868701439522
28.0,63.09573444801943,1.3356673695015462
29.0,63.09573444801943,1.340504900324425
30.0,63.09573444801943,1.3453707968924817
31.0,63.09573444801943,1.3502547757012966
32.0,63.09573444801943,1.3551468006392298
33.0,63.09573444801943,1.3600371146774883
34.0,63.09573444801943,1.364916269248935
35.0,63.09573444801943,1.3697751512151712
36.0,63.09573444801943,1.37460500734094
37.0,63.09573444801943,1.3793974662144246
38.0,63.09573444801943,1.3841445575713907
39.0,63.09573444801943,1.3888387290001654
40.0,63.09573444801943,1.3934728600230215
41.0,63.09573444801943,1.3980402735674806
42.0,63.09573444801943,1.4025347448582401
43.0,63.09573444801943,1.406950507776744
44.0,63.09573444801943,1.4112822587507408
45.0,63.09573444801943,1.415525158250414
46.0,63.09573444801943,1.4196748299807507
47.0,63.09573444801943,1.4237273578716605
48.0,63.09573444801943,1.4276792809779248
49.0,63.09573444801943,1.4315275864103063
50.0,63.09573444801943,1.4352697004270452
51.0,63.09573444801943,1.438903477821536
52.0,63.09573444801943,1.442427189747172
53.0,63.09573444801943,1.4458395101242325
54.0,63.09573444801943,1.449139500776257
55.0,63.09573444801943,1.4523265954446738
56.0,63.09573444801943,1.4554005828305556
57.0,63.09573444801943,1.4583615888113257
58.0,63.09573444801943,1.4612100579781238
59.0,63.09573444801943,1.463946734636398
60.0,63.09573444801943,1.4665726434082307
61.0,63.09573444801943,1.469089069570009
62.0,63.09573444801943,1.471497539253377
63.0,63.09573444801943,1.4737997996311045
64.0,63.09573444801943,1.4759977992025992
65.0,63.09573444801943,1.4780936682864254
66.0,63.09573444801943,1.4800896998194266
67.0,63.09573444801943,1.4819883305539976
68.0,63.09573444801943,1.483792122736779
69.0,63.09573444801943,1.4855037463436525
70.0,63.09573444801943,1.4871259619374766
71.0,63.09573444801943,1.4886616042065863
72.0,63.09573444801943,1.4901135662337681
73.0,63.09573444801943,1.491484784537276
74.0,63.09573444801943,1.4927782249175194
75.0,63.09573444801943,1.4939968691354182
76.0,63.09573444801943,1.4951437024410787
77.0,63.09573444801943,1.4962217019644928
78.0,63.09573444801943,1.4972338259733966
79.0,63.09573444801943,1.4981830039972819
80.0,63.09573444801943,1.4990721278108687
81.0,63.09573444801943,1.4999040432651227
82.0,63.09573444801943,1.5006815429491496
83.0,63.09573444801943,1.5014073596620285
84.0,63.09573444801943,1.5020841606698638
85.0,63.09573444801943,1.5027145427200173
86.0,63.09573444801943,1.5033010277816439
87.0,63.09573444801943,1.5038460594792684
88.0,63.09573444801943,1.5043520001841908
89.0,63.09573444801943,1.5048211287269901
90.0,63.09573444801943,1.5052556386932696
91.0,63.09573444801943,1.505657637264044
92.0,63.09573444801943,1.506029144561781
93.0,63.09573444801943,1.5063720934630425
94.0,63.09573444801943,1.5066883298389053
95.0,63.09573444801943,1.506979613184863
96.0,63.09573444801943,1.5072476176026472
97.0,63.09573444801943,1.5074939330973949
98.0,63.09573444801943,1.5077200671547388
99.0,63.09573444801943,1.5079274465637296
100.0,63.09573444801943,1.5081174194529605
-100.0,70.79457843841391,1.6520399821291276
-99.0,70.79457843841391,1.6518318797595892
-98.0,70.79457843841391,1.651604709732439
-97.0,70.79457843841391,1.6513569952645637
-96.0,70.79457843841391,1.6510871734056738
-95.0,70.79457843841391,1.6507935928078663
-94.0,70.79457843841391,1.6504745117287385
-93.0,70.79457843841391,1.650128096303792
-92.0,70.79457843841391,1.6497524191254749
-91.0,70.79457843841391,1.649345458167662
-90.0,70.79457843841391,1.6489050960956433
-89.0,70.79457843841391,1.6484291200027557
-88.0,70.79457843841391,1.6479152216156236
-87.0,70.79457843841391,1.6473609980105268
-86.0,70.79457843841391,1.646763952883676
-85.0,70.79457843841391,1.6461214984181078
-84.0,70.79457843841391,1.6454309577894823
-83.0,70.79457843841391,1.6446895683522496
-82.0,70.79457843841391,1.6438944855464237
-81.0,70.79457843841391,1.6430427875635365
-80.0,70.79457843841391,1.6421314808082064
-79.0,70.79457843841391,1.641157506189147
-78.0,70.79457843841391,1.64011774627033
-77.0,70.79457843841391,1.6390090333093799
-76.0,70.79457843841391,1.637828158206139
-75.0,70.79457843841391,1.6365718803796578
-74.0,70.79457843841391,1.635236938586671
-73.0,70.79457843841391,1.6338200626888795
-72.0,70.79457843841391,1.6323179863701511
-71.0,70.79457843841391,1.6307274607980058
-70.0,70.79457843841391,1.6290452692165724
-69.0,70.79457843841391,1.6272682424505778
-68.0,70.79457843841391,1.6253932752918954
-67.0,70.79457843841391,1.6234173437318131
-66.0,70.79457843841391,1.621337522993486
-65.0,70.79457843841391,1.6191510063101204
-64.0,70.79457843841391,1.6168551243853262
-63.0,70.79457843841391,1.6144473654628617
-62.0,70.79457843841391,1.6119253959237412
-61.0,70.79457843841391,1.609287081319489
-60.0,70.79457843841391,1.6065305077412584
-59.0,70.79457843841391,1.6036540034157098
-58.0,70.79457843841391,1.600656160410045
-57.0,70.79457843841391,1.5975358563205138
-56.0,70.79457843841391,1.594292275811159
-55.0,70.79457843841391,1.5909249318626493
-54.0,70.79457843841391,1.5874336865848346
-53.0,70.79457843841391,1.5838187714413081
-52.0,70.79457843841391,1.580080806729792
-51.0,70.79457843841391,1.576220820158741
-50.0,70.79457843841391,1.5722402643582296
-49.0,70.79457843841391,1.5681410331620402
-48.0,70.79457843841391,1.5639254764979942
-47.0,70.79457843841391,1.559596413725006
-46.0,70.79457843841391,1.5551571452581616
-45.0,70.79457843841391,1.5506114623273763
-44.0,70.79457843841391,1.5459636547208848
-43.0,70.79457843841391,1.5412185163719987
-42.0,70.79457843841391,1.5363813486562266
-41.0,70.79457843841391,1.531457961275979
-40.0,70.79457843841391,1.5264546706216602
-39.0,70.79457843841391,1.5213782955109207
-38.0,70.79457843841391,1.5162361502221826
-37.0,70.79457843841391,1.5110360347541363
-36.0,70.79457843841391,1.5057862222597098
-35.0,70.79457843841391,1.5004954436208717
-34.0,70.79457843841391,1.4951728691494623
-33.0,70.79457843841391,1.4898280874189112
-32.0,70.79457843841391,1.4844710812520432
-31.0,70.79457843841391,1.4791122009110351
-30.0,70.79457843841391,1.4737621345568117
-29.0,70.79457843841391,1.4684318760665607
-28.0,70.79457843841391,1.4631326903194213
-27.0,70.79457843841391,1.4578760760815819
-26.0,70.79457843841391,1.4526737266427796
-25.0,70.79457843841391,1.4475374883763723
-24.0,70.79457843841391,1.4424793174145023
-23.0,70.79457843841391,1.437511234648248
-22.0,70.79457843841391,1.43264527927982
-21.0,70.79457843841391,1.4278934611696632
-20.0,70.79457843841391,1.4232677122355617
-19.5,70.79457843841391,1.421005809003497
-19.0,70.79457843841391,1.4187798371733724
-18.5,70.79457843841391,1.4165912443026976
-18.0,70.79457843841391,1.414441463779668
-17.5,70.79457843841391,1.4123319132693688
-17.0,70.79457843841391,1.4102639931652117
-16.5,70.79457843841391,1.4082390850479631
-16.0,70.79457843841391,1.4062585501547182
-15.5,70.79457843841391,1.4043237278601857
-15.0,70.79457843841391,1.4024359341726418
-14.5,70.79457843841391,1.4005964602469128
-14.0,70.79457843841391,1.3988065709167228
-13.5,70.79457843841391,1.3970675032487423
-13.0,70.79457843841391,1.395380465120643
-12.5,70.79457843841391,1.3937466338254374
-12.0,70.79457843841391,1.3921671547043644
-11.5,70.79457843841391,1.3906431398105334
-11.0,70.79457843841391,1.3891756666055104
-10.5,70.79457843841391,1.3877657766909777
-10.0,70.79457843841391,1.3864144745775624
-9.5,70.79457843841391,1.3851227264928616
-9.0,70.79457843841391,1.3838914592306495
-8.5,70.79457843841391,1.3827215590431785
-8.0,70.79457843841391,1.381613870578431
-7.5,70.79457843841391,1.3805691958641046
-7.0,70.79457843841391,1.3795882933400372
-6.5,70.79457843841391,1.3786718769407134
-6.0,70.79457843841391,1.3778206152293966
-5.5,70.79457843841391,1.377035130585364
-5.0,70.79457843841391,1.3763159984456237
-4.5,70.79457843841391,1.3756637466024089
-4.0,70.79457843841391,1.3750788545576476
-3.5,70.79457843841391,1.3745617529355154
-3.0,70.79457843841391,1.3741128229540784
-2.5,70.79457843841391,1.373732395956932
-2.0,70.79457843841391,1.3734207530056426
-1.5,70.79457843841391,1.373178124533694
-1.0,70.79457843841391,1.373004690062535
-0.5,70.79457843841391,1.3729005779802155
0.0,70.79457843841391,1.3728658653829982
0.5,70.79457843841391,1.3729005779802155
1.0,70.79457843841391,1.373004690062535
1.5,70.79457843841391,1.373178124533694
2.0,70.79457843841391,1.3734207530056426
2.5,70.79457843841391,1.373732395956932
3.0,70.79457843841391,1.3741128229540784
3.5,70.79457843841391,1.3745617529355154
4.0,70.79457843841391,1.3750788545576476
4.5,70.79457843841391,1.3756637466024089
5.0,70.79457843841391,1.3763159984456237
5.5,70.79457843841391,1.377035130585364
6.0,70.79457843841391,1.3778206152293966
6.5,70.79457843841391,1.3786718769407134
7.0,70.79457843841391,1.3795882933400372
7.5,70.79457843841391,1.3805691958641046
8.0,70.79457843841391,1.381613870578431
8.5,70.79457843841391,1.3827215590431785
9.0,70.79457843841391,1.3838914592306495
9.5,70.79457843841391,1.3851227264928616
10.0,70.79457843841391,1.3864144745775624
10.5,70.79457843841391,1.3877657766909777
11.0,70.79457843841391,1.3891756666055104
11.5,70.79457843841391,1.3906431398105334
12.0,70.79457843841391,1.3921671547043644
12.5,70.79457843841391,1.3937466338254374
13.0,70.79457843841391,1.395380465120643
13.5,70.79457843841391,1.3970675032487423
14.0,70.79457843841391,1.3988065709167228
14.5,70.79457843841391,1.4005964602469128
15.0,70.79457843841391,1.4024359341726418
15.5,70.79457843841391,1.4043237278601857
16.0,70.79457843841391,1.4062585501547182
16.5,70.79457843841391,1.4082390850479631
17.0,70.79457843841391,1.4102639931652117
17.5,70.79457843841391,1.4123319132693688
18.0,70.79457843841391,1.414441463779668
18.5,70.79457843841391,1.4165912443026976
19.0,70.79457843841391,1.4187798371733724
19.5,70.79457843841391,1.421005809003497
20.0,70.79457843841391,1.4232677122355617
21.0,70.79457843841391,1.4278934611696632
22.0,70.79457843841391,1.43264527927982
23.0,70.79457843841391,1.437511234648248
24.0,70.79457843841391,1.4424793174145023
25.0,70.79457843841391,1.4475374883763723
26.0,70.79457843841391,1.4526737266427796
27.0,70.79457843841391,1.4578760760815819
28.0,70.79457843841391,1.4631326903194213
29.0,70.79457843841391,1.4684318760665607
30.0,70.79457843841391,1.4737621345568117
31.0,70.79457843841391,1.4791122009110351
32.0,70.79457843841391,1.4844710812520432
33.0,70.79457843841391,1.4898280874189112
34.0,70.79457843841391,1.4951728691494623
35.0,70.79457843841391,1.5004954436208717
36.0,70.79457843841391,1.5057862222597098
37.0,70.79457843841391,1.5110360347541363
38.0,70.79457843841391,1.5162361502221826
39.0,70.79457843841391,1.5213782955109207
40.0,70.79457843841391,1.5264546706216602
41.0,70.79457843841391,1.531457961275979
42.0,70.79457843841391,1.5363813486562266
43.0,70.79457843841391,1.5412185163719987
44.0,70.79457843841391,1.5459636547208848
45.0,70.79457843841391,1.5506114623273763
46.0,70.79457843841391,1.5551571452581616
47.0,70.79457843841391,1.559596413725006
48.0,70.79457843841391,1.5639254764979942
49.0,70.79457843841391,1.5681410331620402
50.0,70.79457843841391,1.5722402643582296
51.0,70.79457843841391,1.576220820158741
52.0,70.79457843841391,1.580080806729792
53.0,70.79457843841391,1.5838187714413081
54.0,70.79457843841391,1.5874336865848346
55.0,70.79457843841391,1.5909249318626493
56.0,70.79457843841391,1.594292275811159
57.0,70.79457843841391,1.5975358563205138
58.0,70.79457843841391,1.600656160410045
59.0,70.79457843841391,1.6036540034157098
60.0,70.79457843841391,1.6065305077412584
61.0,70.79457843841391,1.609287081319489
62.0,70.79457843841391,1.6119253959237412
63.0,70.79457843841391,1.6144473654628617
64.0,70.79457843841391,1.6168551243853262
65.0,70.79457843841391,1.6191510063101204
66.0,70.79457843841391,1.621337522993486
67.0,70.79457843841391,1.6234173437318131
68.0,70.79457843841391,1.6253932752918954
69.0,70.79457843841391,1.6272682424505778
70.0,70.79457843841391,1.6290452692165724
71.0,70.79457843841391,1.6307274607980058
72.0,70.79457843841391,1.6323179863701511
73.0,70.79457843841391,1.6338200626888795
74.0,70.79457843841391,1.635236938586671
75.0,70.79457843841391,1.6365718803796578
76.0,70.79457843841391,1.637828158206139
77.0,70.79457843841391,1.6390090333093799
78.0,70.79457843841391,1.64011774627033
79.0,70.79457843841391,1.641157506189147
80.0,70.79457843841391,1.6421314808082064
81.0,70.79457843841391,1.6430427875635365
82.0,70.79457843841391,1.6438944855464237
83.0,70.79457843841391,1.6446895683522496
84.0,70.79457843841391,1.6454309577894823
85.0,70.79457843841391,1.6461214984181078
86.0,70.79457843841391,1.646763952883676
87.0,70.79457843841391,1.6473609980105268
88.0,70.79457843841391,1.6479152216156236
89.0,70.79457843841391,1.6484291200027557
90.0,70.79457843841391,1.6489050960956433
91.0,70.79457843841391,1.649345458167662
92.0,70.79457843841391,1.6497524191254749
93.0,70.79457843841391,1.650128096303792
94.0,70.79457843841391,1.6504745117287385
95.0,70.79457843841391,1.6507935928078663
96.0,70.79457843841391,1.6510871734056738
97.0,70.79457843841391,1.6513569952645637
98.0,70.79457843841391,1.651604709732439
99.0,70.79457843841391,1.6518318797595892
100.0,70.79457843841391,1.6520399821291276
-100.0,79.4328234724283,1.8064914491251676
-99.0,79.4328234724283,1.8062638909817932
-98.0,79.4328234724283,1.8060154825195383
-97.0,79.4328234724283,1.8057446088888258
-96.0,79.4328234724283,1.805449561017016
-95.0,79.4328234724283,1.8051285331694427
-94.0,79.4328234724283,1.8047796207658342
-93.0,79.4328234724283,1.804400818491204
-92.0,79.4328234724283,1.8039900187420435
-91.0,79.4328234724283,1.8035450104502533
-90.0,79.4328234724283,1.803063478328618
-89.0,79.4328234724283,1.8025430025828182
-88.0,79.4328234724283,1.8019810591358585
-87.0,79.4328234724283,1.8013750204114078
-86.0,79.4328234724283,1.800722156722838
-85.0,79.4328234724283,1.8000196383146543
-84.0,79.4328234724283,1.7992645381025651
-83.0,79.4328234724283,1.798453835157527
-82.0,79.4328234724283,1.7975844189777686
-81.0,79.4328234724283,1.7966530945909702
-80.0,79.4328234724283,1.7956565885264424
-79.0,79.4328234724283,1.7945915556942902
-78.0,79.4328234724283,1.7934545872051466
-77.0,79.4328234724283,1.7922422191600893
-76.0,79.4328234724283,1.7909509424358174
-75.0,79.4328234724283,1.7895772134850578
-74.0,79.4328234724283,1.7881174661664714
-73.0,79.4328234724283,1.786568124612078
-72.0,79.4328234724283,1.7849256171334034
-71.0,79.4328234724283,1.7831863911601964
-70.0,79.4328234724283,1.7813469291977
-69.0,79.4328234724283,1.7794037657801303
-68.0,79.4328234724283,1.7773535053892258
-67.0,79.4328234724283,1.7751928412975826
-66.0,79.4328234724283,1.7729185752869872
-65.0,79.4328234724283,1.7705276381821968
-64.0,79.4328234724283,1.7680171111306684
-63.0,79.4328234724283,1.7653842475486494
-62.0,79.4328234724283,1.7626264956439384
-61.0,79.4328234724283,1.7597415214155658
-60.0,79.4328234724283,1.7567272320207412
-59.0,79.4328234724283,1.7535817993897598
-58.0,79.4328234724283,1.750303683960269
-57.0,79.4328234724283,1.7468916583934642
-56.0,79.4328234724283,1.7433448311265196
-55.0,79.4328234724283,1.739662669608003
-54.0,79.4328234724283,1.7358450230562275
-53.0,79.4328234724283,1.7318921445746318
-52.0,79.4328234724283,1.7278047124534173
-51.0,79.4328234724283,1.7235838504829009
-50.0,79.4328234724283,1.7192311471015203
-49.0,79.4328234724283,1.7147486732001564
-48.0,79.4328234724283,1.7101389984045823
-47.0,79.4328234724283,1.7054052056594147
-46.0,79.4328234724283,1.70055090394004
-45.0,79.4328234724283,1.695580238923619
-44.0,79.4328234724283,1.690497901456529
-43.0,79.4328234724283,1.6853091336634327
-42.0,79.4328234724283,1.6800197325526527
-41.0,79.4328234724283,1.6746360509835874
-40.0,79.4328234724283,1.669164995874578
-39.0,79.4328234724283,1.6636140235438215
-38.0,79.4328234724283,1.6579911320915863
-37.0,79.4328234724283,1.6523048507490594
-36.0,79.4328234724283,1.6465642261374993
-35.0,79.4328234724283,1.6407788054009158
-34.0,79.4328234724283,1.634958616196087
-33.0,79.4328234724283,1.629114143545227
-32.0,79.4328234724283,1.6232563035788568
-31.0,79.4328234724283,1.6173964142192545
-30.0,79.4328234724283,1.6115461628780605
-29.0,79.4328234724283,1.6057175712650078
-28.0,79.4328234724283,1.5999229574281226
-27.0,79.4328234724283,1.5941748951688979
-26.0,79.4328234724283,1.588486170998648
-25.0,79.4328234724283,1.5828697388243032
-24.0,79.4328234724283,1.5773386725730765
-23.0,79.4328234724283,1.5719061169855186
-22.0,79.4328234724283,1.5665852368252449
-21.0,79.4328234724283,1.561389164770903
-20.0,79.4328234724283,1.556330948271515
-19.5,79.4328234724283,1.5538575766269576
-19.0,79.4328234724283,1.5514234956600244
-18.5,79.4328234724283,1.5490302882623466
-18.0,79.4328234724283,1.5466795218315346
-17.5,79.4328234724283,1.5443727465721115
-17.0,79.4328234724283,1.542111493802176
-16.5,79.4328234724283,1.5398972742683608
-16.0,79.4328234724283,1.5377315764716708
-15.5,79.4328234724283,1.5356158650067793
-15.0,79.4328234724283,1.5335515789173682
-14.5,79.4328234724283,1.5315401300700855
-14.0,79.4328234724283,1.5295829015496827
-13.5,79.4328234724283,1.5276812460778777
-13.0,79.4328234724283,1.5258364844584695
-12.5,79.4328234724283,1.5240499040511974
-12.0,79.4328234724283,1.522322757276812
-11.5,79.4328234724283,1.5206562601557818
-11.0,79.4328234724283,1.5190515908830213
-10.5,79.4328234724283,1.5175098884409723
-10.0,79.4328234724283,1.5160322512533277
-9.5,79.4328234724283,1.5146197358816185
-9.0,79.4328234724283,1.5132733557668303
-8.5,79.4328234724283,1.5119940800181448
-8.0,79.4328234724283,1.5107828322508348
-7.5,79.4328234724283,1.5096404894752586
-7.0,79.4328234724283,1.5085678810388277
-6.5,79.4328234724283,1.507565787622733
-6.0,79.4328234724283,1.506634940295128
-5.5,79.4328234724283,1.505776019622376
-5.0,79.4328234724283,1.5049896548398738
-4.5,79.4328234724283,1.5042764230838692
-4.0,79.4328234724283,1.5036368486855782
-3.5,79.4328234724283,1.5030714025288172
-3.0,79.4328234724283,1.502580501472248
-2.5,79.4328234724283,1.5021645078372297
-2.0,79.4328234724283,1.5018237289621574
-1.5,79.4328234724283,1.501558416824055
-1.0,79.4328234724283,1.5013687677280756
-0.5,79.4328234724283,1.5012549220654432
0.0,79.4328234724283,1.5012169641402549
0.5,79.4328234724283,1.5012549220654432
1.0,79.4328234724283,1.5013687677280756
1.5,79.4328234724283,1.501558416824055
2.0,79.4328234724283,1.5018237289621574
2.5,79.4328234724283,1.5021645078372297
3.0,79.4328234724283,1.502580501472248
3.5,79.4328234724283,1.5030714025288172
4.0,79.4328234724283,1.5036368486855782
4.5,79.4328234724283,1.5042764230838692
5.0,79.4328234724283,1.5049896548398738
5.5,79.4328234724283,1.505776019622376
6.0,79.4328234724283,1.506634940295128
6.5,79.4328234724283,1.507565787622733
7.0,79.4328234724283,1.5085678810388277
7.5,79.4328234724283,1.5096404894752586
8.0,79.4328234724283,1.5107828322508348
8.5,79.4328234724283,1.5119940800181448
9.0,79.4328234724283,1.5132733557668303
9.5,79.4328234724283,1.5146197358816185
10.0,79.4328234724283,1.5160322512533277
10.5,79.4328234724283,1.5175098884409723
11.0,79.4328234724283,1.5190515908830213
11.5,79.4328234724283,1.5206562601557818
12.0,79.4328234724283,1.522322757276812
12.5,79.4328234724283,1.5240499040511974
13.0,79.4328234724283,1.5258364844584695
13.5,79.4328234724283,1.5276812460778777
14.0,79.4328234724283,1.5295829015496827
14.5,79.4328234724283,1.5315401300700855
15.0,79.4328234724283,1.5335515789173682
15.5,79.4328234724283,1.5356158650067793
16.0,79.4328234724283,1.5377315764716708
16.5,79.4328234724283,1.5398972742683608
17.0,79.4328234724283,1.542111493802176
17.5,79.4328234724283,1.5443727465721115
18.0,79.4328234724283,1.5466795218315346
18.5,79.4328234724283,1.5490302882623466
19.0,79.4328234724283,1.5514234956600244
19.5,79.4328234724283,1.5538575766269576
20.0,79.4328234724283,1.556330948271515
21.0,79.4328234724283,1.561389164770903
22.0,79.4328234724283,1.5665852368252449
23.0,79.4328234724283,1.5719061169855186
24.0,79.4328234724283,1.5773386725730765
25.0,79.4328234724283,1.5828697388243032
26.0,79.4328234724283,1.588486170998648
27.0,79.4328234724283,1.5941748951688979
28.0,79.4328234724283,1.5999229574281226
29.0,79.4328234724283,1.6057175712650078
30.0,79.4328234724283,1.6115461628780605
31.0,79.4328234724283,1.6173964142192545
32.0,79.4328234724283,1.6232563035788568
33.0,79.4328234724283,1.629114143545227
34.0,79.4328234724283,1.634958616196087
35.0,79.4328234724283,1.6407788054009158
36.0,79.4328234724283,1.6465642261374993
37.0,79.4328234724283,1.6523048507490594
38.0,79.4328234724283,1.6579911320915863
39.0,79.4328234724283,1.6636140235438215
40.0,79.4328234724283,1.669164995874578
41.0,79.4328234724283,1.6746360509835874
42.0,79.4328234724283,1.6800197325526527
43.0,79.4328234724283,1.6853091336634327
44.0,79.4328234724283,1.690497901456529
45.0,79.4328234724283,1.695580238923619
46.0,79.4328234724283,1.70055090394004
47.0,79.4328234724283,1.7054052056594147
48.0,79.4328234724283,1.7101389984045823
49.0,79.4328234724283,1.7147486732001564
50.0,79.4328234724283,1.7192311471015203
51.0,79.4328234724283,1.7235838504829009
52.0,79.4328234724283,1.7278047124534173
53.0,79.4328234724283,1.7318921445746318
54.0,79.4328234724283,1.7358450230562275
55.0,79.4328234724283,1.739662669608003
56.0,79.4328234724283,1.7433448311265196
57.0,79.4328234724283,1.7468916583934642
58.0,79.4328234724283,1.750303683960269
59.0,79.4328234724283,1.7535817993897598
60.0,79.4328234724283,1.7567272320207412
61.0,79.4328234724283,1.7597415214155658
62.0,79.4328234724283,1.7626264956439384
63.0,79.4328234724283,1.7653842475486494
64.0,79.4328234724283,1.7680171111306684
65.0,79.4328234724283,1.7705276381821968
66.0,79.4328234724283,1.7729185752869872
67.0,79.4328234724283,1.7751928412975826
68.0,79.4328234724283,1.7773535053892258
69.0,79.4328234724283,1.7794037657801303
70.0,79.4328234724283,1.7813469291977
71.0,79.4328234724283,1.7831863911601964
72.0,79.4328234724283,1.7849256171334034
73.0,79.4328234724283,1.786568124612078
74.0,79.4328234724283,1.7881174661664714
75.0,79.4328234724283,1.7895772134850578
76.0,79.4328234724283,1.7909509424358174
77.0,79.4328234724283,1.7922422191600893
78.0,79.4328234724283,1.7934545872051466
79.0,79.4328234724283,1.7945915556942902
80.0,79.4328234724283,1.7956565885264424
81.0,79.4328234724283,1.7966530945909702
82.0,79.4328234724283,1.7975844189777686
83.0,79.4328234724283,1.798453835157527
84.0,79.4328234724283,1.7992645381025651
85.0,79.4328234724283,1.8000196383146543
86.0,79.4328234724283,1.800722156722838
87.0,79.4328234724283,1.8013750204114078
88.0,79.4328234724283,1.8019810591358585
89.0,79.4328234724283,1.8025430025828182
90.0,79.4328234724283,1.803063478328618
91.0,79.4328234724283,1.8035450104502533
92.0,79.4328234724283,1.8039900187420435
93.0,79.4328234724283,1.804400818491204
94.0,79.4328234724283,1.8047796207658342
95.0,79.4328234724283,1.8051285331694427
96.0,79.4328234724283,1.805449561017016
97.0,79.4328234724283,1.8057446088888258
98.0,79.4328234724283,1.8060154825195383
99.0,79.4328234724283,1.8062638909817932
100.0,79.4328234724283,1.8064914491251676
-100.0,89.12509381337473,1.97159292727919
-99.0,89.12509381337473,1.9713445718129967
-98.0,89.12509381337473,1.9710734604454365
-97.0,89.12509381337473,1.9707778307402655
-96.0,89.12509381337473,1.970455817426806
-95.0,89.12509381337473,1.9701054497380788
-94.0,89.12509381337473,1.9697246490276588
-93.0,89.12509381337473,1.969311226707913
-92.0,89.12509381337473,1.9688628825541863
-91.0,89.12509381337473,1.9683772034212463
-90.0,89.12509381337473,1.9678516624198021
-89.0,89.12509381337473,1.967283618602193
-88.0,89.12509381337473,1.9666703172073299
-87.0,89.12509381337473,1.9660088905156272
-86.0,89.12509381337473,1.9652963593649897
-85.0,89.12509381337473,1.964529635378818
-84.0,89.12509381337473,1.963705523956501
-83.0,89.12509381337473,1.962820728075881
-82.0,89.12509381337473,1.9618718529557113
-81.0,89.12509381337473,1.9608554116241437
-80.0,89.12509381337473,1.9597678314367228
-79.0,89.12509381337473,1.958605461584262
-78.0,89.12509381337473,1.9573645816272491
-77.0,89.12509381337473,1.9560414110891033
-76.0,89.12509381337473,1.9546321201356547
-75.0,89.12509381337473,1.953132841362634
-74.0,89.12509381337473,1.9515396827067581
-73.0,89.12509381337473,1.9498487414891503
-72.0,89.12509381337473,1.94805611959242
-71.0,89.12509381337473,1.9461579397646795
-70.0,89.12509381337473,1.9441503630352057
-69.0,89.12509381337473,1.942029607217356
-68.0,89.12509381337473,1.9397919664647547
-67.0,89.12509381337473,1.937433831836787
-66.0,89.12509381337473,1.9349517128190563
-65.0,89.12509381337473,1.9323422597338191
-64.0,89.12509381337473,1.929602286964541
-63.0,89.12509381337473,1.9267287969077167
-62.0,89.12509381337473,1.9237190045540624
-61.0,89.12509381337473,1.9205703625902177
-60.0,89.12509381337473,1.9172805869012783
-59.0,89.12509381337473,1.91384768234395
-58.0,89.12509381337473,1.9102699686499724
-57.0,89.12509381337473,1.906546106309818
-56.0,89.12509381337473,1.9026751222776626
-55.0,89.12509381337473,1.8986564353303634
-54.0,89.12509381337473,1.8944898809057755
-53.0,89.12509381337473,1.8901757352393336
-52.0,89.12509381337473,1.8857147386125168
-51.0,89.12509381337473,1.8811081175227122
-50.0,89.12509381337473,1.876357605581219
-49.0,89.12509381337473,1.8714654629447718
-48.0,89.12509381337473,1.8664344940860969
-47.0,89.12509381337473,1.8612680637107428
-46.0,89.12509381337473,1.8559701106307913
-45.0,89.12509381337473,1.8505451594111244
-44.0,89.12509381337473,1.8449983296107324
-43.0,89.12509381337473,1.8393353424501142
-42.0,89.12509381337473,1.833562524746157
-41.0,89.12509381337473,1.8276868099679704
-40.0,89.12509381337473,1.821715736280962
-39.0,89.12509381337473,1.8156574414619402
-38.0,89.12509381337473,1.8095206545851164
-37.0,89.12509381337473,1.8033146843975052
-36.0,89.12509381337473,1.7970494043222534
-35.0,89.12509381337473,1.7907352340497582
-34.0,89.12509381337473,1.7843831176989038
-33.0,89.12509381337473,1.7780044985542116
-32.0,89.12509381337473,1.7716112904089851
-31.0,89.12509381337473,1.7652158455694176
-30.0,89.12509381337473,1.7588309195999703
-29.0,89.12509381337473,1.7524696329158522
-28.0,89.12509381337473,1.7461454293539422
-27.0,89.12509381337473,1.739872031878778
-26.0,89.12509381337473,1.7336633956050007
-25.0,89.12509381337473,1.7275336583417304
-24.0,89.12509381337473,1.7214970888874372
-23.0,89.12509381337473,1.715568033325803
-22.0,89.12509381337473,1.709760859593552
-21.0,89.12509381337473,1.7040899006100847
-20.0,89.12509381337473,1.6985693962757464
-19.5,89.12509381337473,1.6958699746741086
-19.0,89.12509381337473,1.6932134346605068
-18.5,89.12509381337473,1.6906015037924926
-18.0,89.12509381337473,1.6880358927175447
-17.5,89.12509381337473,1.685518293318719
-17.0,89.12509381337473,1.683050376866552
-16.5,89.12509381337473,1.6806337921800163
-16.0,89.12509381337473,1.6782701637993527
-15.5,89.12509381337473,1.6759610901735884
-15.0,89.12509381337473,1.6737081418655657
-14.5,89.12509381337473,1.6715128597772908
-14.0,89.12509381337473,1.669376753398396
-13.5,89.12509381337473,1.6673012990804983
-13.0,89.12509381337473,1.6652879383402064
-12.5,89.12509381337473,1.6633380761935028
-12.0,89.12509381337473,1.6614530795241853
-11.5,89.12509381337473,1.6596342754890234
-11.0,89.12509381337473,1.6578829499622245
-10.5,89.12509381337473,1.6562003460217603
-10.0,89.12509381337473,1.6545876624800497
-9.5,89.12509381337473,1.653046052461423
-9.0,89.12509381337473,1.6515766220287291
-8.5,89.12509381337473,1.6501804288613773
-8.0,89.12509381337473,1.6488584809870226
-7.5,89.12509381337473,1.6476117355690219
-7.0,89.12509381337473,1.6464410977517037
-6.5,89.12509381337473,1.645347419565404
-6.0,89.12509381337473,1.6443314988931135
-5.5,89.12509381337473,1.6433940785005
-5.0,89.12509381337473,1.6425358451309515
-4.5,89.12509381337473,1.6417574286671865
-4.0,89.12509381337473,1.6410594013608577
-3.5,89.12509381337473,1.6404422771314753
-3.0,89.12509381337473,1.6399065109358508
-2.5,89.12509381337473,1.6394524982091412
-2.0,89.12509381337473,1.639080574378456
-1.5,89.12509381337473,1.6387910144498676
-1.0,89.12509381337473,1.6385840326695338
-0.5,89.12509381337473,1.638459782259516
0.0,89.12509381337473,1.638418355228753
0.5,89.12509381337473,1.638459782259516
1.0,89.12509381337473,1.6385840326695338
1.5,89.12509381337473,1.6387910144498676
2.0,89.12509381337473,1.639080574378456
2.5,89.12509381337473,1.6394524982091412
3.0,89.12509381337473,1.6399065109358508
3.5,89.12509381337473,1.6404422771314753
4.0,89.12509381337473,1.6410594013608577
4.5,89.12509381337473,1.6417574286671865
5.0,89.12509381337473,1.6425358451309515
5.5,89.12509381337473,1.6433940785005
6.0,89.12509381337473,1.6443314988931135
6.5,89.12509381337473,1.645347419565404
7.0,89.12509381337473,1.6464410977517037
7.5,89.12509381337473,1.6476117355690219
8.0,89.12509381337473,1.6488584809870226
8.5,89.12509381337473,1.6501804288613773
9.0,89.12509381337473,1.6515766220287291
9.5,89.12509381337473,1.653046052461423
10.0,89.12509381337473,1.6545876624800497
10.5,89.12509381337473,1.6562003460217603
11.0,89.12509381337473,1.6578829499622245
11.5,89.12509381337473,1.6596342754890234
12.0,89.12509381337473,1.6614530795241853
12.5,89.12509381337473,1.6633380761935028
13.0,89.12509381337473,1.6652879383402064
13.5,89.12509381337473,1.6673012990804983
14.0,89.12509381337473,1.669376753398396
14.5,89.12509381337473,1.6715128597772908
15.0,89.12509381337473,1.6737081418655657
15.5,89.12509381337473,1.6759610901735884
16.0,89.12509381337473,1.6782701637993527
16.5,89.12509381337473,1.6806337921800163
17.0,89.12509381337473,1.683050376866552
17.5,89.12509381337473,1.685518293318719
18.0,89.12509381337473,1.6880358927175447
18.5,89.12509381337473,1.6906015037924926
19.0,89.12509381337473,1.6932134346605068
19.5,89.12509381337473,1.6958699746741086
20.0,89.12509381337473,1.6985693962757464
21.0,89.12509381337473,1.7040899006100847
22.0,89.12509381337473,1.709760859593552
23.0,89.12509381337473,1.715568033325803
24.0,89.12509381337473,1.7214970888874372
25.0,89.12509381337473,1.7275336583417304
26.0,89.12509381337473,1.7336633956050007
27.0,89.12509381337473,1.739872031878778
28.0,89.12509381337473,1.7461454293539422
29.0,89.12509381337473,1.7524696329158522
30.0,89.12509381337473,1.7588309195999703
31.0,89.12509381337473,1.7652158455694176
32.0,89.12509381337473,1.7716112904089851
33.0,89.12509381337473,1.7780044985542116
34.0,89.12509381337473,1.7843831176989038
35.0,89.12509381337473,1.7907352340497582
36.0,89.12509381337473,1.7970494043222534
37.0,89.12509381337473,1.8033146843975052
38.0,89.12509381337473,1.8095206545851164
39.0,89.12509381337473,1.8156574414619402
40.0,89.12509381337473,1.821715736280962
41.0,89.12509381337473,1.8276868099679704
42.0,89.12509381337473,1.833562524746157
43.0,89.12509381337473,1.8393353424501142
44.0,89.12509381337473,1.8449983296107324
45.0,89.12509381337473,1.8505451594111244
46.0,89.12509381337473,1.8559701106307913
47.0,89.12509381337473,1.8612680637107428
48.0,89.12509381337473,1.8664344940860969
49.0,89.12509381337473,1.8714654629447718
50.0,89.12509381337473,1.876357605581219
51.0,89.12509381337473,1.8811081175227122
52.0,89.12509381337473,1.8857147386125168
53.0,89.12509381337473,1.8901757352393336
54.0,89.12509381337473,1.8944898809057755
55.0,89.12509381337473,1.8986564353303634
56.0,89.12509381337473,1.9026751222776626
57.0,89.12509381337473,1.906546106309818
58.0,89.12509381337473,1.9102699686499724
59.0,89.12509381337473,1.91384768234395
60.0,89.12509381337473,1.9172805869012783
61.0,89.12509381337473,1.9205703625902177
62.0,89.12509381337473,1.9237190045540624
63.0,89.12509381337473,1.9267287969077167
64.0,89.12509381337473,1.929602286964541
65.0,89.12509381337473,1.9323422597338191
66.0,89.12509381337473,1.9349517128190563
67.0,89.12509381337473,1.937433831836787
68.0,89.12509381337473,1.9397919664647547
69.0,89.12509381337473,1.942029607217356
70.0,89.12509381337473,1.9441503630352057
71.0,89.12509381337473,1.9461579397646795
72.0,89.12509381337473,1.94805611959242
73.0,89.12509381337473,1.9498487414891503
74.0,89.12509381337473,1.9515396827067581
75.0,89.12509381337473,1.953132841362634
76.0,89.12509381337473,1.9546321201356547
77.0,89.12509381337473,1.9560414110891033
78.0,89.12509381337473,1.9573645816272491
79.0,89.12509381337473,1.958605461584262
80.0,89.12509381337473,1.9597678314367228
81.0,89.12509381337473,1.9608554116241437
82.0,89.12509381337473,1.9618718529557113
83.0,89.12509381337473,1.962820728075881
84.0,89.12509381337473,1.963705523956501
85.0,89.12509381337473,1.964529635378818
86.0,89.12509381337473,1.9652963593649897
87.0,89.12509381337473,1.9660088905156272
88.0,89.12509381337473,1.9666703172073299
89.0,89.12509381337473,1.967283618602193
90.0,89.12509381337473,1.9678516624198021
91.0,89.12509381337473,1.9683772034212463
92.0,89.12509381337473,1.9688628825541863
93.0,89.12509381337473,1.969311226707913
94.0,89.12509381337473,1.9697246490276588
95.0,89.12509381337473,1.9701054497380788
96.0,89.12509381337473,1.970455817426806
97.0,89.12509381337473,1.9707778307402655
98.0,89.12509381337473,1.9710734604454365
99.0,89.12509381337473,1.9713445718129967
100.0,89.12509381337473,1.97159292727919
-100.0,100.0000000000002,2.1474602502544013
-99.0,100.0000000000002,2.1471897413251977
-98.0,100.0000000000002,2.146894446653984
-97.0,100.0000000000002,2.1465724465941007
-96.0,100.0000000000002,2.1462217094915585
-95.0,100.0000000000002,2.1458400887857296
-94.0,100.0000000000002,2.145425320413628
-93.0,100.0000000000002,2.1449750205642326
-92.0,100.0000000000002,2.1444866838314107
-91.0,100.0000000000002,2.1439576818158654
-90.0,100.0000000000002,2.143385262228198
-89.0,100.0000000000002,2.142766548546565
-88.0,100.0000000000002,2.142098540283464
-87.0,100.0000000000002,2.1413781139169275
-86.0,100.0000000000002,2.140602024541737
-85.0,100.0000000000002,2.139766908296168
-84.0,100.0000000000002,2.138869285619235
-83.0,100.0000000000002,2.137905565392341
-82.0,100.0000000000002,2.1368720500176273
-81.0,100.0000000000002,2.1357649414831745
-80.0,100.0000000000002,2.1345803484624066
-79.0,100.0000000000002,2.1333142944916723
-78.0,100.0000000000002,2.1319627272659263
-77.0,100.0000000000002,2.1305215290877118
-76.0,100.0000000000002,2.1289865284992535
-75.0,100.0000000000002,2.127353513121401
-74.0,100.0000000000002,2.1256182437163904
-73.0,100.0000000000002,2.1237764694839476
-72.0,100.0000000000002,2.1218239445921707
-71.0,100.0000000000002,2.1197564459358773
-70.0,100.0000000000002,2.117569792105753
-69.0,100.0000000000002,2.1152598635417403
-68.0,100.0000000000002,2.112822623833647
-67.0,100.0000000000002,2.110254142121097
-66.0,100.0000000000002,2.1075506165336257
-65.0,100.0000000000002,2.104708398600138
-64.0,100.0000000000002,2.101724018545111
-63.0,100.0000000000002,2.098594211376931
-62.0,100.0000000000002,2.095315943661743
-61.0,100.0000000000002,2.091886440864241
-60.0,100.0000000000002,2.088303215125041
-59.0,100.0000000000002,2.0845640933328196
-58.0,100.0000000000002,2.080667245338335
-57.0,100.0000000000002,2.0766112121469718
-56.0,100.0000000000002,2.07239493391661
-55.0,100.0000000000002,2.0680177775786377
-54.0,100.0000000000002,2.0634795638918644
-53.0,100.0000000000002,2.0587805937320978
-52.0,100.0000000000002,2.053921673414389
-51.0,100.0000000000002,2.048904138840459
-50.0,100.0000000000002,2.0437298782608204
-49.0,100.0000000000002,2.0384013534396024
-48.0,100.0000000000002,2.0329216190102537
-47.0,100.0000000000002,2.0272943398121637
-46.0,100.0000000000002,2.0215238060019165
-45.0,100.0000000000002,2.015614945738413
-44.0,100.0000000000002,2.0095733352485103
-43.0,100.0000000000002,2.0034052060891554
-42.0,100.0000000000002,1.9971174494332617
-41.0,100.0000000000002,1.990717617219722
-40.0,100.0000000000002,1.9842139200230162
-39.0,100.0000000000002,1.9776152215147367
-38.0,100.0000000000002,1.9709310294079774
-37.0,100.0000000000002,1.964171482795812
-36.0,100.0000000000002,1.9573473358169116
-35.0,100.0000000000002,1.950469937604577
-34.0,100.0000000000002,1.943551208499946
-33.0,100.0000000000002,1.9366036125356814
-32.0,100.0000000000002,1.9296401262229044
-31.0,100.0000000000002,1.9226742037012512
-30.0,100.0000000000002,1.9157197383395161
-29.0,100.0000000000002,1.9087910209021555
-28.0,100.0000000000002,1.9019026944247113
-27.0,100.0000000000002,1.895069705968746
-26.0,100.0000000000002,1.8883072554538602
-25.0,100.0000000000002,1.881630741790595
-24.0,100.0000000000002,1.8750557065631743
-23.0,100.0000000000002,1.868597775534922
-22.0,100.0000000000002,1.8622725982715098
-21.0,100.0000000000002,1.8560957861977185
-20.0,100.0000000000002,1.8500828494219164
-19.5,100.0000000000002,1.8471426377240612
-19.0,100.0000000000002,1.8442491326787305
-18.5,100.0000000000002,1.8414042159426915
-18.0,100.0000000000002,1.838609750754248
-17.5,100.0000000000002,1.8358675799134836
-17.0,100.0000000000002,1.833179523769312
-16.5,100.0000000000002,1.8305473782163908
-16.0,100.0000000000002,1.8279729127049666
-15.5,100.0000000000002,1.8254578682667202
-15.0,100.0000000000002,1.8230039555596824
-14.5,100.0000000000002,1.8206128529352823
-14.0,100.0000000000002,1.8182862045305723
-13.5,100.0000000000002,1.8160256183886576
-13.0,100.0000000000002,1.8138326646103307
-12.5,100.0000000000002,1.8117088735398788
-12.0,100.0000000000002,1.80965573398799
-11.5,100.0000000000002,1.807674691494648
-11.0,100.0000000000002,1.8057671466348444
-10.5,100.0000000000002,1.8039344533698838
-10.0,100.0000000000002,1.8021779174470036
-9.5,100.0000000000002,1.8004987948499451
-9.0,100.0000000000002,1.7988982903030561
-8.5,100.0000000000002,1.7973775558314113
-8.0,100.0000000000002,1.795937689379363
-7.5,100.0000000000002,1.7945797334898386
-7.0,100.0000000000002,1.7933046740466074
-6.5,100.0000000000002,1.7921134390816444
-6.0,100.0000000000002,1.791006897649602
-5.5,100.0000000000002,1.7899858587713111
-5.0,100.0000000000002,1.7890510704480997
-4.5,100.0000000000002,1.7882032187486185
-4.0,100.0000000000002,1.7874429269697256
-3.5,100.0000000000002,1.786770754872874
-3.0,100.0000000000002,1.7861871979973067
-2.5,100.0000000000002,1.7856926870512442
-2.0,100.0000000000002,1.7852875873821046
-1.5,100.0000000000002,1.784972198526674
-1.0,100.0000000000002,1.784746753842001
-0.5,100.0000000000002,1.784611420217651
0.0,100.0000000000002,1.7845662978698185
0.5,100.0000000000002,1.784611420217651
1.0,100.0000000000002,1.784746753842001
1.5,100.0000000000002,1.784972198526674
2.0,100.0000000000002,1.7852875873821046
2.5,100.0000000000002,1.7856926870512442
3.0,100.0000000000002,1.7861871979973067
3.5,100.0000000000002,1.786770754872874
4.0,100.0000000000002,1.7874429269697256
4.5,100.0000000000002,1.7882032187486185
5.0,100.0000000000002,1.7890510704480997
5.5,100.0000000000002,1.7899858587713111
6.0,100.0000000000002,1.791006897649602
6.5,100.0000000000002,1.7921134390816444
7.0,100.0000000000002,1.7933046740466074
7.5,100.0000000000002,1.7945797334898386
8.0,100.0000000000002,1.795937689379363
8.5,100.0000000000002,1.7973775558314113
9.0,100.0000000000002,1.7988982903030561
9.5,100.0000000000002,1.8004987948499451
10.0,100.0000000000002,1.8021779174470036
10.5,100.0000000000002,1.8039344533698838
11.0,100.0000000000002,1.8057671466348444
11.5,100.0000000000002,1.807674691494648
12.0,100.0000000000002,1.80965573398799
12.5,100.0000000000002,1.8117088735398788
13.0,100.0000000000002,1.8138326646103307
13.5,100.0000000000002,1.8160256183886576
14.0,100.0000000000002,1.8182862045305723
14.5,100.0000000000002,1.8206128529352823
15.0,100.0000000000002,1.8230039555596824
15.5,100.0000000000002,1.8254578682667202
16.0,100.0000000000002,1.8279729127049666
16.5,100.0000000000002,1.8305473782163908
17.0,100.0000000000002,1.833179523769312
17.5,100.0000000000002,1.8358675799134836
18.0,100.0000000000002,1.838609750754248
18.5,100.0000000000002,1.8414042159426915
19.0,100.0000000000002,1.8442491326787305
19.5,100.0000000000002,1.8471426377240612
20.0,100.0000000000002,1.8500828494219164
21.0,100.0000000000002,1.8560957861977185
22.0,100.0000000000002,1.8622725982715098
23.0,100.0000000000002,1.868597775534922
24.0,100.0000000000002,1.8750557065631743
25.0,100.0000000000002,1.881630741790595
26.0,100.0000000000002,1.8883072554538602
27.0,100.0000000000002,1.895069705968746
28.0,100.0000000000002,1.9019026944247113
29.0,100.0000000000002,1.9087910209021555
30.0,100.0000000000002,1.9157197383395161
31.0,100.0000000000002,1.9226742037012512
32.0,100.0000000000002,1.9296401262229044
33.0,100.0000000000002,1.9366036125356814
34.0,100.0000000000002,1.943551208499946
35.0,100.0000000000002,1.950469937604577
36.0,100.0000000000002,1.9573473358169116
37.0,100.0000000000002,1.964171482795812
38.0,100.0000000000002,1.9709310294079774
39.0,100.0000000000002,1.9776152215147367
40.0,100.0000000000002,1.9842139200230162
41.0,100.0000000000002,1.990717617219722
42.0,100.0000000000002,1.9971174494332617
43.0,100.0000000000002,2.0034052060891554
44.0,100.0000000000002,2.0095733352485103
45.0,100.0000000000002,2.015614945738413
46.0,100.0000000000002,2.0215238060019165
47.0,100.0000000000002,2.0272943398121637
48.0,100.0000000000002,2.0329216190102537
49.0,100.0000000000002,2.0384013534396024
50.0,100.0000000000002,2.0437298782608204
51.0,100.0000000000002,2.048904138840459
52.0,100.0000000000002,2.053921673414389
53.0,100.0000000000002,2.0587805937320978
54.0,100.0000000000002,2.0634795638918644
55.0,100.0000000000002,2.0680177775786377
56.0,100.0000000000002,2.07239493391661
57.0,100.0000000000002,2.0766112121469718
58.0,100.0000000000002,2.080667245338335
59.0,100.0000000000002,2.0845640933328196
60.0,100.0000000000002,2.088303215125041
61.0,100.0000000000002,2.091886440864241
62.0,100.0000000000002,2.095315943661743
63.0,100.0000000000002,2.098594211376931
64.0,100.0000000000002,2.101724018545111
65.0,100.0000000000002,2.104708398600138
66.0,100.0000000000002,2.1075506165336257
67.0,100.0000000000002,2.110254142121097
68.0,100.0000000000002,2.112822623833647
69.0,100.0000000000002,2.1152598635417403
70.0,100.0000000000002,2.117569792105753
71.0,100.0000000000002,2.1197564459358773
72.0,100.0000000000002,2.1218239445921707
73.0,100.0000000000002,2.1237764694839476
74.0,100.0000000000002,2.1256182437163904
75.0,100.0000000000002,2.127353513121401
76.0,100.0000000000002,2.1289865284992535
77.0,100.0000000000002,2.1305215290877118
78.0,100.0000000000002,2.1319627272659263
79.0,100.0000000000002,2.1333142944916723
80.0,100.0000000000002,2.1345803484624066
81.0,100.0000000000002,2.1357649414831745
82.0,100.0000000000002,2.1368720500176273
83.0,100.0000000000002,2.137905565392341
84.0,100.0000000000002,2.138869285619235
85.0,100.0000000000002,2.139766908296168
86.0,100.0000000000002,2.140602024541737
87.0,100.0000000000002,2.1413781139169275
88.0,100.0000000000002,2.142098540283464
89.0,100.0000000000002,2.142766548546565
90.0,100.0000000000002,2.143385262228198
91.0,100.0000000000002,2.1439576818158654
92.0,100.0000000000002,2.1444866838314107
93.0,100.0000000000002,2.1449750205642326
94.0,100.0000000000002,2.145425320413628
95.0,100.0000000000002,2.1458400887857296
96.0,100.0000000000002,2.1462217094915585
97.0,100.0000000000002,2.1465724465941007
98.0,100.0000000000002,2.146894446653984
99.0,100.0000000000002,2.1471897413251977
100.0,100.0000000000002,2.1474602502544013
-100.0,112.20184543019653,2.334204468826602
-99.0,112.20184543019653,2.3339104363054743
-98.0,112.20184543019653,2.3335894626618012
-97.0,112.20184543019653,2.3332394613154888
-96.0,112.20184543019653,2.332858223938899
-95.0,112.20184543019653,2.332443417305418
-94.0,112.20184543019653,2.331992580468008
-93.0,112.20184543019653,2.3315031223182494
-92.0,112.20184543019653,2.3309723195786365
-91.0,112.20184543019653,2.330397315282953
-90.0,112.20184543019653,2.329775117801338
-89.0,112.20184543019653,2.3291026004681674
-88.0,112.20184543019653,2.3283765018720426
-87.0,112.20184543019653,2.3275934268679626
-86.0,112.20184543019653,2.326749848372126
-85.0,112.20184543019653,2.325842109999708
-84.0,112.20184543019653,2.3248664296053594
-83.0,112.20184543019653,2.32381890378501
-82.0,112.20184543019653,2.3226955133958413
-81.0,112.20184543019653,2.3214921301489158
-80.0,112.20184543019653,2.320204524325949
-79.0,112.20184543019653,2.3188283736680195
-78.0,112.20184543019653,2.317359273479608
-77.0,112.20184543019653,2.3157927479862237
-76.0,112.20184543019653,2.3141242629780345
-75.0,112.20184543019653,2.312349239765291
-74.0,112.20184543019653,2.31046307046399
-73.0,112.20184543019653,2.3084611346221378
-72.0,112.20184543019653,2.306338817188164
-71.0,112.20184543019653,2.304091527813545
-70.0,112.20184543019653,2.3017147214715195
-69.0,112.20184543019653,2.2992039203630235
-68.0,112.20184543019653,2.296554737069615
-67.0,112.20184543019653,2.2937628989013312
-66.0,112.20184543019653,2.2908242733751467
-65.0,112.20184543019653,2.2877348947470955
-64.0,112.20184543019653,2.2844909915082368
-63.0,112.20184543019653,2.281089014741651
-62.0,112.20184543019653,2.277525667224557
-61.0,112.20184543019653,2.2737979331466693
-60.0,112.20184543019653,2.2699031083031067
-59.0,112.20184543019653,2.265838830607696
-58.0,112.20184543019653,2.2616031107605012
-57.0,112.20184543019653,2.2571943628920055
-56.0,112.20184543019653,2.252611434995686
-55.0,112.20184543019653,2.2478536389509696
-54.0,112.20184543019653,2.2429207799297597
-53.0,112.20184543019653,2.2378131849721763
-52.0,112.20184543019653,2.2325317305108308
-51.0,112.20184543019653,2.2270778686181267
-50.0,112.20184543019653,2.2214536517477868
-49.0,112.20184543019653,2.2156617557401805
-48.0,112.20184543019653,2.209705500861212
-47.0,112.20184543019653,2.2035888706465383
-46.0,112.20184543019653,2.1973165283269083
-45.0,112.20184543019653,2.1908938306163885
-44.0,112.20184543019653,2.184326838653315
-43.0,112.20184543019653,2.177622325893947
-42.0,112.20184543019653,2.170787782771045
-41.0,112.20184543019653,2.1638314179438893
-40.0,112.20184543019653,2.1567621559826273
-39.0,112.20184543019653,2.1495896313481713
-38.0,112.20184543019653,2.1423241785491056
-37.0,112.20184543019653,2.1349768183791147
-36.0,112.20184543019653,2.127559240162152
-35.0,112.20184543019653,2.1200837799578345
-34.0,112.20184543019653,2.112563394706132
-33.0,112.20184543019653,2.105011632318229
-32.0,112.20184543019653,2.0974425977491507
-31.0,112.20184543019653,2.0898709151172525
-30.0,112.20184543019653,2.0823116859656357
-29.0,112.20184543019653,2.074780443790788
-28.0,112.20184543019653,2.067293104993955
-27.0,112.20184543019653,2.0598659164406556
-26.0,112.20184543019653,2.05251539984311
-25.0,112.20184543019653,2.0452582932088292
-24.0,112.20184543019653,2.038111489625983
-23.0,112.20184543019653,2.0310919736820976
-22.0,112.20184543019653,2.0242167558369117
-21.0,112.20184543019653,2.0175028050925206
-20.0,112.20184543019653,2.0109669803240826
-19.5,112.20184543019653,2.0077710863448495
-19.0,112.20184543019653,2.0046259606520302
-18.5,112.20184543019653,2.0015336485322064
-18.0,112.20184543019653,1.9984961752518176
-17.5,112.20184543019653,1.9955155438617647
-17.0,112.20184543019653,1.9925937330094154
-16.5,112.20184543019653,1.9897326947613256
-16.0,112.20184543019653,1.986934352440021
-15.5,112.20184543019653,1.984200598478169
-15.0,112.20184543019653,1.9815332922934796
-14.5,112.20184543019653,1.9789342581876626
-14.0,112.20184543019653,1.9764052832727517
-13.5,112.20184543019653,1.973948115428085
-13.0,112.20184543019653,1.9715644612912064
-12.5,112.20184543019653,1.9692559842859088
-12.0,112.20184543019653,1.9670243026906031
-11.5,112.20184543019653,1.9648709877501536
-11.0,112.20184543019653,1.9627975618342544
-10.5,112.20184543019653,1.9608054966453632
-10.0,112.20184543019653,1.9588962114791508
-9.5,112.20184543019653,1.9570710715403337
-9.0,112.20184543019653,1.9553313863166921
-8.5,112.20184543019653,1.9536784080139777
-8.0,112.20184543019653,1.9521133300543336
-7.5,112.20184543019653,1.9506372856407423
-7.0,112.20184543019653,1.9492513463899195
-6.5,112.20184543019653,1.9479565210359648
-6.0,112.20184543019653,1.9467537542069586
-5.5,112.20184543019653,1.9456439252765885
-5.0,112.20184543019653,1.9446278472927523
-4.5,112.20184543019653,1.943706265984974
-4.0,112.20184543019653,1.9428798588523186
-3.5,112.20184543019653,1.9421492343333755
-3.0,112.20184543019653,1.9415149310597284
-2.5,112.20184543019653,1.9409774171942
-2.0,112.20184543019653,1.940537089855003
-1.5,112.20184543019653,1.9401942746267922
-1.0,112.20184543019653,1.9399492251594623
-0.5,112.20184543019653,1.939802122855379
0.0,112.20184543019653,1.9397530766455864
0.5,112.20184543019653,1.939802122855379
1.0,112.20184543019653,1.9399492251594623
1.5,112.20184543019653,1.9401942746267922
2.0,112.20184543019653,1.940537089855003
2.5,112.20184543019653,1.9409774171942
3.0,112.20184543019653,1.9415149310597284
3.5,112.20184543019653,1.9421492343333755
4.0,112.20184543019653,1.9428798588523186
4.5,112.20184543019653,1.943706265984974
5.0,112.20184543019653,1.9446278472927523
5.5,112.20184543019653,1.9456439252765885
6.0,112.20184543019653,1.9467537542069586
6.5,112.20184543019653,1.9479565210359648
7.0,112.20184543019653,1.9492513463899195
7.5,112.20184543019653,1.9506372856407423
8.0,112.20184543019653,1.9521133300543336
8.5,112.20184543019653,1.9536784080139777
9.0,112.20184543019653,1.9553313863166921
9.5,112.20184543019653,1.9570710715403337
10.0,112.20184543019653,1.9588962114791508
10.5,112.20184543019653,1.9608054966453632
11.0,112.20184543019653,1.9627975618342544
11.5,112.20184543019653,1.9648709877501536
12.0,112.20184543019653,1.9670243026906031
12.5,112.20184543019653,1.9692559842859088
13.0,112.20184543019653,1.9715644612912064
13.5,112.20184543019653,1.973948115428085
14.0,112.20184543019653,1.9764052832727517
14.5,112.20184543019653,1.9789342581876626
15.0,112.20184543019653,1.9815332922934796
15.5,112.20184543019653,1.984200598478169
16.0,112.20184543019653,1.986934352440021
16.5,112.20184543019653,1.9897326947613256
17.0,112.20184543019653,1.9925937330094154
17.5,112.20184543019653,1.9955155438617647
18.0,112.20184543019653,1.9984961752518176
18.5,112.20184543019653,2.0015336485322064
19.0,112.20184543019653,2.0046259606520302
19.5,112.20184543019653,2.0077710863448495
20.0,112.20184543019653,2.0109669803240826
21.0,112.20184543019653,2.0175028050925206
22.0,112.20184543019653,2.0242167558369117
23.0,112.20184543019653,2.0310919736820976
24.0,112.20184543019653,2.038111489625983
25.0,112.20184543019653,2.0452582932088292
26.0,112.20184543019653,2.05251539984311
27.0,112.20184543019653,2.0598659164406556
28.0,112.20184543019653,2.067293104993955
29.0,112.20184543019653,2.074780443790788
30.0,112.20184543019653,2.0823116859656357
31.0,112.20184543019653,2.0898709151172525
32.0,112.20184543019653,2.0974425977491507
33.0,112.20184543019653,2.105011632318229
34.0,112.20184543019653,2.112563394706132
35.0,112.20184543019653,2.1200837799578345
36.0,112.20184543019653,2.127559240162152
37.0,112.20184543019653,2.1349768183791147
38.0,112.20184543019653,2.1423241785491056
39.0,112.20184543019653,2.1495896313481713
40.0,112.20184543019653,2.1567621559826273
41.0,112.20184543019653,2.1638314179438893
42.0,112.20184543019653,2.170787782771045
43.0,112.20184543019653,2.177622325893947
44.0,112.20184543019653,2.184326838653315
45.0,112.20184543019653,2.1908938306163885
46.0,112.20184543019653,2.1973165283269083
47.0,112.20184543019653,2.2035888706465383
48.0,112.20184543019653,2.209705500861212
49.0,112.20184543019653,2.2156617557401805
50.0,112.20184543019653,2.2214536517477868
51.0,112.20184543019653,2.2270778686181267
52.0,112.20184543019653,2.2325317305108308
53.0,112.20184543019653,2.2378131849721763
54.0,112.20184543019653,2.2429207799297597
55.0,112.20184543019653,2.2478536389509696
56.0,112.20184543019653,2.252611434995686
57.0,112.20184543019653,2.2571943628920055
58.0,112.20184543019653,2.2616031107605012
59.0,112.20184543019653,2.265838830607696
60.0,112.20184543019653,2.2699031083031067
61.0,112.20184543019653,2.2737979331466693
62.0,112.20184543019653,2.277525667224557
63.0,112.20184543019653,2.281089014741651
64.0,112.20184543019653,2.2844909915082368
65.0,112.20184543019653,2.2877348947470955
66.0,112.20184543019653,2.2908242733751467
67.0,112.20184543019653,2.2937628989013312
68.0,112.20184543019653,2.296554737069615
69.0,112.20184543019653,2.2992039203630235
70.0,112.20184543019653,2.3017147214715195
71.0,112.20184543019653,2.304091527813545
72.0,112.20184543019653,2.306338817188164
73.0,112.20184543019653,2.3084611346221378
74.0,112.20184543019653,2.31046307046399
75.0,112.20184543019653,2.312349239765291
76.0,112.20184543019653,2.3141242629780345
77.0,112.20184543019653,2.3157927479862237
78.0,112.20184543019653,2.317359273479608
79.0,112.20184543019653,2.3188283736680195
80.0,112.20184543019653,2.320204524325949
81.0,112.20184543019653,2.3214921301489158
82.0,112.20184543019653,2.3226955133958413
83.0,112.20184543019653,2.32381890378501
84.0,112.20184543019653,2.3248664296053594
85.0,112.20184543019653,2.325842109999708
86.0,112.20184543019653,2.326749848372126
87.0,112.20184543019653,2.3275934268679626
88.0,112.20184543019653,2.3283765018720426
89.0,112.20184543019653,2.3291026004681674
90.0,112.20184543019653,2.329775117801338
91.0,112.20184543019653,2.330397315282953
92.0,112.20184543019653,2.3309723195786365
93.0,112.20184543019653,2.3315031223182494
94.0,112.20184543019653,2.331992580468008
95.0,112.20184543019653,2.332443417305418
96.0,112.20184543019653,2.332858223938899
97.0,112.20184543019653,2.3332394613154888
98.0,112.20184543019653,2.3335894626618012
99.0,112.20184543019653,2.3339104363054743
100.0,112.20184543019653,2.334204468826602
-100.0,125.89254117941701,2.5319322736999874
-99.0,125.89254117941701,2.5316133340185223
-98.0,125.89254117941701,2.5312651710626732
-97.0,125.89254117941701,2.5308855215005197
-96.0,125.89254117941701,2.530471989939502
-95.0,125.89254117941701,2.5300220455080344
-94.0,125.89254117941701,2.5295330187950555
-93.0,125.89254117941701,2.529002099202299
-92.0,125.89254117941701,2.5284263327665206
-91.0,125.89254117941701,2.5278026205111463
-90.0,125.89254117941701,2.527127717388753
-89.0,125.89254117941701,2.5263982318774283
-88.0,125.89254117941701,2.5256106262953257
-87.0,125.89254117941701,2.524761217898573
-86.0,125.89254117941701,2.523846180828114
-85.0,125.89254117941701,2.522861548970925
-84.0,125.89254117941701,2.521803219800426
-83.0,125.89254117941701,2.5206669592596302
-82.0,125.89254117941701,2.519448407748704
-81.0,125.89254117941701,2.5181430872760493
-80.0,125.89254117941701,2.516746409828759
-79.0,125.89254117941701,2.5152536870142765
-78.0,125.89254117941701,2.5136601410203356
-77.0,125.89254117941701,2.5119609169346804
-76.0,125.89254117941701,2.5101510964597233
-75.0,125.89254117941701,2.5082257130501153
-74.0,125.89254117941701,2.506179768493242
-73.0,125.89254117941701,2.504008250943877
-72.0,125.89254117941701,2.5017061544146832
-71.0,125.89254117941701,2.4992684997139354
-70.0,125.89254117941701,2.496690356810827
-69.0,125.89254117941701,2.4939668685970298
-68.0,125.89254117941701,2.4910932760008766
-67.0,125.89254117941701,2.488064944397699
-66.0,125.89254117941701,2.4848773912465374
-65.0,125.89254117941701,2.4815263148697646
-64.0,125.89254117941701,2.4780076242782094
-63.0,125.89254117941701,2.4743174699302375
-62.0,125.89254117941701,2.470452275299077
-61.0,125.89254117941701,2.4664087691085848
-60.0,125.89254117941701,2.4621840180837604
-59.0,125.89254117941701,2.4577754600487984
-58.0,125.89254117941701,2.453180937192429
-57.0,125.89254117941701,2.448398729307932
-56.0,125.89254117941701,2.4434275868036237
-55.0,125.89254117941701,2.4382667632690187
-54.0,125.89254117941701,2.432916047372355
-53.0,125.89254117941701,2.4273757938569496
-52.0,125.89254117941701,2.4216469533970217
-51.0,125.89254117941701,2.4157311010683777
-50.0,125.89254117941701,2.4096304631857586
-49.0,125.89254117941701,2.4033479422569286
-48.0,125.89254117941701,2.396887139803738
-47.0,125.89254117941701,2.3902523768026174
-46.0,125.89254117941701,2.3834487115012872
-45.0,125.89254117941701,2.376481954374968
-44.0,125.89254117941701,2.3693586799941277
-43.0,125.89254117941701,2.3620862355868004
-42.0,125.89254117941701,2.354672746091783
-41.0,125.89254117941701,2.3471271155145432
-40.0,125.89254117941701,2.339459024415413
-39.0,125.89254117941701,2.3316789233795268
-38.0,125.89254117941701,2.323798022339934
-37.0,125.89254117941701,2.3158282756492126
-36.0,125.89254117941701,2.3077823628206495
-35.0,125.89254117941701,2.299673664887436
-34.0,125.89254117941701,2.2915162363571864
-33.0,125.89254117941701,2.2833247727692267
-32.0,125.89254117941701,2.2751145738932754
-31.0,125.89254117941701,2.266901502640116
-30.0,125.89254117941701,2.2587019397873833
-29.0,125.89254117941701,2.2505327346563813
-28.0,125.89254117941701,2.242411151908595
-27.0,125.89254117941701,2.2343548146630376
-26.0,125.89254117941701,2.2263816441673745
-25.0,125.89254117941701,2.21850979628669
-24.0,125.89254117941701,2.210757595103432
-23.0,125.89254117941701,2.203143463950213
-22.0,125.89254117941701,2.195685854223463
-21.0,125.89254117941701,2.188403172350139
-20.0,125.89254117941701,2.1813137053015326
-19.5,125.89254117941701,2.177847090779365
-19.0,125.89254117941701,2.1744355450673925
-18.5,125.89254117941701,2.1710812867060967
-18.0,125.89254117941701,2.1677865125199327
-17.5,125.89254117941701,2.164553395235965
-17.0,125.89254117941701,2.1613840811105285
-16.5,125.89254117941701,2.1582806875675153
-16.0,125.89254117941701,2.155245300851915
-15.5,125.89254117941701,2.1522799737022122
-15.0,125.89254117941701,2.149386723045277
-14.5,125.89254117941701,2.1465675277173397
-14.0,125.89254117941701,2.143824326214663
-13.5,125.89254117941701,2.1411590144774535
-13.0,125.89254117941701,2.1385734437105812
-12.5,125.89254117941701,2.136069418244575
-12.0,125.89254117941701,2.133648693440369
-11.5,125.89254117941701,2.1313129736411924
-11.0,125.89254117941701,2.1290639101749442
-10.5,125.89254117941701,2.126903099410323
-10.0,125.89254117941701,2.1248320808699206
-9.5,125.89254117941701,2.122852335403392
-9.0,125.89254117941701,2.120965283423738
-8.5,125.89254117941701,2.119172283209634
-8.0,125.89254117941701,2.1174746292766558
-7.5,125.89254117941701,2.1158735508201203
-7.0,125.89254117941701,2.114370210232177
-6.5,125.89254117941701,2.112965701695643
-6.0,125.89254117941701,2.1116610498569686
-5.5,125.89254117941701,2.110457208580586
-5.0,125.89254117941701,2.1093550597867554
-4.5,125.89254117941701,2.108355412374901
-4.0,125.89254117941701,2.1074590012342616
-3.5,125.89254117941701,2.106666486343568
-3.0,125.89254117941701,2.1059784519612723
-2.5,125.89254117941701,2.1053954059077378
-2.0,125.89254117941701,2.1049177789406084
-1.5,125.89254117941701,2.104545924224445
-1.0,125.89254117941701,2.1042801168955365
-0.5,125.89254117941701,2.104120553722636
0.0,125.89254117941701,2.104067352864213
0.5,125.89254117941701,2.104120553722636
1.0,125.89254117941701,2.1042801168955365
1.5,125.89254117941701,2.104545924224445
2.0,125.89254117941701,2.1049177789406084
2.5,125.89254117941701,2.1053954059077378
3.0,125.89254117941701,2.1059784519612723
3.5,125.89254117941701,2.106666486343568
4.0,125.89254117941701,2.1074590012342616
4.5,125.89254117941701,2.108355412374901
5.0,125.89254117941701,2.1093550597867554
5.5,125.89254117941701,2.110457208580586
6.0,125.89254117941701,2.1116610498569686
6.5,125.89254117941701,2.112965701695643
7.0,125.89254117941701,2.114370210232177
7.5,125.89254117941701,2.1158735508201203
8.0,125.89254117941701,2.1174746292766558
8.5,125.89254117941701,2.119172283209634
9.0,125.89254117941701,2.120965283423738
9.5,125.89254117941701,2.122852335403392
10.0,125.89254117941701,2.1248320808699206
10.5,125.89254117941701,2.126903099410323
11.0,125.89254117941701,2.1290639101749442
11.5,125.89254117941701,2.1313129736411924
12.0,125.89254117941701,2.133648693440369
12.5,125.89254117941701,2.136069418244575
13.0,125.89254117941701,2.1385734437105812
13.5,125.89254117941701,2.1411590144774535
14.0,125.89254117941701,2.143824326214663
14.5,125.89254117941701,2.1465675277173397
15.0,125.89254117941701,2.149386723045277
15.5,125.89254117941701,2.1522799737022122
16.0,125.89254117941701,2.155245300851915
16.5,125.89254117941701,2.1582806875675153
17.0,125.89254117941701,2.1613840811105285
17.5,125.89254117941701,2.164553395235965
18.0,125.89254117941701,2.1677865125199327
18.5,125.89254117941701,2.1710812867060967
19.0,125.89254117941701,2.1744355450673925
19.5,125.89254117941701,2.177847090779365
20.0,125.89254117941701,2.1813137053015326
21.0,125.89254117941701,2.188403172350139
22.0,125.89254117941701,2.195685854223463
23.0,125.89254117941701,2.203143463950213
24.0,125.89254117941701,2.210757595103432
25.0,125.89254117941701,2.21850979628669
26.0,125.89254117941701,2.2263816441673745
27.0,125.89254117941701,2.2343548146630376
28.0,125.89254117941701,2.242411151908595
29.0,125.89254117941701,2.2505327346563813
30.0,125.89254117941701,2.2587019397873833
31.0,125.89254117941701,2.266901502640116
32.0,125.89254117941701,2.2751145738932754
33.0,125.89254117941701,2.2833247727692267
34.0,125.89254117941701,2.2915162363571864
35.0,125.89254117941701,2.299673664887436
36.0,125.89254117941701,2.3077823628206495
37.0,125.89254117941701,2.3158282756492126
38.0,125.89254117941701,2.323798022339934
39.0,125.89254117941701,2.3316789233795268
40.0,125.89254117941701,2.339459024415413
41.0,125.89254117941701,2.3471271155145432
42.0,125.89254117941701,2.354672746091783
43.0,125.89254117941701,2.3620862355868004
44.0,125.89254117941701,2.3693586799941277
45.0,125.89254117941701,2.376481954374968
46.0,125.89254117941701,2.3834487115012872
47.0,125.89254117941701,2.3902523768026174
48.0,125.89254117941701,2.396887139803738
49.0,125.89254117941701,2.4033479422569286
50.0,125.89254117941701,2.4096304631857586
51.0,125.89254117941701,2.4157311010683777
52.0,125.89254117941701,2.4216469533970217
53.0,125.89254117941701,2.4273757938569496
54.0,125.89254117941701,2.432916047372355
55.0,125.89254117941701,2.4382667632690187
56.0,125.89254117941701,2.4434275868036237
57.0,125.89254117941701,2.448398729307932
58.0,125.89254117941701,2.453180937192429
59.0,125.89254117941701,2.4577754600487984
60.0,125.89254117941701,2.4621840180837604
61.0,125.89254117941701,2.4664087691085848
62.0,125.89254117941701,2.470452275299077
63.0,125.89254117941701,2.4743174699302375
64.0,125.89254117941701,2.4780076242782094
65.0,125.89254117941701,2.4815263148697646
66.0,125.89254117941701,2.4848773912465374
67.0,125.89254117941701,2.488064944397699
68.0,125.89254117941701,2.4910932760008766
69.0,125.89254117941701,2.4939668685970298
70.0,125.89254117941701,2.496690356810827
71.0,125.89254117941701,2.4992684997139354
72.0,125.89254117941701,2.5017061544146832
73.0,125.89254117941701,2.504008250943877
74.0,125.89254117941701,2.506179768493242
75.0,125.89254117941701,2.5082257130501153
76.0,125.89254117941701,2.5101510964597233
77.0,125.89254117941701,2.5119609169346804
78.0,125.89254117941701,2.5136601410203356
79.0,125.89254117941701,2.5152536870142765
80.0,125.89254117941701,2.516746409828759
81.0,125.89254117941701,2.5181430872760493
82.0,125.89254117941701,2.519448407748704
83.0,125.89254117941701,2.5206669592596302
84.0,125.89254117941701,2.521803219800426
85.0,125.89254117941701,2.522861548970925
86.0,125.89254117941701,2.523846180828114
87.0,125.89254117941701,2.524761217898573
88.0,125.89254117941701,2.5256106262953257
89.0,125.89254117941701,2.5263982318774283
90.0,125.89254117941701,2.527127717388753
91.0,125.89254117941701,2.5278026205111463
92.0,125.89254117941701,2.5284263327665206
93.0,125.89254117941701,2.529002099202299
94.0,125.89254117941701,2.5295330187950555
95.0,125.89254117941701,2.5300220455080344
96.0,125.89254117941701,2.530471989939502
97.0,125.89254117941701,2.5308855215005197
98.0,125.89254117941701,2.5312651710626732
99.0,125.89254117941701,2.5316133340185223
100.0,125.89254117941701,2.5319322736999874
-100.0,141.25375446227582,2.7407463628692907
-99.0,141.25375446227582,2.7404011195225277
-98.0,141.25375446227582,2.7400242427929085
-97.0,141.25375446227582,2.7396132826864923
-96.0,141.25375446227582,2.7391656462573652
-95.0,141.25375446227582,2.7386785939073293
-94.0,141.25375446227582,2.7381492360730517
-93.0,141.25375446227582,2.7375745303599732
-92.0,141.25375446227582,2.7369512791849266
-91.0,141.25375446227582,2.736276127991844
-90.0,141.25375446227582,2.7355455641070185
-89.0,141.25375446227582,2.7347559163021793
-88.0,141.25375446227582,2.7339033551349847
-87.0,141.25375446227582,2.73298389413748
-86.0,141.25375446227582,2.7319933919234987
-85.0,141.25375446227582,2.7309275552858487
-84.0,141.25375446227582,2.7297819433534554
-83.0,141.25375446227582,2.728551972877228
-82.0,141.25375446227582,2.7272329247114335
-81.0,141.25375446227582,2.725819951554541
-80.0,141.25375446227582,2.7243080870100096
-79.0,141.25375446227582,2.7226922560231146
-78.0,141.25375446227582,2.720967286744779
-77.0,141.25375446227582,2.7191279238673296
-76.0,141.25375446227582,2.717168843470232
-75.0,141.25375446227582,2.715084669406089
-74.0,141.25375446227582,2.712869991248569
-73.0,141.25375446227582,2.710519383814417
-72.0,141.25375446227582,2.708027428261379
-71.0,141.25375446227582,2.7053887347527086
-70.0,141.25375446227582,2.702597966666987
-69.0,141.25375446227582,2.699649866319352
-68.0,141.25375446227582,2.6965392821469067
-67.0,141.25375446227582,2.6932611972971716
-66.0,141.25375446227582,2.689810759544059
-65.0,141.25375446227582,2.6861833124410146
-64.0,141.25375446227582,2.682374427605886
-63.0,141.25375446227582,2.678379938016775
-62.0,141.25375446227582,2.674195972182786
-61.0,141.25375446227582,2.669818989038353
-60.0,141.25375446227582,2.6652458133947583
-59.0,141.25375446227582,2.660473671767856
-58.0,141.25375446227582,2.6555002283868796
-57.0,141.25375446227582,2.650323621175832
-56.0,141.25375446227582,2.6449424974864217
-55.0,141.25375446227582,2.639356049350031
-54.0,141.25375446227582,2.633564048005897
-53.0,141.25375446227582,2.627566877453806
-52.0,141.25375446227582,2.6213655667721976
-51.0,141.25375446227582,2.6149618209368835
-50.0,141.25375446227582,2.608358049871737
-49.0,141.25375446227582,2.6015573954607962
-48.0,141.25375446227582,2.5945637562514334
-47.0,141.25375446227582,2.5873818095806214
-46.0,141.25375446227582,2.580017030861027
-45.0,141.25375446227582,2.5724757097706923
-44.0,141.25375446227582,2.5647649630995426
-43.0,141.25375446227582,2.556892744017859
-42.0,141.25375446227582,2.548867847546222
-41.0,141.25375446227582,2.5406999120232454
-40.0,141.25375446227582,2.532399416386615
-39.0,141.25375446227582,2.523977673104477
-38.0,141.25375446227582,2.5154468166180064
-37.0,141.25375446227582,2.5068197871818425
-36.0,141.25375446227582,2.4981103100169486
-35.0,141.25375446227582,2.4893328697201023
-34.0,141.25375446227582,2.480502679905437
-33.0,141.25375446227582,2.4716356480861106
-32.0,141.25375446227582,2.4627483358378988
-31.0,141.25375446227582,2.453857914321138
-30.0,141.25375446227582,2.444982115272649
-29.0,141.25375446227582,2.4361391776147596
-28.0,141.25375446227582,2.4273477898640086
-27.0,141.25375446227582,2.418627028557253
-26.0,141.25375446227582,2.4099962929473335
-25.0,141.25375446227582,2.4014752362539333
-24.0,141.25375446227582,2.3930836937873585
-23.0,141.25375446227582,2.384841608293461
-22.0,141.25375446227582,2.3767689528963953
-21.0,141.25375446227582,2.368885652042112
-20.0,141.25375446227582,2.3612115008691203
-19.5,141.25375446227582,2.357458986932712
-19.0,141.25375446227582,2.353766083453826
-18.5,141.25375446227582,2.3501351919409137
-18.0,141.25375446227582,2.346568690395433
-17.5,141.25375446227582,2.3430689307340833
-17.0,141.25375446227582,2.339638236219736
-16.5,141.25375446227582,2.336278898904945
-16.0,141.25375446227582,2.3329931770919647
-15.5,141.25375446227582,2.329783292813193
-15.0,141.25375446227582,2.3266514293359455
-14.5,141.25375446227582,2.3235997286954815
-14.0,141.25375446227582,2.3206302892601633
-13.5,141.25375446227582,2.317745163332607
-13.0,141.25375446227582,2.314946354790666
-12.5,141.25375446227582,2.312235816772025
-12.0,141.25375446227582,2.30961544940614
-11.5,141.25375446227582,2.307087097597219
-11.0,141.25375446227582,2.3046525488618474
-10.5,141.25375446227582,2.302313531224804
-10.0,141.25375446227582,2.3000717111765336
-9.5,141.25375446227582,2.297928691695659
-9.0,141.25375446227582,2.2958860103398004
-8.5,141.25375446227582,2.2939451374079005
-8.0,141.25375446227582,2.2921074741771132
-7.5,141.25375446227582,2.2903743512172308
-7.0,141.25375446227582,2.2887470267854684
-6.5,141.25375446227582,2.287226685304336
-6.0,141.25375446227582,2.285814435925156
-5.5,141.25375446227582,2.2845113111796844
-5.0,141.25375446227582,2.2833182657221065
-4.5,141.25375446227582,2.282236175163583
-4.0,141.25375446227582,2.2812658350013035
-3.5,141.25375446227582,2.280407959643913
-3.0,141.25375446227582,2.2796631815349593
-2.5,141.25375446227582,2.27903205037588
-2.0,141.25375446227582,2.2785150324498615
-1.5,141.25375446227582,2.2781125100477313
-1.0,141.25375446227582,2.2778247809968803
-0.5,141.25375446227582,2.277652058294019
0.0,141.25375446227582,2.277594469842409
0.5,141.25375446227582,2.277652058294019
1.0,141.25375446227582,2.2778247809968803
1.5,141.25375446227582,2.2781125100477313
2.0,141.25375446227582,2.2785150324498615
2.5,141.25375446227582,2.27903205037588
3.0,141.25375446227582,2.2796631815349593
3.5,141.25375446227582,2.280407959643913
4.0,141.25375446227582,2.2812658350013035
4.5,141.25375446227582,2.282236175163583
5.0,141.25375446227582,2.2833182657221065
5.5,141.25375446227582,2.2845113111796844
6.0,141.25375446227582,2.285814435925156
6.5,141.25375446227582,2.287226685304336
7.0,141.25375446227582,2.2887470267854684
7.5,141.25375446227582,2.2903743512172308
8.0,141.25375446227582,2.2921074741771132
8.5,141.25375446227582,2.2939451374079005
9.0,141.25375446227582,2.2958860103398004
9.5,141.25375446227582,2.297928691695659
10.0,141.25375446227582,2.3000717111765336
10.5,141.25375446227582,2.302313531224804
11.0,141.25375446227582,2.3046525488618474
11.5,141.25375446227582,2.307087097597219
12.0,141.25375446227582,2.30961544940614
12.5,141.25375446227582,2.312235816772025
13.0,141.25375446227582,2.314946354790666
13.5,141.25375446227582,2.317745163332607
14.0,141.25375446227582,2.3206302892601633
14.5,141.25375446227582,2.3235997286954815
15.0,141.25375446227582,2.3266514293359455
15.5,141.25375446227582,2.329783292813193
16.0,141.25375446227582,2.3329931770919647
16.5,141.25375446227582,2.336278898904945
17.0,141.25375446227582,2.339638236219736
17.5,141.25375446227582,2.3430689307340833
18.0,141.25375446227582,2.346568690395433
18.5,141.25375446227582,2.3501351919409137
19.0,141.25375446227582,2.353766083453826
19.5,141.25375446227582,2.357458986932712
20.0,141.25375446227582,2.3612115008691203
21.0,141.25375446227582,2.368885652042112
22.0,141.25375446227582,2.3767689528963953
23.0,141.25375446227582,2.384841608293461
24.0,141.25375446227582,2.3930836937873585
25.0,141.25375446227582,2.4014752362539333
26.0,141.25375446227582,2.4099962929473335
27.0,141.25375446227582,2.418627028557253
28.0,141.25375446227582,2.4273477898640086
29.0,141.25375446227582,2.4361391776147596
30.0,141.25375446227582,2.444982115272649
31.0,141.25375446227582,2.453857914321138
32.0,141.25375446227582,2.4627483358378988
33.0,141.25375446227582,2.4716356480861106
34.0,141.25375446227582,2.480502679905437
35.0,141.25375446227582,2.4893328697201023
36.0,141.25375446227582,2.4981103100169486
37.0,141.25375446227582,2.5068197871818425
38.0,141.25375446227582,2.5154468166180064
39.0,141.25375446227582,2.523977673104477
40.0,141.25375446227582,2.532399416386615
41.0,141.25375446227582,2.5406999120232454
42.0,141.25375446227582,2.548867847546222
43.0,141.25375446227582,2.556892744017859
44.0,141.25375446227582,2.5647649630995426
45.0,141.25375446227582,2.5724757097706923
46.0,141.25375446227582,2.580017030861027
47.0,141.25375446227582,2.5873818095806214
48.0,141.25375446227582,2.5945637562514334
49.0,141.25375446227582,2.6015573954607962
50.0,141.25375446227582,2.608358049871737
51.0,141.25375446227582,2.6149618209368835
52.0,141.25375446227582,2.6213655667721976
53.0,141.25375446227582,2.627566877453806
54.0,141.25375446227582,2.633564048005897
55.0,141.25375446227582,2.639356049350031
56.0,141.25375446227582,2.6449424974864217
57.0,141.25375446227582,2.650323621175832
58.0,141.25375446227582,2.6555002283868796
59.0,141.25375446227582,2.660473671767856
60.0,141.25375446227582,2.6652458133947583
61.0,141.25375446227582,2.669818989038353
62.0,141.25375446227582,2.674195972182786
63.0,141.25375446227582,2.678379938016775
64.0,141.25375446227582,2.682374427605886
65.0,141.25375446227582,2.6861833124410146
66.0,141.25375446227582,2.689810759544059
67.0,141.25375446227582,2.6932611972971716
68.0,141.25375446227582,2.6965392821469067
69.0,141.25375446227582,2.699649866319352
70.0,141.25375446227582,2.702597966666987
71.0,141.25375446227582,2.7053887347527086
72.0,141.25375446227582,2.708027428261379
73.0,141.25375446227582,2.710519383814417
74.0,141.25375446227582,2.712869991248569
75.0,141.25375446227582,2.715084669406089
76.0,141.25375446227582,2.717168843470232
77.0,141.25375446227582,2.7191279238673296
78.0,141.25375446227582,2.720967286744779
79.0,141.25375446227582,2.7226922560231146
80.0,141.25375446227582,2.7243080870100096
81.0,141.25375446227582,2.725819951554541
82.0,141.25375446227582,2.7272329247114335
83.0,141.25375446227582,2.728551972877228
84.0,141.25375446227582,2.7297819433534554
85.0,141.25375446227582,2.7309275552858487
86.0,141.25375446227582,2.7319933919234987
87.0,141.25375446227582,2.73298389413748
88.0,141.25375446227582,2.7339033551349847
89.0,141.25375446227582,2.7347559163021793
90.0,141.25375446227582,2.7355455641070185
91.0,141.25375446227582,2.736276127991844
92.0,141.25375446227582,2.7369512791849266
93.0,141.25375446227582,2.7375745303599732
94.0,141.25375446227582,2.7381492360730517
95.0,141.25375446227582,2.7386785939073293
96.0,141.25375446227582,2.7391656462573652
97.0,141.25375446227582,2.7396132826864923
98.0,141.25375446227582,2.7400242427929085
99.0,141.25375446227582,2.7404011195225277
100.0,141.25375446227582,2.7407463628692907
-100.0,158.48931924611173,2.9607457629621092
-99.0,158.48931924611173,2.9603728069710087
-98.0,158.48931924611173,2.9599656783889934
-97.0,158.48931924611173,2.959521730561386
-96.0,158.48931924611173,2.9590381624067987
-95.0,158.48931924611173,2.9585120144197954
-94.0,158.48931924611173,2.957940165092123
-93.0,158.48931924611173,2.9573193278165544
-92.0,158.48931924611173,2.9566460483402848
-91.0,158.48931924611173,2.9559167028374103
-90.0,158.48931924611173,2.955127496672304
-89.0,158.48931924611173,2.9542744639276166
-88.0,158.48931924611173,2.953353467772104
-87.0,158.48931924611173,2.9523602017444808
-86.0,158.48931924611173,2.9512901920299806
-85.0,158.48931924611173,2.950138800806158
-84.0,158.48931924611173,2.948901230733719
-83.0,158.48931924611173,2.947572530666689
-82.0,158.48931924611173,2.946147602654039
-81.0,158.48931924611173,2.944621210301896
-80.0,158.48931924611173,2.9429879885616295
-79.0,158.48931924611173,2.9412424550044474
-78.0,158.48931924611173,2.939379022637534
-77.0,158.48931924611173,2.937392014310263
-76.0,158.48931924611173,2.9352756787516032
-75.0,158.48931924611173,2.9330242082714135
-74.0,158.48931924611173,2.930631758149054
-73.0,158.48931924611173,2.928092467722425
-72.0,158.48931924611173,2.925400483179418
-71.0,158.48931924611173,2.922549982041702
-70.0,158.48931924611173,2.9195351993178598
-69.0,158.48931924611173,2.9163504552892627
-68.0,158.48931924611173,2.9129901848776427
-67.0,158.48931924611173,2.9094489685283405
-66.0,158.48931924611173,2.9057215645276293
-65.0,158.48931924611173,2.9018029426565186
-64.0,158.48931924611173,2.897688319067121
-63.0,158.48931924611173,2.893373192251163
-62.0,158.48931924611173,2.8888533799536136
-61.0,158.48931924611173,2.884125056867974
-60.0,158.48931924611173,2.879184792933489
-59.0,158.48931924611173,2.874029592038754
-58.0,158.48931924611173,2.868656930920947
-57.0,158.48931924611173,2.8630647980354422
-56.0,158.48931924611173,2.8572517321570237
-55.0,158.48931924611173,2.851216860461523
-54.0,158.48931924611173,2.8449599358255773
-53.0,158.48931924611173,2.838481373072592
-52.0,158.48931924611173,2.831782283885017
-51.0,158.48931924611173,2.824864510096879
-50.0,158.48931924611173,2.8177306550763666
-49.0,158.48931924611173,2.8103841129061955
-48.0,158.48931924611173,2.802829095069693
-47.0,158.48931924611173,2.7950706543531414
-46.0,158.48931924611173,2.787114705679961
-45.0,158.48931924611173,2.778968043599939
-44.0,158.48931924611173,2.770638356166922
-43.0,158.48931924611173,2.7621342349512674
-42.0,158.48931924611173,2.753465180948863
-41.0,158.48931924611173,2.74464160616667
-40.0,158.48931924611173,2.7356748306855154
-39.0,158.48931924611173,2.7265770750240828
-38.0,158.48931924611173,2.717361447653766
-37.0,158.48931924611173,2.708041927541977
-36.0,158.48931924611173,2.698633341631613
-35.0,158.48931924611173,2.689151337196392
-34.0,158.48931924611173,2.6796123490455326
-33.0,158.48931924611173,2.670033561586471
-32.0,158.48931924611173,2.660432865790795
-31.0,158.48931924611173,2.6508288111459355
-30.0,158.48931924611173,2.64124055271322
-29.0,158.48931924611173,2.631687793451204
-28.0,158.48931924611173,2.6221907220015344
-27.0,158.48931924611173,2.6127699461725187
-26.0,158.48931924611173,2.6034464223928273
-25.0,158.48931924611173,2.5942413814438603
-24.0,158.48931924611173,2.5851762508140355
-23.0,158.48931924611173,2.5762725740511545
-22.0,158.48931924611173,2.5675519275197867
-21.0,158.48931924611173,2.5590358349989013
-20.0,158.48931924611173,2.5507456805805337
-19.5,158.48931924611173,2.546691952775511
-19.0,158.48931924611173,2.542702620352684
-18.5,158.48931924611173,2.5387802775893156
-18.0,158.48931924611173,2.53492749336877
-17.5,158.48931924611173,2.531146808395835
-17.0,158.48931924611173,2.5274407324214287
-16.5,158.48931924611173,2.5238117414809036
-16.0,158.48931924611173,2.520262275150182
-15.5,158.48931924611173,2.516794733823949
-15.0,158.48931924611173,2.5134114760201407
-14.5,158.48931924611173,2.5101148157149447
-14.0,158.48931924611173,2.506907019712513
-13.5,158.48931924611173,2.5037903050535606
-13.0,158.48931924611173,2.50076683646699
-12.5,158.48931924611173,2.4978387238686253
-12.0,158.48931924611173,2.4950080199110993
-11.5,158.48931924611173,2.4922767175888723
-11.0,158.48931924611173,2.4896467479022832
-10.5,158.48931924611173,2.4871199775844635
-10.0,158.48931924611173,2.4846982068948584
-9.5,158.48931924611173,2.4823831674830017
-9.0,158.48931924611173,2.480176520326091
-8.5,158.48931924611173,2.4780798537437967
-8.0,158.48931924611173,2.4760946814936338
-7.5,158.48931924611173,2.474222440950079
-7.0,158.48931924611173,2.472464491370512
-6.5,158.48931924611173,2.4708221122509038
-6.0,158.48931924611173,2.469296501774028
-5.5,158.48931924611173,2.467888775352847
-5.0,158.48931924611173,2.4665999642715306
-4.5,158.48931924611173,2.4654310144264464
-4.0,158.48931924611173,2.464382785169255
-3.5,158.48931924611173,2.4634560482541015
-3.0,158.48931924611173,2.4626514868907057
-2.5,158.48931924611173,2.461969694904978
-2.0,158.48931924611173,2.4614111760086024
-1.5,158.48931924611173,2.4609763431788485
-1.0,158.48931924611173,2.460665518149678
-0.5,158.48931924611173,2.4604789310150235
0.0,158.48931924611173,2.4604167199449254
0.5,158.48931924611173,2.4604789310150235
1.0,158.48931924611173,2.460665518149678
1.5,158.48931924611173,2.4609763431788485
2.0,158.48931924611173,2.4614111760086024
2.5,158.48931924611173,2.461969694904978
3.0,158.48931924611173,2.4626514868907057
3.5,158.48931924611173,2.4634560482541015
4.0,158.48931924611173,2.464382785169255
4.5,158.48931924611173,2.4654310144264464
5.0,158.48931924611173,2.4665999642715306
5.5,158.48931924611173,2.467888775352847
6.0,158.48931924611173,2.469296501774028
6.5,158.48931924611173,2.4708221122509038
7.0,158.48931924611173,2.472464491370512
7.5,158.48931924611173,2.474222440950079
8.0,158.48931924611173,2.4760946814936338
8.5,158.48931924611173,2.4780798537437967
9.0,158.48931924611173,2.480176520326091
9.5,158.48931924611173,2.4823831674830017
10.0,158.48931924611173,2.4846982068948584
10.5,158.48931924611173,2.4871199775844635
11.0,158.48931924611173,2.4896467479022832
11.5,158.48931924611173,2.4922767175888723
12.0,158.48931924611173,2.4950080199110993
12.5,158.48931924611173,2.4978387238686253
13.0,158.48931924611173,2.50076683646699
13.5,158.48931924611173,2.5037903050535606
14.0,158.48931924611173,2.506907019712513
14.5,158.48931924611173,2.5101148157149447
15.0,158.48931924611173,2.5134114760201407
15.5,158.48931924611173,2.516794733823949
16.0,158.48931924611173,2.520262275150182
16.5,158.48931924611173,2.5238117414809036
17.0,158.48931924611173,2.5274407324214287
17.5,158.48931924611173,2.531146808395835
18.0,158.48931924611173,2.53492749336877
18.5,158.48931924611173,2.5387802775893156
19.0,158.48931924611173,2.542702620352684
19.5,158.48931924611173,2.546691952775511
20.0,158.48931924611173,2.5507456805805337
21.0,158.48931924611173,2.5590358349989013
22.0,158.48931924611173,2.5675519275197867
23.0,158.48931924611173,2.5762725740511545
24.0,158.48931924611173,2.5851762508140355
25.0,158.48931924611173,2.5942413814438603
26.0,158.48931924611173,2.6034464223928273
27.0,158.48931924611173,2.6127699461725187
28.0,158.48931924611173,2.6221907220015344
29.0,158.48931924611173,2.631687793451204
30.0,158.48931924611173,2.64124055271322
31.0,158.48931924611173,2.6508288111459355
32.0,158.48931924611173,2.660432865790795
33.0,158.48931924611173,2.670033561586471
34.0,158.48931924611173,2.6796123490455326
35.0,158.48931924611173,2.689151337196392
36.0,158.48931924611173,2.698633341631613
37.0,158.48931924611173,2.708041927541977
38.0,158.48931924611173,2.717361447653766
39.0,158.48931924611173,2.7265770750240828
40.0,158.48931924611173,2.7356748306855154
41.0,158.48931924611173,2.74464160616667
42.0,158.48931924611173,2.753465180948863
43.0,158.48931924611173,2.7621342349512674
44.0,158.48931924611173,2.770638356166922
45.0,158.48931924611173,2.778968043599939
46.0,158.48931924611173,2.787114705679961
47.0,158.48931924611173,2.7950706543531414
48.0,158.48931924611173,2.802829095069693
49.0,158.48931924611173,2.8103841129061955
50.0,158.48931924611173,2.8177306550763666
51.0,158.48931924611173,2.824864510096879
52.0,158.48931924611173,2.831782283885017
53.0,158.48931924611173,2.838481373072592
54.0,158.48931924611173,2.8449599358255773
55.0,158.48931924611173,2.851216860461523
56.0,158.48931924611173,2.8572517321570237
57.0,158.48931924611173,2.8630647980354422
58.0,158.48931924611173,2.868656930920947
59.0,158.48931924611173,2.874029592038754
60.0,158.48931924611173,2.879184792933489
61.0,158.48931924611173,2.884125056867974
62.0,158.48931924611173,2.8888533799536136
63.0,158.48931924611173,2.893373192251163
64.0,158.48931924611173,2.897688319067121
65.0,158.48931924611173,2.9018029426565186
66.0,158.48931924611173,2.9057215645276293
67.0,158.48931924611173,2.9094489685283405
68.0,158.48931924611173,2.9129901848776427
69.0,158.48931924611173,2.9163504552892627
70.0,158.48931924611173,2.9195351993178598
71.0,158.48931924611173,2.922549982041702
72.0,158.48931924611173,2.925400483179418
73.0,158.48931924611173,2.928092467722425
74.0,158.48931924611173,2.930631758149054
75.0,158.48931924611173,2.9330242082714135
76.0,158.48931924611173,2.9352756787516032
77.0,158.48931924611173,2.937392014310263
78.0,158.48931924611173,2.939379022637534
79.0,158.48931924611173,2.9412424550044474
80.0,158.48931924611173,2.9429879885616295
81.0,158.48931924611173,2.944621210301896
82.0,158.48931924611173,2.946147602654039
83.0,158.48931924611173,2.947572530666689
84.0,158.48931924611173,2.948901230733719
85.0,158.48931924611173,2.950138800806158
86.0,158.48931924611173,2.9512901920299806
87.0,158.48931924611173,2.9523602017444808
88.0,158.48931924611173,2.953353467772104
89.0,158.48931924611173,2.9542744639276166
90.0,158.48931924611173,2.955127496672304
91.0,158.48931924611173,2.9559167028374103
92.0,158.48931924611173,2.9566460483402848
93.0,158.48931924611173,2.9573193278165544
94.0,158.48931924611173,2.957940165092123
95.0,158.48931924611173,2.9585120144197954
96.0,158.48931924611173,2.9590381624067987
97.0,158.48931924611173,2.959521730561386
98.0,158.48931924611173,2.9599656783889934
99.0,158.48931924611173,2.9603728069710087
100.0,158.48931924611173,2.9607457629621092
-100.0,177.82794100389265,3.192026112053862
-99.0,177.82794100389265,3.1916240223921517
-98.0,177.82794100389265,3.191185090728037
-97.0,177.82794100389265,3.190706463661898
-96.0,177.82794100389265,3.1901851213042693
-95.0,177.82794100389265,3.1896178729662563
-94.0,177.82794100389265,3.1890013533012023
-93.0,177.82794100389265,3.188332018966677
-92.0,177.82794100389265,3.1876061458789415
-91.0,177.82794100389265,3.1868198271348573
-90.0,177.82794100389265,3.185968971678665
-89.0,177.82794100389265,3.1850493037931136
-88.0,177.82794100389265,3.184056363496019
-87.0,177.82794100389265,3.1829855079244087
-86.0,177.82794100389265,3.181831913788917
-85.0,177.82794100389265,3.1805905809809443
-84.0,177.82794100389265,3.179256337414293
-83.0,177.82794100389265,3.1778238451813885
-82.0,177.82794100389265,3.176287608101841
-81.0,177.82794100389265,3.174641980737874
-80.0,177.82794100389265,3.172881178947014
-79.0,177.82794100389265,3.1709992920374077
-78.0,177.82794100389265,3.1689902965850982
-77.0,177.82794100389265,3.166848071965592
-76.0,177.82794100389265,3.1645664176440294
-75.0,177.82794100389265,3.162139072259232
-74.0,177.82794100389265,3.159559734526864
-73.0,177.82794100389265,3.156822085975852
-72.0,177.82794100389265,3.153919815520206
-71.0,177.82794100389265,3.1508466458553688
-70.0,177.82794100389265,3.147596361654322
-69.0,177.82794100389265,3.1441628395239656
-68.0,177.82794100389265,3.140540079666759
-67.0,177.82794100389265,3.136722239176431
-66.0,177.82794100389265,3.1327036668797876
-65.0,177.82794100389265,3.128478939619404
-64.0,177.82794100389265,3.124042899854379
-63.0,177.82794100389265,3.119390694438544
-62.0,177.82794100389265,3.1145178144176247
-61.0,177.82794100389265,3.109420135669116
-60.0,177.82794100389265,3.104093960191105
-59.0,177.82794100389265,3.0985360578292305
-58.0,177.82794100389265,3.0927437082145515
-57.0,177.82794100389265,3.086714742669483
-56.0,177.82794100389265,3.080447585824365
-55.0,177.82794100389265,3.0739412966738704
-54.0,177.82794100389265,3.067195608790453
-53.0,177.82794100389265,3.060210969401687
-52.0,177.82794100389265,3.052988577029731
-51.0,177.82794100389265,3.0455304173845317
-50.0,177.82794100389265,3.0378392971978734
-49.0,177.82794100389265,3.029918875683184
-48.0,177.82794100389265,3.021773693306221
-47.0,177.82794100389265,3.0134091975545565
-46.0,177.82794100389265,3.0048317653992385
-45.0,177.82794100389265,2.9960487221501984
-44.0,177.82794100389265,2.9870683564180065
-43.0,177.82794100389265,2.977899930908454
-42.0,177.82794100389265,2.9685536887931576
-41.0,177.82794100389265,2.9590408554189604
-40.0,177.82794100389265,2.949373635141278
-39.0,177.82794100389265,2.9395652030916026
-38.0,177.82794100389265,2.9296296917170697
-37.0,177.82794100389265,2.9195821719601285
-36.0,177.82794100389265,2.9094386289788026
-35.0,177.82794100389265,2.8992159323425493
-34.0,177.82794100389265,2.8889318006751092
-33.0,177.82794100389265,2.8786047607537393
-32.0,177.82794100389265,2.868254101113506
-31.0,177.82794100389265,2.8578998202456636
-30.0,177.82794100389265,2.847562569520113
-29.0,177.82794100389265,2.8372635910032917
-28.0,177.82794100389265,2.827024650384135
-27.0,177.82794100389265,2.816867965261689
-26.0,177.82794100389265,2.8068161290880367
-25.0,177.82794100389265,2.796892031099214
-24.0,177.82794100389265,2.7871187726041544
-23.0,177.82794100389265,2.777519580037222
-22.0,177.82794100389265,2.768117715213047
-21.0,177.82794100389265,2.758936383252907
-20.0,177.82794100389265,2.7499986386794206
-19.5,177.82794100389265,2.7456282516078048
-19.0,177.82794100389265,2.741327290200505
-18.5,177.82794100389265,2.737098551388236
-18.0,177.82794100389265,2.732944804724157
-17.5,177.82794100389265,2.7288687893816626
-17.0,177.82794100389265,2.7248732111623006
-16.5,177.82794100389265,2.720960739518341
-16.0,177.82794100389265,2.7171340045945747
-15.5,177.82794100389265,2.7133955942938917
-15.0,177.82794100389265,2.7097480513712053
-14.5,177.82794100389265,2.706193870560277
-14.0,177.82794100389265,2.702735495737962
-13.5,177.82794100389265,2.699375317130379
-13.0,177.82794100389265,2.6961156685654677
-12.5,177.82794100389265,2.6929588247763325
-12.0,177.82794100389265,2.6899069987597426
-11.5,177.82794100389265,2.6869623391940594
-11.0,177.82794100389265,2.684126927920819
-10.5,177.82794100389265,2.6814027774940783
-10.0,177.82794100389265,2.6787918288015797
-9.5,177.82794100389265,2.676295948761651
-9.0,177.82794100389265,2.6739169280996737
-8.5,177.82794100389265,2.6716564792078183
-8.0,177.82794100389265,2.6695162340916334
-7.5,177.82794100389265,2.6674977424069253
-7.0,177.82794100389265,2.665602469590242
-6.5,177.82794100389265,2.6638317950861143
-6.0,177.82794100389265,2.662187010674049
-5.5,177.82794100389265,2.6606693188981283
-5.0,177.82794100389265,2.659279831601877
-4.5,177.82794100389265,2.6580195685708974
-4.0,177.82794100389265,2.6568894562855974
-3.5,177.82794100389265,2.6558903267861385
-3.0,177.82794100389265,2.655022916651558
-2.5,177.82794100389265,2.6542878660948177
-2.0,177.82794100389265,2.6536857181753275
-1.5,177.82794100389265,2.653216918130313
-1.0,177.82794100389265,2.652881812826169
-0.5,177.82794100389265,2.6526806503307454
0.0,177.82794100389265,2.6526135796073165
0.5,177.82794100389265,2.6526806503307454
1.0,177.82794100389265,2.652881812826169
1.5,177.82794100389265,2.653216918130313
2.0,177.82794100389265,2.6536857181753275
2.5,177.82794100389265,2.6542878660948177
3.0,177.82794100389265,2.655022916651558
3.5,177.82794100389265,2.6558903267861385
4.0,177.82794100389265,2.6568894562855974
4.5,177.82794100389265,2.6580195685708974
5.0,177.82794100389265,2.659279831601877
5.5,177.82794100389265,2.6606693188981283
6.0,177.82794100389265,2.662187010674049
6.5,177.82794100389265,2.6638317950861143
7.0,177.82794100389265,2.665602469590242
7.5,177.82794100389265,2.6674977424069253
8.0,177.82794100389265,2.6695162340916334
8.5,177.82794100389265,2.6716564792078183
9.0,177.82794100389265,2.6739169280996737
9.5,177.82794100389265,2.676295948761651
10.0,177.82794100389265,2.6787918288015797
10.5,177.82794100389265,2.6814027774940783
11.0,177.82794100389265,2.684126927920819
11.5,177.82794100389265,2.6869623391940594
12.0,177.82794100389265,2.6899069987597426
12.5,177.82794100389265,2.6929588247763325
13.0,177.82794100389265,2.6961156685654677
13.5,177.82794100389265,2.699375317130379
14.0,177.82794100389265,2.702735495737962
14.5,177.82794100389265,2.706193870560277
15.0,177.82794100389265,2.7097480513712053
15.5,177.82794100389265,2.7133955942938917
16.0,177.82794100389265,2.7171340045945747
16.5,177.82794100389265,2.720960739518341
17.0,177.82794100389265,2.7248732111623006
17.5,177.82794100389265,2.7288687893816626
18.0,177.82794100389265,2.732944804724157
18.5,177.82794100389265,2.737098551388236
19.0,177.82794100389265,2.741327290200505
19.5,177.82794100389265,2.7456282516078048
20.0,177.82794100389265,2.7499986386794206
21.0,177.82794100389265,2.758936383252907
22.0,177.82794100389265,2.768117715213047
23.0,177.82794100389265,2.777519580037222
24.0,177.82794100389265,2.7871187726041544
25.0,177.82794100389265,2.796892031099214
26.0,177.82794100389265,2.8068161290880367
27.0,177.82794100389265,2.816867965261689
28.0,177.82794100389265,2.827024650384135
29.0,177.82794100389265,2.8372635910032917
30.0,177.82794100389265,2.847562569520113
31.0,177.82794100389265,2.8578998202456636
32.0,177.82794100389265,2.868254101113506
33.0,177.82794100389265,2.8786047607537393
34.0,177.82794100389265,2.8889318006751092
35.0,177.82794100389265,2.8992159323425493
36.0,177.82794100389265,2.9094386289788026
37.0,177.82794100389265,2.9195821719601285
38.0,177.82794100389265,2.9296296917170697
39.0,177.82794100389265,2.9395652030916026
40.0,177.82794100389265,2.949373635141278
41.0,177.82794100389265,2.9590408554189604
42.0,177.82794100389265,2.9685536887931576
43.0,177.82794100389265,2.977899930908454
44.0,177.82794100389265,2.9870683564180065
45.0,177.82794100389265,2.9960487221501984
46.0,177.82794100389265,3.0048317653992385
47.0,177.82794100389265,3.0134091975545565
48.0,177.82794100389265,3.021773693306221
49.0,177.82794100389265,3.029918875683184
50.0,177.82794100389265,3.0378392971978734
51.0,177.82794100389265,3.0455304173845317
52.0,177.82794100389265,3.052988577029731
53.0,177.82794100389265,3.060210969401687
54.0,177.82794100389265,3.067195608790453
55.0,177.82794100389265,3.0739412966738704
56.0,177.82794100389265,3.080447585824365
57.0,177.82794100389265,3.086714742669483
58.0,177.82794100389265,3.0927437082145515
59.0,177.82794100389265,3.0985360578292305
60.0,177.82794100389265,3.104093960191105
61.0,177.82794100389265,3.109420135669116
62.0,177.82794100389265,3.1145178144176247
63.0,177.82794100389265,3.119390694438544
64.0,177.82794100389265,3.124042899854379
65.0,177.82794100389265,3.128478939619404
66.0,177.82794100389265,3.1327036668797876
67.0,177.82794100389265,3.136722239176431
68.0,177.82794100389265,3.140540079666759
69.0,177.82794100389265,3.1441628395239656
70.0,177.82794100389265,3.147596361654322
71.0,177.82794100389265,3.1508466458553688
72.0,177.82794100389265,3.153919815520206
73.0,177.82794100389265,3.156822085975852
74.0,177.82794100389265,3.159559734526864
75.0,177.82794100389265,3.162139072259232
76.0,177.82794100389265,3.1645664176440294
77.0,177.82794100389265,3.166848071965592
78.0,177.82794100389265,3.1689902965850982
79.0,177.82794100389265,3.1709992920374077
80.0,177.82794100389265,3.172881178947014
81.0,177.82794100389265,3.174641980737874
82.0,177.82794100389265,3.176287608101841
83.0,177.82794100389265,3.1778238451813885
84.0,177.82794100389265,3.179256337414293
85.0,177.82794100389265,3.1805905809809443
86.0,177.82794100389265,3.181831913788917
87.0,177.82794100389265,3.1829855079244087
88.0,177.82794100389265,3.184056363496019
89.0,177.82794100389265,3.1850493037931136
90.0,177.82794100389265,3.185968971678665
91.0,177.82794100389265,3.1868198271348573
92.0,177.82794100389265,3.1876061458789415
93.0,177.82794100389265,3.188332018966677
94.0,177.82794100389265,3.1890013533012023
95.0,177.82794100389265,3.1896178729662563
96.0,177.82794100389265,3.1901851213042693
97.0,177.82794100389265,3.190706463661898
98.0,177.82794100389265,3.191185090728037
99.0,177.82794100389265,3.1916240223921517
100.0,177.82794100389265,3.192026112053862
-100.0,199.5262314968885,3.434679909969642
-99.0,199.5262314968885,3.4342472539591324
-98.0,199.5262314968885,3.4337749552636767
-97.0,199.5262314968885,3.4332599435718145
-96.0,199.5262314968885,3.432698969425895
-95.0,199.5262314968885,3.4320885995848776
-94.0,199.5262314968885,3.4314252128726994
-93.0,199.5262314968885,3.4307049965865093
-92.0,199.5262314968885,3.4299239435424194
-91.0,199.5262314968885,3.429077849839445
-90.0,199.5262314968885,3.428162313424929
-89.0,199.5262314968885,3.4271727335469886
-88.0,199.5262314968885,3.426104311181222
-87.0,199.5262314968885,3.42495205052007
-86.0,199.5262314968885,3.4237107616137954
-85.0,199.5262314968885,3.4223750642518502
-84.0,199.5262314968885,3.42093939317257
-83.0,199.5262314968885,3.41939800468738
-82.0,199.5262314968885,3.4177449848031927
-81.0,199.5262314968885,3.415974258923172
-80.0,199.5262314968885,3.414079603201633
-79.0,199.5262314968885,3.4120546576233837
-78.0,199.5262314968885,3.409892940871378
-77.0,199.5262314968885,3.4075878670389694
-76.0,199.5262314968885,3.4051327642344607
-75.0,199.5262314968885,3.402520895115898
-74.0,199.5262314968885,3.399745479383258
-73.0,199.5262314968885,3.3967997182432685
-72.0,199.5262314968885,3.393676820849146
-71.0,199.5262314968885,3.390370032703559
-70.0,199.5262314968885,3.3868726659981703
-69.0,199.5262314968885,3.383178131847263
-68.0,199.5262314968885,3.3792799743562565
-67.0,199.5262314968885,3.3751719064485157
-66.0,199.5262314968885,3.370847847355791
-65.0,199.5262314968885,3.3663019616590715
-64.0,199.5262314968885,3.361528699747704
-63.0,199.5262314968885,3.35652283954547
-62.0,199.5262314968885,3.3512795293330813
-61.0,199.5262314968885,3.3457943314774425
-60.0,199.5262314968885,3.3400632668592
-59.0,199.5262314968885,3.334082859771734
-58.0,199.5262314968885,3.327850183047089
-57.0,199.5262314968885,3.3213629031475445
-56.0,199.5262314968885,3.314619324945829
-55.0,199.5262314968885,3.307618435902575
-54.0,199.5262314968885,3.300359949336752
-53.0,199.5262314968885,3.2928443464736095
-52.0,199.5262314968885,3.2850729169454493
-51.0,199.5262314968885,3.277047797413382
-50.0,199.5262314968885,3.2687720079734013
-49.0,199.5262314968885,3.260249486007724
-48.0,199.5262314968885,3.251485117142585
-47.0,199.5262314968885,3.2424847629766904
-46.0,199.5262314968885,3.2332552852503817
-45.0,199.5262314968885,3.2238045661344086
-44.0,199.5262314968885,3.2141415243290603
-43.0,199.5262314968885,3.2042761266793365
-42.0,199.5262314968885,3.194219395029837
-41.0,199.5262314968885,3.18398340806411
-40.0,199.5262314968885,3.173581297897272
-39.0,199.5262314968885,3.1630272412176903
-38.0,199.5262314968885,3.152336444803301
-37.0,199.5262314968885,3.1415251252705847
-36.0,199.5262314968885,3.1306104829491104
-35.0,199.5262314968885,3.1196106698117227
-34.0,199.5262314968885,3.108544751429586
-33.0,199.5262314968885,3.0974326629621887
-32.0,199.5262314968885,3.086295159234699
-31.0,199.5262314968885,3.0751537589984466
-30.0,199.5262314968885,3.0640306835144178
-29.0,199.5262314968885,3.05294878964414
-28.0,199.5262314968885,3.0419314976767633
-27.0,199.5262314968885,3.0310027141651807
-26.0,199.5262314968885,3.0201867500872006
-25.0,199.5262314968885,3.0095082346897035
-24.0,199.5262314968885,2.9989920254139837
-23.0,199.5262314968885,2.988663114338642
-22.0,199.5262314968885,2.97854653161211
-21.0,199.5262314968885,2.968667246379708
-20.0,199.5262314968885,2.9590500657397785
-19.5,199.5262314968885,2.9543474473567444
-19.0,199.5262314968885,2.9497195322894383
-18.5,199.5262314968885,2.94516933008772
-18.0,199.5262314968885,2.9406998208426858
-17.5,199.5262314968885,2.936313951956236
-17.0,199.5262314968885,2.9320146349215377
-16.5,199.5262314968885,2.927804742119255
-16.0,199.5262314968885,2.9236871036344674
-15.5,199.5262314968885,2.919664504099178
-15.0,199.5262314968885,2.9157396795653208
-14.5,199.5262314968885,2.9119153144131698
-14.0,199.5262314968885,2.908194038300015
-13.5,199.5262314968885,2.9045784231539513
-13.0,199.5262314968885,2.9010709802175714
-12.5,199.5262314968885,2.8976741571463225
-12.0,199.5262314968885,2.8943903351661944
-11.5,199.5262314968885,2.891221826295368
-11.0,199.5262314968885,2.888170870634346
-10.5,199.5262314968885,2.885239633729006
-10.0,199.5262314968885,2.8824302040109275
-9.5,199.5262314968885,2.8797445903192145
-9.0,199.5262314968885,2.8771847195079325
-8.5,199.5262314968885,2.874752434143145
-8.0,199.5262314968885,2.872449490293403
-7.5,199.5262314968885,2.870277555417392
-7.0,199.5262314968885,2.8682382063522978
-6.5,199.5262314968885,2.8663329274062836
-6.0,199.5262314968885,2.864563108558305
-5.5,199.5262314968885,2.862930043768329
-5.0,199.5262314968885,2.8614349294008203
-4.5,199.5262314968885,2.860078862764199
-4.0,199.5262314968885,2.858862840768742
-3.5,199.5262314968885,2.857787758705255
-3.0,199.5262314968885,2.8568544091465857
-2.5,199.5262314968885,2.856063480973876
-2.0,199.5262314968885,2.855415558529228
-1.5,199.5262314968885,2.8549111208962388
-1.0,199.5262314968885,2.854550541309649
-0.5,199.5262314968885,2.854334086695114
0.0,199.5262314968885,2.8542619173399078
0.5,199.5262314968885,2.854334086695114
1.0,199.5262314968885,2.854550541309649
1.5,199.5262314968885,2.8549111208962388
2.0,199.5262314968885,2.855415558529228
2.5,199.5262314968885,2.856063480973876
3.0,199.5262314968885,2.8568544091465857
3.5,199.5262314968885,2.857787758705255
4.0,199.5262314968885,2.858862840768742
4.5,199.5262314968885,2.860078862764199
5.0,199.5262314968885,2.8614349294008203
5.5,199.5262314968885,2.862930043768329
6.0,199.5262314968885,2.864563108558305
6.5,199.5262314968885,2.8663329274062836
7.0,199.5262314968885,2.8682382063522978
7.5,199.5262314968885,2.870277555417392
8.0,199.5262314968885,2.872449490293403
8.5,199.5262314968885,2.874752434143145
9.0,199.5262314968885,2.8771847195079325
9.5,199.5262314968885,2.8797445903192145
10.0,199.5262314968885,2.8824302040109275
10.5,199.5262314968885,2.885239633729006
11.0,199.5262314968885,2.888170870634346
11.5,199.5262314968885,2.891221826295368
12.0,199.5262314968885,2.8943903351661944
12.5,199.5262314968885,2.8976741571463225
13.0,199.5262314968885,2.9010709802175714
13.5,199.5262314968885,2.9045784231539513
14.0,199.5262314968885,2.908194038300015
14.5,199.5262314968885,2.9119153144131698
15.0,199.5262314968885,2.9157396795653208
15.5,199.5262314968885,2.919664504099178
16.0,199.5262314968885,2.9236871036344674
16.5,199.5262314968885,2.927804742119255
17.0,199.5262314968885,2.9320146349215377
17.5,199.5262314968885,2.936313951956236
18.0,199.5262314968885,2.9406998208426858
18.5,199.5262314968885,2.94516933008772
19.0,199.5262314968885,2.9497195322894383
19.5,199.5262314968885,2.9543474473567444
20.0,199.5262314968885,2.9590500657397785
21.0,199.5262314968885,2.968667246379708
22.0,199.5262314968885,2.97854653161211
23.0,199.5262314968885,2.988663114338642
24.0,199.5262314968885,2.9989920254139837
25.0,199.5262314968885,3.0095082346897035
26.0,199.5262314968885,3.0201867500872006
27.0,199.5262314968885,3.0310027141651807
28.0,199.5262314968885,3.0419314976767633
29.0,199.5262314968885,3.05294878964414
30.0,199.5262314968885,3.0640306835144178
31.0,199.5262314968885,3.0751537589984466
32.0,199.5262314968885,3.086295159234699
33.0,199.5262314968885,3.0974326629621887
34.0,199.5262314968885,3.108544751429586
35.0,199.5262314968885,3.1196106698117227
36.0,199.5262314968885,3.1306104829491104
37.0,199.5262314968885,3.1415251252705847
38.0,199.5262314968885,3.152336444803301
39.0,199.5262314968885,3.1630272412176903
40.0,199.5262314968885,3.173581297897272
41.0,199.5262314968885,3.18398340806411
42.0,199.5262314968885,3.194219395029837
43.0,199.5262314968885,3.2042761266793365
44.0,199.5262314968885,3.2141415243290603
45.0,199.5262314968885,3.2238045661344086
46.0,199.5262314968885,3.2332552852503817
47.0,199.5262314968885,3.2424847629766904
48.0,199.5262314968885,3.251485117142585
49.0,199.5262314968885,3.260249486007724
50.0,199.5262314968885,3.2687720079734013
51.0,199.5262314968885,3.277047797413382
52.0,199.5262314968885,3.2850729169454493
53.0,199.5262314968885,3.2928443464736095
54.0,199.5262314968885,3.300359949336752
55.0,199.5262314968885,3.307618435902575
56.0,199.5262314968885,3.314619324945829
57.0,199.5262314968885,3.3213629031475445
58.0,199.5262314968885,3.327850183047089
59.0,199.5262314968885,3.334082859771734
60.0,199.5262314968885,3.3400632668592
61.0,199.5262314968885,3.3457943314774425
62.0,199.5262314968885,3.3512795293330813
63.0,199.5262314968885,3.35652283954547
64.0,199.5262314968885,3.361528699747704
65.0,199.5262314968885,3.3663019616590715
66.0,199.5262314968885,3.370847847355791
67.0,199.5262314968885,3.3751719064485157
68.0,199.5262314968885,3.3792799743562565
69.0,199.5262314968885,3.383178131847263
70.0,199.5262314968885,3.3868726659981703
71.0,199.5262314968885,3.390370032703559
72.0,199.5262314968885,3.393676820849146
73.0,199.5262314968885,3.3967997182432685
74.0,199.5262314968885,3.399745479383258
75.0,199.5262314968885,3.402520895115898
76.0,199.5262314968885,3.4051327642344607
77.0,199.5262314968885,3.4075878670389694
78.0,199.5262314968885,3.409892940871378
79.0,199.5262314968885,3.4120546576233837
80.0,199.5262314968885,3.414079603201633
81.0,199.5262314968885,3.415974258923172
82.0,199.5262314968885,3.4177449848031927
83.0,199.5262314968885,3.41939800468738
84.0,199.5262314968885,3.42093939317257
85.0,199.5262314968885,3.4223750642518502
86.0,199.5262314968885,3.4237107616137954
87.0,199.5262314968885,3.42495205052007
88.0,199.5262314968885,3.426104311181222
89.0,199.5262314968885,3.4271727335469886
90.0,199.5262314968885,3.428162313424929
91.0,199.5262314968885,3.429077849839445
92.0,199.5262314968885,3.4299239435424194
93.0,199.5262314968885,3.4307049965865093
94.0,199.5262314968885,3.4314252128726994
95.0,199.5262314968885,3.4320885995848776
96.0,199.5262314968885,3.432698969425895
97.0,199.5262314968885,3.4332599435718145
98.0,199.5262314968885,3.4337749552636767
99.0,199.5262314968885,3.4342472539591324
100.0,199.5262314968885,3.434679909969642
-100.0,223.8721138568347,3.6887967409476388
-99.0,223.8721138568347,3.6883320746254915
-98.0,223.8721138568347,3.687824832630832
-97.0,223.8721138568347,3.6872717174933842
-96.0,223.8721138568347,3.6866692393424456
-95.0,223.8721138568347,3.6860137109266007
-94.0,223.8721138568347,3.6853012431549264
-93.0,223.8721138568347,3.684527741239489
-92.0,223.8721138568347,3.6836889015225234
-91.0,223.8721138568347,3.682780209074936
-90.0,223.8721138568347,3.681796936155593
-89.0,223.8721138568347,3.6807341416232533
-88.0,223.8721138568347,3.679586671394847
-87.0,223.8721138568347,3.678349160045029
-86.0,223.8721138568347,3.677016033642551
-85.0,223.8721138568347,3.6755815139187966
-84.0,223.8721138568347,3.674039623862914
-83.0,223.8721138568347,3.672384194836122
-82.0,223.8721138568347,3.670608875295045
-81.0,223.8721138568347,3.6687071412101977
-80.0,223.8721138568347,3.6666723082609773
-79.0,223.8721138568347,3.6644975458826954
-78.0,223.8721138568347,3.662175893234218
-77.0,223.8721138568347,3.65970027714669
-76.0,223.8721138568347,3.657063532104546
-75.0,223.8721138568347,3.6542584222995917
-74.0,223.8721138568347,3.6512776657872834
-73.0,223.8721138568347,3.6481139607615947
-72.0,223.8721138568347,3.6447600139509135
-71.0,223.8721138568347,3.641208571122416
-70.0,223.8721138568347,3.6374524496662977
-69.0,223.8721138568347,3.6334845732142216
-68.0,223.8721138568347,3.629298008228417
-67.0,223.8721138568347,3.6248860024791534
-66.0,223.8721138568347,3.6202420253089347
-65.0,223.8721138568347,3.615359809561812
-64.0,223.8721138568347,3.6102333950358956
-63.0,223.8721138568347,3.6048571732965597
-62.0,223.8721138568347,3.599225933667185
-61.0,223.8721138568347,3.5933349101937595
-60.0,223.8721138568347,3.5871798293594237
-59.0,223.8721138568347,3.5807569583053405
-58.0,223.8721138568347,3.5740631532952967
-57.0,223.8721138568347,3.5670959081434
-56.0,223.8721138568347,3.5598534023073802
-55.0,223.8721138568347,3.5523345483345454
-54.0,223.8721138568347,3.544539038333599
-53.0,223.8721138568347,3.5364673891335245
-52.0,223.8721138568347,3.528120985780836
-51.0,223.8721138568347,3.519502123018784
-50.0,223.8721138568347,3.5106140443869567
-49.0,223.8721138568347,3.5014609785771285
-48.0,223.8721138568347,3.492048172681492
-47.0,223.8721138568347,3.48238192197261
-46.0,223.8721138568347,3.4724695958607548
-45.0,223.8721138568347,3.4623196596837555
-44.0,223.8721138568347,3.4519416919972343
-43.0,223.8721138568347,3.441346397049131
-42.0,223.8721138568347,3.4305456121417577
-41.0,223.8721138568347,3.419552309607231
-40.0,223.8721138568347,3.4083805931479967
-39.0,223.8721138568347,3.397045688323121
-38.0,223.8721138568347,3.3855639269930284
-37.0,223.8721138568347,3.373952725570192
-36.0,223.8721138568347,3.3622305569607684
-35.0,223.8721138568347,3.3504169161220836
-34.0,223.8721138568347,3.3385322792028953
-33.0,223.8721138568347,3.3265980562772954
-32.0,223.8721138568347,3.3146365377285063
-31.0,223.8721138568347,3.3026708343854416
-30.0,223.8721138568347,3.290724811562266
-29.0,223.8721138568347,3.2788230171989685
-28.0,223.8721138568347,3.266990604348687
-27.0,223.8721138568347,3.255253248304815
-26.0,223.8721138568347,3.243637058707278
-25.0,223.8721138568347,3.232168487012399
-24.0,223.8721138568347,3.2208742297540156
-23.0,223.8721138568347,3.209781128064492
-22.0,223.8721138568347,3.198916063962641
-21.0,223.8721138568347,3.188305853950815
-20.0,223.8721138568347,3.177977140495246
-19.5,223.8721138568347,3.17292659610102
-19.0,223.8721138568347,3.167956281991659
-18.5,223.8721138568347,3.163069430380355
-18.0,223.8721138568347,3.15826924184201
-17.5,223.8721138568347,3.153558881843805
-17.0,223.8721138568347,3.1489414772874555
-16.5,223.8721138568347,3.1444201130684135
-16.0,223.8721138568347,3.1399978286572825
-15.5,223.8721138568347,3.1356776147087153
-15.0,223.8721138568347,3.1314624097030728
-14.5,223.8721138568347,3.1273550966260957
-14.0,223.8721138568347,3.1233584996918298
-13.5,223.8721138568347,3.1194753811139937
-13.0,223.8721138568347,3.115708437930956
-12.5,223.8721138568347,3.1120602988894026
-12.0,223.8721138568347,3.1085335213917418
-11.5,223.8721138568347,3.1051305885121914
-11.0,223.8721138568347,3.101853906086418
-10.5,223.8721138568347,3.0987057998794967
-10.0,223.8721138568347,3.095688512836856
-9.5,223.8721138568347,3.0928042024227533
-9.0,223.8721138568347,3.090054938050695
-8.5,223.8721138568347,3.0874426986100882
-8.0,223.8721138568347,3.084969370093257
-7.5,223.8721138568347,3.082636743326808
-7.0,223.8721138568347,3.0804465118111612
-6.5,223.8721138568347,3.0784002696719006
-6.0,223.8721138568347,3.0764995097263985
-5.5,223.8721138568347,3.0747456216690177
-5.0,223.8721138568347,3.073139890377959
-4.5,223.8721138568347,3.0716834943466553
-4.0,223.8721138568347,3.0703775042423835
-3.5,223.8721138568347,3.06922288159457
-3.0,223.8721138568347,3.0682204776150344
-2.5,223.8721138568347,3.0673710321521988
-2.0,223.8721138568347,3.0666751727810633
-1.5,223.8721138568347,3.0661334140305083
-1.0,223.8721138568347,3.0657461567492676
-0.5,223.8721138568347,3.0655136876116513
0.0,223.8721138568347,3.065436178763881
0.5,223.8721138568347,3.0655136876116513
1.0,223.8721138568347,3.0657461567492676
1.5,223.8721138568347,3.0661334140305083
2.0,223.8721138568347,3.0666751727810633
2.5,223.8721138568347,3.0673710321521988
3.0,223.8721138568347,3.0682204776150344
3.5,223.8721138568347,3.06922288159457
4.0,223.8721138568347,3.0703775042423835
4.5,223.8721138568347,3.0716834943466553
5.0,223.8721138568347,3.073139890377959
5.5,223.8721138568347,3.0747456216690177
6.0,223.8721138568347,3.0764995097263985
6.5,223.8721138568347,3.0784002696719006
7.0,223.8721138568347,3.0804465118111612
7.5,223.8721138568347,3.082636743326808
8.0,223.8721138568347,3.084969370093257
8.5,223.8721138568347,3.0874426986100882
9.0,223.8721138568347,3.090054938050695
9.5,223.8721138568347,3.0928042024227533
10.0,223.8721138568347,3.095688512836856
10.5,223.8721138568347,3.0987057998794967
11.0,223.8721138568347,3.101853906086418
11.5,223.8721138568347,3.1051305885121914
12.0,223.8721138568347,3.1085335213917418
12.5,223.8721138568347,3.1120602988894026
13.0,223.8721138568347,3.115708437930956
13.5,223.8721138568347,3.1194753811139937
14.0,223.8721138568347,3.1233584996918298
14.5,223.8721138568347,3.1273550966260957
15.0,223.8721138568347,3.1314624097030728
15.5,223.8721138568347,3.1356776147087153
16.0,223.8721138568347,3.1399978286572825
16.5,223.8721138568347,3.1444201130684135
17.0,223.8721138568347,3.1489414772874555
17.5,223.8721138568347,3.153558881843805
18.0,223.8721138568347,3.15826924184201
18.5,223.8721138568347,3.163069430380355
19.0,223.8721138568347,3.167956281991659
19.5,223.8721138568347,3.17292659610102
20.0,223.8721138568347,3.177977140495246
21.0,223.8721138568347,3.188305853950815
22.0,223.8721138568347,3.198916063962641
23.0,223.8721138568347,3.209781128064492
24.0,223.8721138568347,3.2208742297540156
25.0,223.8721138568347,3.232168487012399
26.0,223.8721138568347,3.243637058707278
27.0,223.8721138568347,3.255253248304815
28.0,223.8721138568347,3.266990604348687
29.0,223.8721138568347,3.2788230171989685
30.0,223.8721138568347,3.290724811562266
31.0,223.8721138568347,3.3026708343854416
32.0,223.8721138568347,3.3146365377285063
33.0,223.8721138568347,3.3265980562772954
34.0,223.8721138568347,3.3385322792028953
35.0,223.8721138568347,3.3504169161220836
36.0,223.8721138568347,3.3622305569607684
37.0,223.8721138568347,3.373952725570192
38.0,223.8721138568347,3.3855639269930284
39.0,223.8721138568347,3.397045688323121
40.0,223.8721138568347,3.4083805931479967
41.0,223.8721138568347,3.419552309607231
42.0,223.8721138568347,3.4305456121417577
43.0,223.8721138568347,3.441346397049131
44.0,223.8721138568347,3.4519416919972343
45.0,223.8721138568347,3.4623196596837555
46.0,223.8721138568347,3.4724695958607548
47.0,223.8721138568347,3.48238192197261
48.0,223.8721138568347,3.492048172681492
49.0,223.8721138568347,3.5014609785771285
50.0,223.8721138568347,3.5106140443869567
51.0,223.8721138568347,3.519502123018784
52.0,223.8721138568347,3.528120985780836
53.0,223.8721138568347,3.5364673891335245
54.0,223.8721138568347,3.544539038333599
55.0,223.8721138568347,3.5523345483345454
56.0,223.8721138568347,3.5598534023073802
57.0,223.8721138568347,3.5670959081434
58.0,223.8721138568347,3.5740631532952967
59.0,223.8721138568347,3.5807569583053405
60.0,223.8721138568347,3.5871798293594237
61.0,223.8721138568347,3.5933349101937595
62.0,223.8721138568347,3.599225933667185
63.0,223.8721138568347,3.6048571732965597
64.0,223.8721138568347,3.6102333950358956
65.0,223.8721138568347,3.615359809561812
66.0,223.8721138568347,3.6202420253089347
67.0,223.8721138568347,3.6248860024791534
68.0,223.8721138568347,3.629298008228417
69.0,223.8721138568347,3.6334845732142216
70.0,223.8721138568347,3.6374524496662977
71.0,223.8721138568347,3.641208571122416
72.0,223.8721138568347,3.6447600139509135
73.0,223.8721138568347,3.6481139607615947
74.0,223.8721138568347,3.6512776657872834
75.0,223.8721138568347,3.6542584222995917
76.0,223.8721138568347,3.657063532104546
77.0,223.8721138568347,3.65970027714669
78.0,223.8721138568347,3.662175893234218
79.0,223.8721138568347,3.6644975458826954
80.0,223.8721138568347,3.6666723082609773
81.0,223.8721138568347,3.6687071412101977
82.0,223.8721138568347,3.670608875295045
83.0,223.8721138568347,3.672384194836122
84.0,223.8721138568347,3.674039623862914
85.0,223.8721138568347,3.6755815139187966
86.0,223.8721138568347,3.677016033642551
87.0,223.8721138568347,3.678349160045029
88.0,223.8721138568347,3.679586671394847
89.0,223.8721138568347,3.6807341416232533
90.0,223.8721138568347,3.681796936155593
91.0,223.8721138568347,3.682780209074936
92.0,223.8721138568347,3.6836889015225234
93.0,223.8721138568347,3.684527741239489
94.0,223.8721138568347,3.6853012431549264
95.0,223.8721138568347,3.6860137109266007
96.0,223.8721138568347,3.6866692393424456
97.0,223.8721138568347,3.6872717174933842
98.0,223.8721138568347,3.687824832630832
99.0,223.8721138568347,3.6883320746254915
100.0,223.8721138568347,3.6887967409476388
-100.0,251.18864315095874,3.954463472650326
-99.0,251.18864315095874,3.953965341111251
-98.0,251.18864315095874,3.953421567604457
-97.0,251.18864315095874,3.952828617176225
-96.0,251.18864315095874,3.9521827486157513
-95.0,251.18864315095874,3.9514800091161826
-94.0,251.18864315095874,3.9507162294947
-93.0,251.18864315095874,3.9498870200571976
-92.0,251.18864315095874,3.9489877671969555
-91.0,251.18864315095874,3.9480136308201885
-90.0,251.18864315095874,3.9469595426943704
-89.0,251.18864315095874,3.945820205817818
-88.0,251.18864315095874,3.944590094910969
-87.0,251.18864315095874,3.9432634581311428
-86.0,251.18864315095874,3.94183432011318
-85.0,251.18864315095874,3.9402964864382004
-84.0,251.18864315095874,3.9386435496316947
-83.0,251.18864315095874,3.9368688967902017
-82.0,251.18864315095874,3.9349657189328964
-81.0,251.18864315095874,3.9329270221704147
-80.0,251.18864315095874,3.930745640778126
-79.0,251.18864315095874,3.928414252254832
-78.0,251.18864315095874,3.925925394440393
-77.0,251.18864315095874,3.9232714847571177
-76.0,251.18864315095874,3.920444841629806
-75.0,251.18864315095874,3.91743770812816
-74.0,251.18864315095874,3.9142422778627997
-73.0,251.18864315095874,3.9108507231524383
-72.0,251.18864315095874,3.9072552254648523
-71.0,251.18864315095874,3.903448008118176
-70.0,251.18864315095874,3.8994213712118437
-69.0,251.18864315095874,3.8951677287382567
-68.0,251.18864315095874,3.890679647807024
-67.0,251.18864315095874,3.8859498898935794
-66.0,251.18864315095874,3.8809714540031988
-65.0,251.18864315095874,3.8757376216200585
-64.0,251.18864315095874,3.8702420032891895
-63.0,251.18864315095874,3.864478586657128
-62.0,251.18864315095874,3.8584417857749025
-61.0,251.18864315095874,3.8521264914450226
-60.0,251.18864315095874,3.8455281223724187
-59.0,251.18864315095874,3.838642676858175
-58.0,251.18864315095874,3.8314667847545447
-57.0,251.18864315095874,3.823997759380407
-56.0,251.18864315095874,3.8162336490782383
-55.0,251.18864315095874,3.8081732880771257
-54.0,251.18864315095874,3.799816346311474
-53.0,251.18864315095874,3.791163377832235
-52.0,251.18864315095874,3.782215867436817
-51.0,251.18864315095874,3.7729762751356253
-50.0,251.18864315095874,3.7634480780676087
-49.0,251.18864315095874,3.7536358094744546
-48.0,251.18864315095874,3.743545094343352
-47.0,251.18864315095874,3.733182681331695
-46.0,251.18864315095874,3.722556470593865
-45.0,251.18864315095874,3.711675537140382
-44.0,251.18864315095874,3.7005501493733806
-43.0,251.18864315095874,3.689191782459549
-42.0,251.18864315095874,3.6776131262223966
-41.0,251.18864315095874,3.665828087259959
-40.0,251.18864315095874,3.653851785021766
-39.0,251.18864315095874,3.6417005416099584
-38.0,251.18864315095874,3.629391865103734
-37.0,251.18864315095874,3.6169444262436583
-36.0,251.18864315095874,3.6043780283525386
-35.0,251.18864315095874,3.5917135704123626
-34.0,251.18864315095874,3.5789730032618485
-33.0,251.18864315095874,3.5661792789262465
-32.0,251.18864315095874,3.553356293139704
-31.0,251.18864315095874,3.540528821170467
-30.0,251.18864315095874,3.527722447109976
-29.0,251.18864315095874,3.5149634868381328
-28.0,251.18864315095874,3.502278904928169
-27.0,251.18864315095874,3.4896962258052584
-26.0,251.18864315095874,3.4772434395226934
-25.0,251.18864315095874,3.464948902567747
-24.0,251.18864315095874,3.452841234155656
-23.0,251.18864315095874,3.44094920851416
-22.0,251.18864315095874,3.429301643702081
-21.0,251.18864315095874,3.4179272875432933
-20.0,251.18864315095874,3.406854701291488
-19.5,251.18864315095874,3.4014404172507704
-19.0,251.18864315095874,3.396112141671125
-18.5,251.18864315095874,3.3908733395493793
-18.0,251.18864315095874,3.3857274419654853
-17.5,251.18864315095874,3.3806778423632173
-17.0,251.18864315095874,3.3757278928434067
-16.5,251.18864315095874,3.3708809004753326
-16.0,251.18864315095874,3.366140123631934
-15.5,251.18864315095874,3.36150876835448
-15.0,251.18864315095874,3.35698998475236
-14.5,251.18864315095874,3.352586863443629
-14.0,251.18864315095874,3.3483024320419137
-13.5,251.18864315095874,3.344139651695259
-13.0,251.18864315095874,3.3401014136824356
-12.5,251.18864315095874,3.3361905360721757
-12.0,251.18864315095874,3.3324097604507243
-11.5,251.18864315095874,3.3287617487230285
-11.0,251.18864315095874,3.3252490799927727
-10.5,251.18864315095874,3.3218742475263743
-10.0,251.18864315095874,3.318639655805943
-9.5,251.18864315095874,3.315547617676072
-9.0,251.18864315095874,3.312600351589199
-8.5,251.18864315095874,3.3097999789541257
-8.0,251.18864315095874,3.307148521592135
-7.5,251.18864315095874,3.304647899304966
-7.0,251.18864315095874,3.302299927558752
-6.5,251.18864315095874,3.3001063152878234
-6.0,251.18864315095874,3.2980686628220943
-5.5,251.18864315095874,3.2961884599415616
-5.0,251.18864315095874,3.294467084061211
-4.5,251.18864315095874,3.292905798549442
-4.0,251.18864315095874,3.291505751182869
-3.5,251.18864315095874,3.290267972740162
-3.0,251.18864315095874,3.2891933757373204
-2.5,251.18864315095874,3.288282753306569
-2.0,251.18864315095874,3.2875367782207876
-1.5,251.18864315095874,3.286956002065171
-1.0,251.18864315095874,3.286540854557534
-0.5,251.18864315095874,3.2862916430184383
0.0,251.18864315095874,3.286208551992058
0.5,251.18864315095874,3.2862916430184383
1.0,251.18864315095874,3.286540854557534
1.5,251.18864315095874,3.286956002065171
2.0,251.18864315095874,3.2875367782207876
2.5,251.18864315095874,3.288282753306569
3.0,251.18864315095874,3.2891933757373204
3.5,251.18864315095874,3.290267972740162
4.0,251.18864315095874,3.291505751182869
4.5,251.18864315095874,3.292905798549442
5.0,251.18864315095874,3.294467084061211
5.5,251.18864315095874,3.2961884599415616
6.0,251.18864315095874,3.2980686628220943
6.5,251.18864315095874,3.3001063152878234
7.0,251.18864315095874,3.302299927558752
7.5,251.18864315095874,3.304647899304966
8.0,251.18864315095874,3.307148521592135
8.5,251.18864315095874,3.3097999789541257
9.0,251.18864315095874,3.312600351589199
9.5,251.18864315095874,3.315547617676072
10.0,251.18864315095874,3.318639655805943
10.5,251.18864315095874,3.3218742475263743
11.0,251.18864315095874,3.3252490799927727
11.5,251.18864315095874,3.3287617487230285
12.0,251.18864315095874,3.3324097604507243
12.5,251.18864315095874,3.3361905360721757
13.0,251.18864315095874,3.3401014136824356
13.5,251.18864315095874,3.344139651695259
14.0,251.18864315095874,3.3483024320419137
14.5,251.18864315095874,3.352586863443629
15.0,251.18864315095874,3.35698998475236
15.5,251.18864315095874,3.36150876835448
16.0,251.18864315095874,3.366140123631934
16.5,251.18864315095874,3.3708809004753326
17.0,251.18864315095874,3.3757278928434067
17.5,251.18864315095874,3.3806778423632173
18.0,251.18864315095874,3.3857274419654853
18.5,251.18864315095874,3.3908733395493793
19.0,251.18864315095874,3.396112141671125
19.5,251.18864315095874,3.4014404172507704
20.0,251.18864315095874,3.406854701291488
21.0,251.18864315095874,3.4179272875432933
22.0,251.18864315095874,3.429301643702081
23.0,251.18864315095874,3.44094920851416
24.0,251.18864315095874,3.452841234155656
25.0,251.18864315095874,3.464948902567747
26.0,251.18864315095874,3.4772434395226934
27.0,251.18864315095874,3.4896962258052584
28.0,251.18864315095874,3.502278904928169
29.0,251.18864315095874,3.5149634868381328
30.0,251.18864315095874,3.527722447109976
31.0,251.18864315095874,3.540528821170467
32.0,251.18864315095874,3.553356293139704
33.0,251.18864315095874,3.5661792789262465
34.0,251.18864315095874,3.5789730032618485
35.0,251.18864315095874,3.5917135704123626
36.0,251.18864315095874,3.6043780283525386
37.0,251.18864315095874,3.6169444262436583
38.0,251.18864315095874,3.629391865103734
39.0,251.18864315095874,3.6417005416099584
40.0,251.18864315095874,3.653851785021766
41.0,251.18864315095874,3.665828087259959
42.0,251.18864315095874,3.6776131262223966
43.0,251.18864315095874,3.689191782459549
44.0,251.18864315095874,3.7005501493733806
45.0,251.18864315095874,3.711675537140382
46.0,251.18864315095874,3.722556470593865
47.0,251.18864315095874,3.733182681331695
48.0,251.18864315095874,3.743545094343352
49.0,251.18864315095874,3.7536358094744546
50.0,251.18864315095874,3.7634480780676087
51.0,251.18864315095874,3.7729762751356253
52.0,251.18864315095874,3.782215867436817
53.0,251.18864315095874,3.791163377832235
54.0,251.18864315095874,3.799816346311474
55.0,251.18864315095874,3.8081732880771257
56.0,251.18864315095874,3.8162336490782383
57.0,251.18864315095874,3.823997759380407
58.0,251.18864315095874,3.8314667847545447
59.0,251.18864315095874,3.838642676858175
60.0,251.18864315095874,3.8455281223724187
61.0,251.18864315095874,3.8521264914450226
62.0,251.18864315095874,3.8584417857749025
63.0,251.18864315095874,3.864478586657128
64.0,251.18864315095874,3.8702420032891895
65.0,251.18864315095874,3.8757376216200585
66.0,251.18864315095874,3.8809714540031988
67.0,251.18864315095874,3.8859498898935794
68.0,251.18864315095874,3.890679647807024
69.0,251.18864315095874,3.8951677287382567
70.0,251.18864315095874,3.8994213712118437
71.0,251.18864315095874,3.903448008118176
72.0,251.18864315095874,3.9072552254648523
73.0,251.18864315095874,3.9108507231524383
74.0,251.18864315095874,3.9142422778627997
75.0,251.18864315095874,3.91743770812816
76.0,251.18864315095874,3.920444841629806
77.0,251.18864315095874,3.9232714847571177
78.0,251.18864315095874,3.925925394440393
79.0,251.18864315095874,3.928414252254832
80.0,251.18864315095874,3.930745640778126
81.0,251.18864315095874,3.9329270221704147
82.0,251.18864315095874,3.9349657189328964
83.0,251.18864315095874,3.9368688967902017
84.0,251.18864315095874,3.9386435496316947
85.0,251.18864315095874,3.9402964864382004
86.0,251.18864315095874,3.94183432011318
87.0,251.18864315095874,3.9432634581311428
88.0,251.18864315095874,3.944590094910969
89.0,251.18864315095874,3.945820205817818
90.0,251.18864315095874,3.9469595426943704
91.0,251.18864315095874,3.9480136308201885
92.0,251.18864315095874,3.9489877671969555
93.0,251.18864315095874,3.9498870200571976
94.0,251.18864315095874,3.9507162294947
95.0,251.18864315095874,3.9514800091161826
96.0,251.18864315095874,3.9521827486157513
97.0,251.18864315095874,3.952828617176225
98.0,251.18864315095874,3.953421567604457
99.0,251.18864315095874,3.953965341111251
100.0,251.18864315095874,3.954463472650326
-100.0,281.83829312644605,4.231764434809683
-99.0,281.83829312644605,4.2312313725256345
-98.0,281.83829312644605,4.230649467697696
-97.0,281.83829312644605,4.230014937488693
-96.0,281.83829312644605,4.2293237783408895
-95.0,281.83829312644605,4.22857176026264
-94.0,281.83829312644605,4.227754421713283
-93.0,281.83829312644605,4.226867065177839
-92.0,281.83829312644605,4.22590475352717
-91.0,281.83829312644605,4.224862307263002
-90.0,281.83829312644605,4.22373430275042
-89.0,281.83829312644605,4.222515071543251
-88.0,281.83829312644605,4.221198700909794
-87.0,281.83829312644605,4.21977903566782
-86.0,281.83829312644605,4.218249681438434
-85.0,281.83829312644605,4.216604009428201
-84.0,281.83829312644605,4.21483516284784
-83.0,281.83829312644605,4.212936065073716
-82.0,281.83829312644605,4.210899429655192
-81.0,281.83829312644605,4.208717772266648
-80.0,281.83829312644605,4.206383424697506
-79.0,281.83829312644605,4.203888550966889
-78.0,281.83829312644605,4.201225165641603
-77.0,281.83829312644605,4.198385154426792
-76.0,281.83829312644605,4.195360297088045
-75.0,281.83829312644605,4.1921422927516785
-74.0,281.83829312644605,4.188722787616686
-73.0,281.83829312644605,4.18509340509709
-72.0,281.83829312644605,4.18124577839754
-71.0,281.83829312644605,4.177171585507737
-70.0,281.83829312644605,4.172862586582862
-69.0,281.83829312644605,4.168310663657637
-68.0,281.83829312644605,4.163507862621113
-67.0,281.83829312644605,4.158446437357787
-66.0,281.83829312644605,4.153118895938427
-65.0,281.83829312644605,4.147518048721121
-64.0,281.83829312644605,4.141637058199727
-63.0,281.83829312644605,4.135469490413293
-62.0,281.83829312644605,4.129009367706353
-61.0,281.83829312644605,4.122251222606424
-60.0,281.83829312644605,4.115190152561825
-59.0,281.83829312644605,4.107821875260361
-58.0,281.83829312644605,4.100142784227609
-57.0,281.83829312644605,4.092150004382868
-56.0,281.83829312644605,4.083841447211485
-55.0,281.83829312644605,4.075215865194571
-54.0,281.83829312644605,4.066272905121164
-53.0,281.83829312644605,4.057013159894226
-52.0,281.83829312644605,4.047438218430412
-51.0,281.83829312644605,4.037550713244754
-50.0,281.83829312644605,4.027354365305481
-49.0,281.83829312644605,4.016854025741216
-48.0,281.83829312644605,4.006055713983142
-47.0,281.83829312644605,3.994966651928372
-46.0,281.83829312644605,3.98359529371805
-45.0,281.83829312644605,3.971951350734523
-44.0,281.83829312644605,3.960045811436594
-43.0,281.83829312644605,3.9478909556702164
-42.0,281.83829312644605,3.935500363114198
-41.0,281.83829312644605,3.922888915546403
-40.0,281.83829312644605,3.9100727926456273
-39.0,281.83829312644605,3.897069461077529
-38.0,281.83829312644605,3.883897656649732
-37.0,281.83829312644605,3.870577359361151
-36.0,281.83829312644605,3.857129761213616
-35.0,281.83829312644605,3.8435772266996326
-34.0,281.83829312644605,3.829943245928351
-33.0,281.83829312644605,3.816252380402193
-32.0,281.83829312644605,3.8025302015086826
-31.0,281.83829312644605,3.788803221845483
-30.0,281.83829312644605,3.775098819550996
-29.0,281.83829312644605,3.761445155867677
-28.0,281.83829312644605,3.747871086219984
-27.0,281.83829312644605,3.7344060651431126
-26.0,281.83829312644605,3.721080045451868
-25.0,281.83829312644605,3.7079233720906832
-24.0,281.83829312644605,3.6949666711553695
-23.0,281.83829312644605,3.6822407346242625
-22.0,281.83829312644605,3.6697764013803744
-21.0,281.83829312644605,3.6576044351466455
-20.0,281.83829312644605,3.6457553999928702
-19.5,281.83829312644605,3.63996144720966
-19.0,281.83829312644605,3.6342595341049484
-18.5,281.83829312644605,3.628653368653393
-18.0,281.83829312644605,3.623146622534405
-17.5,281.83829312644605,3.6177429271520367
-17.0,281.83829312644605,3.6124458696682815
-16.5,281.83829312644605,3.6072589890558118
-16.0,281.83829312644605,3.6021857721761985
-15.5,281.83829312644605,3.597229649889662
-15.0,281.83829312644605,3.5923939932024007
-14.5,281.83829312644605,3.5876821094575364
-14.0,281.83829312644605,3.5830972385756694
-13.5,281.83829312644605,3.5786425493510166
-13.0,281.83829312644605,3.5743211358090403
-12.5,281.83829312644605,3.5701360136314166
-12.0,281.83829312644605,3.566090116654113
-11.5,281.83829312644605,3.562186293444264
-11.0,281.83829312644605,3.558427303961425
-10.5,281.83829312644605,3.5548158163086705
-10.0,281.83829312644605,3.551354403578898
-9.5,281.83829312644605,3.5480455408015428
-9.0,281.83829312644605,3.5448916019947716
-8.5,281.83829312644605,3.5418948573280735
-8.0,281.83829312644605,3.539057470399989
-7.5,281.83829312644605,3.5363814956355437
-7.0,281.83829312644605,3.533868875807775
-6.5,281.83829312644605,3.5315214396875327
-6.0,281.83829312644605,3.5293408998255233
-5.5,281.83829312644605,3.527328850470385
-5.0,281.83829312644605,3.5254867656263125
-4.5,281.83829312644605,3.523815997253565
-4.0,281.83829312644605,3.522317773614913
-3.5,281.83829312644605,3.52099319777087
-3.0,281.83829312644605,3.519843246226286
-2.5,281.83829312644605,3.5188687677306194
-2.0,281.83829312644605,3.518070482233966
-1.5,281.83829312644605,3.5174489800006237
-1.0,281.83829312644605,3.5170047208817397
-0.5,281.83829312644605,3.5167380337482808
0.0,281.83829312644605,3.516649116085311
0.5,281.83829312644605,3.5167380337482808
1.0,281.83829312644605,3.5170047208817397
1.5,281.83829312644605,3.5174489800006237
2.0,281.83829312644605,3.518070482233966
2.5,281.83829312644605,3.5188687677306194
3.0,281.83829312644605,3.519843246226286
3.5,281.83829312644605,3.52099319777087
4.0,281.83829312644605,3.522317773614913
4.5,281.83829312644605,3.523815997253565
5.0,281.83829312644605,3.5254867656263125
5.5,281.83829312644605,3.527328850470385
6.0,281.83829312644605,3.5293408998255233
6.5,281.83829312644605,3.5315214396875327
7.0,281.83829312644605,3.533868875807775
7.5,281.83829312644605,3.5363814956355437
8.0,281.83829312644605,3.539057470399989
8.5,281.83829312644605,3.5418948573280735
9.0,281.83829312644605,3.5448916019947716
9.5,281.83829312644605,3.5480455408015428
10.0,281.83829312644605,3.551354403578898
10.5,281.83829312644605,3.5548158163086705
11.0,281.83829312644605,3.558427303961425
11.5,281.83829312644605,3.562186293444264
12.0,281.83829312644605,3.566090116654113
12.5,281.83829312644605,3.5701360136314166
13.0,281.83829312644605,3.5743211358090403
13.5,281.83829312644605,3.5786425493510166
14.0,281.83829312644605,3.5830972385756694
14.5,281.83829312644605,3.5876821094575364
15.0,281.83829312644605,3.5923939932024007
15.5,281.83829312644605,3.597229649889662
16.0,281.83829312644605,3.6021857721761985
16.5,281.83829312644605,3.6072589890558118
17.0,281.83829312644605,3.6124458696682815
17.5,281.83829312644605,3.6177429271520367
18.0,281.83829312644605,3.623146622534405
18.5,281.83829312644605,3.628653368653393
19.0,281.83829312644605,3.6342595341049484
19.5,281.83829312644605,3.63996144720966
20.0,281.83829312644605,3.6457553999928702
21.0,281.83829312644605,3.6576044351466455
22.0,281.83829312644605,3.6697764013803744
23.0,281.83829312644605,3.6822407346242625
24.0,281.83829312644605,3.6949666711553695
25.0,281.83829312644605,3.7079233720906832
26.0,281.83829312644605,3.721080045451868
27.0,281.83829312644605,3.7344060651431126
28.0,281.83829312644605,3.747871086219984
29.0,281.83829312644605,3.761445155867677
30.0,281.83829312644605,3.775098819550996
31.0,281.83829312644605,3.788803221845483
32.0,281.83829312644605,3.8025302015086826
33.0,281.83829312644605,3.816252380402193
34.0,281.83829312644605,3.829943245928351
35.0,281.83829312644605,3.8435772266996326
36.0,281.83829312644605,3.857129761213616
37.0,281.83829312644605,3.870577359361151
38.0,281.83829312644605,3.883897656649732
39.0,281.83829312644605,3.897069461077529
40.0,281.83829312644605,3.9100727926456273
41.0,281.83829312644605,3.922888915546403
42.0,281.83829312644605,3.935500363114198
43.0,281.83829312644605,3.9478909556702164
44.0,281.83829312644605,3.960045811436594
45.0,281.83829312644605,3.971951350734523
46.0,281.83829312644605,3.98359529371805
47.0,281.83829312644605,3.994966651928372
48.0,281.83829312644605,4.006055713983142
49.0,281.83829312644605,4.016854025741216
50.0,281.83829312644605,4.027354365305481
51.0,281.83829312644605,4.037550713244754
52.0,281.83829312644605,4.047438218430412
53.0,281.83829312644605,4.057013159894226
54.0,281.83829312644605,4.066272905121164
55.0,281.83829312644605,4.075215865194571
56.0,281.83829312644605,4.083841447211485
57.0,281.83829312644605,4.092150004382868
58.0,281.83829312644605,4.100142784227609
59.0,281.83829312644605,4.107821875260361
60.0,281.83829312644605,4.115190152561825
61.0,281.83829312644605,4.122251222606424
62.0,281.83829312644605,4.129009367706353
63.0,281.83829312644605,4.135469490413293
64.0,281.83829312644605,4.141637058199727
65.0,281.83829312644605,4.147518048721121
66.0,281.83829312644605,4.153118895938427
67.0,281.83829312644605,4.158446437357787
68.0,281.83829312644605,4.163507862621113
69.0,281.83829312644605,4.168310663657637
70.0,281.83829312644605,4.172862586582862
71.0,281.83829312644605,4.177171585507737
72.0,281.83829312644605,4.18124577839754
73.0,281.83829312644605,4.18509340509709
74.0,281.83829312644605,4.188722787616686
75.0,281.83829312644605,4.1921422927516785
76.0,281.83829312644605,4.195360297088045
77.0,281.83829312644605,4.198385154426792
78.0,281.83829312644605,4.201225165641603
79.0,281.83829312644605,4.203888550966889
80.0,281.83829312644605,4.206383424697506
81.0,281.83829312644605,4.208717772266648
82.0,281.83829312644605,4.210899429655192
83.0,281.83829312644605,4.212936065073716
84.0,281.83829312644605,4.21483516284784
85.0,281.83829312644605,4.216604009428201
86.0,281.83829312644605,4.218249681438434
87.0,281.83829312644605,4.21977903566782
88.0,281.83829312644605,4.221198700909794
89.0,281.83829312644605,4.222515071543251
90.0,281.83829312644605,4.22373430275042
91.0,281.83829312644605,4.224862307263002
92.0,281.83829312644605,4.22590475352717
93.0,281.83829312644605,4.226867065177839
94.0,281.83829312644605,4.227754421713283
95.0,281.83829312644605,4.22857176026264
96.0,281.83829312644605,4.2293237783408895
97.0,281.83829312644605,4.230014937488693
98.0,281.83829312644605,4.230649467697696
99.0,281.83829312644605,4.2312313725256345
100.0,281.83829312644605,4.231764434809683
-100.0,316.2277660168389,4.520781580236133
-99.0,316.2277660168389,4.520212111355725
-98.0,316.2277660168389,4.519590464128399
-97.0,316.2277660168389,4.518912597360256
-96.0,316.2277660168389,4.518174234062267
-95.0,316.2277660168389,4.517370855346716
-94.0,316.2277660168389,4.51649769496275
-93.0,316.2277660168389,4.515549734568844
-92.0,316.2277660168389,4.514521699844368
-91.0,316.2277660168389,4.513408057546447
-90.0,316.2277660168389,4.512203013621752
-89.0,316.2277660168389,4.510900512485802
-88.0,316.2277660168389,4.509494237584595
-87.0,316.2277660168389,4.5079776133549405
-86.0,316.2277660168389,4.506343808700553
-85.0,316.2277660168389,4.504585742100773
-84.0,316.2277660168389,4.50269608846765
-83.0,316.2277660168389,4.500667287864832
-82.0,316.2277660168389,4.4984915561983945
-81.0,316.2277660168389,4.496160897985148
-80.0,316.2277660168389,4.493667121298138
-79.0,316.2277660168389,4.491001854981892
-78.0,316.2277660168389,4.48815656822146
-77.0,316.2277660168389,4.485122592539363
-76.0,316.2277660168389,4.4818911462831945
-75.0,316.2277660168389,4.478453361653857
-74.0,316.2277660168389,4.474800314310145
-73.0,316.2277660168389,4.4709230555697355
-72.0,316.2277660168389,4.466812647209603
-71.0,316.2277660168389,4.462460198850465
-70.0,316.2277660168389,4.457856907890175
-69.0,316.2277660168389,4.452994101930152
-68.0,316.2277660168389,4.447863283616908
-67.0,316.2277660168389,4.442456177797887
-66.0,316.2277660168389,4.436764780866981
-65.0,316.2277660168389,4.430781412150747
-64.0,316.2277660168389,4.42449876716135
-63.0,316.2277660168389,4.417909972517108
-62.0,316.2277660168389,4.411008642306153
-61.0,316.2277660168389,4.403788935643607
-60.0,316.2277660168389,4.396245615147834
-59.0,316.2277660168389,4.388374106037231
-58.0,316.2277660168389,4.38017055552571
-57.0,316.2277660168389,4.371631892172958
-56.0,316.2277660168389,4.3627558848248755
-55.0,316.2277660168389,4.353541200760677
-54.0,316.2277660168389,4.343987462646125
-53.0,316.2277660168389,4.334095303877722
-52.0,316.2277660168389,4.323866421890486
-51.0,316.2277660168389,4.313303628992535
-50.0,316.2277660168389,4.302410900283353
-49.0,316.2277660168389,4.291193418209475
-48.0,316.2277660168389,4.279657613311643
-47.0,316.2277660168389,4.26781120072144
-46.0,316.2277660168389,4.255663211973149
-45.0,316.2277660168389,4.2432240217081505
-44.0,316.2277660168389,4.230505368864877
-43.0,316.2277660168389,4.217520371966878
-42.0,316.2277660168389,4.204283538145343
-41.0,316.2277660168389,4.190810765560078
-40.0,316.2277660168389,4.177119338914664
-39.0,316.2277660168389,4.163227917796984
-38.0,316.2277660168389,4.149156517615576
-37.0,316.2277660168389,4.1349264829448975
-36.0,316.2277660168389,4.120560453138579
-35.0,316.2277660168389,4.106082320118615
-34.0,316.2277660168389,4.091517178299969
-33.0,316.2277660168389,4.076891266663909
-32.0,316.2277660168389,4.062231903049007
-31.0,316.2277660168389,4.047567410785874
-30.0,316.2277660168389,4.032927037859764
-29.0,316.2277660168389,4.018340868843704
-28.0,316.2277660168389,4.003839729903324
-27.0,316.2277660168389,3.989455087232506
-26.0,316.2277660168389,3.9752189393357837
-25.0,316.2277660168389,3.9611637036286234
-24.0,316.2277660168389,3.9473220978796895
-23.0,316.2277660168389,3.9337270170694625
-22.0,316.2277660168389,3.9204114062865507
-21.0,316.2277660168389,3.907408130326278
-20.0,316.2277660168389,3.8947498406950958
-19.5,316.2277660168389,3.8885601778670718
-19.0,316.2277660168389,3.8824688407586425
-18.5,316.2277660168389,3.8764797905883
-18.0,316.2277660168389,3.87059694980043
-17.5,316.2277660168389,3.8648241978133693
-17.0,316.2277660168389,3.8591653667817956
-16.5,316.2277660168389,3.853624237379872
-16.0,316.2277660168389,3.8482045346116274
-15.5,316.2277660168389,3.8429099236550086
-15.0,316.2277660168389,3.837744005746088
-14.5,316.2277660168389,3.832710314109858
-14.0,316.2277660168389,3.827812309944029
-13.5,316.2277660168389,3.823053378462203
-13.0,316.2277660168389,3.818436825002741
-12.5,316.2277660168389,3.813965871209565
-12.0,316.2277660168389,3.8096436512910667
-11.5,316.2277660168389,3.805473208363192
-11.0,316.2277660168389,3.8014574908826693
-10.5,316.2277660168389,3.7975993491762163
-10.0,316.2277660168389,3.7939015320714575
-9.5,316.2277660168389,3.7903666836351055
-9.0,316.2277660168389,3.7869973400238317
-8.5,316.2277660168389,3.7837959264530667
-8.0,316.2277660168389,3.7807647542888096
-7.5,316.2277660168389,3.7779060182673123
-7.0,316.2277660168389,3.7752217938473343
-6.5,316.2277660168389,3.7727140346994292
-6.0,316.2277660168389,3.770384570336514
-5.5,316.2277660168389,3.768235103889749
-5.0,316.2277660168389,3.7662672100335097
-4.5,316.2277660168389,3.7644823330629897
-4.0,316.2277660168389,3.762881785127717
-3.5,316.2277660168389,3.761466744624017
-3.0,316.2277660168389,3.760238254749165
-2.5,316.2277660168389,3.75919722221973
-2.0,316.2277660168389,3.758344416156293
-1.5,316.2277660168389,3.7576804671364807
-1.0,316.2277660168389,3.7572058664179293
-0.5,316.2277660168389,3.756920965332531
0.0,316.2277660168389,3.7568259748530024
0.5,316.2277660168389,3.756920965332531
1.0,316.2277660168389,3.7572058664179293
1.5,316.2277660168389,3.7576804671364807
2.0,316.2277660168389,3.758344416156293
2.5,316.2277660168389,3.75919722221973
3.0,316.2277660168389,3.760238254749165
3.5,316.2277660168389,3.761466744624017
4.0,316.2277660168389,3.762881785127717
4.5,316.2277660168389,3.7644823330629897
5.0,316.2277660168389,3.7662672100335097
5.5,316.2277660168389,3.768235103889749
6.0,316.2277660168389,3.770384570336514
6.5,316.2277660168389,3.7727140346994292
7.0,316.2277660168389,3.7752217938473343
7.5,316.2277660168389,3.7779060182673123
8.0,316.2277660168389,3.7807647542888096
8.5,316.2277660168389,3.7837959264530667
9.0,316.2277660168389,3.7869973400238317
9.5,316.2277660168389,3.7903666836351055
10.0,316.2277660168389,3.7939015320714575
10.5,316.2277660168389,3.7975993491762163
11.0,316.2277660168389,3.8014574908826693
11.5,316.2277660168389,3.805473208363192
12.0,316.2277660168389,3.8096436512910667
12.5,316.2277660168389,3.813965871209565
13.0,316.2277660168389,3.818436825002741
13.5,316.2277660168389,3.823053378462203
14.0,316.2277660168389,3.827812309944029
14.5,316.2277660168389,3.832710314109858
15.0,316.2277660168389,3.837744005746088
15.5,316.2277660168389,3.8429099236550086
16.0,316.2277660168389,3.8482045346116274
16.5,316.2277660168389,3.853624237379872
17.0,316.2277660168389,3.8591653667817956
17.5,316.2277660168389,3.8648241978133693
18.0,316.2277660168389,3.87059694980043
18.5,316.2277660168389,3.8764797905883
19.0,316.2277660168389,3.8824688407586425
19.5,316.2277660168389,3.8885601778670718
20.0,316.2277660168389,3.8947498406950958
21.0,316.2277660168389,3.907408130326278
22.0,316.2277660168389,3.9204114062865507
23.0,316.2277660168389,3.9337270170694625
24.0,316.2277660168389,3.9473220978796895
25.0,316.2277660168389,3.9611637036286234
26.0,316.2277660168389,3.9752189393357837
27.0,316.2277660168389,3.989455087232506
28.0,316.2277660168389,4.003839729903324
29.0,316.2277660168389,4.018340868843704
30.0,316.2277660168389,4.032927037859764
31.0,316.2277660168389,4.047567410785874
32.0,316.2277660168389,4.062231903049007
33.0,316.2277660168389,4.076891266663909
34.0,316.2277660168389,4.091517178299969
35.0,316.2277660168389,4.106082320118615
36.0,316.2277660168389,4.120560453138579
37.0,316.2277660168389,4.1349264829448975
38.0,316.2277660168389,4.149156517615576
39.0,316.2277660168389,4.163227917796984
40.0,316.2277660168389,4.177119338914664
41.0,316.2277660168389,4.190810765560078
42.0,316.2277660168389,4.204283538145343
43.0,316.2277660168389,4.217520371966878
44.0,316.2277660168389,4.230505368864877
45.0,316.2277660168389,4.2432240217081505
46.0,316.2277660168389,4.255663211973149
47.0,316.2277660168389,4.26781120072144
48.0,316.2277660168389,4.279657613311643
49.0,316.2277660168389,4.291193418209475
50.0,316.2277660168389,4.302410900283353
51.0,316.2277660168389,4.313303628992535
52.0,316.2277660168389,4.323866421890486
53.0,316.2277660168389,4.334095303877722
54.0,316.2277660168389,4.343987462646125
55.0,316.2277660168389,4.353541200760677
56.0,316.2277660168389,4.3627558848248755
57.0,316.2277660168389,4.371631892172958
58.0,316.2277660168389,4.38017055552571
59.0,316.2277660168389,4.388374106037231
60.0,316.2277660168389,4.396245615147834
61.0,316.2277660168389,4.403788935643607
62.0,316.2277660168389,4.411008642306153
63.0,316.2277660168389,4.417909972517108
64.0,316.2277660168389,4.42449876716135
65.0,316.2277660168389,4.430781412150747
66.0,316.2277660168389,4.436764780866981
67.0,316.2277660168389,4.442456177797887
68.0,316.2277660168389,4.447863283616908
69.0,316.2277660168389,4.452994101930152
70.0,316.2277660168389,4.457856907890175
71.0,316.2277660168389,4.462460198850465
72.0,316.2277660168389,4.466812647209603
73.0,316.2277660168389,4.4709230555697355
74.0,316.2277660168389,4.474800314310145
75.0,316.2277660168389,4.478453361653857
76.0,316.2277660168389,4.4818911462831945
77.0,316.2277660168389,4.485122592539363
78.0,316.2277660168389,4.48815656822146
79.0,316.2277660168389,4.491001854981892
80.0,316.2277660168389,4.493667121298138
81.0,316.2277660168389,4.496160897985148
82.0,316.2277660168389,4.4984915561983945
83.0,316.2277660168389,4.500667287864832
84.0,316.2277660168389,4.50269608846765
85.0,316.2277660168389,4.504585742100773
86.0,316.2277660168389,4.506343808700553
87.0,316.2277660168389,4.5079776133549405
88.0,316.2277660168389,4.509494237584595
89.0,316.2277660168389,4.510900512485802
90.0,316.2277660168389,4.512203013621752
91.0,316.2277660168389,4.513408057546447
92.0,316.2277660168389,4.514521699844368
93.0,316.2277660168389,4.515549734568844
94.0,316.2277660168389,4.51649769496275
95.0,316.2277660168389,4.517370855346716
96.0,316.2277660168389,4.518174234062267
97.0,316.2277660168389,4.518912597360256
98.0,316.2277660168389,4.519590464128399
99.0,316.2277660168389,4.520212111355725
100.0,316.2277660168389,4.520781580236133
-100.0,354.81338923357674,4.821594630474349
-99.0,354.81338923357674,4.8209872691039175
-98.0,354.81338923357674,4.820324257436548
-97.0,354.81338923357674,4.819601285377083
-96.0,354.81338923357674,4.818813791345412
-95.0,354.81338923357674,4.817956955766786
-94.0,354.81338923357674,4.817025695243766
-93.0,354.81338923357674,4.816014657514109
-92.0,354.81338923357674,4.814918217303605
-91.0,354.81338923357674,4.813730473187102
-90.0,354.81338923357674,4.812445245574647
-89.0,354.81338923357674,4.811056075942842
-88.0,354.81338923357674,4.809556227433842
-87.0,354.81338923357674,4.807938686946128
-86.0,354.81338923357674,4.806196168841896
-85.0,354.81338923357674,4.804321120395723
-84.0,354.81338923357674,4.802305729107908
-83.0,354.81338923357674,4.800141932003527
-82.0,354.81338923357674,4.797821427034627
-81.0,354.81338923357674,4.795335686698135
-80.0,354.81338923357674,4.792675973975837
-79.0,354.81338923357674,4.78983336069512
-78.0,354.81338923357674,4.786798748400151
-77.0,354.81338923357674,4.783562891812488
-76.0,354.81338923357674,4.780116424948103
-75.0,354.81338923357674,4.776449889944066
-74.0,354.81338923357674,4.772553768633028
-73.0,354.81338923357674,4.768418516886858
-72.0,354.81338923357674,4.764034601732693
-71.0,354.81338923357674,4.759392541224929
-70.0,354.81338923357674,4.754482947035801
-69.0,354.81338923357674,4.749296569704857
-68.0,354.81338923357674,4.743824346464249
-67.0,354.81338923357674,4.738057451532325
-66.0,354.81338923357674,4.731987348742595
-65.0,354.81338923357674,4.72560584634919
-64.0,354.81338923357674,4.718905153823259
-63.0,354.81338923357674,4.711877940427933
-62.0,354.81338923357674,4.7045173953324255
-61.0,354.81338923357674,4.696817288999061
-60.0,354.81338923357674,4.6887720355505484
-59.0,354.81338923357674,4.68037675579907
-58.0,354.81338923357674,4.671627340593944
-57.0,354.81338923357674,4.66252051412105
-56.0,354.81338923357674,4.65305389676518
-55.0,354.81338923357674,4.643226067126233
-54.0,354.81338923357674,4.633036622762129
-53.0,354.81338923357674,4.6224862392156085
-52.0,354.81338923357674,4.611576726869109
-51.0,354.81338923357674,4.600311085161882
-50.0,354.81338923357674,4.588693553696745
-49.0,354.81338923357674,4.576729659760504
-48.0,354.81338923357674,4.564426261782431
-47.0,354.81338923357674,4.551791588259381
-46.0,354.81338923357674,4.5388352716844125
-45.0,354.81338923357674,4.525568377028106
-44.0,354.81338923357674,4.512003424338489
-43.0,354.81338923357674,4.498154405046376
-42.0,354.81338923357674,4.484036791588249
-41.0,354.81338923357674,4.4696675399883254
-40.0,354.81338923357674,4.455065085075294
-39.0,354.81338923357674,4.440249328047023
-38.0,354.81338923357674,4.425241616138413
-37.0,354.81338923357674,4.410064714193059
-36.0,354.81338923357674,4.394742767988403
-35.0,354.81338923357674,4.3793012592162155
-34.0,354.81338923357674,4.36376695207519
-33.0,354.81338923357674,4.348167831489822
-32.0,354.81338923357674,4.332533033029133
-31.0,354.81338923357674,4.316892764659684
-30.0,354.81338923357674,4.301278220529245
-29.0,354.81338923357674,4.285721487039955
-28.0,354.81338923357674,4.270255441532167
-27.0,354.81338923357674,4.254913643962004
-26.0,354.81338923357674,4.239730222016215
-25.0,354.81338923357674,4.224739750166841
-24.0,354.81338923357674,4.20997712322464
-23.0,354.81338923357674,4.195477425003866
-22.0,354.81338923357674,4.181275792761102
-21.0,354.81338923357674,4.167407278116926
-20.0,354.81338923357674,4.153906705210789
-19.5,354.81338923357674,4.147305181884266
-19.0,354.81338923357674,4.1408085268760235
-18.5,354.81338923357674,4.134420964984246
-18.0,354.81338923357674,4.128146679652981
-17.5,354.81338923357674,4.12198980843727
-17.0,354.81338923357674,4.11595443848357
-16.5,354.81338923357674,4.110044602032307
-16.0,354.81338923357674,4.104264271949479
-15.5,354.81338923357674,4.09861735729417
-15.0,354.81338923357674,4.093107698928897
-14.5,354.81338923357674,4.0877390651796315
-14.0,354.81338923357674,4.082515147552368
-13.5,354.81338923357674,4.077439556513005
-13.0,354.81338923357674,4.072515817337294
-12.5,354.81338923357674,4.067747366037519
-12.0,354.81338923357674,4.0631375453724665
-11.5,354.81338923357674,4.058689600947182
-11.0,354.81338923357674,4.054406677408863
-10.5,354.81338923357674,4.050291814745123
-10.0,354.81338923357674,4.046347944690721
-9.5,354.81338923357674,4.042577887248715
-9.0,354.81338923357674,4.038984347331776
-8.5,354.81338923357674,4.035569911529301
-8.0,354.81338923357674,4.032337045005707
-7.5,354.81338923357674,4.0292880885351146
-7.0,354.81338923357674,4.026425255677421
-6.5,354.81338923357674,4.023750630100525
-6.0,354.81338923357674,4.02126616305323
-5.5,354.81338923357674,4.018973670993137
-5.0,354.81338923357674,4.016874833373539
-4.5,354.81338923357674,4.0149711905931085
-4.0,354.81338923357674,4.013264142111876
-3.5,354.81338923357674,4.011754944736721
-3.0,354.81338923357674,4.010444711079321
-2.5,354.81338923357674,4.009334408189215
-2.0,354.81338923357674,4.00842485636431
-1.5,354.81338923357674,4.0077167281409
-1.0,354.81338923357674,4.007210547464932
-0.5,354.81338923357674,4.006906689045941
0.0,354.81338923357674,4.00680537789478
0.5,354.81338923357674,4.006906689045941
1.0,354.81338923357674,4.007210547464932
1.5,354.81338923357674,4.0077167281409
2.0,354.81338923357674,4.00842485636431
2.5,354.81338923357674,4.009334408189215
3.0,354.81338923357674,4.010444711079321
3.5,354.81338923357674,4.011754944736721
4.0,354.81338923357674,4.013264142111876
4.5,354.81338923357674,4.0149711905931085
5.0,354.81338923357674,4.016874833373539
5.5,354.81338923357674,4.018973670993137
6.0,354.81338923357674,4.02126616305323
6.5,354.81338923357674,4.023750630100525
7.0,354.81338923357674,4.026425255677421
7.5,354.81338923357674,4.0292880885351146
8.0,354.81338923357674,4.032337045005707
8.5,354.81338923357674,4.035569911529301
9.0,354.81338923357674,4.038984347331776
9.5,354.81338923357674,4.042577887248715
10.0,354.81338923357674,4.046347944690721
10.5,354.81338923357674,4.050291814745123
11.0,354.81338923357674,4.054406677408863
11.5,354.81338923357674,4.058689600947182
12.0,354.81338923357674,4.0631375453724665
12.5,354.81338923357674,4.067747366037519
13.0,354.81338923357674,4.072515817337294
13.5,354.81338923357674,4.077439556513005
14.0,354.81338923357674,4.082515147552368
14.5,354.81338923357674,4.0877390651796315
15.0,354.81338923357674,4.093107698928897
15.5,354.81338923357674,4.09861735729417
16.0,354.81338923357674,4.104264271949479
16.5,354.81338923357674,4.110044602032307
17.0,354.81338923357674,4.11595443848357
17.5,354.81338923357674,4.12198980843727
18.0,354.81338923357674,4.128146679652981
18.5,354.81338923357674,4.134420964984246
19.0,354.81338923357674,4.1408085268760235
19.5,354.81338923357674,4.147305181884266
20.0,354.81338923357674,4.153906705210789
21.0,354.81338923357674,4.167407278116926
22.0,354.81338923357674,4.181275792761102
23.0,354.81338923357674,4.195477425003866
24.0,354.81338923357674,4.20997712322464
25.0,354.81338923357674,4.224739750166841
26.0,354.81338923357674,4.239730222016215
27.0,354.81338923357674,4.254913643962004
28.0,354.81338923357674,4.270255441532167
29.0,354.81338923357674,4.285721487039955
30.0,354.81338923357674,4.301278220529245
31.0,354.81338923357674,4.316892764659684
32.0,354.81338923357674,4.332533033029133
33.0,354.81338923357674,4.348167831489822
34.0,354.81338923357674,4.36376695207519
35.0,354.81338923357674,4.3793012592162155
36.0,354.81338923357674,4.394742767988403
37.0,354.81338923357674,4.410064714193059
38.0,354.81338923357674,4.425241616138413
39.0,354.81338923357674,4.440249328047023
40.0,354.81338923357674,4.455065085075294
41.0,354.81338923357674,4.4696675399883254
42.0,354.81338923357674,4.484036791588249
43.0,354.81338923357674,4.498154405046376
44.0,354.81338923357674,4.512003424338489
45.0,354.81338923357674,4.525568377028106
46.0,354.81338923357674,4.5388352716844125
47.0,354.81338923357674,4.551791588259381
48.0,354.81338923357674,4.564426261782431
49.0,354.81338923357674,4.576729659760504
50.0,354.81338923357674,4.588693553696745
51.0,354.81338923357674,4.600311085161882
52.0,354.81338923357674,4.611576726869109
53.0,354.81338923357674,4.6224862392156085
54.0,354.81338923357674,4.633036622762129
55.0,354.81338923357674,4.643226067126233
56.0,354.81338923357674,4.65305389676518
57.0,354.81338923357674,4.66252051412105
58.0,354.81338923357674,4.671627340593944
59.0,354.81338923357674,4.68037675579907
60.0,354.81338923357674,4.6887720355505484
61.0,354.81338923357674,4.696817288999061
62.0,354.81338923357674,4.7045173953324255
63.0,354.81338923357674,4.711877940427933
64.0,354.81338923357674,4.718905153823259
65.0,354.81338923357674,4.72560584634919
66.0,354.81338923357674,4.731987348742595
67.0,354.81338923357674,4.738057451532325
68.0,354.81338923357674,4.743824346464249
69.0,354.81338923357674,4.749296569704857
70.0,354.81338923357674,4.754482947035801
71.0,354.81338923357674,4.759392541224929
72.0,354.81338923357674,4.764034601732693
73.0,354.81338923357674,4.768418516886858
74.0,354.81338923357674,4.772553768633028
75.0,354.81338923357674,4.776449889944066
76.0,354.81338923357674,4.780116424948103
77.0,354.81338923357674,4.783562891812488
78.0,354.81338923357674,4.786798748400151
79.0,354.81338923357674,4.78983336069512
80.0,354.81338923357674,4.792675973975837
81.0,354.81338923357674,4.795335686698135
82.0,354.81338923357674,4.797821427034627
83.0,354.81338923357674,4.800141932003527
84.0,354.81338923357674,4.802305729107908
85.0,354.81338923357674,4.804321120395723
86.0,354.81338923357674,4.806196168841896
87.0,354.81338923357674,4.807938686946128
88.0,354.81338923357674,4.809556227433842
89.0,354.81338923357674,4.811056075942842
90.0,354.81338923357674,4.812445245574647
91.0,354.81338923357674,4.813730473187102
92.0,354.81338923357674,4.814918217303605
93.0,354.81338923357674,4.816014657514109
94.0,354.81338923357674,4.817025695243766
95.0,354.81338923357674,4.817956955766786
96.0,354.81338923357674,4.818813791345412
97.0,354.81338923357674,4.819601285377083
98.0,354.81338923357674,4.820324257436548
99.0,354.81338923357674,4.8209872691039175
100.0,354.81338923357674,4.821594630474349
-100.0,398.1071705534986,5.134281208027934
-99.0,398.1071705534986,5.133634458495947
-98.0,398.1071705534986,5.132928449674101
-97.0,398.1071705534986,5.132158591952057
-96.0,398.1071705534986,5.1313200279253985
-95.0,398.1071705534986,5.130407625463794
-94.0,398.1071705534986,5.129415971504976
-93.0,398.1071705534986,5.128339366685654
-92.0,398.1071705534986,5.127171820925391
-91.0,398.1071705534986,5.125907050084067
-90.0,398.1071705534986,5.124538473817419
-89.0,398.1071705534986,5.123059214758547
-88.0,398.1071705534986,5.121462099155759
-87.0,398.1071705534986,5.1197396590989355
-86.0,398.1071705534986,5.117884136467344
-85.0,398.1071705534986,5.1158874887316586
-84.0,398.1071705534986,5.113741396741583
-83.0,398.1071705534986,5.111437274627959
-82.0,398.1071705534986,5.108966281944406
-81.0,398.1071705534986,5.106319338168373
-80.0,398.1071705534986,5.103487139674842
-79.0,398.1071705534986,5.100460179287789
-78.0,398.1071705534986,5.097228768504883
-77.0,398.1071705534986,5.093783062479557
-76.0,398.1071705534986,5.090113087831737
-75.0,398.1071705534986,5.086208773343991
-74.0,398.1071705534986,5.082059983583641
-73.0,398.1071705534986,5.0776565554736495
-72.0,398.1071705534986,5.072988337815665
-71.0,398.1071705534986,5.068045233747791
-70.0,398.1071705534986,5.0628172460971985
-69.0,398.1071705534986,5.057294525564097
-68.0,398.1071705534986,5.0514674216485576
-67.0,398.1071705534986,5.045326536205698
-66.0,398.1071705534986,5.038862779487717
-65.0,398.1071705534986,5.0320674285035505
-64.0,398.1071705534986,5.02493218749859
-63.0,398.1071705534986,5.017449250328305
-62.0,398.1071705534986,5.009611364470822
-61.0,398.1071705534986,5.001411896394983
-60.0,398.1071705534986,4.992844897972211
-59.0,398.1071705534986,4.9839051735931195
-58.0,398.1071705534986,4.974588347623348
-57.0,398.1071705534986,4.964890931808044
-56.0,398.1071705534986,4.9548103922109075
-55.0,398.1071705534986,4.944345215252224
-54.0,398.1071705534986,4.933494972391032
-53.0,398.1071705534986,4.922260382979882
-52.0,398.1071705534986,4.910643374806827
-51.0,398.1071705534986,4.898647141828588
-50.0,398.1071705534986,4.886276198591649
-49.0,398.1071705534986,4.873536430834435
-48.0,398.1071705534986,4.860435141764123
-47.0,398.1071705534986,4.846981093506113
-46.0,398.1071705534986,4.833184543232956
-45.0,398.1071705534986,4.819057273492724
-44.0,398.1071705534986,4.804612616274572
-43.0,398.1071705534986,4.789865470371493
-42.0,398.1071705534986,4.774832311627258
-41.0,398.1071705534986,4.759531195685943
-40.0,398.1071705534986,4.743981752898448
-39.0,398.1071705534986,4.728205175080774
-38.0,398.1071705534986,4.712224193863302
-37.0,398.1071705534986,4.696063050418846
-36.0,398.1071705534986,4.679747456409392
-35.0,398.1071705534986,4.6633045460470095
-34.0,398.1071705534986,4.646762819222899
-33.0,398.1071705534986,4.630152075719699
-32.0,398.1071705534986,4.613503340585339
-31.0,398.1071705534986,4.596848780811642
-30.0,398.1071705534986,4.580221613526748
-29.0,398.1071705534986,4.563656005977011
-28.0,398.1071705534986,4.5471869676403465
-27.0,398.1071705534986,4.530850234878947
-26.0,398.1071705534986,4.51468214860369
-25.0,398.1071705534986,4.498719525485343
-24.0,398.1071705534986,4.482999523307761
-23.0,398.1071705534986,4.467559501115421
-22.0,398.1071705534986,4.4524368748609255
-21.0,398.1071705534986,4.43766896930727
-20.0,398.1071705534986,4.423292866983885
-19.5,398.1071705534986,4.416263226427728
-19.0,398.1071705534986,4.409345255034397
-18.5,398.1071705534986,4.40254345158564
-18.0,398.1071705534986,4.3958622708272
-17.5,398.1071705534986,4.3893061186398565
-17.0,398.1071705534986,4.382879347226737
-16.5,398.1071705534986,4.376586250324219
-16.0,398.1071705534986,4.370431058443739
-15.5,398.1071705534986,4.364417934151862
-15.0,398.1071705534986,4.358550967395949
-14.5,398.1071705534986,4.352834170882734
-14.0,398.1071705534986,4.3472714755170925
-13.5,398.1071705534986,4.341866725908252
-13.0,398.1071705534986,4.336623675950609
-12.5,398.1071705534986,4.331545984486235
-12.0,398.1071705534986,4.326637211056099
-11.5,398.1071705534986,4.321900811746885
-11.0,398.1071705534986,4.3173401351401814
-10.5,398.1071705534986,4.312958418370686
-10.0,398.1071705534986,4.308758783299908
-9.5,398.1071705534986,4.304744232811706
-9.0,398.1071705534986,4.3009176472358
-8.5,398.1071705534986,4.297281780905216
-8.0,398.1071705534986,4.293839258853437
-7.5,398.1071705534986,4.2905925736567765
-7.0,398.1071705534986,4.287544082427323
-6.5,398.1071705534986,4.2846960039615025
-6.0,398.1071705534986,4.282050416049099
-5.5,398.1071705534986,4.279609252947313
-5.0,398.1071705534986,4.277374303024128
-4.5,398.1071705534986,4.275347206575043
-4.0,398.1071705534986,4.2735294538168604
-3.5,398.1071705534986,4.271922383061992
-3.0,398.1071705534986,4.2705271790764066
-2.5,398.1071705534986,4.2693448716240425
-2.0,398.1071705534986,4.268376334200173
-1.5,398.1071705534986,4.267622282955934
-1.0,398.1071705534986,4.267083275815835
-0.5,398.1071705534986,4.266759711789804
0.0,398.1071705534986,4.266651830480936
0.5,398.1071705534986,4.266759711789804
1.0,398.1071705534986,4.267083275815835
1.5,398.1071705534986,4.267622282955934
2.0,398.1071705534986,4.268376334200173
2.5,398.1071705534986,4.2693448716240425
3.0,398.1071705534986,4.2705271790764066
3.5,398.1071705534986,4.271922383061992
4.0,398.1071705534986,4.2735294538168604
4.5,398.1071705534986,4.275347206575043
5.0,398.1071705534986,4.277374303024128
5.5,398.1071705534986,4.279609252947313
6.0,398.1071705534986,4.282050416049099
6.5,398.1071705534986,4.2846960039615025
7.0,398.1071705534986,4.287544082427323
7.5,398.1071705534986,4.2905925736567765
8.0,398.1071705534986,4.293839258853437
8.5,398.1071705534986,4.297281780905216
9.0,398.1071705534986,4.3009176472358
9.5,398.1071705534986,4.304744232811706
10.0,398.1071705534986,4.308758783299908
10.5,398.1071705534986,4.312958418370686
11.0,398.1071705534986,4.3173401351401814
11.5,398.1071705534986,4.321900811746885
12.0,398.1071705534986,4.326637211056099
12.5,398.1071705534986,4.331545984486235
13.0,398.1071705534986,4.336623675950609
13.5,398.1071705534986,4.341866725908252
14.0,398.1071705534986,4.3472714755170925
14.5,398.1071705534986,4.352834170882734
15.0,398.1071705534986,4.358550967395949
15.5,398.1071705534986,4.364417934151862
16.0,398.1071705534986,4.370431058443739
16.5,398.1071705534986,4.376586250324219
17.0,398.1071705534986,4.382879347226737
17.5,398.1071705534986,4.3893061186398565
18.0,398.1071705534986,4.3958622708272
18.5,398.1071705534986,4.40254345158564
19.0,398.1071705534986,4.409345255034397
19.5,398.1071705534986,4.416263226427728
20.0,398.1071705534986,4.423292866983885
21.0,398.1071705534986,4.43766896930727
22.0,398.1071705534986,4.4524368748609255
23.0,398.1071705534986,4.467559501115421
24.0,398.1071705534986,4.482999523307761
25.0,398.1071705534986,4.498719525485343
26.0,398.1071705534986,4.51468214860369
27.0,398.1071705534986,4.530850234878947
28.0,398.1071705534986,4.5471869676403465
29.0,398.1071705534986,4.563656005977011
30.0,398.1071705534986,4.580221613526748
31.0,398.1071705534986,4.596848780811642
32.0,398.1071705534986,4.613503340585339
33.0,398.1071705534986,4.630152075719699
34.0,398.1071705534986,4.646762819222899
35.0,398.1071705534986,4.6633045460470095
36.0,398.1071705534986,4.679747456409392
37.0,398.1071705534986,4.696063050418846
38.0,398.1071705534986,4.712224193863302
39.0,398.1071705534986,4.728205175080774
40.0,398.1071705534986,4.743981752898448
41.0,398.1071705534986,4.759531195685943
42.0,398.1071705534986,4.774832311627258
43.0,398.1071705534986,4.789865470371493
44.0,398.1071705534986,4.804612616274572
45.0,398.1071705534986,4.819057273492724
46.0,398.1071705534986,4.833184543232956
47.0,398.1071705534986,4.846981093506113
48.0,398.1071705534986,4.860435141764123
49.0,398.1071705534986,4.873536430834435
50.0,398.1071705534986,4.886276198591649
51.0,398.1071705534986,4.898647141828588
52.0,398.1071705534986,4.910643374806827
53.0,398.1071705534986,4.922260382979882
54.0,398.1071705534986,4.933494972391032
55.0,398.1071705534986,4.944345215252224
56.0,398.1071705534986,4.9548103922109075
57.0,398.1071705534986,4.964890931808044
58.0,398.1071705534986,4.974588347623348
59.0,398.1071705534986,4.9839051735931195
60.0,398.1071705534986,4.992844897972211
61.0,398.1071705534986,5.001411896394983
62.0,398.1071705534986,5.009611364470822
63.0,398.1071705534986,5.017449250328305
64.0,398.1071705534986,5.02493218749859
65.0,398.1071705534986,5.0320674285035505
66.0,398.1071705534986,5.038862779487717
67.0,398.1071705534986,5.045326536205698
68.0,398.1071705534986,5.0514674216485576
69.0,398.1071705534986,5.057294525564097
70.0,398.1071705534986,5.0628172460971985
71.0,398.1071705534986,5.068045233747791
72.0,398.1071705534986,5.072988337815665
73.0,398.1071705534986,5.0776565554736495
74.0,398.1071705534986,5.082059983583641
75.0,398.1071705534986,5.086208773343991
76.0,398.1071705534986,5.090113087831737
77.0,398.1071705534986,5.093783062479557
78.0,398.1071705534986,5.097228768504883
79.0,398.1071705534986,5.100460179287789
80.0,398.1071705534986,5.103487139674842
81.0,398.1071705534986,5.106319338168373
82.0,398.1071705534986,5.108966281944406
83.0,398.1071705534986,5.111437274627959
84.0,398.1071705534986,5.113741396741583
85.0,398.1071705534986,5.1158874887316586
86.0,398.1071705534986,5.117884136467344
87.0,398.1071705534986,5.1197396590989355
88.0,398.1071705534986,5.121462099155759
89.0,398.1071705534986,5.123059214758547
90.0,398.1071705534986,5.124538473817419
91.0,398.1071705534986,5.125907050084067
92.0,398.1071705534986,5.127171820925391
93.0,398.1071705534986,5.128339366685654
94.0,398.1071705534986,5.129415971504976
95.0,398.1071705534986,5.130407625463794
96.0,398.1071705534986,5.1313200279253985
97.0,398.1071705534986,5.132158591952057
98.0,398.1071705534986,5.132928449674101
99.0,398.1071705534986,5.133634458495947
100.0,398.1071705534986,5.134281208027934
-100.0,446.6835921509644,5.458916956780627
-99.0,446.6835921509644,5.458229313886927
-98.0,446.6835921509644,5.457478664794473
-97.0,446.6835921509644,5.4566601296962
-96.0,446.6835921509644,5.455768544058602
-95.0,446.6835921509644,5.454798451251594
-94.0,446.6835921509644,5.453744095950099
-93.0,446.6835921509644,5.452599418425471
-92.0,446.6835921509644,5.451358049850149
-91.0,446.6835921509644,5.4500133087437685
-90.0,446.6835921509644,5.448558198693122
-89.0,446.6835921509644,5.446985407481896
-88.0,446.6835921509644,5.445287307768861
-87.0,446.6835921509644,5.443455959454994
-86.0,446.6835921509644,5.441483113880925
-85.0,446.6835921509644,5.439360219995796
-84.0,446.6835921509644,5.4370784326373025
-83.0,446.6835921509644,5.43462862305989
-82.0,446.6835921509644,5.432001391844109
-81.0,446.6835921509644,5.42918708431455
-80.0,446.6835921509644,5.426175808586774
-79.0,446.6835921509644,5.422957456355005
-78.0,446.6835921509644,5.419521726522064
-77.0,446.6835921509644,5.415858151761039
-76.0,446.6835921509644,5.41195612808446
-75.0,446.6835921509644,5.407804947481334
-74.0,446.6835921509644,5.403393833665154
-73.0,446.6835921509644,5.398711980957122
-72.0,446.6835921509644,5.393748596308212
-71.0,446.6835921509644,5.38849294444149
-70.0,446.6835921509644,5.382934396072336
-69.0,446.6835921509644,5.377062479139044
-68.0,446.6835921509644,5.370866932949691
-67.0,446.6835921509644,5.364337765123578
-66.0,446.6835921509644,5.357465311176739
-65.0,446.6835921509644,5.350240296571629
-64.0,446.6835921509644,5.342653901020915
-63.0,446.6835921509644,5.334697824804926
-62.0,446.6835921509644,5.326364356831683
-61.0,446.6835921509644,5.317646444138123
-60.0,446.6835921509644,5.308537762501118
-59.0,446.6835921509644,5.2990327877978105
-58.0,446.6835921509644,5.2891268677266154
-57.0,446.6835921509644,5.278816293473623
-56.0,446.6835921509644,5.268098370884135
-55.0,446.6835921509644,5.256971490676222
-54.0,446.6835921509644,5.245435197212683
-53.0,446.6835921509644,5.233490255330048
-52.0,446.6835921509644,5.221138714708589
-51.0,446.6835921509644,5.208383971255893
-50.0,446.6835921509644,5.19523082496895
-49.0,446.6835921509644,5.1816855337358625
-48.0,446.6835921509644,5.167755862538697
-47.0,446.6835921509644,5.153451127523763
-46.0,446.6835921509644,5.138782234414937
-45.0,446.6835921509644,5.123761710759673
-44.0,446.6835921509644,5.108403731516199
-43.0,446.6835921509644,5.092724137514108
-42.0,446.6835921509644,5.076740446349207
-41.0,446.6835921509644,5.06047185530688
-40.0,446.6835921509644,5.0439392359465645
-39.0,446.6835921509644,5.02716512002276
-38.0,446.6835921509644,5.010173676465355
-37.0,446.6835921509644,4.992990679193612
-36.0,446.6835921509644,4.975643465593607
-35.0,446.6835921509644,4.9581608855479935
-34.0,446.6835921509644,4.9405732409691625
-33.0,446.6835921509644,4.922912215851844
-32.0,446.6835921509644,4.905210796928433
-31.0,446.6835921509644,4.887503185079241
-30.0,446.6835921509644,4.869824697720035
-29.0,446.6835921509644,4.852211662459863
-28.0,446.6835921509644,4.834701302392846
-27.0,446.6835921509644,4.817331613457585
-26.0,446.6835921509644,4.800141234366412
-25.0,446.6835921509644,4.78316930967339
-24.0,446.6835921509644,4.766455346613936
-23.0,446.6835921509644,4.7500390664096015
-22.0,446.6835921509644,4.733960250788314
-21.0,446.6835921509644,4.718258584522561
-20.0,446.6835921509644,4.702973494835063
-19.5,446.6835921509644,4.695499376749736
-19.0,446.6835921509644,4.68814398856287
-18.5,446.6835921509644,4.680912113509931
-18.0,446.6835921509644,4.673808488006027
-17.5,446.6835921509644,4.666837796511614
-17.0,446.6835921509644,4.660004666415512
-16.5,446.6835921509644,4.653313662942989
-16.0,446.6835921509644,4.646769284096724
-15.5,446.6835921509644,4.640375955638433
-15.0,446.6835921509644,4.634138026118983
-14.5,446.6835921509644,4.628059761964759
-14.0,446.6835921509644,4.622145342628042
-13.5,446.6835921509644,4.616398855809066
-13.0,446.6835921509644,4.61082429275742
-12.5,446.6835921509644,4.605425543660306
-12.0,446.6835921509644,4.600206393125103
-11.5,446.6835921509644,4.59517051576359
-11.0,446.6835921509644,4.590321471885003
-10.5,446.6835921509644,4.58566270330501
-10.0,446.6835921509644,4.581197529277472
-9.5,446.6835921509644,4.576929142555758
-9.0,446.6835921509644,4.572860605590111
-8.5,446.6835921509644,4.568994846867434
-8.0,446.6835921509644,4.565334657399594
-7.5,446.6835921509644,4.561882687366153
-7.0,446.6835921509644,4.558641442917166
-6.5,446.6835921509644,4.555613283141461
-6.0,446.6835921509644,4.552800417205506
-5.5,446.6835921509644,4.550204901667756
-5.0,446.6835921509644,4.547828637973016
-4.5,446.6835921509644,4.545673370131115
-4.0,446.6835921509644,4.543740682583857
-3.5,446.6835921509644,4.542031998263881
-3.0,446.6835921509644,4.540548576848792
-2.5,446.6835921509644,4.539291513213526
-2.0,446.6835921509644,4.53826173608364
-1.5,446.6835921509644,4.537460006891825
-1.0,446.6835921509644,4.536886918839634
-0.5,446.6835921509644,4.536542896166013
0.0,446.6835921509644,4.536428193623936
0.5,446.6835921509644,4.536542896166013
1.0,446.6835921509644,4.536886918839634
1.5,446.6835921509644,4.537460006891825
2.0,446.6835921509644,4.53826173608364
2.5,446.6835921509644,4.539291513213526
3.0,446.6835921509644,4.540548576848792
3.5,446.6835921509644,4.542031998263881
4.0,446.6835921509644,4.543740682583857
4.5,446.6835921509644,4.545673370131115
5.0,446.6835921509644,4.547828637973016
5.5,446.6835921509644,4.550204901667756
6.0,446.6835921509644,4.552800417205506
6.5,446.6835921509644,4.555613283141461
7.0,446.6835921509644,4.558641442917166
7.5,446.6835921509644,4.561882687366153
8.0,446.6835921509644,4.565334657399594
8.5,446.6835921509644,4.568994846867434
9.0,446.6835921509644,4.572860605590111
9.5,446.6835921509644,4.576929142555758
10.0,446.6835921509644,4.581197529277472
10.5,446.6835921509644,4.58566270330501
11.0,446.6835921509644,4.590321471885003
11.5,446.6835921509644,4.59517051576359
12.0,446.6835921509644,4.600206393125103
12.5,446.6835921509644,4.605425543660306
13.0,446.6835921509644,4.61082429275742
13.5,446.6835921509644,4.616398855809066
14.0,446.6835921509644,4.622145342628042
14.5,446.6835921509644,4.628059761964759
15.0,446.6835921509644,4.634138026118983
15.5,446.6835921509644,4.640375955638433
16.0,446.6835921509644,4.646769284096724
16.5,446.6835921509644,4.653313662942989
17.0,446.6835921509644,4.660004666415512
17.5,446.6835921509644,4.666837796511614
18.0,446.6835921509644,4.673808488006027
18.5,446.6835921509644,4.680912113509931
19.0,446.6835921509644,4.68814398856287
19.5,446.6835921509644,4.695499376749736
20.0,446.6835921509644,4.702973494835063
21.0,446.6835921509644,4.718258584522561
22.0,446.6835921509644,4.733960250788314
23.0,446.6835921509644,4.7500390664096015
24.0,446.6835921509644,4.766455346613936
25.0,446.6835921509644,4.78316930967339
26.0,446.6835921509644,4.800141234366412
27.0,446.6835921509644,4.817331613457585
28.0,446.6835921509644,4.834701302392846
29.0,446.6835921509644,4.852211662459863
30.0,446.6835921509644,4.869824697720035
31.0,446.6835921509644,4.887503185079241
32.0,446.6835921509644,4.905210796928433
33.0,446.6835921509644,4.922912215851844
34.0,446.6835921509644,4.9405732409691625
35.0,446.6835921509644,4.9581608855479935
36.0,446.6835921509644,4.975643465593607
37.0,446.6835921509644,4.992990679193612
38.0,446.6835921509644,5.010173676465355
39.0,446.6835921509644,5.02716512002276
40.0,446.6835921509644,5.0439392359465645
41.0,446.6835921509644,5.06047185530688
42.0,446.6835921509644,5.076740446349207
43.0,446.6835921509644,5.092724137514108
44.0,446.6835921509644,5.108403731516199
45.0,446.6835921509644,5.123761710759673
46.0,446.6835921509644,5.138782234414937
47.0,446.6835921509644,5.153451127523763
48.0,446.6835921509644,5.167755862538697
49.0,446.6835921509644,5.1816855337358625
50.0,446.6835921509644,5.19523082496895
51.0,446.6835921509644,5.208383971255893
52.0,446.6835921509644,5.221138714708589
53.0,446.6835921509644,5.233490255330048
54.0,446.6835921509644,5.245435197212683
55.0,446.6835921509644,5.256971490676222
56.0,446.6835921509644,5.268098370884135
57.0,446.6835921509644,5.278816293473623
58.0,446.6835921509644,5.2891268677266154
59.0,446.6835921509644,5.2990327877978105
60.0,446.6835921509644,5.308537762501118
61.0,446.6835921509644,5.317646444138123
62.0,446.6835921509644,5.326364356831683
63.0,446.6835921509644,5.334697824804926
64.0,446.6835921509644,5.342653901020915
65.0,446.6835921509644,5.350240296571629
66.0,446.6835921509644,5.357465311176739
67.0,446.6835921509644,5.364337765123578
68.0,446.6835921509644,5.370866932949691
69.0,446.6835921509644,5.377062479139044
70.0,446.6835921509644,5.382934396072336
71.0,446.6835921509644,5.38849294444149
72.0,446.6835921509644,5.393748596308212
73.0,446.6835921509644,5.398711980957122
74.0,446.6835921509644,5.403393833665154
75.0,446.6835921509644,5.407804947481334
76.0,446.6835921509644,5.41195612808446
77.0,446.6835921509644,5.415858151761039
78.0,446.6835921509644,5.419521726522064
79.0,446.6835921509644,5.422957456355005
80.0,446.6835921509644,5.426175808586774
81.0,446.6835921509644,5.42918708431455
82.0,446.6835921509644,5.432001391844109
83.0,446.6835921509644,5.43462862305989
84.0,446.6835921509644,5.4370784326373025
85.0,446.6835921509644,5.439360219995796
86.0,446.6835921509644,5.441483113880925
87.0,446.6835921509644,5.443455959454994
88.0,446.6835921509644,5.445287307768861
89.0,446.6835921509644,5.446985407481896
90.0,446.6835921509644,5.448558198693122
91.0,446.6835921509644,5.4500133087437685
92.0,446.6835921509644,5.451358049850149
93.0,446.6835921509644,5.452599418425471
94.0,446.6835921509644,5.453744095950099
95.0,446.6835921509644,5.454798451251594
96.0,446.6835921509644,5.455768544058602
97.0,446.6835921509644,5.4566601296962
98.0,446.6835921509644,5.457478664794473
99.0,446.6835921509644,5.458229313886927
100.0,446.6835921509644,5.458916956780627
-100.0,501.18723362727405,5.795575652000216
-99.0,501.18723362727405,5.794845601251405
-98.0,501.18723362727405,5.794048658627462
-97.0,501.18723362727405,5.7931796433771074
-96.0,501.18723362727405,5.792233072463161
-95.0,501.18723362727405,5.791203152737877
-94.0,501.18723362727405,5.790083773937599
-93.0,501.18723362727405,5.788868502622126
-92.0,501.18723362727405,5.7875505771897995
-91.0,501.18723362727405,5.786122904104446
-90.0,501.18723362727405,5.784578055474713
-89.0,501.18723362727405,5.782908268130147
-88.0,501.18723362727405,5.781105444341207
-87.0,501.18723362727405,5.779161154332364
-86.0,501.18723362727405,5.777066640738411
-85.0,501.18723362727405,5.7748128251537745
-84.0,501.18723362727405,5.772390316923181
-83.0,501.18723362727405,5.769789424319153
-82.0,501.18723362727405,5.7670001682475
-81.0,501.18723362727405,5.76401229861609
-80.0,501.18723362727405,5.760815313494768
-79.0,501.18723362727405,5.757398481185049
-78.0,501.18723362727405,5.7537508653073415
-77.0,501.18723362727405,5.74986135300071
-76.0,501.18723362727405,5.745718686315623
-75.0,501.18723362727405,5.741311496863758
-74.0,501.18723362727405,5.736628343770633
-73.0,501.18723362727405,5.731657754956818
-72.0,501.18723362727405,5.726388271751546
-71.0,501.18723362727405,5.720808496819023
-70.0,501.18723362727405,5.714907145352462
-69.0,501.18723362727405,5.70867309946413
-68.0,501.18723362727405,5.702095465671542
-67.0,501.18723362727405,5.69516363535054
-66.0,501.18723362727405,5.6878673479955335
-65.0,501.18723362727405,5.680196757095866
-64.0,501.18723362727405,5.672142498405313
-63.0,501.18723362727405,5.663695760349411
-62.0,501.18723362727405,5.654848356282848
-61.0,501.18723362727405,5.645592798276913
-60.0,501.18723362727405,5.635922372085199
-59.0,501.18723362727405,5.625831212904815
-58.0,501.18723362727405,5.61531438152053
-57.0,501.18723362727405,5.604367940390929
-56.0,501.18723362727405,5.592989029209197
-55.0,501.18723362727405,5.581175939446839
-54.0,501.18723362727405,5.568928187366901
-53.0,501.18723362727405,5.556246584974404
-52.0,501.18723362727405,5.543133308356135
-51.0,501.18723362727405,5.529591962849837
-50.0,501.18723362727405,5.515627644474721
-49.0,501.18723362727405,5.501246997051202
-48.0,501.18723362727405,5.486458264438154
-47.0,501.18723362727405,5.471271337321066
-46.0,501.18723362727405,5.455697793994362
-45.0,501.18723362727405,5.439750934596068
-44.0,501.18723362727405,5.423445808273007
-43.0,501.18723362727405,5.406799232779879
-42.0,501.18723362727405,5.389829806046006
-41.0,501.18723362727405,5.372557909278983
-40.0,501.18723362727405,5.35500570121518
-39.0,501.18723362727405,5.337197103172473
-38.0,501.18723362727405,5.319157774610914
-37.0,501.18723362727405,5.30091507896177
-36.0,501.18723362727405,5.282498039544206
-35.0,501.18723362727405,5.2639372854516475
-34.0,501.18723362727405,5.24526498735587
-33.0,501.18723362727405,5.2265147832458485
-32.0,501.18723362727405,5.207721694189794
-31.0,501.18723362727405,5.188922030281962
-30.0,501.18723362727405,5.170153287010287
-29.0,501.18723362727405,5.151454032355957
-28.0,501.18723362727405,5.132863785010995
-27.0,501.18723362727405,5.114422884174251
-26.0,501.18723362727405,5.096172351459019
-25.0,501.18723362727405,5.078153745516263
-24.0,501.18723362727405,5.060409010045341
-23.0,501.18723362727405,5.042980315928557
-22.0,501.18723362727405,5.025909898286101
-21.0,501.18723362727405,5.009239889303348
-20.0,501.18723362727405,4.993012147732474
-19.5,501.18723362727405,4.985077090808463
-19.0,501.18723362727405,4.977268086014233
-18.5,501.18723362727405,4.969590211573761
-18.0,501.18723362727405,4.9620484960032
-17.5,501.18723362727405,4.954647912659933
-17.0,501.18723362727405,4.947393374310027
-16.5,501.18723362727405,4.940289727722285
-16.0,501.18723362727405,4.933341748297215
-15.5,501.18723362727405,4.926554134739165
-15.0,501.18723362727405,4.919931503779939
-14.5,501.18723362727405,4.913478384962133
-14.0,501.18723362727405,4.907199215490426
-13.5,501.18723362727405,4.901098335158984
-13.0,501.18723362727405,4.895179981363086
-12.5,501.18723362727405,4.889448284202969
-12.0,501.18723362727405,4.883907261687803
-11.5,501.18723362727405,4.878560815047577
-11.0,501.18723362727405,4.873412724160555
-10.5,501.18723362727405,4.868466643103766
-10.0,501.18723362727405,4.863726095833892
-9.5,501.18723362727405,4.859194472005659
-9.0,501.18723362727405,4.854875022934708
-8.5,501.18723362727405,4.850770857711637
-8.0,501.18723362727405,4.846884939473739
-7.5,501.18723362727405,4.8432200818406885
-7.0,501.18723362727405,4.839778945520159
-6.5,501.18723362727405,4.836564035089136
-6.0,501.18723362727405,4.833577695956333
-5.5,501.18723362727405,4.830822111510908
-5.0,501.18723362727405,4.828299300462305
-4.5,501.18723362727405,4.82601111437577
-4.0,501.18723362727405,4.823959235407743
-3.5,501.18723362727405,4.822145174245025
-3.0,501.18723362727405,4.820570268251215
-2.5,501.18723362727405,4.81923567982365
-2.0,501.18723362727405,4.818142394963629
-1.5,501.18723362727405,4.817291222062417
-1.0,501.18723362727405,4.816682790905096
-0.5,501.18723362727405,4.816317551893996
0.0,501.18723362727405,4.816195775493045
0.5,501.18723362727405,4.816317551893996
1.0,501.18723362727405,4.816682790905096
1.5,501.18723362727405,4.817291222062417
2.0,501.18723362727405,4.818142394963629
2.5,501.18723362727405,4.81923567982365
3.0,501.18723362727405,4.820570268251215
3.5,501.18723362727405,4.822145174245025
4.0,501.18723362727405,4.823959235407743
4.5,501.18723362727405,4.82601111437577
5.0,501.18723362727405,4.828299300462305
5.5,501.18723362727405,4.830822111510908
6.0,501.18723362727405,4.833577695956333
6.5,501.18723362727405,4.836564035089136
7.0,501.18723362727405,4.839778945520159
7.5,501.18723362727405,4.8432200818406885
8.0,501.18723362727405,4.846884939473739
8.5,501.18723362727405,4.850770857711637
9.0,501.18723362727405,4.854875022934708
9.5,501.18723362727405,4.859194472005659
10.0,501.18723362727405,4.863726095833892
10.5,501.18723362727405,4.868466643103766
11.0,501.18723362727405,4.873412724160555
11.5,501.18723362727405,4.878560815047577
12.0,501.18723362727405,4.883907261687803
12.5,501.18723362727405,4.889448284202969
13.0,501.18723362727405,4.895179981363086
13.5,501.18723362727405,4.901098335158984
14.0,501.18723362727405,4.907199215490426
14.5,501.18723362727405,4.913478384962133
15.0,501.18723362727405,4.919931503779939
15.5,501.18723362727405,4.926554134739165
16.0,501.18723362727405,4.933341748297215
16.5,501.18723362727405,4.940289727722285
17.0,501.18723362727405,4.947393374310027
17.5,501.18723362727405,4.954647912659933
18.0,501.18723362727405,4.9620484960032
18.5,501.18723362727405,4.969590211573761
19.0,501.18723362727405,4.977268086014233
19.5,501.18723362727405,4.985077090808463
20.0,501.18723362727405,4.993012147732474
21.0,501.18723362727405,5.009239889303348
22.0,501.18723362727405,5.025909898286101
23.0,501.18723362727405,5.042980315928557
24.0,501.18723362727405,5.060409010045341
25.0,501.18723362727405,5.078153745516263
26.0,501.18723362727405,5.096172351459019
27.0,501.18723362727405,5.114422884174251
28.0,501.18723362727405,5.132863785010995
29.0,501.18723362727405,5.151454032355957
30.0,501.18723362727405,5.170153287010287
31.0,501.18723362727405,5.188922030281962
32.0,501.18723362727405,5.207721694189794
33.0,501.18723362727405,5.2265147832458485
34.0,501.18723362727405,5.24526498735587
35.0,501.18723362727405,5.2639372854516475
36.0,501.18723362727405,5.282498039544206
37.0,501.18723362727405,5.30091507896177
38.0,501.18723362727405,5.319157774610914
39.0,501.18723362727405,5.337197103172473
40.0,501.18723362727405,5.35500570121518
41.0,501.18723362727405,5.372557909278983
42.0,501.18723362727405,5.389829806046006
43.0,501.18723362727405,5.406799232779879
44.0,501.18723362727405,5.423445808273007
45.0,501.18723362727405,5.439750934596068
46.0,501.18723362727405,5.455697793994362
47.0,501.18723362727405,5.471271337321066
48.0,501.18723362727405,5.486458264438154
49.0,501.18723362727405,5.501246997051202
50.0,501.18723362727405,5.515627644474721
51.0,501.18723362727405,5.529591962849837
52.0,501.18723362727405,5.543133308356135
53.0,501.18723362727405,5.556246584974404
54.0,501.18723362727405,5.568928187366901
55.0,501.18723362727405,5.581175939446839
56.0,501.18723362727405,5.592989029209197
57.0,501.18723362727405,5.604367940390929
58.0,501.18723362727405,5.61531438152053
59.0,501.18723362727405,5.625831212904815
60.0,501.18723362727405,5.635922372085199
61.0,501.18723362727405,5.645592798276913
62.0,501.18723362727405,5.654848356282848
63.0,501.18723362727405,5.663695760349411
64.0,501.18723362727405,5.672142498405313
65.0,501.18723362727405,5.680196757095866
66.0,501.18723362727405,5.6878673479955335
67.0,501.18723362727405,5.69516363535054
68.0,501.18723362727405,5.702095465671542
69.0,501.18723362727405,5.70867309946413
70.0,501.18723362727405,5.714907145352462
71.0,501.18723362727405,5.720808496819023
72.0,501.18723362727405,5.726388271751546
73.0,501.18723362727405,5.731657754956818
74.0,501.18723362727405,5.736628343770633
75.0,501.18723362727405,5.741311496863758
76.0,501.18723362727405,5.745718686315623
77.0,501.18723362727405,5.74986135300071
78.0,501.18723362727405,5.7537508653073415
79.0,501.18723362727405,5.757398481185049
80.0,501.18723362727405,5.760815313494768
81.0,501.18723362727405,5.76401229861609
82.0,501.18723362727405,5.7670001682475
83.0,501.18723362727405,5.769789424319153
84.0,501.18723362727405,5.772390316923181
85.0,501.18723362727405,5.7748128251537745
86.0,501.18723362727405,5.777066640738411
87.0,501.18723362727405,5.779161154332364
88.0,501.18723362727405,5.781105444341207
89.0,501.18723362727405,5.782908268130147
90.0,501.18723362727405,5.784578055474713
91.0,501.18723362727405,5.786122904104446
92.0,501.18723362727405,5.7875505771897995
93.0,501.18723362727405,5.788868502622126
94.0,501.18723362727405,5.790083773937599
95.0,501.18723362727405,5.791203152737877
96.0,501.18723362727405,5.792233072463161
97.0,501.18723362727405,5.7931796433771074
98.0,501.18723362727405,5.794048658627462
99.0,501.18723362727405,5.794845601251405
100.0,501.18723362727405,5.795575652000216
-100.0,562.3413251903514,6.144329301111779
-99.0,562.3413251903514,6.143555318943903
-98.0,562.3413251903514,6.142710419625938
-97.0,562.3413251903514,6.141789110650525
-96.0,562.3413251903514,6.140785579034104
-95.0,562.3413251903514,6.139693683021381
-94.0,562.3413251903514,6.138506944658434
-93.0,562.3413251903514,6.137218543367376
-92.0,562.3413251903514,6.135821310661471
-91.0,562.3413251903514,6.1343077261450265
-90.0,562.3413251903514,6.13266991494707
-89.0,562.3413251903514,6.130899646741823
-88.0,562.3413251903514,6.128988336512044
-87.0,562.3413251903514,6.126927047213357
-86.0,562.3413251903514,6.124706494498727
-85.0,562.3413251903514,6.122317053661869
-84.0,562.3413251903514,6.119748768956917
-83.0,562.3413251903514,6.116991365448527
-82.0,562.3413251903514,6.1140342635421
-81.0,562.3413251903514,6.110866596337577
-80.0,562.3413251903514,6.107477229942304
-79.0,562.3413251903514,6.103854786868793
-78.0,562.3413251903514,6.099987672631597
-77.0,562.3413251903514,6.095864105644006
-76.0,562.3413251903514,6.09147215049989
-75.0,562.3413251903514,6.086799754708576
-74.0,562.3413251903514,6.081834788931321
-73.0,562.3413251903514,6.0765650907466435
-72.0,562.3413251903514,6.070978511948609
-71.0,562.3413251903514,6.065062969357136
-70.0,562.3413251903514,6.05880649909268
-69.0,562.3413251903514,6.052197314239242
-68.0,562.3413251903514,6.045223865789849
-67.0,562.3413251903514,6.037874906737443
-66.0,562.3413251903514,6.030139559141864
-65.0,562.3413251903514,6.022007383970377
-64.0,562.3413251903514,6.01346845347535
-63.0,562.3413251903514,6.0045134258384
-62.0,562.3413251903514,5.995133621775936
-61.0,562.3413251903514,5.985321102766822
-60.0,562.3413251903514,5.975068750529218
-59.0,562.3413251903514,5.964370347340776
-58.0,562.3413251903514,5.953220656764826
-57.0,562.3413251903514,5.941615504315078
-56.0,562.3413251903514,5.9295518575633475
-55.0,562.3413251903514,5.917027905168996
-54.0,562.3413251903514,5.904043134285788
-53.0,562.3413251903514,5.890598405781835
-52.0,562.3413251903514,5.876696026691778
-51.0,562.3413251903514,5.8623398193075955
-50.0,562.3413251903514,5.847535186305753
-49.0,562.3413251903514,5.832289171304156
-48.0,562.3413251903514,5.816610514242834
-47.0,562.3413251903514,5.800509700987611
-46.0,562.3413251903514,5.7839990065665345
-45.0,562.3413251903514,5.767092531464648
-44.0,562.3413251903514,5.7498062304238635
-43.0,562.3413251903514,5.732157933221447
-42.0,562.3413251903514,5.714167356932786
-41.0,562.3413251903514,5.695856109221825
-40.0,562.3413251903514,5.677247682245566
-39.0,562.3413251903514,5.658367436807347
-38.0,562.3413251903514,5.639242576446855
-37.0,562.3413251903514,5.619902111212895
-36.0,562.3413251903514,5.60037681092732
-35.0,562.3413251903514,5.580699147815067
-34.0,562.3413251903514,5.560903228445196
-33.0,562.3413251903514,5.541024715001019
-32.0,562.3413251903514,5.52110073597304
-31.0,562.3413251903514,5.501169786446036
-30.0,562.3413251903514,5.481271618230529
-29.0,562.3413251903514,5.461447120168478
-28.0,562.3413251903514,5.441738189022503
-27.0,562.3413251903514,5.42218759143674
-26.0,562.3413251903514,5.402838817534634
-25.0,562.3413251903514,5.383735926793997
-24.0,562.3413251903514,5.364923386911641
-23.0,562.3413251903514,5.346445906438254
-22.0,562.3413251903514,5.328348262027977
-21.0,562.3413251903514,5.310675121205947
-20.0,562.3413251903514,5.293470861610029
-19.5,562.3413251903514,5.285058305948305
-19.0,562.3413251903514,5.2767793877095
-18.5,562.3413251903514,5.268639490704004
-18.0,562.3413251903514,5.260643946043163
-17.5,562.3413251903514,5.252798026360334
-17.0,562.3413251903514,5.245106940051421
-16.5,562.3413251903514,5.237575825543626
-16.0,562.3413251903514,5.230209745601205
-15.5,562.3413251903514,5.223013681677002
-15.0,562.3413251903514,5.215992528318546
-14.5,562.3413251903514,5.209151087637478
-14.0,562.3413251903514,5.202494063851008
-13.5,562.3413251903514,5.196026057904072
-13.0,562.3413251903514,5.189751562180781
-12.5,562.3413251903514,5.183674955313636
-12.0,562.3413251903514,5.177800497098892
-11.5,562.3413251903514,5.172132323526345
-11.0,562.3413251903514,5.166674441931615
-10.5,562.3413251903514,5.161430726278898
-10.0,562.3413251903514,5.1564049125819365
-9.5,562.3413251903514,5.15160059447079
-9.0,562.3413251903514,5.147021218911756
-8.5,562.3413251903514,5.142670082087579
-8.0,562.3413251903514,5.138550325444838
-7.5,562.3413251903514,5.13466493191514
-7.0,562.3413251903514,5.131016722316486
-6.5,562.3413251903514,5.127608351940893
-6.0,562.3413251903514,5.12444230733402
-5.5,562.3413251903514,5.121520903272309
-5.0,562.3413251903514,5.118846279942743
-4.5,562.3413251903514,5.116420400330069
-4.0,562.3413251903514,5.114245047815911
-3.5,562.3413251903514,5.112321823993916
-3.0,562.3413251903514,5.110652146704668
-2.5,562.3413251903514,5.109237248293741
-2.0,562.3413251903514,5.108078174095898
-1.5,562.3413251903514,5.107175781148025
-1.0,562.3413251903514,5.1065307371330535
-0.5,562.3413251903514,5.106143519556654
0.0,562.3413251903514,5.106014415158148
0.5,562.3413251903514,5.106143519556654
1.0,562.3413251903514,5.1065307371330535
1.5,562.3413251903514,5.107175781148025
2.0,562.3413251903514,5.108078174095898
2.5,562.3413251903514,5.109237248293741
3.0,562.3413251903514,5.110652146704668
3.5,562.3413251903514,5.112321823993916
4.0,562.3413251903514,5.114245047815911
4.5,562.3413251903514,5.116420400330069
5.0,562.3413251903514,5.118846279942743
5.5,562.3413251903514,5.121520903272309
6.0,562.3413251903514,5.12444230733402
6.5,562.3413251903514,5.127608351940893
7.0,562.3413251903514,5.131016722316486
7.5,562.3413251903514,5.13466493191514
8.0,562.3413251903514,5.138550325444838
8.5,562.3413251903514,5.142670082087579
9.0,562.3413251903514,5.147021218911756
9.5,562.3413251903514,5.15160059447079
10.0,562.3413251903514,5.1564049125819365
10.5,562.3413251903514,5.161430726278898
11.0,562.3413251903514,5.166674441931615
11.5,562.3413251903514,5.172132323526345
12.0,562.3413251903514,5.177800497098892
12.5,562.3413251903514,5.183674955313636
13.0,562.3413251903514,5.189751562180781
13.5,562.3413251903514,5.196026057904072
14.0,562.3413251903514,5.202494063851008
14.5,562.3413251903514,5.209151087637478
15.0,562.3413251903514,5.215992528318546
15.5,562.3413251903514,5.223013681677002
16.0,562.3413251903514,5.230209745601205
16.5,562.3413251903514,5.237575825543626
17.0,562.3413251903514,5.245106940051421
17.5,562.3413251903514,5.252798026360334
18.0,562.3413251903514,5.260643946043163
18.5,562.3413251903514,5.268639490704004
19.0,562.3413251903514,5.2767793877095
19.5,562.3413251903514,5.285058305948305
20.0,562.3413251903514,5.293470861610029
21.0,562.3413251903514,5.310675121205947
22.0,562.3413251903514,5.328348262027977
23.0,562.3413251903514,5.346445906438254
24.0,562.3413251903514,5.364923386911641
25.0,562.3413251903514,5.383735926793997
26.0,562.3413251903514,5.402838817534634
27.0,562.3413251903514,5.42218759143674
28.0,562.3413251903514,5.441738189022503
29.0,562.3413251903514,5.461447120168478
30.0,562.3413251903514,5.481271618230529
31.0,562.3413251903514,5.501169786446036
32.0,562.3413251903514,5.52110073597304
33.0,562.3413251903514,5.541024715001019
34.0,562.3413251903514,5.560903228445196
35.0,562.3413251903514,5.580699147815067
36.0,562.3413251903514,5.60037681092732
37.0,562.3413251903514,5.619902111212895
38.0,562.3413251903514,5.639242576446855
39.0,562.3413251903514,5.658367436807347
40.0,562.3413251903514,5.677247682245566
41.0,562.3413251903514,5.695856109221825
42.0,562.3413251903514,5.714167356932786
43.0,562.3413251903514,5.732157933221447
44.0,562.3413251903514,5.7498062304238635
45.0,562.3413251903514,5.767092531464648
46.0,562.3413251903514,5.7839990065665345
47.0,562.3413251903514,5.800509700987611
48.0,562.3413251903514,5.816610514242834
49.0,562.3413251903514,5.832289171304156
50.0,562.3413251903514,5.847535186305753
51.0,562.3413251903514,5.8623398193075955
52.0,562.3413251903514,5.876696026691778
53.0,562.3413251903514,5.890598405781835
54.0,562.3413251903514,5.904043134285788
55.0,562.3413251903514,5.917027905168996
56.0,562.3413251903514,5.9295518575633475
57.0,562.3413251903514,5.941615504315078
58.0,562.3413251903514,5.953220656764826
59.0,562.3413251903514,5.964370347340776
60.0,562.3413251903514,5.975068750529218
61.0,562.3413251903514,5.985321102766822
62.0,562.3413251903514,5.995133621775936
63.0,562.3413251903514,6.0045134258384
64.0,562.3413251903514,6.01346845347535
65.0,562.3413251903514,6.022007383970377
66.0,562.3413251903514,6.030139559141864
67.0,562.3413251903514,6.037874906737443
68.0,562.3413251903514,6.045223865789849
69.0,562.3413251903514,6.052197314239242
70.0,562.3413251903514,6.05880649909268
71.0,562.3413251903514,6.065062969357136
72.0,562.3413251903514,6.070978511948609
73.0,562.3413251903514,6.0765650907466435
74.0,562.3413251903514,6.081834788931321
75.0,562.3413251903514,6.086799754708576
76.0,562.3413251903514,6.09147215049989
77.0,562.3413251903514,6.095864105644006
78.0,562.3413251903514,6.099987672631597
79.0,562.3413251903514,6.103854786868793
80.0,562.3413251903514,6.107477229942304
81.0,562.3413251903514,6.110866596337577
82.0,562.3413251903514,6.1140342635421
83.0,562.3413251903514,6.116991365448527
84.0,562.3413251903514,6.119748768956917
85.0,562.3413251903514,6.122317053661869
86.0,562.3413251903514,6.124706494498727
87.0,562.3413251903514,6.126927047213357
88.0,562.3413251903514,6.128988336512044
89.0,562.3413251903514,6.130899646741823
90.0,562.3413251903514,6.13266991494707
91.0,562.3413251903514,6.1343077261450265
92.0,562.3413251903514,6.135821310661471
93.0,562.3413251903514,6.137218543367376
94.0,562.3413251903514,6.138506944658434
95.0,562.3413251903514,6.139693683021381
96.0,562.3413251903514,6.140785579034104
97.0,562.3413251903514,6.141789110650525
98.0,562.3413251903514,6.142710419625938
99.0,562.3413251903514,6.143555318943903
100.0,562.3413251903514,6.144329301111779
-100.0,630.9573444801956,6.505248236261137
-99.0,630.9573444801956,6.5044287902507225
-98.0,630.9573444801956,6.503534261404909
-97.0,630.9573444801956,6.502558834585538
-96.0,630.9573444801956,6.5014963553534155
-95.0,630.9573444801956,6.50034032118551
-94.0,630.9573444801956,6.499083873611799
-93.0,630.9573444801956,6.4977197914125036
-92.0,630.9573444801956,6.496240485022774
-91.0,630.9573444801956,6.494637992297613
-90.0,630.9573444801956,6.492903975794801
-89.0,630.9573444801956,6.491029721737844
-88.0,630.9573444801956,6.489006140824143
-87.0,630.9573444801956,6.486823771045838
-86.0,630.9573444801956,6.484472782691785
-85.0,630.9573444801956,6.48194298569884
-84.0,630.9573444801956,6.47922383951895
-83.0,630.9573444801956,6.476304465665343
-82.0,630.9573444801956,6.473173663096258
-81.0,630.9573444801956,6.4698199265881
-80.0,630.9573444801956,6.46623146824149
-79.0,630.9573444801956,6.462396242253416
-78.0,630.9573444801956,6.458301973076406
-77.0,630.9573444801956,6.453936187071369
-76.0,630.9573444801956,6.449286247744414
-75.0,630.9573444801956,6.444339394639542
-74.0,630.9573444801956,6.439082785938615
-73.0,630.9573444801956,6.433503544797471
-72.0,630.9573444801956,6.427588809422517
-71.0,630.9573444801956,6.421325786865647
-70.0,630.9573444801956,6.414701810487019
-69.0,630.9573444801956,6.407704401005211
-68.0,630.9573444801956,6.4003213310226394
-67.0,630.9573444801956,6.3925406928811634
-66.0,630.9573444801956,6.38435096966859
-65.0,630.9573444801956,6.375741109161649
-64.0,630.9573444801956,6.366700600455145
-63.0,630.9573444801956,6.357219552990714
-62.0,630.9573444801956,6.347288777662187
-61.0,630.9573444801956,6.3368998696383665
-60.0,630.9573444801956,6.32604529250834
-59.0,630.9573444801956,6.314718463319704
-58.0,630.9573444801956,6.30291383804662
-57.0,630.9573444801956,6.290626996992772
-56.0,630.9573444801956,6.277854729604633
-55.0,630.9573444801956,6.264595118143113
-54.0,630.9573444801956,6.250847619637303
-53.0,630.9573444801956,6.236613145522849
-52.0,630.9573444801956,6.221894138349997
-51.0,630.9573444801956,6.206694644932799
-50.0,630.9573444801956,6.19102038530184
-49.0,630.9573444801956,6.174878816818328
-48.0,630.9573444801956,6.158279192807836
-47.0,630.9573444801956,6.141232615077707
-46.0,630.9573444801956,6.123752079693199
-45.0,630.9573444801956,6.105852515404215
-44.0,630.9573444801956,6.087550814136886
-43.0,630.9573444801956,6.068865852992589
-42.0,630.9573444801956,6.049818507231035
-41.0,630.9573444801956,6.030431653753973
-40.0,630.9573444801956,6.0107301646516555
-39.0,630.9573444801956,5.9907408904252675
-38.0,630.9573444801956,5.970492632554987
-37.0,630.9573444801956,5.9500161051447575
-36.0,630.9573444801956,5.929343885440937
-35.0,630.9573444801956,5.908510353092409
-34.0,630.9573444801956,5.887551618093828
-33.0,630.9573444801956,5.866505437431143
-32.0,630.9573444801956,5.845411120528627
-31.0,630.9573444801956,5.8243094236788036
-30.0,630.9573444801956,5.80324243372022
-29.0,630.9573444801956,5.78225344131228
-28.0,630.9573444801956,5.761386804240476
-27.0,630.9573444801956,5.7406878012688045
-26.0,630.9573444801956,5.720202477137868
-25.0,630.9573444801956,5.699977479386602
-24.0,630.9573444801956,5.680059887751801
-23.0,630.9573444801956,5.660497036971928
-22.0,630.9573444801956,5.64133633388931
-21.0,630.9573444801956,5.622625069807013
-20.0,630.9573444801956,5.6044102291128
-19.5,630.9573444801956,5.595503518518534
-19.0,630.9573444801956,5.586738295231854
-18.5,630.9573444801956,5.578120259309077
-18.0,630.9573444801956,5.569655055011926
-17.5,630.9573444801956,5.561348264689126
-17.0,630.9573444801956,5.553205402678632
-16.5,630.9573444801956,5.545231909239722
-16.0,630.9573444801956,5.537433144524276
-15.5,630.9573444801956,5.529814382596514
-15.0,630.9573444801956,5.522380805510509
-14.5,630.9573444801956,5.515137497454746
-14.0,630.9573444801956,5.508089438972944
-13.5,630.9573444801956,5.501241501270318
-13.0,630.9573444801956,5.494598440614377
-12.5,630.9573444801956,5.488164892839228
-12.0,630.9573444801956,5.481945367962276
-11.5,630.9573444801956,5.47594424492205
-11.0,630.9573444801956,5.4701657664457395
-10.5,630.9573444801956,5.464614034054847
-10.0,630.9573444801956,5.459293003217191
-9.5,630.9573444801956,5.454206478653261
-9.0,630.9573444801956,5.449358109804737
-8.5,630.9573444801956,5.44475138647269
-8.0,630.9573444801956,5.4403896346328
-7.5,630.9573444801956,5.436276012434576
-7.0,630.9573444801956,5.432413506391344
-6.5,630.9573444801956,5.428804927767419
-6.0,630.9573444801956,5.42545290916857
-5.5,630.9573444801956,5.4223599013415935
-5.0,630.9573444801956,5.4195281701884195
-4.5,630.9573444801956,5.416959793999846
-4.0,630.9573444801956,5.414656660913634
-3.5,630.9573444801956,5.41262046660131
-3.0,630.9573444801956,5.410852712187652
-2.5,630.9573444801956,5.409354702406422
-2.0,630.9573444801956,5.408127543995518
-1.5,630.9573444801956,5.4071721443343215
-1.0,630.9573444801956,5.406489210325569
-0.5,630.9573444801956,5.406079247523694
0.0,630.9573444801956,5.405942559511137
0.5,630.9573444801956,5.406079247523694
1.0,630.9573444801956,5.406489210325569
1.5,630.9573444801956,5.4071721443343215
2.0,630.9573444801956,5.408127543995518
2.5,630.9573444801956,5.409354702406422
3.0,630.9573444801956,5.410852712187652
3.5,630.9573444801956,5.41262046660131
4.0,630.9573444801956,5.414656660913634
4.5,630.9573444801956,5.416959793999846
5.0,630.9573444801956,5.4195281701884195
5.5,630.9573444801956,5.4223599013415935
6.0,630.9573444801956,5.42545290916857
6.5,630.9573444801956,5.428804927767419
7.0,630.9573444801956,5.432413506391344
7.5,630.9573444801956,5.436276012434576
8.0,630.9573444801956,5.4403896346328
8.5,630.9573444801956,5.44475138647269
9.0,630.9573444801956,5.449358109804737
9.5,630.9573444801956,5.454206478653261
10.0,630.9573444801956,5.459293003217191
10.5,630.9573444801956,5.464614034054847
11.0,630.9573444801956,5.4701657664457395
11.5,630.9573444801956,5.47594424492205
12.0,630.9573444801956,5.481945367962276
12.5,630.9573444801956,5.488164892839228
13.0,630.9573444801956,5.494598440614377
13.5,630.9573444801956,5.501241501270318
14.0,630.9573444801956,5.508089438972944
14.5,630.9573444801956,5.515137497454746
15.0,630.9573444801956,5.522380805510509
15.5,630.9573444801956,5.529814382596514
16.0,630.9573444801956,5.537433144524276
16.5,630.9573444801956,5.545231909239722
17.0,630.9573444801956,5.553205402678632
17.5,630.9573444801956,5.561348264689126
18.0,630.9573444801956,5.569655055011926
18.5,630.9573444801956,5.578120259309077
19.0,630.9573444801956,5.586738295231854
19.5,630.9573444801956,5.595503518518534
20.0,630.9573444801956,5.6044102291128
21.0,630.9573444801956,5.622625069807013
22.0,630.9573444801956,5.64133633388931
23.0,630.9573444801956,5.660497036971928
24.0,630.9573444801956,5.680059887751801
25.0,630.9573444801956,5.699977479386602
26.0,630.9573444801956,5.720202477137868
27.0,630.9573444801956,5.7406878012688045
28.0,630.9573444801956,5.761386804240476
29.0,630.9573444801956,5.78225344131228
30.0,630.9573444801956,5.80324243372022
31.0,630.9573444801956,5.8243094236788036
32.0,630.9573444801956,5.845411120528627
33.0,630.9573444801956,5.866505437431143
34.0,630.9573444801956,5.887551618093828
35.0,630.9573444801956,5.908510353092409
36.0,630.9573444801956,5.929343885440937
37.0,630.9573444801956,5.9500161051447575
38.0,630.9573444801956,5.970492632554987
39.0,630.9573444801956,5.9907408904252675
40.0,630.9573444801956,6.0107301646516555
41.0,630.9573444801956,6.030431653753973
42.0,630.9573444801956,6.049818507231035
43.0,630.9573444801956,6.068865852992589
44.0,630.9573444801956,6.087550814136886
45.0,630.9573444801956,6.105852515404215
46.0,630.9573444801956,6.123752079693199
47.0,630.9573444801956,6.141232615077707
48.0,630.9573444801956,6.158279192807836
49.0,630.9573444801956,6.174878816818328
50.0,630.9573444801956,6.19102038530184
51.0,630.9573444801956,6.206694644932799
52.0,630.9573444801956,6.221894138349997
53.0,630.9573444801956,6.236613145522849
54.0,630.9573444801956,6.250847619637303
55.0,630.9573444801956,6.264595118143113
56.0,630.9573444801956,6.277854729604633
57.0,630.9573444801956,6.290626996992772
58.0,630.9573444801956,6.30291383804662
59.0,630.9573444801956,6.314718463319704
60.0,630.9573444801956,6.32604529250834
61.0,630.9573444801956,6.3368998696383665
62.0,630.9573444801956,6.347288777662187
63.0,630.9573444801956,6.357219552990714
64.0,630.9573444801956,6.366700600455145
65.0,630.9573444801956,6.375741109161649
66.0,630.9573444801956,6.38435096966859
67.0,630.9573444801956,6.3925406928811634
68.0,630.9573444801956,6.4003213310226394
69.0,630.9573444801956,6.407704401005211
70.0,630.9573444801956,6.414701810487019
71.0,630.9573444801956,6.421325786865647
72.0,630.9573444801956,6.427588809422517
73.0,630.9573444801956,6.433503544797471
74.0,630.9573444801956,6.439082785938615
75.0,630.9573444801956,6.444339394639542
76.0,630.9573444801956,6.449286247744414
77.0,630.9573444801956,6.453936187071369
78.0,630.9573444801956,6.458301973076406
79.0,630.9573444801956,6.462396242253416
80.0,630.9573444801956,6.46623146824149
81.0,630.9573444801956,6.4698199265881
82.0,630.9573444801956,6.473173663096258
83.0,630.9573444801956,6.476304465665343
84.0,630.9573444801956,6.47922383951895
85.0,630.9573444801956,6.48194298569884
86.0,630.9573444801956,6.484472782691785
87.0,630.9573444801956,6.486823771045838
88.0,630.9573444801956,6.489006140824143
89.0,630.9573444801956,6.491029721737844
90.0,630.9573444801956,6.492903975794801
91.0,630.9573444801956,6.494637992297613
92.0,630.9573444801956,6.496240485022774
93.0,630.9573444801956,6.4977197914125036
94.0,630.9573444801956,6.499083873611799
95.0,630.9573444801956,6.50034032118551
96.0,630.9573444801956,6.5014963553534155
97.0,630.9573444801956,6.502558834585538
98.0,630.9573444801956,6.503534261404909
99.0,630.9573444801956,6.5044287902507225
100.0,630.9573444801956,6.505248236261137
-100.0,707.9457843841402,6.878401199550714
-99.0,707.9457843841402,6.877534748615054
-98.0,707.9457843841402,6.876588907954928
-97.0,707.9457843841402,6.8755575288651904
-96.0,707.9457843841402,6.874434103876733
-95.0,707.9457843841402,6.873211757469886
-94.0,707.9457843841402,6.871883237760213
-93.0,707.9457843841402,6.8704409093055325
-92.0,707.9457843841402,6.868876747189644
-91.0,707.9457843841402,6.8671823325443135
-90.0,707.9457843841402,6.865348849676359
-89.0,707.9457843841402,6.86336708497109
-88.0,707.9457843841402,6.86122742774685
-87.0,707.9457843841402,6.858919873237664
-86.0,707.9457843841402,6.856434027882139
-85.0,707.9457843841402,6.85375911709643
-84.0,707.9457843841402,6.850883995707325
-83.0,707.9457843841402,6.847797161218112
-82.0,707.9457843841402,6.844486770074741
-81.0,707.9457843841402,6.840940657092901
-80.0,707.9457843841402,6.837146358197699
-79.0,707.9457843841402,6.833091136616781
-78.0,707.9457843841402,6.82876201265477
-77.0,707.9457843841402,6.824145797161772
-76.0,707.9457843841402,6.819229128791442
-75.0,707.9457843841402,6.813998515124636
-74.0,707.9457843841402,6.808440377712987
-73.0,707.9457843841402,6.802541101072949
-72.0,707.9457843841402,6.796287085634871
-71.0,707.9457843841402,6.789664804623693
-70.0,707.9457843841402,6.7826608648178945
-69.0,707.9457843841402,6.775262071101595
-68.0,707.9457843841402,6.767455494691273
-67.0,707.9457843841402,6.759228544883689
-66.0,707.9457843841402,6.750569044135454
-65.0,707.9457843841402,6.741465306247514
-64.0,707.9457843841402,6.731906217389883
-63.0,707.9457843841402,6.72188131966364
-62.0,707.9457843841402,6.711380896858643
-61.0,707.9457843841402,6.700396062027169
-60.0,707.9457843841402,6.68891884645596
-59.0,707.9457843841402,6.676942289582398
-58.0,707.9457843841402,6.664460529365159
-57.0,707.9457843841402,6.6514688925860455
-56.0,707.9457843841402,6.637963984528294
-55.0,707.9457843841402,6.623943777447785
-54.0,707.9457843841402,6.609407697227803
-53.0,707.9457843841402,6.594356707585614
-52.0,707.9457843841402,6.578793391180624
-51.0,707.9457843841402,6.5627220269595545
-50.0,707.9457843841402,6.546148663064433
-49.0,707.9457843841402,6.529081184624373
-48.0,707.9457843841402,6.5115293757526675
-47.0,707.9457843841402,6.493504975076676
-46.0,707.9457843841402,6.4750217241397845
-45.0,707.9457843841402,6.456095408032353
-44.0,707.9457843841402,6.436743887632363
-43.0,707.9457843841402,6.416987122866326
-42.0,707.9457843841402,6.396847186437115
-41.0,707.9457843841402,6.376348267507501
-40.0,707.9457843841402,6.355516664876422
-39.0,707.9457843841402,6.334380769239031
-38.0,707.9457843841402,6.312971034181205
-37.0,707.9457843841402,6.291319935624187
-36.0,707.9457843841402,6.269461919504903
-35.0,707.9457843841402,6.247433337551917
-34.0,707.9457843841402,6.225272371095368
-33.0,707.9457843841402,6.203018942931131
-32.0,707.9457843841402,6.180714617344109
-31.0,707.9457843841402,6.158402488482474
-30.0,707.9457843841402,6.13612705736298
-29.0,707.9457843841402,6.113934097876608
-28.0,707.9457843841402,6.091870512252736
-27.0,707.9457843841402,6.069984176528264
-26.0,707.9457843841402,6.048323776654514
-25.0,707.9457843841402,6.026938635958765
-24.0,707.9457843841402,6.005878534757813
-23.0,707.9457843841402,5.985193522997486
-22.0,707.9457843841402,5.964933726863485
-21.0,707.9457843841402,5.945149150374709
-20.0,707.9457843841402,5.925889473029528
-19.5,707.9457843841402,5.916471857189112
-19.0,707.9457843841402,5.907203844627599
-18.5,707.9457843841402,5.898091462366985
-18.0,707.9457843841402,5.88914067843419
-17.5,707.9457843841402,5.880357395391696
-17.0,707.9457843841402,5.8717474438899915
-16.5,707.9457843841402,5.863316576251599
-16.0,707.9457843841402,5.855070460096534
-15.5,707.9457843841402,5.847014672019009
-15.0,707.9457843841402,5.839154691325219
-14.5,707.9457843841402,5.831495893842018
-14.0,707.9457843841402,5.8240435458062425
-13.5,707.9457843841402,5.816802797844368
-13.0,707.9457843841402,5.809778679052128
-12.5,707.9457843841402,5.802976091183569
-12.0,707.9457843841402,5.796399802958963
-11.5,707.9457843841402,5.79005444450078
-11.0,707.9457843841402,5.783944501906818
-10.5,707.9457843841402,5.77807431196937
-10.0,707.9457843841402,5.772448057049139
-9.5,707.9457843841402,5.76706976011236
-9.0,707.9457843841402,5.761943279939373
-8.5,707.9457843841402,5.757072306512637
-8.0,707.9457843841402,5.752460356591893
-7.5,707.9457843841402,5.748110769483896
-7.0,707.9457843841402,5.7440267030138505
-6.5,707.9457843841402,5.740211129705345
-6.0,707.9457843841402,5.73666683317524
-5.5,707.9457843841402,5.733396404749666
-5.0,707.9457843841402,5.7304022403068355
-4.5,707.9457843841402,5.727686537352119
-4.0,707.9457843841402,5.725251292330318
-3.5,707.9457843841402,5.72309829817979
-3.0,707.9457843841402,5.72122914213258
-2.5,707.9457843841402,5.719645203764368
-2.0,707.9457843841402,5.71834765329757
-1.5,707.9457843841402,5.71733745016051
-1.0,707.9457843841402,5.716615341805162
-0.5,707.9457843841402,5.716181862785489
0.0,707.9457843841402,5.716037334097974
0.5,707.9457843841402,5.716181862785489
1.0,707.9457843841402,5.716615341805162
1.5,707.9457843841402,5.71733745016051
2.0,707.9457843841402,5.71834765329757
2.5,707.9457843841402,5.719645203764368
3.0,707.9457843841402,5.72122914213258
3.5,707.9457843841402,5.72309829817979
4.0,707.9457843841402,5.725251292330318
4.5,707.9457843841402,5.727686537352119
5.0,707.9457843841402,5.7304022403068355
5.5,707.9457843841402,5.733396404749666
6.0,707.9457843841402,5.73666683317524
6.5,707.9457843841402,5.740211129705345
7.0,707.9457843841402,5.7440267030138505
7.5,707.9457843841402,5.748110769483896
8.0,707.9457843841402,5.752460356591893
8.5,707.9457843841402,5.757072306512637
9.0,707.9457843841402,5.761943279939373
9.5,707.9457843841402,5.76706976011236
10.0,707.9457843841402,5.772448057049139
10.5,707.9457843841402,5.77807431196937
11.0,707.9457843841402,5.783944501906818
11.5,707.9457843841402,5.79005444450078
12.0,707.9457843841402,5.796399802958963
12.5,707.9457843841402,5.802976091183569
13.0,707.9457843841402,5.809778679052128
13.5,707.9457843841402,5.816802797844368
14.0,707.9457843841402,5.8240435458062425
14.5,707.9457843841402,5.831495893842018
15.0,707.9457843841402,5.839154691325219
15.5,707.9457843841402,5.847014672019009
16.0,707.9457843841402,5.855070460096534
16.5,707.9457843841402,5.863316576251599
17.0,707.9457843841402,5.8717474438899915
17.5,707.9457843841402,5.880357395391696
18.0,707.9457843841402,5.88914067843419
18.5,707.9457843841402,5.898091462366985
19.0,707.9457843841402,5.907203844627599
19.5,707.9457843841402,5.916471857189112
20.0,707.9457843841402,5.925889473029528
21.0,707.9457843841402,5.945149150374709
22.0,707.9457843841402,5.964933726863485
23.0,707.9457843841402,5.985193522997486
24.0,707.9457843841402,6.005878534757813
25.0,707.9457843841402,6.026938635958765
26.0,707.9457843841402,6.048323776654514
27.0,707.9457843841402,6.069984176528264
28.0,707.9457843841402,6.091870512252736
29.0,707.9457843841402,6.113934097876608
30.0,707.9457843841402,6.13612705736298
31.0,707.9457843841402,6.158402488482474
32.0,707.9457843841402,6.180714617344109
33.0,707.9457843841402,6.203018942931131
34.0,707.9457843841402,6.225272371095368
35.0,707.9457843841402,6.247433337551917
36.0,707.9457843841402,6.269461919504903
37.0,707.9457843841402,6.291319935624187
38.0,707.9457843841402,6.312971034181205
39.0,707.9457843841402,6.334380769239031
40.0,707.9457843841402,6.355516664876422
41.0,707.9457843841402,6.376348267507501
42.0,707.9457843841402,6.396847186437115
43.0,707.9457843841402,6.416987122866326
44.0,707.9457843841402,6.436743887632363
45.0,707.9457843841402,6.456095408032353
46.0,707.9457843841402,6.4750217241397845
47.0,707.9457843841402,6.493504975076676
48.0,707.9457843841402,6.5115293757526675
49.0,707.9457843841402,6.529081184624373
50.0,707.9457843841402,6.546148663064433
51.0,707.9457843841402,6.5627220269595545
52.0,707.9457843841402,6.578793391180624
53.0,707.9457843841402,6.594356707585614
54.0,707.9457843841402,6.609407697227803
55.0,707.9457843841402,6.623943777447785
56.0,707.9457843841402,6.637963984528294
57.0,707.9457843841402,6.6514688925860455
58.0,707.9457843841402,6.664460529365159
59.0,707.9457843841402,6.676942289582398
60.0,707.9457843841402,6.68891884645596
61.0,707.9457843841402,6.700396062027169
62.0,707.9457843841402,6.711380896858643
63.0,707.9457843841402,6.72188131966364
64.0,707.9457843841402,6.731906217389883
65.0,707.9457843841402,6.741465306247514
66.0,707.9457843841402,6.750569044135454
67.0,707.9457843841402,6.759228544883689
68.0,707.9457843841402,6.767455494691273
69.0,707.9457843841402,6.775262071101595
70.0,707.9457843841402,6.7826608648178945
71.0,707.9457843841402,6.789664804623693
72.0,707.9457843841402,6.796287085634871
73.0,707.9457843841402,6.802541101072949
74.0,707.9457843841402,6.808440377712987
75.0,707.9457843841402,6.813998515124636
76.0,707.9457843841402,6.819229128791442
77.0,707.9457843841402,6.824145797161772
78.0,707.9457843841402,6.82876201265477
79.0,707.9457843841402,6.833091136616781
80.0,707.9457843841402,6.837146358197699
81.0,707.9457843841402,6.840940657092901
82.0,707.9457843841402,6.844486770074741
83.0,707.9457843841402,6.847797161218112
84.0,707.9457843841402,6.850883995707325
85.0,707.9457843841402,6.85375911709643
86.0,707.9457843841402,6.856434027882139
87.0,707.9457843841402,6.858919873237664
88.0,707.9457843841402,6.86122742774685
89.0,707.9457843841402,6.86336708497109
90.0,707.9457843841402,6.865348849676359
91.0,707.9457843841402,6.8671823325443135
92.0,707.9457843841402,6.868876747189644
93.0,707.9457843841402,6.8704409093055325
94.0,707.9457843841402,6.871883237760213
95.0,707.9457843841402,6.873211757469886
96.0,707.9457843841402,6.874434103876733
97.0,707.9457843841402,6.8755575288651904
98.0,707.9457843841402,6.876588907954928
99.0,707.9457843841402,6.877534748615054
100.0,707.9457843841402,6.878401199550714
-100.0,794.3282347242846,7.263855421713555
-99.0,794.3282347242846,7.262940416301099
-98.0,794.3282347242846,7.261941572295375
-97.0,794.3282347242846,7.2608523964279765
-96.0,794.3282347242846,7.259666016561995
-95.0,794.3282347242846,7.258375171885012
-94.0,794.3282347242846,7.256972204128989
-93.0,794.3282347242846,7.255449049974197
-92.0,794.3282347242846,7.253797234801409
-91.0,794.3282347242846,7.252007867962948
-90.0,794.3282347242846,7.250071639748769
-89.0,794.3282347242846,7.24797882022846
-88.0,794.3282347242846,7.2457192601536695
-87.0,794.3282347242846,7.243282394107887
-86.0,794.3282347242846,7.2406572460917396
-85.0,794.3282347242846,7.237832437731528
-84.0,794.3282347242846,7.234796199296978
-83.0,794.3282347242846,7.231536383710491
-82.0,794.3282347242846,7.228040483724846
-81.0,794.3282347242846,7.224295652438933
-80.0,794.3282347242846,7.220288727311722
-79.0,794.3282347242846,7.216006257823213
-78.0,794.3282347242846,7.211434536917375
-77.0,794.3282347242846,7.206559636346178
-76.0,794.3282347242846,7.201367446015537
-75.0,794.3282347242846,7.195843717413459
-74.0,794.3282347242846,7.189974111177802
-73.0,794.3282347242846,7.183744248835849
-72.0,794.3282347242846,7.177139768720566
-71.0,794.3282347242846,7.1701463860388035
-70.0,794.3282347242846,7.162749957035064
-69.0,794.3282347242846,7.15493654716101
-68.0,794.3282347242846,7.14669250312548
-67.0,794.3282347242846,7.138004528663058
-66.0,794.3282347242846,7.128859763820975
-65.0,794.3282347242846,7.119245867524915
-64.0,794.3282347242846,7.109151103144251
-63.0,794.3282347242846,7.098564426736709
-62.0,794.3282347242846,7.087475577611806
-61.0,794.3282347242846,7.075875170811975
-60.0,794.3282347242846,7.063754791070453
-59.0,794.3282347242846,7.0511070877662085
-58.0,794.3282347242846,7.037925870358819
-57.0,794.3282347242846,7.0242062037506745
-56.0,794.3282347242846,7.0099445029907
-55.0,794.3282347242846,6.99513862670335
-54.0,794.3282347242846,6.979787968599361
-53.0,794.3282347242846,6.963893546401117
-52.0,794.3282347242846,6.947458087495983
-51.0,794.3282347242846,6.930486110615779
-50.0,794.3282347242846,6.912984002830401
-49.0,794.3282347242846,6.894960091138552
-48.0,794.3282347242846,6.876424707939045
-47.0,794.3282347242846,6.857390249672495
-46.0,794.3282347242846,6.837871227935641
-45.0,794.3282347242846,6.81788431238919
-44.0,794.3282347242846,6.797448364805171
-43.0,794.3282347242846,6.7765844636313535
-42.0,794.3282347242846,6.755315918488356
-41.0,794.3282347242846,6.7336682740596085
-40.0,794.3282347242846,6.711669302885228
-39.0,794.3282347242846,6.689348986627946
-38.0,794.3282347242846,6.666739485442205
-37.0,794.3282347242846,6.64387509514614
-36.0,794.3282347242846,6.620792191969988
-35.0,794.3282347242846,6.597529164733032
-34.0,794.3282347242846,6.574126334383978
-33.0,794.3282347242846,6.550625860926124
-32.0,794.3282347242846,6.527071637838129
-31.0,794.3282347242846,6.5035091741929225
-30.0,794.3282347242846,6.479985464770606
-29.0,794.3282347242846,6.456548848555274
-28.0,794.3282347242846,6.433248856099634
-27.0,794.3282347242846,6.4101360463344745
-26.0,794.3282347242846,6.387261833491278
-25.0,794.3282347242846,6.364678304894972
-24.0,794.3282347242846,6.342438030468937
-23.0,794.3282347242846,6.320593864875154
-22.0,794.3282347242846,6.299198743287832
-21.0,794.3282347242846,6.278305471868349
-20.0,794.3282347242846,6.257966514071968
-19.5,794.3282347242846,6.24802115062232
-19.0,794.3282347242846,6.238233773971791
-18.5,794.3282347242846,6.228610748886715
-18.0,794.3282347242846,6.219158377832368
-17.5,794.3282347242846,6.209882894141067
-17.0,794.3282347242846,6.200790455203304
-16.5,794.3282347242846,6.19188713569224
-16.0,794.3282347242846,6.183178920831938
-15.5,794.3282347242846,6.174671699719723
-15.0,794.3282347242846,6.166371258713042
-14.5,794.3282347242846,6.158283274891192
-14.0,794.3282347242846,6.15041330960221
-13.5,794.3282347242846,6.142766802105155
-13.0,794.3282347242846,6.135349063317961
-12.5,794.3282347242846,6.128165269680868
-12.0,794.3282347242846,6.121220457145337
-11.5,794.3282347242846,6.114519515298239
-11.0,794.3282347242846,6.108067181630874
-10.5,794.3282347242846,6.101868035962196
-10.0,794.3282347242846,6.095926495025484
-9.5,794.3282347242846,6.090246807227342
-9.0,794.3282347242846,6.084833047587778
-8.5,794.3282347242846,6.079689112869762
-8.0,794.3282347242846,6.07481871690643
-7.5,794.3282347242846,6.070225386133764
-7.0,794.3282347242846,6.065912455336267
-6.5,794.3282347242846,6.061883063612832
-6.0,794.3282347242846,6.058140150569604
-5.5,794.3282347242846,6.0546864527463375
-5.0,794.3282347242846,6.051524500282301
-4.5,794.3282347242846,6.0486566138274265
-4.0,794.3282347242846,6.046084901703981
-3.5,794.3282347242846,6.043811257323619
-3.0,794.3282347242846,6.041837356864244
-2.5,794.3282347242846,6.040164657210676
-2.0,794.3282347242846,6.0387943941626565
-1.5,794.3282347242846,6.037727580913286
-1.0,794.3282347242846,6.036965006800511
-0.5,794.3282347242846,6.036507236333812
0.0,794.3282347242846,6.036354608497788
0.5,794.3282347242846,6.036507236333812
1.0,794.3282347242846,6.036965006800511
1.5,794.3282347242846,6.037727580913286
2.0,794.3282347242846,6.0387943941626565
2.5,794.3282347242846,6.040164657210676
3.0,794.3282347242846,6.041837356864244
3.5,794.3282347242846,6.043811257323619
4.0,794.3282347242846,6.046084901703981
4.5,794.3282347242846,6.0486566138274265
5.0,794.3282347242846,6.051524500282301
5.5,794.3282347242846,6.0546864527463375
6.0,794.3282347242846,6.058140150569604
6.5,794.3282347242846,6.061883063612832
7.0,794.3282347242846,6.065912455336267
7.5,794.3282347242846,6.070225386133764
8.0,794.3282347242846,6.07481871690643
8.5,794.3282347242846,6.079689112869762
9.0,794.3282347242846,6.084833047587778
9.5,794.3282347242846,6.090246807227342
10.0,794.3282347242846,6.095926495025484
10.5,794.3282347242846,6.101868035962196
11.0,794.3282347242846,6.108067181630874
11.5,794.3282347242846,6.114519515298239
12.0,794.3282347242846,6.121220457145337
12.5,794.3282347242846,6.128165269680868
13.0,794.3282347242846,6.135349063317961
13.5,794.3282347242846,6.142766802105155
14.0,794.3282347242846,6.15041330960221
14.5,794.3282347242846,6.158283274891192
15.0,794.3282347242846,6.166371258713042
15.5,794.3282347242846,6.174671699719723
16.0,794.3282347242846,6.183178920831938
16.5,794.3282347242846,6.19188713569224
17.0,794.3282347242846,6.200790455203304
17.5,794.3282347242846,6.209882894141067
18.0,794.3282347242846,6.219158377832368
18.5,794.3282347242846,6.228610748886715
19.0,794.3282347242846,6.238233773971791
19.5,794.3282347242846,6.24802115062232
20.0,794.3282347242846,6.257966514071968
21.0,794.3282347242846,6.278305471868349
22.0,794.3282347242846,6.299198743287832
23.0,794.3282347242846,6.320593864875154
24.0,794.3282347242846,6.342438030468937
25.0,794.3282347242846,6.364678304894972
26.0,794.3282347242846,6.387261833491278
27.0,794.3282347242846,6.4101360463344745
28.0,794.3282347242846,6.433248856099634
29.0,794.3282347242846,6.456548848555274
30.0,794.3282347242846,6.479985464770606
31.0,794.3282347242846,6.5035091741929225
32.0,794.3282347242846,6.527071637838129
33.0,794.3282347242846,6.550625860926124
34.0,794.3282347242846,6.574126334383978
35.0,794.3282347242846,6.597529164733032
36.0,794.3282347242846,6.620792191969988
37.0,794.3282347242846,6.64387509514614
38.0,794.3282347242846,6.666739485442205
39.0,794.3282347242846,6.689348986627946
40.0,794.3282347242846,6.711669302885228
41.0,794.3282347242846,6.7336682740596085
42.0,794.3282347242846,6.755315918488356
43.0,794.3282347242846,6.7765844636313535
44.0,794.3282347242846,6.797448364805171
45.0,794.3282347242846,6.81788431238919
46.0,794.3282347242846,6.837871227935641
47.0,794.3282347242846,6.857390249672495
48.0,794.3282347242846,6.876424707939045
49.0,794.3282347242846,6.894960091138552
50.0,794.3282347242846,6.912984002830401
51.0,794.3282347242846,6.930486110615779
52.0,794.3282347242846,6.947458087495983
53.0,794.3282347242846,6.963893546401117
54.0,794.3282347242846,6.979787968599361
55.0,794.3282347242846,6.99513862670335
56.0,794.3282347242846,7.0099445029907
57.0,794.3282347242846,7.0242062037506745
58.0,794.3282347242846,7.037925870358819
59.0,794.3282347242846,7.0511070877662085
60.0,794.3282347242846,7.063754791070453
61.0,794.3282347242846,7.075875170811975
62.0,794.3282347242846,7.087475577611806
63.0,794.3282347242846,7.098564426736709
64.0,794.3282347242846,7.109151103144251
65.0,794.3282347242846,7.119245867524915
66.0,794.3282347242846,7.128859763820975
67.0,794.3282347242846,7.138004528663058
68.0,794.3282347242846,7.14669250312548
69.0,794.3282347242846,7.15493654716101
70.0,794.3282347242846,7.162749957035064
71.0,794.3282347242846,7.1701463860388035
72.0,794.3282347242846,7.177139768720566
73.0,794.3282347242846,7.183744248835849
74.0,794.3282347242846,7.189974111177802
75.0,794.3282347242846,7.195843717413459
76.0,794.3282347242846,7.201367446015537
77.0,794.3282347242846,7.206559636346178
78.0,794.3282347242846,7.211434536917375
79.0,794.3282347242846,7.216006257823213
80.0,794.3282347242846,7.220288727311722
81.0,794.3282347242846,7.224295652438933
82.0,794.3282347242846,7.228040483724846
83.0,794.3282347242846,7.231536383710491
84.0,794.3282347242846,7.234796199296978
85.0,794.3282347242846,7.237832437731528
86.0,794.3282347242846,7.2406572460917396
87.0,794.3282347242846,7.243282394107887
88.0,794.3282347242846,7.2457192601536695
89.0,794.3282347242846,7.24797882022846
90.0,794.3282347242846,7.250071639748769
91.0,794.3282347242846,7.252007867962948
92.0,794.3282347242846,7.253797234801409
93.0,794.3282347242846,7.255449049974197
94.0,794.3282347242846,7.256972204128989
95.0,794.3282347242846,7.258375171885012
96.0,794.3282347242846,7.259666016561995
97.0,794.3282347242846,7.2608523964279765
98.0,794.3282347242846,7.261941572295375
99.0,794.3282347242846,7.262940416301099
100.0,794.3282347242846,7.263855421713555
-100.0,891.2509381337495,7.661676694892881
-99.0,891.2509381337495,7.660711577164441
-98.0,891.2509381337495,7.659658029234837
-97.0,891.2509381337495,7.658509202217308
-96.0,891.2509381337495,7.657257847607013
-95.0,891.2509381337495,7.655896306936916
-94.0,891.2509381337495,7.654416502516818
-93.0,891.2509381337495,7.652809929421267
-92.0,891.2509381337495,7.651067648899577
-91.0,891.2509381337495,7.649180283387886
-90.0,891.2509381337495,7.647138013309076
-89.0,891.2509381337495,7.644930575851355
-88.0,891.2509381337495,7.642547265920104
-87.0,891.2509381337495,7.639976939460173
-86.0,891.2509381337495,7.637208019347055
-85.0,891.2509381337495,7.634228504044992
-84.0,891.2509381337495,7.63102597922813
-83.0,891.2509381337495,7.6275876325570255
-82.0,891.2509381337495,7.6239002717971145
-81.0,891.2509381337495,7.619950346458041
-80.0,891.2509381337495,7.615723973122807
-79.0,891.2509381337495,7.611206964623626
-78.0,891.2509381337495,7.606384863206918
-77.0,891.2509381337495,7.601242977813024
-76.0,891.2509381337495,7.59576642557703
-75.0,891.2509381337495,7.589940177635346
-74.0,891.2509381337495,7.583749109298619
-73.0,891.2509381337495,7.577178054624946
-72.0,891.2509381337495,7.570211865398509
-71.0,891.2509381337495,7.562835474487538
-70.0,891.2509381337495,7.555033963522167
-69.0,891.2509381337495,7.546792634797376
-68.0,891.2509381337495,7.538097087269009
-67.0,891.2509381337495,7.528933296471965
-66.0,891.2509381337495,7.519287698149424
-65.0,891.2509381337495,7.50914727534056
-64.0,891.2509381337495,7.498499648631943
-63.0,891.2509381337495,7.487333169235123
-62.0,891.2509381337495,7.475637014509977
-61.0,891.2509381337495,7.463401285510765
-60.0,891.2509381337495,7.450617106089837
-59.0,891.2509381337495,7.437276723052974
-58.0,891.2509381337495,7.423373606820976
-57.0,891.2509381337495,7.408902552014585
-56.0,891.2509381337495,7.393859777344868
-55.0,891.2509381337495,7.378243024159066
-54.0,891.2509381337495,7.362051652963126
-53.0,891.2509381337495,7.3452867372172745
-52.0,891.2509381337495,7.32795115368034
-51.0,891.2509381337495,7.310049668562586
-50.0,891.2509381337495,7.291589018736064
-49.0,891.2509381337495,7.272577987246168
-48.0,891.2509381337495,7.25302747236862
-47.0,891.2509381337495,7.232950549462804
-46.0,891.2509381337495,7.212362524885481
-45.0,891.2509381337495,7.191280981248575
-44.0,891.2509381337495,7.169725813331205
-43.0,891.2509381337495,7.147719253989433
-42.0,891.2509381337495,7.125285889447337
-41.0,891.2509381337495,7.102452663400014
-40.0,891.2509381337495,7.079248869412796
-39.0,891.2509381337495,7.055706131161171
-38.0,891.2509381337495,7.031858370122298
-37.0,891.2509381337495,7.007741760401427
-36.0,891.2509381337495,6.983394670454327
-35.0,891.2509381337495,6.958857591549747
-34.0,891.2509381337495,6.934173052903247
-33.0,891.2509381337495,6.909385523504911
-32.0,891.2509381337495,6.884541300757836
-31.0,891.2509381337495,6.85968838614102
-30.0,891.2509381337495,6.834876348208708
-29.0,891.2509381337495,6.810156173337468
-28.0,891.2509381337495,6.785580104731404
-27.0,891.2509381337495,6.761201470294124
-26.0,891.2509381337495,6.73707450007238
-25.0,891.2509381337495,6.713254134069838
-24.0,891.2509381337495,6.6897958213192
-23.0,891.2509381337495,6.6667553111861135
-22.0,891.2509381337495,6.644188437957885
-21.0,891.2509381337495,6.6221508998433185
-20.0,891.2509381337495,6.600698033576029
-19.5,891.2509381337495,6.59020799007425
-19.0,891.2509381337495,6.579884585871663
-18.5,891.2509381337495,6.569734534315255
-18.0,891.2509381337495,6.559764483038892
-17.5,891.2509381337495,6.549981006757265
-17.0,891.2509381337495,6.540390600084115
-16.5,891.2509381337495,6.530999670385653
-16.0,891.2509381337495,6.521814530680111
-15.5,891.2509381337495,6.512841392594389
-15.0,891.2509381337495,6.504086359388728
-14.5,891.2509381337495,6.49555541906036
-14.0,891.2509381337495,6.48725443753697
-13.5,891.2509381337495,6.479189151970798
-13.0,891.2509381337495,6.471365164144064
-12.5,891.2509381337495,6.463787933996323
-12.0,891.2509381337495,6.456462773284172
-11.5,891.2509381337495,6.4493948393836344
-11.0,891.2509381337495,6.442589129245302
-10.5,891.2509381337495,6.436050473512154
-10.0,891.2509381337495,6.429783530809732
-9.5,891.2509381337495,6.423792782218121
-9.0,891.2509381337495,6.418082525934906
-8.5,891.2509381337495,6.4126568721379895
-8.0,891.2509381337495,6.407519738056877
-7.5,891.2509381337495,6.402674843260696
-7.0,891.2509381337495,6.398125705170876
-6.5,891.2509381337495,6.393875634806073
-6.0,891.2509381337495,6.389927732766532
-5.5,891.2509381337495,6.386284885464723
-5.0,891.2509381337495,6.382949761608644
-4.5,891.2509381337495,6.379924808943805
-4.0,891.2509381337495,6.377212251259456
-3.5,891.2509381337495,6.374814085664169
-3.0,891.2509381337495,6.372732080135476
-2.5,891.2509381337495,6.37096777134775
-2.0,891.2509381337495,6.369522462782068
-1.5,891.2509381337495,6.368397223121312
-1.0,891.2509381337495,6.367592884933287
-0.5,891.2509381337495,6.367110043644097
0.0,891.2509381337495,6.366949056803587
0.5,891.2509381337495,6.367110043644097
1.0,891.2509381337495,6.367592884933287
1.5,891.2509381337495,6.368397223121312
2.0,891.2509381337495,6.369522462782068
2.5,891.2509381337495,6.37096777134775
3.0,891.2509381337495,6.372732080135476
3.5,891.2509381337495,6.374814085664169
4.0,891.2509381337495,6.377212251259456
4.5,891.2509381337495,6.379924808943805
5.0,891.2509381337495,6.382949761608644
5.5,891.2509381337495,6.386284885464723
6.0,891.2509381337495,6.389927732766532
6.5,891.2509381337495,6.393875634806073
7.0,891.2509381337495,6.398125705170876
7.5,891.2509381337495,6.402674843260696
8.0,891.2509381337495,6.407519738056877
8.5,891.2509381337495,6.4126568721379895
9.0,891.2509381337495,6.418082525934906
9.5,891.2509381337495,6.423792782218121
10.0,891.2509381337495,6.429783530809732
10.5,891.2509381337495,6.436050473512154
11.0,891.2509381337495,6.442589129245302
11.5,891.2509381337495,6.4493948393836344
12.0,891.2509381337495,6.456462773284172
12.5,891.2509381337495,6.463787933996323
13.0,891.2509381337495,6.471365164144064
13.5,891.2509381337495,6.479189151970798
14.0,891.2509381337495,6.48725443753697
14.5,891.2509381337495,6.49555541906036
15.0,891.2509381337495,6.504086359388728
15.5,891.2509381337495,6.512841392594389
16.0,891.2509381337495,6.521814530680111
16.5,891.2509381337495,6.530999670385653
17.0,891.2509381337495,6.540390600084115
17.5,891.2509381337495,6.549981006757265
18.0,891.2509381337495,6.559764483038892
18.5,891.2509381337495,6.569734534315255
19.0,891.2509381337495,6.579884585871663
19.5,891.2509381337495,6.59020799007425
20.0,891.2509381337495,6.600698033576029
21.0,891.2509381337495,6.6221508998433185
22.0,891.2509381337495,6.644188437957885
23.0,891.2509381337495,6.6667553111861135
24.0,891.2509381337495,6.6897958213192
25.0,891.2509381337495,6.713254134069838
26.0,891.2509381337495,6.73707450007238
27.0,891.2509381337495,6.761201470294124
28.0,891.2509381337495,6.785580104731404
29.0,891.2509381337495,6.810156173337468
30.0,891.2509381337495,6.834876348208708
31.0,891.2509381337495,6.85968838614102
32.0,891.2509381337495,6.884541300757836
33.0,891.2509381337495,6.909385523504911
34.0,891.2509381337495,6.934173052903247
35.0,891.2509381337495,6.958857591549747
36.0,891.2509381337495,6.983394670454327
37.0,891.2509381337495,7.007741760401427
38.0,891.2509381337495,7.031858370122298
39.0,891.2509381337495,7.055706131161171
40.0,891.2509381337495,7.079248869412796
41.0,891.2509381337495,7.102452663400014
42.0,891.2509381337495,7.125285889447337
43.0,891.2509381337495,7.147719253989433
44.0,891.2509381337495,7.169725813331205
45.0,891.2509381337495,7.191280981248575
46.0,891.2509381337495,7.212362524885481
47.0,891.2509381337495,7.232950549462804
48.0,891.2509381337495,7.25302747236862
49.0,891.2509381337495,7.272577987246168
50.0,891.2509381337495,7.291589018736064
51.0,891.2509381337495,7.310049668562586
52.0,891.2509381337495,7.32795115368034
53.0,891.2509381337495,7.3452867372172745
54.0,891.2509381337495,7.362051652963126
55.0,891.2509381337495,7.378243024159066
56.0,891.2509381337495,7.393859777344868
57.0,891.2509381337495,7.408902552014585
58.0,891.2509381337495,7.423373606820976
59.0,891.2509381337495,7.437276723052974
60.0,891.2509381337495,7.450617106089837
61.0,891.2509381337495,7.463401285510765
62.0,891.2509381337495,7.475637014509977
63.0,891.2509381337495,7.487333169235123
64.0,891.2509381337495,7.498499648631943
65.0,891.2509381337495,7.50914727534056
66.0,891.2509381337495,7.519287698149424
67.0,891.2509381337495,7.528933296471965
68.0,891.2509381337495,7.538097087269009
69.0,891.2509381337495,7.546792634797376
70.0,891.2509381337495,7.555033963522167
71.0,891.2509381337495,7.562835474487538
72.0,891.2509381337495,7.570211865398509
73.0,891.2509381337495,7.577178054624946
74.0,891.2509381337495,7.583749109298619
75.0,891.2509381337495,7.589940177635346
76.0,891.2509381337495,7.59576642557703
77.0,891.2509381337495,7.601242977813024
78.0,891.2509381337495,7.606384863206918
79.0,891.2509381337495,7.611206964623626
80.0,891.2509381337495,7.615723973122807
81.0,891.2509381337495,7.619950346458041
82.0,891.2509381337495,7.6239002717971145
83.0,891.2509381337495,7.6275876325570255
84.0,891.2509381337495,7.63102597922813
85.0,891.2509381337495,7.634228504044992
86.0,891.2509381337495,7.637208019347055
87.0,891.2509381337495,7.639976939460173
88.0,891.2509381337495,7.642547265920104
89.0,891.2509381337495,7.644930575851355
90.0,891.2509381337495,7.647138013309076
91.0,891.2509381337495,7.649180283387886
92.0,891.2509381337495,7.651067648899577
93.0,891.2509381337495,7.652809929421267
94.0,891.2509381337495,7.654416502516818
95.0,891.2509381337495,7.655896306936916
96.0,891.2509381337495,7.657257847607013
97.0,891.2509381337495,7.658509202217308
98.0,891.2509381337495,7.659658029234837
99.0,891.2509381337495,7.660711577164441
100.0,891.2509381337495,7.661676694892881
-100.0,1000.0000000000041,8.071929440110985
-99.0,1000.0000000000041,8.07091264411246
-98.0,1000.0000000000041,8.069802682822235
-97.0,1000.0000000000041,8.068592340622523
-96.0,1000.0000000000041,8.067273980879465
-95.0,1000.0000000000041,8.06583953504515
-94.0,1000.0000000000041,8.064280492900737
-93.0,1000.0000000000041,8.062587894115369
-92.0,1000.0000000000041,8.060752321303307
-91.0,1000.0000000000041,8.058763894768912
-90.0,1000.0000000000041,8.056612269135218
-89.0,1000.0000000000041,8.054286632057101
-88.0,1000.0000000000041,8.051775705224102
-87.0,1000.0000000000041,8.049067747860613
-86.0,1000.0000000000041,8.046150562932503
-85.0,1000.0000000000041,8.043011506268835
-84.0,1000.0000000000041,8.039637498805279
-83.0,1000.0000000000041,8.036015042151854
-82.0,1000.0000000000041,8.032130237681566
-81.0,1000.0000000000041,8.027968809328428
-80.0,1000.0000000000041,8.023516130272899
-79.0,1000.0000000000041,8.018757253679988
-78.0,1000.0000000000041,8.013676947640102
-77.0,1000.0000000000041,8.00825973444494
-76.0,1000.0000000000041,8.002489934310525
-75.0,1000.0000000000041,7.996351713636555
-74.0,1000.0000000000041,7.989829137865866
-73.0,1000.0000000000041,7.9829062289798305
-72.0,1000.0000000000041,7.975567027635072
-71.0,1000.0000000000041,7.967795659913993
-70.0,1000.0000000000041,7.959576408626516
-69.0,1000.0000000000041,7.95089378906315
-68.0,1000.0000000000041,7.941732629060288
-67.0,1000.0000000000041,7.932078153197715
-66.0,1000.0000000000041,7.921916070905845
-65.0,1000.0000000000041,7.911232668216639
-64.0,1000.0000000000041,7.9000149028476185
-63.0,1000.0000000000041,7.888250502263388
-62.0,1000.0000000000041,7.875928064313882
-61.0,1000.0000000000041,7.86303716000363
-60.0,1000.0000000000041,7.849568437902077
-59.0,1000.0000000000041,7.835513729661858
-58.0,1000.0000000000041,7.820866156070407
-57.0,1000.0000000000041,7.805620233020816
-56.0,1000.0000000000041,7.789771976750962
-55.0,1000.0000000000041,7.773319007666081
-54.0,1000.0000000000041,7.756260652029724
-53.0,1000.0000000000041,7.738598040781702
-52.0,1000.0000000000041,7.72033420472
-51.0,1000.0000000000041,7.701474165266752
-50.0,1000.0000000000041,7.682025020027094
-49.0,1000.0000000000041,7.66199602234406
-48.0,1000.0000000000041,7.641398654053304
-47.0,1000.0000000000041,7.620246690648437
-46.0,1000.0000000000041,7.598556258081607
-45.0,1000.0000000000041,7.5763458804446655
-44.0,1000.0000000000041,7.553636517804144
-43.0,1000.0000000000041,7.530451593498371
-42.0,1000.0000000000041,7.50681701024732
-41.0,1000.0000000000041,7.482761154475312
-40.0,1000.0000000000041,7.458314888303242
-39.0,1000.0000000000041,7.433511528730422
-38.0,1000.0000000000041,7.408386813596107
-37.0,1000.0000000000041,7.382978853987041
-36.0,1000.0000000000041,7.357328072839354
-35.0,1000.0000000000041,7.33147712957047
-34.0,1000.0000000000041,7.305470830668683
-33.0,1000.0000000000041,7.27935602626413
-32.0,1000.0000000000041,7.253181492804312
-31.0,1000.0000000000041,7.226997802059208
-30.0,1000.0000000000041,7.200857176784783
-29.0,1000.0000000000041,7.174813333478154
-28.0,1000.0000000000041,7.148921312762152
-27.0,1000.0000000000041,7.123237298040523
-26.0,1000.0000000000041,7.097818423166387
-25.0,1000.0000000000041,7.07272256996518
-24.0,1000.0000000000041,7.048008156547889
-23.0,1000.0000000000041,7.0237339174400955
-22.0,1000.0000000000041,6.999958676636263
-21.0,1000.0000000000041,6.976741114765881
-20.0,1000.0000000000041,6.954139531627672
-19.5,1000.0000000000041,6.943087787428325
-19.0,1000.0000000000041,6.9322116054092415
-18.5,1000.0000000000041,6.921518058390815
-18.0,1000.0000000000041,6.911014149961642
-17.5,1000.0000000000041,6.900706806886602
-17.0,1000.0000000000041,6.8906028715405405
-16.5,1000.0000000000041,6.880709094379
-16.0,1000.0000000000041,6.871032126457591
-15.5,1000.0000000000041,6.861578512011472
-15.0,1000.0000000000041,6.852354681106544
-14.5,1000.0000000000041,6.843366942373809
-14.0,1000.0000000000041,6.834621475838379
-13.5,1000.0000000000041,6.826124325854501
-13.0,1000.0000000000041,6.817881394157869
-12.5,1000.0000000000041,6.80989843304639
-12.0,1000.0000000000041,6.802181038700402
-11.5,1000.0000000000041,6.79473464465319
-11.0,1000.0000000000041,6.78756451542246
-10.5,1000.0000000000041,6.7806757403131765
-10.0,1000.0000000000041,6.774073227402016
-9.5,1000.0000000000041,6.767761697713331
-9.0,1000.0000000000041,6.761745679596332
-8.5,1000.0000000000041,6.756029503312833
-8.0,1000.0000000000041,6.75061729584462
-7.5,1000.0000000000041,6.745512975929164
-7.0,1000.0000000000041,6.740720249332018
-6.5,1000.0000000000041,6.7362426043639045
-6.0,1000.0000000000041,6.732083307650055
-5.5,1000.0000000000041,6.728245400159009
-5.0,1000.0000000000041,6.724731693497613
-4.5,1000.0000000000041,6.721544766478554
-4.0,1000.0000000000041,6.718686961966274
-3.5,1000.0000000000041,6.716160384006679
-3.0,1000.0000000000041,6.713966895245566
-2.5,1000.0000000000041,6.712108114640195
-2.0,1000.0000000000041,6.710585415467943
-1.5,1000.0000000000041,6.709399923635471
-1.0,1000.0000000000041,6.708552516291324
-0.5,1000.0000000000041,6.708043820744342
0.0,1000.0000000000041,6.70787421368976
0.5,1000.0000000000041,6.708043820744342
1.0,1000.0000000000041,6.708552516291324
1.5,1000.0000000000041,6.709399923635471
2.0,1000.0000000000041,6.710585415467943
2.5,1000.0000000000041,6.712108114640195
3.0,1000.0000000000041,6.713966895245566
3.5,1000.0000000000041,6.716160384006679
4.0,1000.0000000000041,6.718686961966274
4.5,1000.0000000000041,6.721544766478554
5.0,1000.0000000000041,6.724731693497613
5.5,1000.0000000000041,6.728245400159009
6.0,1000.0000000000041,6.732083307650055
6.5,1000.0000000000041,6.7362426043639045
7.0,1000.0000000000041,6.740720249332018
7.5,1000.0000000000041,6.745512975929164
8.0,1000.0000000000041,6.75061729584462
8.5,1000.0000000000041,6.756029503312833
9.0,1000.0000000000041,6.761745679596332
9.5,1000.0000000000041,6.767761697713331
10.0,1000.0000000000041,6.774073227402016
10.5,1000.0000000000041,6.7806757403131765
11.0,1000.0000000000041,6.78756451542246
11.5,1000.0000000000041,6.79473464465319
12.0,1000.0000000000041,6.802181038700402
12.5,1000.0000000000041,6.80989843304639
13.0,1000.0000000000041,6.817881394157869
13.5,1000.0000000000041,6.826124325854501
14.0,1000.0000000000041,6.834621475838379
14.5,1000.0000000000041,6.843366942373809
15.0,1000.0000000000041,6.852354681106544
15.5,1000.0000000000041,6.861578512011472
16.0,1000.0000000000041,6.871032126457591
16.5,1000.0000000000041,6.880709094379
17.0,1000.0000000000041,6.8906028715405405
17.5,1000.0000000000041,6.900706806886602
18.0,1000.0000000000041,6.911014149961642
18.5,1000.0000000000041,6.921518058390815
19.0,1000.0000000000041,6.9322116054092415
19.5,1000.0000000000041,6.943087787428325
20.0,1000.0000000000041,6.954139531627672
21.0,1000.0000000000041,6.976741114765881
22.0,1000.0000000000041,6.999958676636263
23.0,1000.0000000000041,7.0237339174400955
24.0,1000.0000000000041,7.048008156547889
25.0,1000.0000000000041,7.07272256996518
26.0,1000.0000000000041,7.097818423166387
27.0,1000.0000000000041,7.123237298040523
28.0,1000.0000000000041,7.148921312762152
29.0,1000.0000000000041,7.174813333478154
30.0,1000.0000000000041,7.200857176784783
31.0,1000.0000000000041,7.226997802059208
32.0,1000.0000000000041,7.253181492804312
33.0,1000.0000000000041,7.27935602626413
34.0,1000.0000000000041,7.305470830668683
35.0,1000.0000000000041,7.33147712957047
36.0,1000.0000000000041,7.357328072839354
37.0,1000.0000000000041,7.382978853987041
38.0,1000.0000000000041,7.408386813596107
39.0,1000.0000000000041,7.433511528730422
40.0,1000.0000000000041,7.458314888303242
41.0,1000.0000000000041,7.482761154475312
42.0,1000.0000000000041,7.50681701024732
43.0,1000.0000000000041,7.530451593498371
44.0,1000.0000000000041,7.553636517804144
45.0,1000.0000000000041,7.5763458804446655
46.0,1000.0000000000041,7.598556258081607
47.0,1000.0000000000041,7.620246690648437
48.0,1000.0000000000041,7.641398654053304
49.0,1000.0000000000041,7.66199602234406
50.0,1000.0000000000041,7.682025020027094
51.0,1000.0000000000041,7.701474165266752
52.0,1000.0000000000041,7.72033420472
53.0,1000.0000000000041,7.738598040781702
54.0,1000.0000000000041,7.756260652029724
55.0,1000.0000000000041,7.773319007666081
56.0,1000.0000000000041,7.789771976750962
57.0,1000.0000000000041,7.805620233020816
58.0,1000.0000000000041,7.820866156070407
59.0,1000.0000000000041,7.835513729661858
60.0,1000.0000000000041,7.849568437902077
61.0,1000.0000000000041,7.86303716000363
62.0,1000.0000000000041,7.875928064313882
63.0,1000.0000000000041,7.888250502263388
64.0,1000.0000000000041,7.9000149028476185
65.0,1000.0000000000041,7.911232668216639
66.0,1000.0000000000041,7.921916070905845
67.0,1000.0000000000041,7.932078153197715
68.0,1000.0000000000041,7.941732629060288
69.0,1000.0000000000041,7.95089378906315
70.0,1000.0000000000041,7.959576408626516
71.0,1000.0000000000041,7.967795659913993
72.0,1000.0000000000041,7.975567027635072
73.0,1000.0000000000041,7.9829062289798305
74.0,1000.0000000000041,7.989829137865866
75.0,1000.0000000000041,7.996351713636555
76.0,1000.0000000000041,8.002489934310525
77.0,1000.0000000000041,8.00825973444494
78.0,1000.0000000000041,8.013676947640102
79.0,1000.0000000000041,8.018757253679988
80.0,1000.0000000000041,8.023516130272899
81.0,1000.0000000000041,8.027968809328428
82.0,1000.0000000000041,8.032130237681566
83.0,1000.0000000000041,8.036015042151854
84.0,1000.0000000000041,8.039637498805279
85.0,1000.0000000000041,8.043011506268835
86.0,1000.0000000000041,8.046150562932503
87.0,1000.0000000000041,8.049067747860613
88.0,1000.0000000000041,8.051775705224102
89.0,1000.0000000000041,8.054286632057101
90.0,1000.0000000000041,8.056612269135218
91.0,1000.0000000000041,8.058763894768912
92.0,1000.0000000000041,8.060752321303307
93.0,1000.0000000000041,8.062587894115369
94.0,1000.0000000000041,8.064280492900737
95.0,1000.0000000000041,8.06583953504515
96.0,1000.0000000000041,8.067273980879465
97.0,1000.0000000000041,8.068592340622523
98.0,1000.0000000000041,8.069802682822235
99.0,1000.0000000000041,8.07091264411246
100.0,1000.0000000000041,8.071929440110985
-100.0,1122.0184543019675,8.494676769940178
-99.0,1122.0184543019675,8.493606721767367
-98.0,1122.0184543019675,8.492438629001251
-97.0,1122.0184543019675,8.49116489812391
-96.0,1122.0184543019675,8.489777492551692
-95.0,1122.0184543019675,8.488267921166448
-94.0,1122.0184543019675,8.48662722804769
-93.0,1122.0184543019675,8.4848459835894
-92.0,1122.0184543019675,8.482914277193569
-91.0,1122.0184543019675,8.480821711739948
-90.0,1122.0184543019675,8.478557400038047
-89.0,1122.0184543019675,8.476109963472929
-88.0,1122.0184543019675,8.473467533060528
-87.0,1122.0184543019675,8.47061775313117
-86.0,1122.0184543019675,8.467547787861244
-85.0,1122.0184543019675,8.464244330872647
-84.0,1122.0184543019675,8.460693618117425
-83.0,1122.0184543019675,8.45688144426082
-82.0,1122.0184543019675,8.45279318276964
-81.0,1122.0184543019675,8.448413809904272
-80.0,1122.0184543019675,8.4437279328017
-79.0,1122.0184543019675,8.438719821823433
-78.0,1122.0184543019675,8.433373447326307
-77.0,1122.0184543019675,8.42767252099535
-76.0,1122.0184543019675,8.4216005418567
-75.0,1122.0184543019675,8.41514084706442
-74.0,1122.0184543019675,8.408276667528344
-73.0,1122.0184543019675,8.400991188420662
-72.0,1122.0184543019675,8.393267614566877
-71.0,1122.0184543019675,8.385089240692242
-70.0,1122.0184543019675,8.37643952645774
-69.0,1122.0184543019675,8.367302176180537
-68.0,1122.0184543019675,8.357661223092505
-67.0,1122.0184543019675,8.347501117947356
-66.0,1122.0184543019675,8.336806821742286
-65.0,1122.0184543019675,8.325563902274117
-64.0,1122.0184543019675,8.313758634203099
-63.0,1122.0184543019675,8.301378102250164
-62.0,1122.0184543019675,8.28841030710585
-61.0,1122.0184543019675,8.274844273581863
-60.0,1122.0184543019675,8.260670160489607
-59.0,1122.0184543019675,8.245879371684739
-58.0,1122.0184543019675,8.230464667672958
-57.0,1122.0184543019675,8.214420277130829
-56.0,1122.0184543019675,8.197742007656542
-55.0,1122.0184543019675,8.180427355029952
-54.0,1122.0184543019675,8.162475610229324
-53.0,1122.0184543019675,8.143887963424648
-52.0,1122.0184543019675,8.12466760414445
-51.0,1122.0184543019675,8.104819816795425
-50.0,1122.0184543019675,8.084352070702213
-49.0,1122.0184543019675,8.06327410382879
-48.0,1122.0184543019675,8.041597999343544
-47.0,1122.0184543019675,8.019338254197471
-46.0,1122.0184543019675,7.996511838899561
-45.0,1122.0184543019675,7.973138247695134
-44.0,1122.0184543019675,7.949239538382342
-43.0,1122.0184543019675,7.9248403610388936
-42.0,1122.0184543019675,7.899967974975623
-41.0,1122.0184543019675,7.87465225328558
-40.0,1122.0184543019675,7.848925674416873
-39.0,1122.0184543019675,7.822823300264206
-38.0,1122.0184543019675,7.796382740347729
-37.0,1122.0184543019675,7.769644101728045
-36.0,1122.0184543019675,7.742649924392535
-35.0,1122.0184543019675,7.715445101940048
-34.0,1122.0184543019675,7.688076787487822
-33.0,1122.0184543019675,7.660594284825629
-32.0,1122.0184543019675,7.633048924946705
-31.0,1122.0184543019675,7.605493928192339
-30.0,1122.0184543019675,7.57798425235611
-29.0,1122.0184543019675,7.550576427203745
-28.0,1122.0184543019675,7.523328375974495
-27.0,1122.0184543019675,7.4962992245388484
-26.0,1122.0184543019675,7.469549098994096
-25.0,1122.0184543019675,7.443138912583053
-24.0,1122.0184543019675,7.417130142920707
-23.0,1122.0184543019675,7.391584600608073
-22.0,1122.0184543019675,7.366564190400762
-21.0,1122.0184543019675,7.342130666181022
-20.0,1122.0184543019675,7.318345381055267
-19.5,1122.0184543019675,7.306714829101852
-19.0,1122.0184543019675,7.29526903396345
-18.5,1122.0184543019675,7.284015438881919
-18.0,1122.0184543019675,7.27296141424148
-17.5,1122.0184543019675,7.262114249579182
-17.0,1122.0184543019675,7.251481145622317
-16.5,1122.0184543019675,7.241069206364838
-16.0,1122.0184543019675,7.230885431194928
-15.5,1122.0184543019675,7.220936707085875
-15.0,1122.0184543019675,7.211229800862365
-14.5,1122.0184543019675,7.2017713515543385
-14.0,1122.0184543019675,7.192567862850431
-13.5,1122.0184543019675,7.1836256956629825
-13.0,1122.0184543019675,7.174951060816494
-12.5,1122.0184543019675,7.16655001187124
-12.0,1122.0184543019675,7.158428438093654
-11.5,1122.0184543019675,7.150592057584882
-11.0,1122.0184543019675,7.143046410578716
-10.5,1122.0184543019675,7.135796852919876
-10.0,1122.0184543019675,7.128848549733408
-9.5,1122.0184543019675,7.122206469295633
-9.0,1122.0184543019675,7.115875377116846
-8.5,1122.0184543019675,7.109859830245607
-8.0,1122.0184543019675,7.104164171804161
-7.5,1122.0184543019675,7.098792525764156
-7.0,1122.0184543019675,7.093748791971447
-6.5,1122.0184543019675,7.0890366414283985
-6.0,1122.0184543019675,7.084659511841654
-5.5,1122.0184543019675,7.080620603442955
-5.0,1122.0184543019675,7.0769228750901
-4.5,1122.0184543019675,7.073569040654708
-4.0,1122.0184543019675,7.07056156570295
-3.5,1122.0184543019675,7.067902664474928
-3.0,1122.0184543019675,7.065594297167904
-2.5,1122.0184543019675,7.063638167528019
-2.0,1122.0184543019675,7.062035720754654
-1.5,1122.0184543019675,7.060788141721045
-1.0,1122.0184543019675,7.0598963535142225
-0.5,1122.0184543019675,7.059361016296772
0.0,1122.0184543019675,7.059182526492411
0.5,1122.0184543019675,7.059361016296772
1.0,1122.0184543019675,7.0598963535142225
1.5,1122.0184543019675,7.060788141721045
2.0,1122.0184543019675,7.062035720754654
2.5,1122.0184543019675,7.063638167528019
3.0,1122.0184543019675,7.065594297167904
3.5,1122.0184543019675,7.067902664474928
4.0,1122.0184543019675,7.07056156570295
4.5,1122.0184543019675,7.073569040654708
5.0,1122.0184543019675,7.0769228750901
5.5,1122.0184543019675,7.080620603442955
6.0,1122.0184543019675,7.084659511841654
6.5,1122.0184543019675,7.0890366414283985
7.0,1122.0184543019675,7.093748791971447
7.5,1122.0184543019675,7.098792525764156
8.0,1122.0184543019675,7.104164171804161
8.5,1122.0184543019675,7.109859830245607
9.0,1122.0184543019675,7.115875377116846
9.5,1122.0184543019675,7.122206469295633
10.0,1122.0184543019675,7.128848549733408
10.5,1122.0184543019675,7.135796852919876
11.0,1122.0184543019675,7.143046410578716
11.5,1122.0184543019675,7.150592057584882
12.0,1122.0184543019675,7.158428438093654
12.5,1122.0184543019675,7.16655001187124
13.0,1122.0184543019675,7.174951060816494
13.5,1122.0184543019675,7.1836256956629825
14.0,1122.0184543019675,7.192567862850431
14.5,1122.0184543019675,7.2017713515543385
15.0,1122.0184543019675,7.211229800862365
15.5,1122.0184543019675,7.220936707085875
16.0,1122.0184543019675,7.230885431194928
16.5,1122.0184543019675,7.241069206364838
17.0,1122.0184543019675,7.251481145622317
17.5,1122.0184543019675,7.262114249579182
18.0,1122.0184543019675,7.27296141424148
18.5,1122.0184543019675,7.284015438881919
19.0,1122.0184543019675,7.29526903396345
19.5,1122.0184543019675,7.306714829101852
20.0,1122.0184543019675,7.318345381055267
21.0,1122.0184543019675,7.342130666181022
22.0,1122.0184543019675,7.366564190400762
23.0,1122.0184543019675,7.391584600608073
24.0,1122.0184543019675,7.417130142920707
25.0,1122.0184543019675,7.443138912583053
26.0,1122.0184543019675,7.469549098994096
27.0,1122.0184543019675,7.4962992245388484
28.0,1122.0184543019675,7.523328375974495
29.0,1122.0184543019675,7.550576427203745
30.0,1122.0184543019675,7.57798425235611
31.0,1122.0184543019675,7.605493928192339
32.0,1122.0184543019675,7.633048924946705
33.0,1122.0184543019675,7.660594284825629
34.0,1122.0184543019675,7.688076787487822
35.0,1122.0184543019675,7.715445101940048
36.0,1122.0184543019675,7.742649924392535
37.0,1122.0184543019675,7.769644101728045
38.0,1122.0184543019675,7.796382740347729
39.0,1122.0184543019675,7.822823300264206
40.0,1122.0184543019675,7.848925674416873
41.0,1122.0184543019675,7.87465225328558
42.0,1122.0184543019675,7.899967974975623
43.0,1122.0184543019675,7.9248403610388936
44.0,1122.0184543019675,7.949239538382342
45.0,1122.0184543019675,7.973138247695134
46.0,1122.0184543019675,7.996511838899561
47.0,1122.0184543019675,8.019338254197471
48.0,1122.0184543019675,8.041597999343544
49.0,1122.0184543019675,8.06327410382879
50.0,1122.0184543019675,8.084352070702213
51.0,1122.0184543019675,8.104819816795425
52.0,1122.0184543019675,8.12466760414445
53.0,1122.0184543019675,8.143887963424648
54.0,1122.0184543019675,8.162475610229324
55.0,1122.0184543019675,8.180427355029952
56.0,1122.0184543019675,8.197742007656542
57.0,1122.0184543019675,8.214420277130829
58.0,1122.0184543019675,8.230464667672958
59.0,1122.0184543019675,8.245879371684739
60.0,1122.0184543019675,8.260670160489607
61.0,1122.0184543019675,8.274844273581863
62.0,1122.0184543019675,8.28841030710585
63.0,1122.0184543019675,8.301378102250164
64.0,1122.0184543019675,8.313758634203099
65.0,1122.0184543019675,8.325563902274117
66.0,1122.0184543019675,8.336806821742286
67.0,1122.0184543019675,8.347501117947356
68.0,1122.0184543019675,8.357661223092505
69.0,1122.0184543019675,8.367302176180537
70.0,1122.0184543019675,8.37643952645774
71.0,1122.0184543019675,8.385089240692242
72.0,1122.0184543019675,8.393267614566877
73.0,1122.0184543019675,8.400991188420662
74.0,1122.0184543019675,8.408276667528344
75.0,1122.0184543019675,8.41514084706442
76.0,1122.0184543019675,8.4216005418567
77.0,1122.0184543019675,8.42767252099535
78.0,1122.0184543019675,8.433373447326307
79.0,1122.0184543019675,8.438719821823433
80.0,1122.0184543019675,8.4437279328017
81.0,1122.0184543019675,8.448413809904272
82.0,1122.0184543019675,8.45279318276964
83.0,1122.0184543019675,8.45688144426082
84.0,1122.0184543019675,8.460693618117425
85.0,1122.0184543019675,8.464244330872647
86.0,1122.0184543019675,8.467547787861244
87.0,1122.0184543019675,8.47061775313117
88.0,1122.0184543019675,8.473467533060528
89.0,1122.0184543019675,8.476109963472929
90.0,1122.0184543019675,8.478557400038047
91.0,1122.0184543019675,8.480821711739948
92.0,1122.0184543019675,8.482914277193569
93.0,1122.0184543019675,8.4848459835894
94.0,1122.0184543019675,8.48662722804769
95.0,1122.0184543019675,8.488267921166448
96.0,1122.0184543019675,8.489777492551692
97.0,1122.0184543019675,8.49116489812391
98.0,1122.0184543019675,8.492438629001251
99.0,1122.0184543019675,8.493606721767367
100.0,1122.0184543019675,8.494676769940178
-100.0,1258.9254117941725,8.929980546827366
-99.0,1258.9254117941725,8.92885566478345
-98.0,1258.9254117941725,8.927627713919538
-97.0,1258.9254117941725,8.92628871159319
-96.0,1258.9254117941725,8.924830209391631
-95.0,1258.9254117941725,8.923243281075303
-94.0,1258.9254117941725,8.921518511783825
-93.0,1258.9254117941725,8.919645988697606
-92.0,1258.9254117941725,8.917615293356967
-91.0,1258.9254117941725,8.915415495848492
-90.0,1258.9254117941725,8.913035151075226
-89.0,1258.9254117941725,8.910462297333051
-88.0,1258.9254117941725,8.90768445742011
-87.0,1258.9254117941725,8.904688642509063
-86.0,1258.9254117941725,8.901461359013489
-85.0,1258.9254117941725,8.89798861867923
-84.0,1258.9254117941725,8.894255952129313
-83.0,1258.9254117941725,8.890248426086524
-82.0,1258.9254117941725,8.885950664491196
-81.0,1258.9254117941725,8.881346873722674
-80.0,1258.9254117941725,8.876420872121427
-79.0,1258.9254117941725,8.871156123994632
-78.0,1258.9254117941725,8.865535778271257
-77.0,1258.9254117941725,8.859542711953006
-76.0,1258.9254117941725,8.853159578485144
-75.0,1258.9254117941725,8.84636886114583
-74.0,1258.9254117941725,8.83915293152459
-73.0,1258.9254117941725,8.831494113129503
-72.0,1258.9254117941725,8.823374750129096
-71.0,1258.9254117941725,8.81477728119848
-70.0,1258.9254117941725,8.805684318400523
-69.0,1258.9254117941725,8.796078730991512
-68.0,1258.9254117941725,8.785943733997435
-67.0,1258.9254117941725,8.775262981361742
-66.0,1258.9254117941725,8.764020663418435
-65.0,1258.9254117941725,8.752201608396168
-64.0,1258.9254117941725,8.739791387609744
-63.0,1258.9254117941725,8.726776423945639
-62.0,1258.9254117941725,8.713144103198163
-61.0,1258.9254117941725,8.69888288776316
-60.0,1258.9254117941725,8.683982432147205
-59.0,1258.9254117941725,8.668433699702542
-58.0,1258.9254117941725,8.65222907995204
-57.0,1258.9254117941725,8.635362505824826
-56.0,1258.9254117941725,8.61782957008239
-55.0,1258.9254117941725,8.599627640177573
-54.0,1258.9254117941725,8.58075597075532
-53.0,1258.9254117941725,8.561215812975046
-52.0,1258.9254117941725,8.541010519810442
-51.0,1258.9254117941725,8.520145646463929
-50.0,1258.9254117941725,8.498629045020472
-49.0,1258.9254117941725,8.476470952459213
-48.0,1258.9254117941725,8.453684071142053
-47.0,1258.9254117941725,8.430283640906122
-46.0,1258.9254117941725,8.406287501902288
-45.0,1258.9254117941725,8.38171614734485
-44.0,1258.9254117941725,8.356592765368418
-43.0,1258.9254117941725,8.330943269226717
-42.0,1258.9254117941725,8.304796315114919
-41.0,1258.9254117941725,8.278183306951858
-40.0,1258.9254117941725,8.25113838752103
-39.0,1258.9254117941725,8.223698415439435
-38.0,1258.9254117941725,8.195902927500812
-37.0,1258.9254117941725,8.167794086024069
-36.0,1258.9254117941725,8.13941661092852
-35.0,1258.9254117941725,8.110817696354127
-34.0,1258.9254117941725,8.08204691174668
-33.0,1258.9254117941725,8.053156087434216
-32.0,1258.9254117941725,8.02419918483086
-31.0,1258.9254117941725,7.995232151517111
-30.0,1258.9254117941725,7.96631276156029
-29.0,1258.9254117941725,7.9375004415544765
-28.0,1258.9254117941725,7.908856082974855
-27.0,1258.9254117941725,7.8804418415558395
-26.0,1258.9254117941725,7.852320924514577
-25.0,1258.9254117941725,7.824557366550456
-24.0,1258.9254117941725,7.797215795655899
-23.0,1258.9254117941725,7.770361189872991
-22.0,1258.9254117941725,7.744058626223297
-21.0,1258.9254117941725,7.718373023123622
-20.0,1258.9254117941725,7.693368877677458
-19.5,1258.9254117941725,7.68114232621403
-19.0,1258.9254117941725,7.669109999299533
-18.5,1258.9254117941725,7.657279721599556
-18.0,1258.9254117941725,7.645659241188508
-17.5,1258.9254117941725,7.634256221150673
-17.0,1258.9254117941725,7.6230782312095835
-16.5,1258.9254117941725,7.612132739398399
-16.0,1258.9254117941725,7.601427103784062
-15.5,1258.9254117941725,7.590968564257993
-15.0,1258.9254117941725,7.580764234406084
-14.5,1258.9254117941725,7.570821093470725
-14.0,1258.9254117941725,7.561145978417533
-13.5,1258.9254117941725,7.551745576119361
-13.0,1258.9254117941725,7.542626415670067
-12.5,1258.9254117941725,7.533794860840396
-12.0,1258.9254117941725,7.525257102688124
-11.5,1258.9254117941725,7.517019152334497
-11.0,1258.9254117941725,7.509086833918718
-10.5,1258.9254117941725,7.501465777742028
-10.0,1258.9254117941725,7.494161413612695
-9.5,1258.9254117941725,7.487178964402894
-9.0,1258.9254117941725,7.480523439828162
-8.5,1258.9254117941725,7.474199630459831
-8.0,1258.9254117941725,7.468212101980411
-7.5,1258.9254117941725,7.462565189691595
-7.0,1258.9254117941725,7.457262993284117
-6.5,1258.9254117941725,7.452309371878291
-6.0,1258.9254117941725,7.447707939343637
-5.5,1258.9254117941725,7.443462059905537
-5.0,1258.9254117941725,7.439574844046389
-4.5,1258.9254117941725,7.436049144708268
-4.0,1258.9254117941725,7.43288755380356
-3.5,1258.9254117941725,7.430092399039557
-3.0,1258.9254117941725,7.427665741062459
-2.5,1258.9254117941725,7.425609370925685
-2.0,1258.9254117941725,7.423924807886851
-1.5,1258.9254117941725,7.422613297537196
-1.0,1258.9254117941725,7.421675810266698
-0.5,1258.9254117941725,7.421113040067513
0.0,1258.9254117941725,7.420925403677817
0.5,1258.9254117941725,7.421113040067513
1.0,1258.9254117941725,7.421675810266698
1.5,1258.9254117941725,7.422613297537196
2.0,1258.9254117941725,7.423924807886851
2.5,1258.9254117941725,7.425609370925685
3.0,1258.9254117941725,7.427665741062459
3.5,1258.9254117941725,7.430092399039557
4.0,1258.9254117941725,7.43288755380356
4.5,1258.9254117941725,7.436049144708268
5.0,1258.9254117941725,7.439574844046389
5.5,1258.9254117941725,7.443462059905537
6.0,1258.9254117941725,7.447707939343637
6.5,1258.9254117941725,7.452309371878291
7.0,1258.9254117941725,7.457262993284117
7.5,1258.9254117941725,7.462565189691595
8.0,1258.9254117941725,7.468212101980411
8.5,1258.9254117941725,7.474199630459831
9.0,1258.9254117941725,7.480523439828162
9.5,1258.9254117941725,7.487178964402894
10.0,1258.9254117941725,7.494161413612695
10.5,1258.9254117941725,7.501465777742028
11.0,1258.9254117941725,7.509086833918718
11.5,1258.9254117941725,7.517019152334497
12.0,1258.9254117941725,7.525257102688124
12.5,1258.9254117941725,7.533794860840396
13.0,1258.9254117941725,7.542626415670067
13.5,1258.9254117941725,7.551745576119361
14.0,1258.9254117941725,7.561145978417533
14.5,1258.9254117941725,7.570821093470725
15.0,1258.9254117941725,7.580764234406084
15.5,1258.9254117941725,7.590968564257993
16.0,1258.9254117941725,7.601427103784062
16.5,1258.9254117941725,7.612132739398399
17.0,1258.9254117941725,7.6230782312095835
17.5,1258.9254117941725,7.634256221150673
18.0,1258.9254117941725,7.645659241188508
18.5,1258.9254117941725,7.657279721599556
19.0,1258.9254117941725,7.669109999299533
19.5,1258.9254117941725,7.68114232621403
20.0,1258.9254117941725,7.693368877677458
21.0,1258.9254117941725,7.718373023123622
22.0,1258.9254117941725,7.744058626223297
23.0,1258.9254117941725,7.770361189872991
24.0,1258.9254117941725,7.797215795655899
25.0,1258.9254117941725,7.824557366550456
26.0,1258.9254117941725,7.852320924514577
27.0,1258.9254117941725,7.8804418415558395
28.0,1258.9254117941725,7.908856082974855
29.0,1258.9254117941725,7.9375004415544765
30.0,1258.9254117941725,7.96631276156029
31.0,1258.9254117941725,7.995232151517111
32.0,1258.9254117941725,8.02419918483086
33.0,1258.9254117941725,8.053156087434216
34.0,1258.9254117941725,8.08204691174668
35.0,1258.9254117941725,8.110817696354127
36.0,1258.9254117941725,8.13941661092852
37.0,1258.9254117941725,8.167794086024069
38.0,1258.9254117941725,8.195902927500812
39.0,1258.9254117941725,8.223698415439435
40.0,1258.9254117941725,8.25113838752103
41.0,1258.9254117941725,8.278183306951858
42.0,1258.9254117941725,8.304796315114919
43.0,1258.9254117941725,8.330943269226717
44.0,1258.9254117941725,8.356592765368418
45.0,1258.9254117941725,8.38171614734485
46.0,1258.9254117941725,8.406287501902288
47.0,1258.9254117941725,8.430283640906122
48.0,1258.9254117941725,8.453684071142053
49.0,1258.9254117941725,8.476470952459213
50.0,1258.9254117941725,8.498629045020472
51.0,1258.9254117941725,8.520145646463929
52.0,1258.9254117941725,8.541010519810442
53.0,1258.9254117941725,8.561215812975046
54.0,1258.9254117941725,8.58075597075532
55.0,1258.9254117941725,8.599627640177573
56.0,1258.9254117941725,8.61782957008239
57.0,1258.9254117941725,8.635362505824826
58.0,1258.9254117941725,8.65222907995204
59.0,1258.9254117941725,8.668433699702542
60.0,1258.9254117941725,8.683982432147205
61.0,1258.9254117941725,8.69888288776316
62.0,1258.9254117941725,8.713144103198163
63.0,1258.9254117941725,8.726776423945639
64.0,1258.9254117941725,8.739791387609744
65.0,1258.9254117941725,8.752201608396168
66.0,1258.9254117941725,8.764020663418435
67.0,1258.9254117941725,8.775262981361742
68.0,1258.9254117941725,8.785943733997435
69.0,1258.9254117941725,8.796078730991512
70.0,1258.9254117941725,8.805684318400523
71.0,1258.9254117941725,8.81477728119848
72.0,1258.9254117941725,8.823374750129096
73.0,1258.9254117941725,8.831494113129503
74.0,1258.9254117941725,8.83915293152459
75.0,1258.9254117941725,8.84636886114583
76.0,1258.9254117941725,8.853159578485144
77.0,1258.9254117941725,8.859542711953006
78.0,1258.9254117941725,8.865535778271257
79.0,1258.9254117941725,8.871156123994632
80.0,1258.9254117941725,8.876420872121427
81.0,1258.9254117941725,8.881346873722674
82.0,1258.9254117941725,8.885950664491196
83.0,1258.9254117941725,8.890248426086524
84.0,1258.9254117941725,8.894255952129313
85.0,1258.9254117941725,8.89798861867923
86.0,1258.9254117941725,8.901461359013489
87.0,1258.9254117941725,8.904688642509063
88.0,1258.9254117941725,8.90768445742011
89.0,1258.9254117941725,8.910462297333051
90.0,1258.9254117941725,8.913035151075226
91.0,1258.9254117941725,8.915415495848492
92.0,1258.9254117941725,8.917615293356967
93.0,1258.9254117941725,8.919645988697606
94.0,1258.9254117941725,8.921518511783825
95.0,1258.9254117941725,8.923243281075303
96.0,1258.9254117941725,8.924830209391631
97.0,1258.9254117941725,8.92628871159319
98.0,1258.9254117941725,8.927627713919538
99.0,1258.9254117941725,8.92885566478345
100.0,1258.9254117941725,8.929980546827366
-100.0,1412.5375446227613,9.37790143747155
-99.0,1412.5375446227613,9.376720132217715
-98.0,1412.5375446227613,9.375430588291897
-97.0,1412.5375446227613,9.374024422648512
-96.0,1412.5375446227613,9.372492763108962
-95.0,1412.5375446227613,9.37082623570044
-94.0,1412.5375446227613,9.369014953320479
-93.0,1412.5375446227613,9.367048505930155
-92.0,1412.5375446227613,9.36491595248794
-91.0,1412.5375446227613,9.36260581484445
-90.0,1412.5375446227613,9.360106073825548
-89.0,1412.5375446227613,9.35740416773733
-88.0,1412.5375446227613,9.354486993531179
-87.0,1412.5375446227613,9.351340910870261
-86.0,1412.5375446227613,9.347951749340337
-85.0,1412.5375446227613,9.344304819047284
-84.0,1412.5375446227613,9.34038492484141
-83.0,1412.5375446227613,9.336176384403915
-82.0,1412.5375446227613,9.331663050423913
-81.0,1412.5375446227613,9.326828337085004
-80.0,1412.5375446227613,9.32165525106818
-79.0,1412.5375446227613,9.3161264272631
-78.0,1412.5375446227613,9.310224169362094
-77.0,1412.5375446227613,9.303930495490572
-76.0,1412.5375446227613,9.297227189004074
-75.0,1412.5375446227613,9.290095854555599
-74.0,1412.5375446227613,9.282517979507285
-73.0,1412.5375446227613,9.274475000728106
-72.0,1412.5375446227613,9.265948376783786
-71.0,1412.5375446227613,9.256919665487022
-70.0,1412.5375446227613,9.24737060673525
-69.0,1412.5375446227613,9.237283210519955
-68.0,1412.5375446227613,9.226639849945862
-67.0,1412.5375446227613,9.215423359050915
-66.0,1412.5375446227613,9.203617135168544
-65.0,1412.5375446227613,9.191205245523136
-64.0,1412.5375446227613,9.178172537697842
-63.0,1412.5375446227613,9.16450475356167
-62.0,1412.5375446227613,9.150188646190166
-61.0,1412.5375446227613,9.135212099261908
-60.0,1412.5375446227613,9.11956424836155
-59.0,1412.5375446227613,9.103235603570104
-58.0,1412.5375446227613,9.086218172674814
-57.0,1412.5375446227613,9.068505584285244
-56.0,1412.5375446227613,9.050093210099224
-55.0,1412.5375446227613,9.030978285523068
-54.0,1412.5375446227613,9.011160027815292
-53.0,1412.5375446227613,8.990639750892498
-52.0,1412.5375446227613,8.969420975910934
-51.0,1412.5375446227613,8.947509536717662
-50.0,1412.5375446227613,8.924913679252128
-49.0,1412.5375446227613,8.9016441539724
-48.0,1412.5375446227613,8.877714300380996
-47.0,1412.5375446227613,8.853140122733436
-46.0,1412.5375446227613,8.827940356028705
-45.0,1412.5375446227613,8.802136521404822
-44.0,1412.5375446227613,8.775752970095228
-43.0,1412.5375446227613,8.748816915142326
-42.0,1412.5375446227613,8.721358450113792
-41.0,1412.5375446227613,8.693410554124648
-40.0,1412.5375446227613,8.665009082533897
-39.0,1412.5375446227613,8.636192742758153
-38.0,1412.5375446227613,8.607003054726029
-37.0,1412.5375446227613,8.577484295585611
-36.0,1412.5375446227613,8.547683428372647
-35.0,1412.5375446227613,8.517650014448513
-34.0,1412.5375446227613,8.487436109623914
-33.0,1412.5375446227613,8.457096143995898
-32.0,1412.5375446227613,8.426686785641223
-31.0,1412.5375446227613,8.39626678842759
-30.0,1412.5375446227613,8.365896824324677
-29.0,1412.5375446227613,8.335639300718379
-28.0,1412.5375446227613,8.305558163352998
-27.0,1412.5375446227613,8.27571868564633
-26.0,1412.5375446227613,8.246187245240453
-25.0,1412.5375446227613,8.217031088765559
-24.0,1412.5375446227613,8.188318085903992
-23.0,1412.5375446227613,8.160116473945974
-22.0,1412.5375446227613,8.132494594125946
-21.0,1412.5375446227613,8.105520621118094
-20.0,1412.5375446227613,8.079262287150543
-19.5,1412.5375446227613,8.066422461358881
-19.0,1412.5375446227613,8.053786602268719
-18.5,1412.5375446227613,8.0413629270248
-18.0,1412.5375446227613,8.029159572338926
-17.5,1412.5375446227613,8.017184585669742
-17.0,1412.5375446227613,8.005445916432235
-16.5,1412.5375446227613,7.993951407250308
-16.0,1412.5375446227613,7.982708785265829
-15.5,1412.5375446227613,7.97172565351755
-15.0,1412.5375446227613,7.961009482403307
-14.5,1412.5375446227613,7.950567601238872
-14.0,1412.5375446227613,7.940407189926749
-13.5,1412.5375446227613,7.9305352707481385
-13.0,1412.5375446227613,7.920958700291179
-12.5,1412.5375446227613,7.911684161528415
-12.0,1412.5375446227613,7.902718156056273
-11.5,1412.5375446227613,7.894066996509174
-11.0,1412.5375446227613,7.88573679916062
-10.5,1412.5375446227613,7.8777334767233915
-10.0,1412.5375446227613,7.870062731360726
-9.5,1412.5375446227613,7.862730047920006
-9.0,1412.5375446227613,7.855740687400214
-8.5,1412.5375446227613,7.849099680664019
-8.0,1412.5375446227613,7.842811822405022
-7.5,1412.5375446227613,7.836881665380282
-7.0,1412.5375446227613,7.831313514917836
-6.5,1412.5375446227613,7.826111423708479
-6.0,1412.5375446227613,7.821279186890618
-5.5,1412.5375446227613,7.816820337436568
-5.0,1412.5375446227613,7.812738141848111
-4.5,1412.5375446227613,7.809035596168681
-4.0,1412.5375446227613,7.8057154223189755
-3.5,1412.5375446227613,7.802780064762277
-3.0,1412.5375446227613,7.800231687505198
-2.5,1412.5375446227613,7.79807217143901
-2.0,1412.5375446227613,7.796303112026109
-1.5,1412.5375446227613,7.794925817335622
-1.0,1412.5375446227613,7.793941306431537
-0.5,1412.5375446227613,7.793350308116119
0.0,1412.5375446227613,7.793153260030804
0.5,1412.5375446227613,7.793350308116119
1.0,1412.5375446227613,7.793941306431537
1.5,1412.5375446227613,7.794925817335622
2.0,1412.5375446227613,7.796303112026109
2.5,1412.5375446227613,7.79807217143901
3.0,1412.5375446227613,7.800231687505198
3.5,1412.5375446227613,7.802780064762277
4.0,1412.5375446227613,7.8057154223189755
4.5,1412.5375446227613,7.809035596168681
5.0,1412.5375446227613,7.812738141848111
5.5,1412.5375446227613,7.816820337436568
6.0,1412.5375446227613,7.821279186890618
6.5,1412.5375446227613,7.826111423708479
7.0,1412.5375446227613,7.831313514917836
7.5,1412.5375446227613,7.836881665380282
8.0,1412.5375446227613,7.842811822405022
8.5,1412.5375446227613,7.849099680664019
9.0,1412.5375446227613,7.855740687400214
9.5,1412.5375446227613,7.862730047920006
10.0,1412.5375446227613,7.870062731360726
10.5,1412.5375446227613,7.8777334767233915
11.0,1412.5375446227613,7.88573679916062
11.5,1412.5375446227613,7.894066996509174
12.0,1412.5375446227613,7.902718156056273
12.5,1412.5375446227613,7.911684161528415
13.0,1412.5375446227613,7.920958700291179
13.5,1412.5375446227613,7.9305352707481385
14.0,1412.5375446227613,7.940407189926749
14.5,1412.5375446227613,7.950567601238872
15.0,1412.5375446227613,7.961009482403307
15.5,1412.5375446227613,7.97172565351755
16.0,1412.5375446227613,7.982708785265829
16.5,1412.5375446227613,7.993951407250308
17.0,1412.5375446227613,8.005445916432235
17.5,1412.5375446227613,8.017184585669742
18.0,1412.5375446227613,8.029159572338926
18.5,1412.5375446227613,8.0413629270248
19.0,1412.5375446227613,8.053786602268719
19.5,1412.5375446227613,8.066422461358881
20.0,1412.5375446227613,8.079262287150543
21.0,1412.5375446227613,8.105520621118094
22.0,1412.5375446227613,8.132494594125946
23.0,1412.5375446227613,8.160116473945974
24.0,1412.5375446227613,8.188318085903992
25.0,1412.5375446227613,8.217031088765559
26.0,1412.5375446227613,8.246187245240453
27.0,1412.5375446227613,8.27571868564633
28.0,1412.5375446227613,8.305558163352998
29.0,1412.5375446227613,8.335639300718379
30.0,1412.5375446227613,8.365896824324677
31.0,1412.5375446227613,8.39626678842759
32.0,1412.5375446227613,8.426686785641223
33.0,1412.5375446227613,8.457096143995898
34.0,1412.5375446227613,8.487436109623914
35.0,1412.5375446227613,8.517650014448513
36.0,1412.5375446227613,8.547683428372647
37.0,1412.5375446227613,8.577484295585611
38.0,1412.5375446227613,8.607003054726029
39.0,1412.5375446227613,8.636192742758153
40.0,1412.5375446227613,8.665009082533897
41.0,1412.5375446227613,8.693410554124648
42.0,1412.5375446227613,8.721358450113792
43.0,1412.5375446227613,8.748816915142326
44.0,1412.5375446227613,8.775752970095228
45.0,1412.5375446227613,8.802136521404822
46.0,1412.5375446227613,8.827940356028705
47.0,1412.5375446227613,8.853140122733436
48.0,1412.5375446227613,8.877714300380996
49.0,1412.5375446227613,8.9016441539724
50.0,1412.5375446227613,8.924913679252128
51.0,1412.5375446227613,8.947509536717662
52.0,1412.5375446227613,8.969420975910934
53.0,1412.5375446227613,8.990639750892498
54.0,1412.5375446227613,9.011160027815292
55.0,1412.5375446227613,9.030978285523068
56.0,1412.5375446227613,9.050093210099224
57.0,1412.5375446227613,9.068505584285244
58.0,1412.5375446227613,9.086218172674814
59.0,1412.5375446227613,9.103235603570104
60.0,1412.5375446227613,9.11956424836155
61.0,1412.5375446227613,9.135212099261908
62.0,1412.5375446227613,9.150188646190166
63.0,1412.5375446227613,9.16450475356167
64.0,1412.5375446227613,9.178172537697842
65.0,1412.5375446227613,9.191205245523136
66.0,1412.5375446227613,9.203617135168544
67.0,1412.5375446227613,9.215423359050915
68.0,1412.5375446227613,9.226639849945862
69.0,1412.5375446227613,9.237283210519955
70.0,1412.5375446227613,9.24737060673525
71.0,1412.5375446227613,9.256919665487022
72.0,1412.5375446227613,9.265948376783786
73.0,1412.5375446227613,9.274475000728106
74.0,1412.5375446227613,9.282517979507285
75.0,1412.5375446227613,9.290095854555599
76.0,1412.5375446227613,9.297227189004074
77.0,1412.5375446227613,9.303930495490572
78.0,1412.5375446227613,9.310224169362094
79.0,1412.5375446227613,9.3161264272631
80.0,1412.5375446227613,9.32165525106818
81.0,1412.5375446227613,9.326828337085004
82.0,1412.5375446227613,9.331663050423913
83.0,1412.5375446227613,9.336176384403915
84.0,1412.5375446227613,9.34038492484141
85.0,1412.5375446227613,9.344304819047284
86.0,1412.5375446227613,9.347951749340337
87.0,1412.5375446227613,9.351340910870261
88.0,1412.5375446227613,9.354486993531179
89.0,1412.5375446227613,9.35740416773733
90.0,1412.5375446227613,9.360106073825548
91.0,1412.5375446227613,9.36260581484445
92.0,1412.5375446227613,9.36491595248794
93.0,1412.5375446227613,9.367048505930155
94.0,1412.5375446227613,9.369014953320479
95.0,1412.5375446227613,9.37082623570044
96.0,1412.5375446227613,9.372492763108962
97.0,1412.5375446227613,9.374024422648512
98.0,1412.5375446227613,9.375430588291897
99.0,1412.5375446227613,9.376720132217715
100.0,1412.5375446227613,9.37790143747155
-100.0,1584.8931924611206,9.83849896360829
-99.0,1584.8931924611206,9.837259638307948
-98.0,1584.8931924611206,9.835906758171355
-97.0,1584.8931924611206,9.834431528417944
-96.0,1584.8931924611206,9.832824641110273
-95.0,1584.8931924611206,9.831076261870964
-94.0,1584.8931924611206,9.82917601799051
-93.0,1584.8931924611206,9.827112988138822
-92.0,1584.8931924611206,9.824875693902904
-91.0,1584.8931924611206,9.822452093381742
-90.0,1584.8931924611206,9.81982957707703
-89.0,1584.8931924611206,9.816994966324726
-88.0,1584.8931924611206,9.81393451451733
-87.0,1584.8931924611206,9.810633911370108
-86.0,1584.8931924611206,9.807078290486054
-85.0,1584.8931924611206,9.80325224047393
-84.0,1584.8931924611206,9.799139819871186
-83.0,1584.8931924611206,9.794724576118766
-82.0,1584.8931924611206,9.789989568827345
-81.0,1584.8931924611206,9.784917397564792
-80.0,1584.8931924611206,9.779490234381798
-79.0,1584.8931924611206,9.77368986127712
-78.0,1584.8931924611206,9.767497712785351
-77.0,1584.8931924611206,9.760894923848493
-76.0,1584.8931924611206,9.753862383107915
-75.0,1584.8931924611206,9.74638079172542
-74.0,1584.8931924611206,9.738430727811195
-73.0,1584.8931924611206,9.729992716502283
-72.0,1584.8931924611206,9.721047305698105
-71.0,1584.8931924611206,9.7115751474196
-70.0,1584.8931924611206,9.701557084715578
-69.0,1584.8931924611206,9.69097424399461
-68.0,1584.8931924611206,9.679808132612898
-67.0,1584.8931924611206,9.668040741498686
-66.0,1584.8931924611206,9.65565465254208
-65.0,1584.8931924611206,9.642633150425961
-64.0,1584.8931924611206,9.62896033851947
-63.0,1584.8931924611206,9.614621258400625
-62.0,1584.8931924611206,9.599602012519595
-61.0,1584.8931924611206,9.58388988945938
-60.0,1584.8931924611206,9.567473491196683
-59.0,1584.8931924611206,9.550342861713217
-58.0,1584.8931924611206,9.532489616257086
-57.0,1584.8931924611206,9.513907070505724
-56.0,1584.8931924611206,9.494590368836956
-55.0,1584.8931924611206,9.474536610873525
-54.0,1584.8931924611206,9.45374497542944
-53.0,1584.8931924611206,9.432216840954581
-52.0,1584.8931924611206,9.409955901547498
-51.0,1584.8931924611206,9.386968277585831
-50.0,1584.8931924611206,9.36326262001001
-49.0,1584.8931924611206,9.338850207289028
-48.0,1584.8931924611206,9.313745034097762
-47.0,1584.8931924611206,9.287963890743987
-46.0,1584.8931924611206,9.261526432399945
-45.0,1584.8931924611206,9.234455237218711
-44.0,1584.8931924611206,9.206775852449471
-43.0,1584.8931924611206,9.178516827708723
-42.0,1584.8931924611206,9.149709734615799
-41.0,1584.8931924611206,9.12038917206163
-40.0,1584.8931924611206,9.090592756448427
-39.0,1584.8931924611206,9.060361096315402
-38.0,1584.8931924611206,9.029737750850861
-37.0,1584.8931924611206,8.998769171883977
-36.0,1584.8931924611206,8.967504629049495
-35.0,1584.8931924611206,8.935996117925084
-34.0,1584.8931924611206,8.904298251053119
-33.0,1584.8931924611206,8.872468131875877
-32.0,1584.8931924611206,8.84056521173417
-31.0,1584.8931924611206,8.808651130203794
-30.0,1584.8931924611206,8.77678953917049
-29.0,1584.8931924611206,8.745045911171541
-28.0,1584.8931924611206,8.713487332659412
-27.0,1584.8931924611206,8.682182282969016
-26.0,1584.8931924611206,8.651200399893755
-25.0,1584.8931924611206,8.620612232895661
-24.0,1584.8931924611206,8.590488985090257
-23.0,1584.8931924611206,8.560902245256079
-22.0,1584.8931924611206,8.53192371122112
-21.0,1584.8931924611206,8.503624906072481
-20.0,1584.8931924611206,8.476076888720373
-19.5,1584.8931924611206,8.462606432287611
-19.0,1584.8931924611206,8.449349960422156
-18.5,1584.8931924611206,8.436316093855472
-18.0,1584.8931924611206,8.423513368935613
-17.5,1584.8931924611206,8.410950228373778
-17.0,1584.8931924611206,8.398635012022082
-16.5,1584.8931924611206,8.386575947696484
-16.0,1584.8931924611206,8.37478114205899
-15.5,1584.8931924611206,8.363258571573141
-15.0,1584.8931924611206,8.352016073546872
-14.5,1584.8931924611206,8.34106133727678
-14.0,1584.8931924611206,8.330401895307736
-13.5,1584.8931924611206,8.320045114821697
-13.0,1584.8931924611206,8.309998189169521
-12.5,1584.8931924611206,8.300268129559297
-12.0,1584.8931924611206,8.290861756914678
-11.5,1584.8931924611206,8.2817856939164
-11.0,1584.8931924611206,8.273046357239974
-10.5,1584.8931924611206,8.264649950002266
-10.0,1584.8931924611206,8.256602454429412
-9.5,1584.8931924611206,8.24890962475819
-9.0,1584.8931924611206,8.241576980382606
-8.5,1584.8931924611206,8.234609799257168
-8.0,1584.8931924611206,8.228013111567822
-7.5,1584.8931924611206,8.221791693681213
-7.0,1584.8931924611206,8.215950062382436
-6.5,1584.8931924611206,8.210492469411012
-6.0,1584.8931924611206,8.205422896304338
-5.5,1584.8931924611206,8.200745049557383
-5.0,1584.8931924611206,8.196462356106819
-4.5,1584.8931924611206,8.192577959147364
-4.0,1584.8931924611206,8.1890947142874
-3.5,1584.8931924611206,8.186015186050517
-3.0,1584.8931924611206,8.183341644728952
-2.5,1584.8931924611206,8.181076063594329
-2.0,1584.8931924611206,8.179220116470503
-1.5,1584.8931924611206,8.177775175672684
-1.0,1584.8931924611206,8.17674231031639
-0.5,1584.8931924611206,8.176122284999158
0.0,1584.8931924611206,8.175915558857273
0.5,1584.8931924611206,8.176122284999158
1.0,1584.8931924611206,8.17674231031639
1.5,1584.8931924611206,8.177775175672684
2.0,1584.8931924611206,8.179220116470503
2.5,1584.8931924611206,8.181076063594329
3.0,1584.8931924611206,8.183341644728952
3.5,1584.8931924611206,8.186015186050517
4.0,1584.8931924611206,8.1890947142874
4.5,1584.8931924611206,8.192577959147364
5.0,1584.8931924611206,8.196462356106819
5.5,1584.8931924611206,8.200745049557383
6.0,1584.8931924611206,8.205422896304338
6.5,1584.8931924611206,8.210492469411012
7.0,1584.8931924611206,8.215950062382436
7.5,1584.8931924611206,8.221791693681213
8.0,1584.8931924611206,8.228013111567822
8.5,1584.8931924611206,8.234609799257168
9.0,1584.8931924611206,8.241576980382606
9.5,1584.8931924611206,8.24890962475819
10.0,1584.8931924611206,8.256602454429412
10.5,1584.8931924611206,8.264649950002266
11.0,1584.8931924611206,8.273046357239974
11.5,1584.8931924611206,8.2817856939164
12.0,1584.8931924611206,8.290861756914678
12.5,1584.8931924611206,8.300268129559297
13.0,1584.8931924611206,8.309998189169521
13.5,1584.8931924611206,8.320045114821697
14.0,1584.8931924611206,8.330401895307736
14.5,1584.8931924611206,8.34106133727678
15.0,1584.8931924611206,8.352016073546872
15.5,1584.8931924611206,8.363258571573141
16.0,1584.8931924611206,8.37478114205899
16.5,1584.8931924611206,8.386575947696484
17.0,1584.8931924611206,8.398635012022082
17.5,1584.8931924611206,8.410950228373778
18.0,1584.8931924611206,8.423513368935613
18.5,1584.8931924611206,8.436316093855472
19.0,1584.8931924611206,8.449349960422156
19.5,1584.8931924611206,8.462606432287611
20.0,1584.8931924611206,8.476076888720373
21.0,1584.8931924611206,8.503624906072481
22.0,1584.8931924611206,8.53192371122112
23.0,1584.8931924611206,8.560902245256079
24.0,1584.8931924611206,8.590488985090257
25.0,1584.8931924611206,8.620612232895661
26.0,1584.8931924611206,8.651200399893755
27.0,1584.8931924611206,8.682182282969016
28.0,1584.8931924611206,8.713487332659412
29.0,1584.8931924611206,8.745045911171541
30.0,1584.8931924611206,8.77678953917049
31.0,1584.8931924611206,8.808651130203794
32.0,1584.8931924611206,8.84056521173417
33.0,1584.8931924611206,8.872468131875877
34.0,1584.8931924611206,8.904298251053119
35.0,1584.8931924611206,8.935996117925084
36.0,1584.8931924611206,8.967504629049495
37.0,1584.8931924611206,8.998769171883977
38.0,1584.8931924611206,9.029737750850861
39.0,1584.8931924611206,9.060361096315402
40.0,1584.8931924611206,9.090592756448427
41.0,1584.8931924611206,9.12038917206163
42.0,1584.8931924611206,9.149709734615799
43.0,1584.8931924611206,9.178516827708723
44.0,1584.8931924611206,9.206775852449471
45.0,1584.8931924611206,9.234455237218711
46.0,1584.8931924611206,9.261526432399945
47.0,1584.8931924611206,9.287963890743987
48.0,1584.8931924611206,9.313745034097762
49.0,1584.8931924611206,9.338850207289028
50.0,1584.8931924611206,9.36326262001001
51.0,1584.8931924611206,9.386968277585831
52.0,1584.8931924611206,9.409955901547498
53.0,1584.8931924611206,9.432216840954581
54.0,1584.8931924611206,9.45374497542944
55.0,1584.8931924611206,9.474536610873525
56.0,1584.8931924611206,9.494590368836956
57.0,1584.8931924611206,9.513907070505724
58.0,1584.8931924611206,9.532489616257086
59.0,1584.8931924611206,9.550342861713217
60.0,1584.8931924611206,9.567473491196683
61.0,1584.8931924611206,9.58388988945938
62.0,1584.8931924611206,9.599602012519595
63.0,1584.8931924611206,9.614621258400625
64.0,1584.8931924611206,9.62896033851947
65.0,1584.8931924611206,9.642633150425961
66.0,1584.8931924611206,9.65565465254208
67.0,1584.8931924611206,9.668040741498686
68.0,1584.8931924611206,9.679808132612898
69.0,1584.8931924611206,9.69097424399461
70.0,1584.8931924611206,9.701557084715578
71.0,1584.8931924611206,9.7115751474196
72.0,1584.8931924611206,9.721047305698105
73.0,1584.8931924611206,9.729992716502283
74.0,1584.8931924611206,9.738430727811195
75.0,1584.8931924611206,9.74638079172542
76.0,1584.8931924611206,9.753862383107915
77.0,1584.8931924611206,9.760894923848493
78.0,1584.8931924611206,9.767497712785351
79.0,1584.8931924611206,9.77368986127712
80.0,1584.8931924611206,9.779490234381798
81.0,1584.8931924611206,9.784917397564792
82.0,1584.8931924611206,9.789989568827345
83.0,1584.8931924611206,9.794724576118766
84.0,1584.8931924611206,9.799139819871186
85.0,1584.8931924611206,9.80325224047393
86.0,1584.8931924611206,9.807078290486054
87.0,1584.8931924611206,9.810633911370108
88.0,1584.8931924611206,9.81393451451733
89.0,1584.8931924611206,9.816994966324726
90.0,1584.8931924611206,9.81982957707703
91.0,1584.8931924611206,9.822452093381742
92.0,1584.8931924611206,9.824875693902904
93.0,1584.8931924611206,9.827112988138822
94.0,1584.8931924611206,9.82917601799051
95.0,1584.8931924611206,9.831076261870964
96.0,1584.8931924611206,9.832824641110273
97.0,1584.8931924611206,9.834431528417944
98.0,1584.8931924611206,9.835906758171355
99.0,1584.8931924611206,9.837259638307948
100.0,1584.8931924611206,9.83849896360829
-100.0,1778.27941003893,10.311831549515905
-99.0,1778.27941003893,10.310532599972946
-98.0,1778.27941003893,10.309114632442855
-97.0,1778.27941003893,10.307568429026025
-96.0,1778.27941003893,10.305884233977872
-95.0,1778.27941003893,10.304051739786724
-94.0,1778.27941003893,10.30206007470949
-93.0,1778.27941003893,10.29989779198822
-92.0,1778.27941003893,10.297552860980673
-91.0,1778.27941003893,10.295012660447036
-90.0,1778.27941003893,10.292263974242964
-89.0,1778.27941003893,10.28929298967567
-88.0,1778.27941003893,10.286085298785018
-87.0,1778.27941003893,10.282625902814976
-86.0,1778.27941003893,10.278899220142556
-85.0,1778.27941003893,10.274889097930723
-84.0,1778.27941003893,10.27057882776928
-83.0,1778.27941003893,10.265951165562532
-82.0,1778.27941003893,10.260988355914895
-81.0,1778.27941003893,10.255672161255202
-80.0,1778.27941003893,10.249983895927148
-79.0,1778.27941003893,10.243904465457009
-78.0,1778.27941003893,10.237414411190308
-77.0,1778.27941003893,10.230493960466502
-76.0,1778.27941003893,10.223123082474828
-75.0,1778.27941003893,10.21528154990528
-74.0,1778.27941003893,10.206949006476187
-73.0,1778.27941003893,10.198105040384176
-72.0,1778.27941003893,10.18872926368337
-71.0,1778.27941003893,10.178801397558713
-70.0,1778.27941003893,10.168301363413415
-69.0,1778.27941003893,10.15720937964296
-68.0,1778.27941003893,10.145506063917944
-67.0,1778.27941003893,10.133172540745775
-66.0,1778.27941003893,10.12019055402704
-65.0,1778.27941003893,10.106542584266638
-64.0,1778.27941003893,10.092211970042916
-63.0,1778.27941003893,10.077183033280564
-62.0,1778.27941003893,10.061441207815236
-61.0,1778.27941003893,10.044973170680557
-60.0,1778.27941003893,10.027766975491547
-59.0,1778.27941003893,10.009812187243455
-58.0,1778.27941003893,9.991100017791922
-57.0,1778.27941003893,9.971623461229989
-56.0,1778.27941003893,9.951377428330318
-55.0,1778.27941003893,9.930358879177794
-54.0,1778.27941003893,9.908566953078966
-53.0,1778.27941003893,9.886003094801275
-52.0,1778.27941003893,9.862671176167252
-51.0,1778.27941003893,9.8385776120074
-50.0,1778.27941003893,9.813731469461006
-49.0,1778.27941003893,9.788144569606954
-48.0,1778.27941003893,9.76183158040735
-47.0,1778.27941003893,9.734810099955768
-46.0,1778.27941003893,9.707100729039585
-45.0,1778.27941003893,9.678727132052328
-44.0,1778.27941003893,9.649716085327581
-43.0,1778.27941003893,9.620097512010851
-42.0,1778.27941003893,9.589904502639785
-41.0,1778.27941003893,9.559173320666396
-40.0,1778.27941003893,9.527943392227188
-39.0,1778.27941003893,9.496257279548102
-38.0,1778.27941003893,9.464160637460623
-37.0,1778.27941003893,9.431702152602757
-36.0,1778.27941003893,9.398933464983404
-35.0,1778.27941003893,9.36590907170016
-34.0,1778.27941003893,9.332686212718144
-33.0,1778.27941003893,9.299324738740172
-32.0,1778.27941003893,9.265886961325569
-31.0,1778.27941003893,9.232437485545164
-30.0,1778.27941003893,9.199043025592454
-29.0,1778.27941003893,9.165772203904465
-28.0,1778.27941003893,9.132695334479266
-27.0,1778.27941003893,9.099884191209277
-26.0,1778.27941003893,9.067411762179134
-25.0,1778.27941003893,9.035351991002706
-24.0,1778.27941003893,9.003779506394777
-23.0,1778.27941003893,8.972769341287487
-22.0,1778.27941003893,8.942396642908829
-21.0,1778.27941003893,8.912736375339078
-20.0,1778.27941003893,8.883863016149954
-19.5,1778.27941003893,8.869744492771183
-19.0,1778.27941003893,8.855850248809466
-18.5,1778.27941003893,8.842189319741765
-18.0,1778.27941003893,8.828770652601918
-17.5,1778.27941003893,8.815603096282024
-17.0,1778.27941003893,8.802695391866516
-16.5,1778.27941003893,8.790056163013588
-16.0,1778.27941003893,8.777693906398733
-15.5,1778.27941003893,8.765616982235098
-15.0,1778.27941003893,8.753833604885415
-14.5,1778.27941003893,8.742351833580221
-14.0,1778.27941003893,8.731179563256951
-13.5,1778.27941003893,8.720324515534491
-13.0,1778.27941003893,8.709794229837561
-12.5,1778.27941003893,8.699596054685182
-12.0,1778.27941003893,8.689737139157307
-11.5,1778.27941003893,8.68022442455346
-11.0,1778.27941003893,8.671064636256979
-10.5,1778.27941003893,8.662264275818192
-10.0,1778.27941003893,8.653829613269599
-9.5,1778.27941003893,8.645766679685705
-9.0,1778.27941003893,8.638081259999916
-8.5,1778.27941003893,8.630778886090418
-8.0,1778.27941003893,8.62386483014663
-7.5,1778.27941003893,8.61734409832736
-7.0,1778.27941003893,8.611221424721336
-6.5,1778.27941003893,8.605501265620306
-6.0,1778.27941003893,8.600187794114406
-5.5,1778.27941003893,8.595284895018976
-5.0,1778.27941003893,8.590796160141453
-4.5,1778.27941003893,8.586724883896418
-4.0,1778.27941003893,8.583074059276266
-3.5,1778.27941003893,8.579846374184447
-3.0,1778.27941003893,8.57704420813751
-2.5,1778.27941003893,8.574669629341658
-2.0,1778.27941003893,8.572724392148821
-1.5,1778.27941003893,8.571209934896627
-1.0,1778.27941003893,8.570127378136005
-0.5,1778.27941003893,8.569477523249464
0.0,1778.27941003893,8.569260851462447
0.5,1778.27941003893,8.569477523249464
1.0,1778.27941003893,8.570127378136005
1.5,1778.27941003893,8.571209934896627
2.0,1778.27941003893,8.572724392148821
2.5,1778.27941003893,8.574669629341658
3.0,1778.27941003893,8.57704420813751
3.5,1778.27941003893,8.579846374184447
4.0,1778.27941003893,8.583074059276266
4.5,1778.27941003893,8.586724883896418
5.0,1778.27941003893,8.590796160141453
5.5,1778.27941003893,8.595284895018976
6.0,1778.27941003893,8.600187794114406
6.5,1778.27941003893,8.605501265620306
7.0,1778.27941003893,8.611221424721336
7.5,1778.27941003893,8.61734409832736
8.0,1778.27941003893,8.62386483014663
8.5,1778.27941003893,8.630778886090418
9.0,1778.27941003893,8.638081259999916
9.5,1778.27941003893,8.645766679685705
10.0,1778.27941003893,8.653829613269599
10.5,1778.27941003893,8.662264275818192
11.0,1778.27941003893,8.671064636256979
11.5,1778.27941003893,8.68022442455346
12.0,1778.27941003893,8.689737139157307
12.5,1778.27941003893,8.699596054685182
13.0,1778.27941003893,8.709794229837561
13.5,1778.27941003893,8.720324515534491
14.0,1778.27941003893,8.731179563256951
14.5,1778.27941003893,8.742351833580221
15.0,1778.27941003893,8.753833604885415
15.5,1778.27941003893,8.765616982235098
16.0,1778.27941003893,8.777693906398733
16.5,1778.27941003893,8.790056163013588
17.0,1778.27941003893,8.802695391866516
17.5,1778.27941003893,8.815603096282024
18.0,1778.27941003893,8.828770652601918
18.5,1778.27941003893,8.842189319741765
19.0,1778.27941003893,8.855850248809466
19.5,1778.27941003893,8.869744492771183
20.0,1778.27941003893,8.883863016149954
21.0,1778.27941003893,8.912736375339078
22.0,1778.27941003893,8.942396642908829
23.0,1778.27941003893,8.972769341287487
24.0,1778.27941003893,9.003779506394777
25.0,1778.27941003893,9.035351991002706
26.0,1778.27941003893,9.067411762179134
27.0,1778.27941003893,9.099884191209277
28.0,1778.27941003893,9.132695334479266
29.0,1778.27941003893,9.165772203904465
30.0,1778.27941003893,9.199043025592454
31.0,1778.27941003893,9.232437485545164
32.0,1778.27941003893,9.265886961325569
33.0,1778.27941003893,9.299324738740172
34.0,1778.27941003893,9.332686212718144
35.0,1778.27941003893,9.36590907170016
36.0,1778.27941003893,9.398933464983404
37.0,1778.27941003893,9.431702152602757
38.0,1778.27941003893,9.464160637460623
39.0,1778.27941003893,9.496257279548102
40.0,1778.27941003893,9.527943392227188
41.0,1778.27941003893,9.559173320666396
42.0,1778.27941003893,9.589904502639785
43.0,1778.27941003893,9.620097512010851
44.0,1778.27941003893,9.649716085327581
45.0,1778.27941003893,9.678727132052328
46.0,1778.27941003893,9.707100729039585
47.0,1778.27941003893,9.734810099955768
48.0,1778.27941003893,9.76183158040735
49.0,1778.27941003893,9.788144569606954
50.0,1778.27941003893,9.813731469461006
51.0,1778.27941003893,9.8385776120074
52.0,1778.27941003893,9.862671176167252
53.0,1778.27941003893,9.886003094801275
54.0,1778.27941003893,9.908566953078966
55.0,1778.27941003893,9.930358879177794
56.0,1778.27941003893,9.951377428330318
57.0,1778.27941003893,9.971623461229989
58.0,1778.27941003893,9.991100017791922
59.0,1778.27941003893,10.009812187243455
60.0,1778.27941003893,10.027766975491547
61.0,1778.27941003893,10.044973170680557
62.0,1778.27941003893,10.061441207815236
63.0,1778.27941003893,10.077183033280564
64.0,1778.27941003893,10.092211970042916
65.0,1778.27941003893,10.106542584266638
66.0,1778.27941003893,10.12019055402704
67.0,1778.27941003893,10.133172540745775
68.0,1778.27941003893,10.145506063917944
69.0,1778.27941003893,10.15720937964296
70.0,1778.27941003893,10.168301363413415
71.0,1778.27941003893,10.178801397558713
72.0,1778.27941003893,10.18872926368337
73.0,1778.27941003893,10.198105040384176
74.0,1778.27941003893,10.206949006476187
75.0,1778.27941003893,10.21528154990528
76.0,1778.27941003893,10.223123082474828
77.0,1778.27941003893,10.230493960466502
78.0,1778.27941003893,10.237414411190308
79.0,1778.27941003893,10.243904465457009
80.0,1778.27941003893,10.249983895927148
81.0,1778.27941003893,10.255672161255202
82.0,1778.27941003893,10.260988355914895
83.0,1778.27941003893,10.265951165562532
84.0,1778.27941003893,10.27057882776928
85.0,1778.27941003893,10.274889097930723
86.0,1778.27941003893,10.278899220142556
87.0,1778.27941003893,10.282625902814976
88.0,1778.27941003893,10.286085298785018
89.0,1778.27941003893,10.28929298967567
90.0,1778.27941003893,10.292263974242964
91.0,1778.27941003893,10.295012660447036
92.0,1778.27941003893,10.297552860980673
93.0,1778.27941003893,10.29989779198822
94.0,1778.27941003893,10.30206007470949
95.0,1778.27941003893,10.304051739786724
96.0,1778.27941003893,10.305884233977872
97.0,1778.27941003893,10.307568429026025
98.0,1778.27941003893,10.309114632442855
99.0,1778.27941003893,10.310532599972946
100.0,1778.27941003893,10.311831549515905
-100.0,1995.262314968889,10.797956566524219
-99.0,1995.262314968889,10.796596381315643
-98.0,1995.262314968889,10.79511156732027
-97.0,1995.262314968889,10.793492472084106
-96.0,1995.262314968889,10.791728879952856
-95.0,1995.262314968889,10.789809997493478
-94.0,1995.262314968889,10.787724440442261
-93.0,1995.262314968889,10.78546022241303
-92.0,1995.262314968889,10.783004745609572
-91.0,1995.262314968889,10.780344793795894
-90.0,1995.262314968889,10.77746652778621
-89.0,1995.262314968889,10.774355483723534
-88.0,1995.262314968889,10.770996574421165
-87.0,1995.262314968889,10.767374094044955
-86.0,1995.262314968889,10.763471726416006
-85.0,1995.262314968889,10.759272557212949
-84.0,1995.262314968889,10.754759090350175
-83.0,1995.262314968889,10.749913268803047
-82.0,1995.262314968889,10.744716500143106
-81.0,1995.262314968889,10.739149687035374
-80.0,1995.262314968889,10.733193262935908
-79.0,1995.262314968889,10.72682723321068
-78.0,1995.262314968889,10.72003122187654
-77.0,1995.262314968889,10.712784524141265
-76.0,1995.262314968889,10.705066164892566
-75.0,1995.262314968889,10.696854963255458
-74.0,1995.262314968889,10.688129603303253
-73.0,1995.262314968889,10.678868710970132
-72.0,1995.262314968889,10.669050937172472
-71.0,1995.262314968889,10.658655047102162
-70.0,1995.262314968889,10.647660015608142
-69.0,1995.262314968889,10.636045128532569
-68.0,1995.262314968889,10.623790089815516
-67.0,1995.262314968889,10.6108751341274
-66.0,1995.262314968889,10.597281144731534
-65.0,1995.262314968889,10.582989776220867
-64.0,1995.262314968889,10.567983581713488
-63.0,1995.262314968889,10.552246144031184
-62.0,1995.262314968889,10.535762210324915
-61.0,1995.262314968889,10.518517829551016
-60.0,1995.262314968889,10.500500492142631
-59.0,1995.262314968889,10.481699271163304
-58.0,1995.262314968889,10.46210496417401
-57.0,1995.262314968889,10.441710234992163
-56.0,1995.262314968889,10.420509754471773
-55.0,1995.262314968889,10.398500339388672
-54.0,1995.262314968889,10.375681088474211
-53.0,1995.262314968889,10.352053514605712
-52.0,1995.262314968889,10.327621672132908
-51.0,1995.262314968889,10.30239227829714
-50.0,1995.262314968889,10.276374827684863
-49.0,1995.262314968889,10.249581698649603
-48.0,1995.262314968889,10.22202825063715
-47.0,1995.262314968889,10.193732911358351
-46.0,1995.262314968889,10.164717252772203
-45.0,1995.262314968889,10.135006054869745
-44.0,1995.262314968889,10.104627356286569
-43.0,1995.262314968889,10.073612490818613
-42.0,1995.262314968889,10.041996108972583
-41.0,1995.262314968889,10.009816183748516
-40.0,1995.262314968889,9.977113999927635
-39.0,1995.262314968889,9.943934126223548
-38.0,1995.262314968889,9.910324369748409
-37.0,1995.262314968889,9.876335712347691
-36.0,1995.262314968889,9.842022228466899
-35.0,1995.262314968889,9.807440984330398
-34.0,1995.262314968889,9.772651918335578
-33.0,1995.262314968889,9.7377177026941
-32.0,1995.262314968889,9.702703586484944
-31.0,1995.262314968889,9.667677220420346
-30.0,1995.262314968889,9.632708463764423
-29.0,1995.262314968889,9.5978691739841
-28.0,1995.262314968889,9.563232979851673
-27.0,1995.262314968889,9.5288750388568
-26.0,1995.262314968889,9.494871779921342
-25.0,1995.262314968889,9.461300632542384
-24.0,1995.262314968889,9.428239743615269
-23.0,1995.262314968889,9.395767683308486
-22.0,1995.262314968889,9.363963141474569
-21.0,1995.262314968889,9.332904616184297
-20.0,1995.262314968889,9.302670096064693
-19.5,1995.262314968889,9.2878859908846
-19.0,1995.262314968889,9.273336738203069
-18.5,1995.262314968889,9.259031799451588
-18.0,1995.262314968889,9.244980543449108
-17.5,1995.262314968889,9.231192236246189
-17.0,1995.262314968889,9.217676031003412
-16.5,1995.262314968889,9.20444095791936
-16.0,1995.262314968889,9.191495914223637
-15.5,1995.262314968889,9.178849654250328
-15.0,1995.262314968889,9.166510779607364
-14.5,1995.262314968889,9.154487729457163
-14.0,1995.262314968889,9.142788770923865
-13.5,1995.262314968889,9.1314219896424
-13.0,1995.262314968889,9.120395280464447
-12.5,1995.262314968889,9.10971633833623
-12.0,1995.262314968889,9.099392649362857
-11.5,1995.262314968889,9.089431482073726
-11.0,1995.262314968889,9.079839878903229
-10.5,1995.262314968889,9.070624647900717
-10.0,1995.262314968889,9.06179235468339
-9.5,1995.262314968889,9.053349314645393
-9.0,1995.262314968889,9.045301585436071
-8.5,1995.262314968889,9.037654959719905
-8.0,1995.262314968889,9.030414958230253
-7.5,1995.262314968889,9.023586823128518
-7.0,1995.262314968889,9.017175511679975
-6.5,1995.262314968889,9.011185690256891
-6.0,1995.262314968889,9.005621728679099
-5.5,1995.262314968889,9.000487694901658
-5.0,1995.262314968889,8.995787350058611
-4.5,1995.262314968889,8.991524143871317
-4.0,1995.262314968889,8.987701210429174
-3.5,1995.262314968889,8.984321364349986
-3.0,1995.262314968889,8.981387097326545
-2.5,1995.262314968889,8.978900575065367
-2.0,1995.262314968889,8.97686363462283
-1.5,1995.262314968889,8.975277782143325
-1.0,1995.262314968889,8.974144191003296
-0.5,1995.262314968889,8.97346370036439
0.0,1995.262314968889,8.973236814138199
0.5,1995.262314968889,8.97346370036439
1.0,1995.262314968889,8.974144191003296
1.5,1995.262314968889,8.975277782143325
2.0,1995.262314968889,8.97686363462283
2.5,1995.262314968889,8.978900575065367
3.0,1995.262314968889,8.981387097326545
3.5,1995.262314968889,8.984321364349986
4.0,1995.262314968889,8.987701210429174
4.5,1995.262314968889,8.991524143871317
5.0,1995.262314968889,8.995787350058611
5.5,1995.262314968889,9.000487694901658
6.0,1995.262314968889,9.005621728679099
6.5,1995.262314968889,9.011185690256891
7.0,1995.262314968889,9.017175511679975
7.5,1995.262314968889,9.023586823128518
8.0,1995.262314968889,9.030414958230253
8.5,1995.262314968889,9.037654959719905
9.0,1995.262314968889,9.045301585436071
9.5,1995.262314968889,9.053349314645393
10.0,1995.262314968889,9.06179235468339
10.5,1995.262314968889,9.070624647900717
11.0,1995.262314968889,9.079839878903229
11.5,1995.262314968889,9.089431482073726
12.0,1995.262314968889,9.099392649362857
12.5,1995.262314968889,9.10971633833623
13.0,1995.262314968889,9.120395280464447
13.5,1995.262314968889,9.1314219896424
14.0,1995.262314968889,9.142788770923865
14.5,1995.262314968889,9.154487729457163
15.0,1995.262314968889,9.166510779607364
15.5,1995.262314968889,9.178849654250328
16.0,1995.262314968889,9.191495914223637
16.5,1995.262314968889,9.20444095791936
17.0,1995.262314968889,9.217676031003412
17.5,1995.262314968889,9.231192236246189
18.0,1995.262314968889,9.244980543449108
18.5,1995.262314968889,9.259031799451588
19.0,1995.262314968889,9.273336738203069
19.5,1995.262314968889,9.2878859908846
20.0,1995.262314968889,9.302670096064693
21.0,1995.262314968889,9.332904616184297
22.0,1995.262314968889,9.363963141474569
23.0,1995.262314968889,9.395767683308486
24.0,1995.262314968889,9.428239743615269
25.0,1995.262314968889,9.461300632542384
26.0,1995.262314968889,9.494871779921342
27.0,1995.262314968889,9.5288750388568
28.0,1995.262314968889,9.563232979851673
29.0,1995.262314968889,9.5978691739841
30.0,1995.262314968889,9.632708463764423
31.0,1995.262314968889,9.667677220420346
32.0,1995.262314968889,9.702703586484944
33.0,1995.262314968889,9.7377177026941
34.0,1995.262314968889,9.772651918335578
35.0,1995.262314968889,9.807440984330398
36.0,1995.262314968889,9.842022228466899
37.0,1995.262314968889,9.876335712347691
38.0,1995.262314968889,9.910324369748409
39.0,1995.262314968889,9.943934126223548
40.0,1995.262314968889,9.977113999927635
41.0,1995.262314968889,10.009816183748516
42.0,1995.262314968889,10.041996108972583
43.0,1995.262314968889,10.073612490818613
44.0,1995.262314968889,10.104627356286569
45.0,1995.262314968889,10.135006054869745
46.0,1995.262314968889,10.164717252772203
47.0,1995.262314968889,10.193732911358351
48.0,1995.262314968889,10.22202825063715
49.0,1995.262314968889,10.249581698649603
50.0,1995.262314968889,10.276374827684863
51.0,1995.262314968889,10.30239227829714
52.0,1995.262314968889,10.327621672132908
53.0,1995.262314968889,10.352053514605712
54.0,1995.262314968889,10.375681088474211
55.0,1995.262314968889,10.398500339388672
56.0,1995.262314968889,10.420509754471773
57.0,1995.262314968889,10.441710234992163
58.0,1995.262314968889,10.46210496417401
59.0,1995.262314968889,10.481699271163304
60.0,1995.262314968889,10.500500492142631
61.0,1995.262314968889,10.518517829551016
62.0,1995.262314968889,10.535762210324915
63.0,1995.262314968889,10.552246144031184
64.0,1995.262314968889,10.567983581713488
65.0,1995.262314968889,10.582989776220867
66.0,1995.262314968889,10.597281144731534
67.0,1995.262314968889,10.6108751341274
68.0,1995.262314968889,10.623790089815516
69.0,1995.262314968889,10.636045128532569
70.0,1995.262314968889,10.647660015608142
71.0,1995.262314968889,10.658655047102162
72.0,1995.262314968889,10.669050937172472
73.0,1995.262314968889,10.678868710970132
74.0,1995.262314968889,10.688129603303253
75.0,1995.262314968889,10.696854963255458
76.0,1995.262314968889,10.705066164892566
77.0,1995.262314968889,10.712784524141265
78.0,1995.262314968889,10.72003122187654
79.0,1995.262314968889,10.72682723321068
80.0,1995.262314968889,10.733193262935908
81.0,1995.262314968889,10.739149687035374
82.0,1995.262314968889,10.744716500143106
83.0,1995.262314968889,10.749913268803047
84.0,1995.262314968889,10.754759090350175
85.0,1995.262314968889,10.759272557212949
86.0,1995.262314968889,10.763471726416006
87.0,1995.262314968889,10.767374094044955
88.0,1995.262314968889,10.770996574421165
89.0,1995.262314968889,10.774355483723534
90.0,1995.262314968889,10.77746652778621
91.0,1995.262314968889,10.780344793795894
92.0,1995.262314968889,10.783004745609572
93.0,1995.262314968889,10.78546022241303
94.0,1995.262314968889,10.787724440442261
95.0,1995.262314968889,10.789809997493478
96.0,1995.262314968889,10.791728879952856
97.0,1995.262314968889,10.793492472084106
98.0,1995.262314968889,10.79511156732027
99.0,1995.262314968889,10.796596381315643
100.0,1995.262314968889,10.797956566524219
-100.0,2238.7211385683513,11.29693037477682
-99.0,2238.7211385683513,11.295507335380117
-98.0,2238.7211385683513,11.293953908097658
-97.0,2238.7211385683513,11.292259994435348
-96.0,2238.7211385683513,11.290414906673279
-95.0,2238.7211385683513,11.288407352613635
-94.0,2238.7211385683513,11.286225421925634
-93.0,2238.7211385683513,11.28385657433193
-92.0,2238.7211385683513,11.281287629891873
-91.0,2238.7211385683513,11.278504761646918
-90.0,2238.7211385683513,11.275493490902202
-89.0,2238.7211385683513,11.272238685425592
-88.0,2238.7211385683513,11.268724560851163
-87.0,2238.7211385683513,11.264934685577824
-86.0,2238.7211385683513,11.2608519894557
-85.0,2238.7211385683513,11.256458776552261
-84.0,2238.7211385683513,11.251736742287397
-83.0,2238.7211385683513,11.246666995220975
-82.0,2238.7211385683513,11.241230083768007
-81.0,2238.7211385683513,11.235406028105254
-80.0,2238.7211385683513,11.229174357518346
-79.0,2238.7211385683513,11.222514153420784
-78.0,2238.7211385683513,11.215404098254794
-77.0,2238.7211385683513,11.207822530459246
-76.0,2238.7211385683513,11.199747505661465
-75.0,2238.7211385683513,11.191156864217763
-74.0,2238.7211385683513,11.18202830519202
-73.0,2238.7211385683513,11.172339466822368
-72.0,2238.7211385683513,11.162068013483566
-71.0,2238.7211385683513,11.151191729106555
-70.0,2238.7211385683513,11.139688616967588
-69.0,2238.7211385683513,11.127537005707136
-68.0,2238.7211385683513,11.114715661383903
-67.0,2238.7211385683513,11.101203905311992
-66.0,2238.7211385683513,11.086981737369895
-65.0,2238.7211385683513,11.072029964408907
-64.0,2238.7211385683513,11.05633033332632
-63.0,2238.7211385683513,11.03986566830576
-62.0,2238.7211385683513,11.022620011663701
-61.0,2238.7211385683513,11.004578767678442
-60.0,2238.7211385683513,10.985728848715775
-59.0,2238.7211385683513,10.96605882290527
-58.0,2238.7211385683513,10.945559062562994
-57.0,2238.7211385683513,10.924221892501203
-56.0,2238.7211385683513,10.902041737313956
-55.0,2238.7211385683513,10.879015266680227
-54.0,2238.7211385683513,10.855141537683721
-53.0,2238.7211385683513,10.830422133111858
-52.0,2238.7211385683513,10.804861294665956
-51.0,2238.7211385683513,10.778466049991227
-50.0,2238.7211385683513,10.751246332419177
-49.0,2238.7211385683513,10.723215092307308
-48.0,2238.7211385683513,10.694388398861744
-47.0,2238.7211385683513,10.664785531338248
-46.0,2238.7211385683513,10.634429058536512
-45.0,2238.7211385683513,10.603344905531504
-44.0,2238.7211385683513,10.571562406624775
-43.0,2238.7211385683513,10.539114343547654
-42.0,2238.7211385683513,10.506036968007523
-41.0,2238.7211385683513,10.472370007737574
-40.0,2238.7211385683513,10.438156655289669
-39.0,2238.7211385683513,10.403443538898646
-38.0,2238.7211385683513,10.368280674844355
-37.0,2238.7211385683513,10.332721400844454
-36.0,2238.7211385683513,10.296822290125757
-35.0,2238.7211385683513,10.2606430459441
-34.0,2238.7211385683513,10.224246376451521
-33.0,2238.7211385683513,10.18769784994395
-32.0,2238.7211385683513,10.151065730661728
-31.0,2238.7211385683513,10.114420795457976
-30.0,2238.7211385683513,10.077836131794928
-29.0,2238.7211385683513,10.041386917674624
-28.0,2238.7211385683513,10.005150184256532
-27.0,2238.7211385683513,9.969204562059543
-26.0,2238.7211385683513,9.933630011787663
-25.0,2238.7211385683513,9.89850754095673
-24.0,2238.7211385683513,9.863918907631815
-23.0,2238.7211385683513,9.829946312710613
-22.0,2238.7211385683513,9.796672082305452
-21.0,2238.7211385683513,9.764178341884676
-20.0,2238.7211385683513,9.732546683931462
-19.5,2238.7211385683513,9.717079404928816
-19.0,2238.7211385683513,9.701857830963807
-18.5,2238.7211385683513,9.686891860680882
-18.0,2238.7211385683513,9.672191295832317
-17.5,2238.7211385683513,9.65776583065307
-17.0,2238.7211385683513,9.643625041271473
-16.5,2238.7211385683513,9.629778375171783
-16.0,2238.7211385683513,9.616235140724777
-15.5,2238.7211385683513,9.603004496802509
-15.0,2238.7211385683513,9.5900954424934
-14.5,2238.7211385683513,9.577516806933746
-14.0,2238.7211385683513,9.565277239271676
-13.5,2238.7211385683513,9.553385198779486
-13.0,2238.7211385683513,9.541848945130122
-12.5,2238.7211385683513,9.530676528853439
-12.0,2238.7211385683513,9.51987578198763
-11.5,2238.7211385683513,9.509454308940988
-11.0,2238.7211385683513,9.499419477578959
-10.5,2238.7211385683513,9.489778410550999
-10.0,2238.7211385683513,9.480537976871624
-9.5,2238.7211385683513,9.471704783769475
-9.0,2238.7211385683513,9.463285168818011
-8.5,2238.7211385683513,9.455285192360863
-8.0,2238.7211385683513,9.447710630244597
-7.5,2238.7211385683513,9.440566966871009
-7.0,2238.7211385683513,9.43385938858071
-6.5,2238.7211385683513,9.427592777379134
-6.0,2238.7211385683513,9.42177170501558
-5.5,2238.7211385683513,9.4164004274254
-5.0,2238.7211385683513,9.411482879544725
-4.5,2238.7211385683513,9.40702267050661
-4.0,2238.7211385683513,9.403023079226795
-3.5,2238.7211385683513,9.399487050386632
-3.0,2238.7211385683513,9.396417190820094
-2.5,2238.7211385683513,9.393815766311038
-2.0,2238.7211385683513,9.391684698806262
-1.5,2238.7211385683513,9.390025564049118
-1.0,2238.7211385683513,9.388839589637806
-0.5,2238.7211385683513,9.388127653511647
0.0,2238.7211385683513,9.387890282867998
0.5,2238.7211385683513,9.388127653511647
1.0,2238.7211385683513,9.388839589637806
1.5,2238.7211385683513,9.390025564049118
2.0,2238.7211385683513,9.391684698806262
2.5,2238.7211385683513,9.393815766311038
3.0,2238.7211385683513,9.396417190820094
3.5,2238.7211385683513,9.399487050386632
4.0,2238.7211385683513,9.403023079226795
4.5,2238.7211385683513,9.40702267050661
5.0,2238.7211385683513,9.411482879544725
5.5,2238.7211385683513,9.4164004274254
6.0,2238.7211385683513,9.42177170501558
6.5,2238.7211385683513,9.427592777379134
7.0,2238.7211385683513,9.43385938858071
7.5,2238.7211385683513,9.440566966871009
8.0,2238.7211385683513,9.447710630244597
8.5,2238.7211385683513,9.455285192360863
9.0,2238.7211385683513,9.463285168818011
9.5,2238.7211385683513,9.471704783769475
10.0,2238.7211385683513,9.480537976871624
10.5,2238.7211385683513,9.489778410550999
11.0,2238.7211385683513,9.499419477578959
11.5,2238.7211385683513,9.509454308940988
12.0,2238.7211385683513,9.51987578198763
12.5,2238.7211385683513,9.530676528853439
13.0,2238.7211385683513,9.541848945130122
13.5,2238.7211385683513,9.553385198779486
14.0,2238.7211385683513,9.565277239271676
14.5,2238.7211385683513,9.577516806933746
15.0,2238.7211385683513,9.5900954424934
15.5,2238.7211385683513,9.603004496802509
16.0,2238.7211385683513,9.616235140724777
16.5,2238.7211385683513,9.629778375171783
17.0,2238.7211385683513,9.643625041271473
17.5,2238.7211385683513,9.65776583065307
18.0,2238.7211385683513,9.672191295832317
18.5,2238.7211385683513,9.686891860680882
19.0,2238.7211385683513,9.701857830963807
19.5,2238.7211385683513,9.717079404928816
20.0,2238.7211385683513,9.732546683931462
21.0,2238.7211385683513,9.764178341884676
22.0,2238.7211385683513,9.796672082305452
23.0,2238.7211385683513,9.829946312710613
24.0,2238.7211385683513,9.863918907631815
25.0,2238.7211385683513,9.89850754095673
26.0,2238.7211385683513,9.933630011787663
27.0,2238.7211385683513,9.969204562059543
28.0,2238.7211385683513,10.005150184256532
29.0,2238.7211385683513,10.041386917674624
30.0,2238.7211385683513,10.077836131794928
31.0,2238.7211385683513,10.114420795457976
32.0,2238.7211385683513,10.151065730661728
33.0,2238.7211385683513,10.18769784994395
34.0,2238.7211385683513,10.224246376451521
35.0,2238.7211385683513,10.2606430459441
36.0,2238.7211385683513,10.296822290125757
37.0,2238.7211385683513,10.332721400844454
38.0,2238.7211385683513,10.368280674844355
39.0,2238.7211385683513,10.403443538898646
40.0,2238.7211385683513,10.438156655289669
41.0,2238.7211385683513,10.472370007737574
42.0,2238.7211385683513,10.506036968007523
43.0,2238.7211385683513,10.539114343547654
44.0,2238.7211385683513,10.571562406624775
45.0,2238.7211385683513,10.603344905531504
46.0,2238.7211385683513,10.634429058536512
47.0,2238.7211385683513,10.664785531338248
48.0,2238.7211385683513,10.694388398861744
49.0,2238.7211385683513,10.723215092307308
50.0,2238.7211385683513,10.751246332419177
51.0,2238.7211385683513,10.778466049991227
52.0,2238.7211385683513,10.804861294665956
53.0,2238.7211385683513,10.830422133111858
54.0,2238.7211385683513,10.855141537683721
55.0,2238.7211385683513,10.879015266680227
56.0,2238.7211385683513,10.902041737313956
57.0,2238.7211385683513,10.924221892501203
58.0,2238.7211385683513,10.945559062562994
59.0,2238.7211385683513,10.96605882290527
60.0,2238.7211385683513,10.985728848715775
61.0,2238.7211385683513,11.004578767678442
62.0,2238.7211385683513,11.022620011663701
63.0,2238.7211385683513,11.03986566830576
64.0,2238.7211385683513,11.05633033332632
65.0,2238.7211385683513,11.072029964408907
66.0,2238.7211385683513,11.086981737369895
67.0,2238.7211385683513,11.101203905311992
68.0,2238.7211385683513,11.114715661383903
69.0,2238.7211385683513,11.127537005707136
70.0,2238.7211385683513,11.139688616967588
71.0,2238.7211385683513,11.151191729106555
72.0,2238.7211385683513,11.162068013483566
73.0,2238.7211385683513,11.172339466822368
74.0,2238.7211385683513,11.18202830519202
75.0,2238.7211385683513,11.191156864217763
76.0,2238.7211385683513,11.199747505661465
77.0,2238.7211385683513,11.207822530459246
78.0,2238.7211385683513,11.215404098254794
79.0,2238.7211385683513,11.222514153420784
80.0,2238.7211385683513,11.229174357518346
81.0,2238.7211385683513,11.235406028105254
82.0,2238.7211385683513,11.241230083768007
83.0,2238.7211385683513,11.246666995220975
84.0,2238.7211385683513,11.251736742287397
85.0,2238.7211385683513,11.256458776552261
86.0,2238.7211385683513,11.2608519894557
87.0,2238.7211385683513,11.264934685577824
88.0,2238.7211385683513,11.268724560851163
89.0,2238.7211385683513,11.272238685425592
90.0,2238.7211385683513,11.275493490902202
91.0,2238.7211385683513,11.278504761646918
92.0,2238.7211385683513,11.281287629891873
93.0,2238.7211385683513,11.28385657433193
94.0,2238.7211385683513,11.286225421925634
95.0,2238.7211385683513,11.288407352613635
96.0,2238.7211385683513,11.290414906673279
97.0,2238.7211385683513,11.292259994435348
98.0,2238.7211385683513,11.293953908097658
99.0,2238.7211385683513,11.295507335380117
100.0,2238.7211385683513,11.29693037477682
-100.0,2511.8864315095925,11.808808362472043
-99.0,2511.8864315095925,11.807320843387615
-98.0,2511.8864315095925,11.805697028379907
-97.0,2511.8864315095925,11.803926361379474
-96.0,2511.8864315095925,11.80199767039251
-95.0,2511.8864315095925,11.799899151557645
-94.0,2511.8864315095925,11.79761835487217
-93.0,2511.8864315095925,11.79514217184316
-92.0,2511.8864315095925,11.79245682533043
-91.0,2511.8864315095925,11.789547861858718
-90.0,2511.8864315095925,11.786400146685464
-89.0,2511.8864315095925,11.782997861918249
-88.0,2511.8864315095925,11.77932450798186
-87.0,2511.8864315095925,11.775362908738897
-86.0,2511.8864315095925,11.771095220569727
-85.0,2511.8864315095925,11.766502945717074
-84.0,2511.8864315095925,11.761566950197505
-83.0,2511.8864315095925,11.756267486576194
-82.0,2511.8864315095925,11.750584221892616
-81.0,2511.8864315095925,11.744496271012846
-80.0,2511.8864315095925,11.737982235668948
-79.0,2511.8864315095925,11.73102024942721
-78.0,2511.8864315095925,11.723588028804762
-77.0,2511.8864315095925,11.715662930728156
-76.0,2511.8864315095925,11.70722201649785
-75.0,2511.8864315095925,11.698242122389102
-74.0,2511.8864315095925,11.688699936982596
-73.0,2511.8864315095925,11.678572085277178
-72.0,2511.8864315095925,11.6678352195926
-71.0,2511.8864315095925,11.656466117222045
-70.0,2511.8864315095925,11.644441784742812
-69.0,2511.8864315095925,11.631739568839071
-68.0,2511.8864315095925,11.618337273433198
-67.0,2511.8864315095925,11.60421328286228
-66.0,2511.8864315095925,11.58934669077439
-65.0,2511.8864315095925,11.573717434355343
-64.0,2511.8864315095925,11.557306433431613
-63.0,2511.8864315095925,11.540095733929189
-62.0,2511.8864315095925,11.522068655102027
-61.0,2511.8864315095925,11.503209939878094
-60.0,2511.8864315095925,11.48350590760617
-59.0,2511.8864315095925,11.46294460842354
-58.0,2511.8864315095925,11.441515978403915
-57.0,2511.8864315095925,11.419211994587236
-56.0,2511.8864315095925,11.396026828938973
-55.0,2511.8864315095925,11.371957000237106
-54.0,2511.8864315095925,11.34700152284063
-53.0,2511.8864315095925,11.321162051255028
-52.0,2511.8864315095925,11.294443019378399
-51.0,2511.8864315095925,11.266851773287302
-50.0,2511.8864315095925,11.238398696404873
-49.0,2511.8864315095925,11.209097325885448
-48.0,2511.8864315095925,11.178964459050892
-47.0,2511.8864315095925,11.148020248724066
-46.0,2511.8864315095925,11.116288286325087
-45.0,2511.8864315095925,11.083795671626367
-44.0,2511.8864315095925,11.0505730681032
-43.0,2511.8864315095925,11.016654742867996
-42.0,2511.8864315095925,10.982078590238158
-41.0,2511.8864315095925,10.946886138059957
-40.0,2511.8864315095925,10.911122535993588
-39.0,2511.8864315095925,10.874836525057287
-38.0,2511.8864315095925,10.83808038783085
-37.0,2511.8864315095925,10.80090987883037
-36.0,2511.8864315095925,10.763384134686032
-35.0,2511.8864315095925,10.72556556388257
-34.0,2511.8864315095925,10.687519715956508
-33.0,2511.8864315095925,10.649315130184934
-32.0,2511.8864315095925,10.61102316394596
-31.0,2511.8864315095925,10.57271780108009
-30.0,2511.8864315095925,10.534475440733512
-29.0,2511.8864315095925,10.496374667317186
-28.0,2511.8864315095925,10.458496002368374
-27.0,2511.8864315095925,10.420921639252725
-26.0,2511.8864315095925,10.383735161793352
-25.0,2511.8864315095925,10.34702124805754
-24.0,2511.8864315095925,10.31086536067014
-23.0,2511.8864315095925,10.275353425153913
-22.0,2511.8864315095925,10.240571497919893
-21.0,2511.8864315095925,10.206605425643696
-20.0,2511.8864315095925,10.173540497865547
-19.5,2511.8864315095925,10.157372377183938
-19.0,2511.8864315095925,10.14146109474129
-18.5,2511.8864315095925,10.125816997701966
-18.0,2511.8864315095925,10.11045033194784
-17.5,2511.8864315095925,10.09537123097174
-17.0,2511.8864315095925,10.080589704808299
-16.5,2511.8864315095925,10.06611562901905
-16.0,2511.8864315095925,10.051958733748648
-15.5,2511.8864315095925,10.038128592869052
-15.0,2511.8864315095925,10.024634613228585
-14.5,2511.8864315095925,10.011486024022709
-14.0,2511.8864315095925,9.998691866303227
-13.5,2511.8864315095925,9.986260982642602
-13.0,2511.8864315095925,9.974202006969849
-12.5,2511.8864315095925,9.962523354594362
-12.0,2511.8864315095925,9.951233212433735
-11.5,2511.8864315095925,9.94033952946148
-11.0,2511.8864315095925,9.9298500073902
-10.5,2511.8864315095925,9.919772091605475
-10.0,2511.8864315095925,9.91011296236542
-9.5,2511.8864315095925,9.90087952628044
-9.0,2511.8864315095925,9.892078408087338
-8.5,2511.8864315095925,9.883715942731467
-8.0,2511.8864315095925,9.875798167770196
-7.5,2511.8864315095925,9.868330816110399
-7.0,2511.8864315095925,9.86131930909224
-6.5,2511.8864315095925,9.854768749930896
-6.0,2511.8864315095925,9.848683917527328
-5.5,2511.8864315095925,9.843069260658618
-5.0,2511.8864315095925,9.837928892557755
-4.5,2511.8864315095925,9.83326658589211
-4.0,2511.8864315095925,9.829085768149175
-3.5,2511.8864315095925,9.825389517437488
-3.0,2511.8864315095925,9.822180558709912
-2.5,2511.8864315095925,9.819461260415798
-2.0,2511.8864315095925,9.817233631587742
-1.5,2511.8864315095925,9.815499319367992
-1.0,2511.8864315095925,9.814259606978753
-0.5,2511.8864315095925,9.81351541213987
0.0,2511.8864315095925,9.813267285936668
0.5,2511.8864315095925,9.81351541213987
1.0,2511.8864315095925,9.814259606978753
1.5,2511.8864315095925,9.815499319367992
2.0,2511.8864315095925,9.817233631587742
2.5,2511.8864315095925,9.819461260415798
3.0,2511.8864315095925,9.822180558709912
3.5,2511.8864315095925,9.825389517437488
4.0,2511.8864315095925,9.829085768149175
4.5,2511.8864315095925,9.83326658589211
5.0,2511.8864315095925,9.837928892557755
5.5,2511.8864315095925,9.843069260658618
6.0,2511.8864315095925,9.848683917527328
6.5,2511.8864315095925,9.854768749930896
7.0,2511.8864315095925,9.86131930909224
7.5,2511.8864315095925,9.868330816110399
8.0,2511.8864315095925,9.875798167770196
8.5,2511.8864315095925,9.883715942731467
9.0,2511.8864315095925,9.892078408087338
9.5,2511.8864315095925,9.90087952628044
10.0,2511.8864315095925,9.91011296236542
10.5,2511.8864315095925,9.919772091605475
11.0,2511.8864315095925,9.9298500073902
11.5,2511.8864315095925,9.94033952946148
12.0,2511.8864315095925,9.951233212433735
12.5,2511.8864315095925,9.962523354594362
13.0,2511.8864315095925,9.974202006969849
13.5,2511.8864315095925,9.986260982642602
14.0,2511.8864315095925,9.998691866303227
14.5,2511.8864315095925,10.011486024022709
15.0,2511.8864315095925,10.024634613228585
15.5,2511.8864315095925,10.038128592869052
16.0,2511.8864315095925,10.051958733748648
16.5,2511.8864315095925,10.06611562901905
17.0,2511.8864315095925,10.080589704808299
17.5,2511.8864315095925,10.09537123097174
18.0,2511.8864315095925,10.11045033194784
18.5,2511.8864315095925,10.125816997701966
19.0,2511.8864315095925,10.14146109474129
19.5,2511.8864315095925,10.157372377183938
20.0,2511.8864315095925,10.173540497865547
21.0,2511.8864315095925,10.206605425643696
22.0,2511.8864315095925,10.240571497919893
23.0,2511.8864315095925,10.275353425153913
24.0,2511.8864315095925,10.31086536067014
25.0,2511.8864315095925,10.34702124805754
26.0,2511.8864315095925,10.383735161793352
27.0,2511.8864315095925,10.420921639252725
28.0,2511.8864315095925,10.458496002368374
29.0,2511.8864315095925,10.496374667317186
30.0,2511.8864315095925,10.534475440733512
31.0,2511.8864315095925,10.57271780108009
32.0,2511.8864315095925,10.61102316394596
33.0,2511.8864315095925,10.649315130184934
34.0,2511.8864315095925,10.687519715956508
35.0,2511.8864315095925,10.72556556388257
36.0,2511.8864315095925,10.763384134686032
37.0,2511.8864315095925,10.80090987883037
38.0,2511.8864315095925,10.83808038783085
39.0,2511.8864315095925,10.874836525057287
40.0,2511.8864315095925,10.911122535993588
41.0,2511.8864315095925,10.946886138059957
42.0,2511.8864315095925,10.982078590238158
43.0,2511.8864315095925,11.016654742867996
44.0,2511.8864315095925,11.0505730681032
45.0,2511.8864315095925,11.083795671626367
46.0,2511.8864315095925,11.116288286325087
47.0,2511.8864315095925,11.148020248724066
48.0,2511.8864315095925,11.178964459050892
49.0,2511.8864315095925,11.209097325885448
50.0,2511.8864315095925,11.238398696404873
51.0,2511.8864315095925,11.266851773287302
52.0,2511.8864315095925,11.294443019378399
53.0,2511.8864315095925,11.321162051255028
54.0,2511.8864315095925,11.34700152284063
55.0,2511.8864315095925,11.371957000237106
56.0,2511.8864315095925,11.396026828938973
57.0,2511.8864315095925,11.419211994587236
58.0,2511.8864315095925,11.441515978403915
59.0,2511.8864315095925,11.46294460842354
60.0,2511.8864315095925,11.48350590760617
61.0,2511.8864315095925,11.503209939878094
62.0,2511.8864315095925,11.522068655102027
63.0,2511.8864315095925,11.540095733929189
64.0,2511.8864315095925,11.557306433431613
65.0,2511.8864315095925,11.573717434355343
66.0,2511.8864315095925,11.58934669077439
67.0,2511.8864315095925,11.60421328286228
68.0,2511.8864315095925,11.618337273433198
69.0,2511.8864315095925,11.631739568839071
70.0,2511.8864315095925,11.644441784742812
71.0,2511.8864315095925,11.656466117222045
72.0,2511.8864315095925,11.6678352195926
73.0,2511.8864315095925,11.678572085277178
74.0,2511.8864315095925,11.688699936982596
75.0,2511.8864315095925,11.698242122389102
76.0,2511.8864315095925,11.70722201649785
77.0,2511.8864315095925,11.715662930728156
78.0,2511.8864315095925,11.723588028804762
79.0,2511.8864315095925,11.73102024942721
80.0,2511.8864315095925,11.737982235668948
81.0,2511.8864315095925,11.744496271012846
82.0,2511.8864315095925,11.750584221892616
83.0,2511.8864315095925,11.756267486576194
84.0,2511.8864315095925,11.761566950197505
85.0,2511.8864315095925,11.766502945717074
86.0,2511.8864315095925,11.771095220569727
87.0,2511.8864315095925,11.775362908738897
88.0,2511.8864315095925,11.77932450798186
89.0,2511.8864315095925,11.782997861918249
90.0,2511.8864315095925,11.786400146685464
91.0,2511.8864315095925,11.789547861858718
92.0,2511.8864315095925,11.79245682533043
93.0,2511.8864315095925,11.79514217184316
94.0,2511.8864315095925,11.79761835487217
95.0,2511.8864315095925,11.799899151557645
96.0,2511.8864315095925,11.80199767039251
97.0,2511.8864315095925,11.803926361379474
98.0,2511.8864315095925,11.805697028379907
99.0,2511.8864315095925,11.807320843387615
100.0,2511.8864315095925,11.808808362472043
-100.0,2818.3829312644666,12.333644982784781
-99.0,2818.3829312644666,12.33209135165374
-98.0,2818.3829312644666,12.330395366994827
-97.0,2818.3829312644666,12.328546003579339
-96.0,2818.3829312644666,12.326531592879753
-95.0,2818.3829312644666,12.32433980641795
-94.0,2818.3829312644666,12.321957640857033
-93.0,2818.3829312644666,12.319371405103618
-92.0,2818.3829312644666,12.316566709699378
-91.0,2818.3829312644666,12.313528458791524
-90.0,2818.3829312644666,12.310240844981378
-89.0,2818.3829312644666,12.306687347358151
-88.0,2818.3829312644666,12.302850733031214
-87.0,2818.3829312644666,12.298713062478267
-86.0,2818.3829312644666,12.294255699028874
-85.0,2818.3829312644666,12.289459322802125
-84.0,2818.3829312644666,12.2843039494142
-83.0,2818.3829312644666,12.278768953765347
-82.0,2818.3829312644666,12.27283309920671
-81.0,2818.3829312644666,12.266474572374964
-80.0,2818.3829312644666,12.259671023966789
-79.0,2818.3829312644666,12.25239961570569
-78.0,2818.3829312644666,12.24463707373047
-77.0,2818.3829312644666,12.236359748607535
-76.0,2818.3829312644666,12.22754368213824
-75.0,2818.3829312644666,12.218164681097605
-74.0,2818.3829312644666,12.208198398001862
-73.0,2818.3829312644666,12.197620418959549
-72.0,2818.3829312644666,12.18640635861437
-71.0,2818.3829312644666,12.17453196213784
-70.0,2818.3829312644666,12.161973214176008
-69.0,2818.3829312644666,12.148706454597686
-68.0,2818.3829312644666,12.1347085008316
-67.0,2818.3829312644666,12.119956776517443
-66.0,2818.3829312644666,12.104429446130862
-65.0,2818.3829312644666,12.088105555175867
-64.0,2818.3829312644666,12.070965175470098
-63.0,2818.3829312644666,12.052989554979645
-62.0,2818.3829312644666,12.034161271590992
-61.0,2818.3829312644666,12.014464390139125
-60.0,2818.3829312644666,11.993884621943076
-59.0,2818.3829312644666,11.972409486034419
-58.0,2818.3829312644666,11.95002847120066
-57.0,2818.3829312644666,11.92673319790527
-56.0,2818.3829312644666,11.902517579089615
-55.0,2818.3829312644666,11.877377978810497
-54.0,2818.3829312644666,11.85131336762058
-53.0,2818.3829312644666,11.824325473559028
-52.0,2818.3829312644666,11.796418927586334
-51.0,2818.3829312644666,11.767601402271781
-50.0,2818.3829312644666,11.737883742524588
-49.0,2818.3829312644666,11.707280087151188
-48.0,2818.3829312644666,11.67580798002207
-47.0,2818.3829312644666,11.643488469642294
-46.0,2818.3829312644666,11.610346195940924
-45.0,2818.3829312644666,11.57640946312629
-44.0,2818.3829312644666,11.541710297496609
-43.0,2818.3829312644666,11.506284489149081
-42.0,2818.3829312644666,11.470171616595215
-41.0,2818.3829312644666,11.433415053365772
-40.0,2818.3829312644666,11.396061955775165
-39.0,2818.3829312644666,11.35816323111197
-38.0,2818.3829312644666,11.319773485629261
-37.0,2818.3829312644666,11.280950951824895
-36.0,2818.3829312644666,11.241757394627209
-35.0,2818.3829312644666,11.202257996235028
-34.0,2818.3829312644666,11.162521219501455
-33.0,2818.3829312644666,11.122618649897703
-32.0,2818.3829312644666,11.08262481624509
-31.0,2818.3829312644666,11.042616990559154
-30.0,2818.3829312644666,11.00267496750818
-29.0,2818.3829312644666,10.962880824148218
-28.0,2818.3829312644666,10.923318660756255
-27.0,2818.3829312644666,10.884074323741235
-26.0,2818.3829312644666,10.845235111767757
-25.0,2818.3829312644666,10.806889466377735
-24.0,2818.3829312644666,10.769126648539915
-23.0,2818.3829312644666,10.732036402694229
-22.0,2818.3829312644666,10.695708609986138
-21.0,2818.3829312644666,10.660232932504101
-20.0,2818.3829312644666,10.625698450439584
-19.5,2818.3829312644666,10.608811745667618
-19.0,2818.3829312644666,10.592193294182533
-18.5,2818.3829312644666,10.575853903023264
-18.0,2818.3829312644666,10.55980427344482
-17.5,2818.3829312644666,10.544054989318083
-17.0,2818.3829312644666,10.528616505568696
-16.5,2818.3829312644666,10.513499136672625
-16.0,2818.3829312644666,10.498713045225964
-15.5,2818.3829312644666,10.484268230606656
-15.0,2818.3829312644666,10.470174517745724
-14.5,2818.3829312644666,10.456441546025637
-14.0,2818.3829312644666,10.443078758323255
-13.5,2818.3829312644666,10.430095390214776
-13.0,2818.3829312644666,10.417500459359903
-12.5,2818.3829312644666,10.405302755082277
-12.0,2818.3829312644666,10.393510828162972
-11.5,2818.3829312644666,10.382132980863682
-11.0,2818.3829312644666,10.371177257195797
-10.5,2818.3829312644666,10.360651433451359
-10.0,2818.3829312644666,10.35056300901149
-9.5,2818.3829312644666,10.340919197447464
-9.0,2818.3829312644666,10.331726917929219
-8.5,2818.3829312644666,10.322992786955604
-8.0,2818.3829312644666,10.314723110420227
-7.5,2818.3829312644666,10.30692387602616
-7.0,2818.3829312644666,10.299600746062335
-6.5,2818.3829312644666,10.292759050553794
-6.0,2818.3829312644666,10.286403780797377
-5.5,2818.3829312644666,10.280539583293852
-5.0,2818.3829312644666,10.275170754086803
-4.5,2818.3829312644666,10.270301233517928
-4.0,2818.3829312644666,10.265934601407704
-3.5,2818.3829312644666,10.262074072669664
-3.0,2818.3829312644666,10.258722493365854
-2.5,2818.3829312644666,10.255882337210174
-2.0,2818.3829312644666,10.25355570252568
-1.5,2818.3829312644666,10.251744309661042
-1.0,2818.3829312644666,10.250449498870628
-0.5,2818.3829312644666,10.249672228661893
0.0,2818.3829312644666,10.249413074612876
0.5,2818.3829312644666,10.249672228661893
1.0,2818.3829312644666,10.250449498870628
1.5,2818.3829312644666,10.251744309661042
2.0,2818.3829312644666,10.25355570252568
2.5,2818.3829312644666,10.255882337210174
3.0,2818.3829312644666,10.258722493365854
3.5,2818.3829312644666,10.262074072669664
4.0,2818.3829312644666,10.265934601407704
4.5,2818.3829312644666,10.270301233517928
5.0,2818.3829312644666,10.275170754086803
5.5,2818.3829312644666,10.280539583293852
6.0,2818.3829312644666,10.286403780797377
6.5,2818.3829312644666,10.292759050553794
7.0,2818.3829312644666,10.299600746062335
7.5,2818.3829312644666,10.30692387602616
8.0,2818.3829312644666,10.314723110420227
8.5,2818.3829312644666,10.322992786955604
9.0,2818.3829312644666,10.331726917929219
9.5,2818.3829312644666,10.340919197447464
10.0,2818.3829312644666,10.35056300901149
10.5,2818.3829312644666,10.360651433451359
11.0,2818.3829312644666,10.371177257195797
11.5,2818.3829312644666,10.382132980863682
12.0,2818.3829312644666,10.393510828162972
12.5,2818.3829312644666,10.405302755082277
13.0,2818.3829312644666,10.417500459359903
13.5,2818.3829312644666,10.430095390214776
14.0,2818.3829312644666,10.443078758323255
14.5,2818.3829312644666,10.456441546025637
15.0,2818.3829312644666,10.470174517745724
15.5,2818.3829312644666,10.484268230606656
16.0,2818.3829312644666,10.498713045225964
16.5,2818.3829312644666,10.513499136672625
17.0,2818.3829312644666,10.528616505568696
17.5,2818.3829312644666,10.544054989318083
18.0,2818.3829312644666,10.55980427344482
18.5,2818.3829312644666,10.575853903023264
19.0,2818.3829312644666,10.592193294182533
19.5,2818.3829312644666,10.608811745667618
20.0,2818.3829312644666,10.625698450439584
21.0,2818.3829312644666,10.660232932504101
22.0,2818.3829312644666,10.695708609986138
23.0,2818.3829312644666,10.732036402694229
24.0,2818.3829312644666,10.769126648539915
25.0,2818.3829312644666,10.806889466377735
26.0,2818.3829312644666,10.845235111767757
27.0,2818.3829312644666,10.884074323741235
28.0,2818.3829312644666,10.923318660756255
29.0,2818.3829312644666,10.962880824148218
30.0,2818.3829312644666,11.00267496750818
31.0,2818.3829312644666,11.042616990559154
32.0,2818.3829312644666,11.08262481624509
33.0,2818.3829312644666,11.122618649897703
34.0,2818.3829312644666,11.162521219501455
35.0,2818.3829312644666,11.202257996235028
36.0,2818.3829312644666,11.241757394627209
37.0,2818.3829312644666,11.280950951824895
38.0,2818.3829312644666,11.319773485629261
39.0,2818.3829312644666,11.35816323111197
40.0,2818.3829312644666,11.396061955775165
41.0,2818.3829312644666,11.433415053365772
42.0,2818.3829312644666,11.470171616595215
43.0,2818.3829312644666,11.506284489149081
44.0,2818.3829312644666,11.541710297496609
45.0,2818.3829312644666,11.57640946312629
46.0,2818.3829312644666,11.610346195940924
47.0,2818.3829312644666,11.643488469642294
48.0,2818.3829312644666,11.67580798002207
49.0,2818.3829312644666,11.707280087151188
50.0,2818.3829312644666,11.737883742524588
51.0,2818.3829312644666,11.767601402271781
52.0,2818.3829312644666,11.796418927586334
53.0,2818.3829312644666,11.824325473559028
54.0,2818.3829312644666,11.85131336762058
55.0,2818.3829312644666,11.877377978810497
56.0,2818.3829312644666,11.902517579089615
57.0,2818.3829312644666,11.92673319790527
58.0,2818.3829312644666,11.95002847120066
59.0,2818.3829312644666,11.972409486034419
60.0,2818.3829312644666,11.993884621943076
61.0,2818.3829312644666,12.014464390139125
62.0,2818.3829312644666,12.034161271590992
63.0,2818.3829312644666,12.052989554979645
64.0,2818.3829312644666,12.070965175470098
65.0,2818.3829312644666,12.088105555175867
66.0,2818.3829312644666,12.104429446130862
67.0,2818.3829312644666,12.119956776517443
68.0,2818.3829312644666,12.1347085008316
69.0,2818.3829312644666,12.148706454597686
70.0,2818.3829312644666,12.161973214176008
71.0,2818.3829312644666,12.17453196213784
72.0,2818.3829312644666,12.18640635861437
73.0,2818.3829312644666,12.197620418959549
74.0,2818.3829312644666,12.208198398001862
75.0,2818.3829312644666,12.218164681097605
76.0,2818.3829312644666,12.22754368213824
77.0,2818.3829312644666,12.236359748607535
78.0,2818.3829312644666,12.24463707373047
79.0,2818.3829312644666,12.25239961570569
80.0,2818.3829312644666,12.259671023966789
81.0,2818.3829312644666,12.266474572374964
82.0,2818.3829312644666,12.27283309920671
83.0,2818.3829312644666,12.278768953765347
84.0,2818.3829312644666,12.2843039494142
85.0,2818.3829312644666,12.289459322802125
86.0,2818.3829312644666,12.294255699028874
87.0,2818.3829312644666,12.298713062478267
88.0,2818.3829312644666,12.302850733031214
89.0,2818.3829312644666,12.306687347358151
90.0,2818.3829312644666,12.310240844981378
91.0,2818.3829312644666,12.313528458791524
92.0,2818.3829312644666,12.316566709699378
93.0,2818.3829312644666,12.319371405103618
94.0,2818.3829312644666,12.321957640857033
95.0,2818.3829312644666,12.32433980641795
96.0,2818.3829312644666,12.326531592879753
97.0,2818.3829312644666,12.328546003579339
98.0,2818.3829312644666,12.330395366994827
99.0,2818.3829312644666,12.33209135165374
100.0,2818.3829312644666,12.333644982784781
-100.0,3162.2776601683954,12.871493788651392
-99.0,3162.2776601683954,12.869872406368946
-98.0,3162.2776601683954,12.868102462768876
-97.0,3162.2776601683954,12.866172451831424
-96.0,3162.2776601683954,12.864070196184882
-95.0,3162.2776601683954,12.86178282972764
-94.0,3162.2776601683954,12.859296782069896
-93.0,3162.2776601683954,12.8565977650735
-92.0,3162.2776601683954,12.853670761780872
-91.0,3162.2776601683954,12.850500018035335
-90.0,3162.2776601683954,12.847069037105054
-89.0,3162.2776601683954,12.843360577631056
-88.0,3162.2776601683954,12.83935665522632
-87.0,3162.2776601683954,12.835038548057186
-86.0,3162.2776601683954,12.830386806740428
-85.0,3162.2776601683954,12.825381268888739
-84.0,3162.2776601683954,12.820001078634077
-83.0,3162.2776601683954,12.814224711451962
-82.0,3162.2776601683954,12.808030004600216
-81.0,3162.2776601683954,12.801394193472685
-80.0,3162.2776601683954,12.794293954151799
-79.0,3162.2776601683954,12.786705452423547
-78.0,3162.2776601683954,12.77860439949413
-77.0,3162.2776601683954,12.769966114619285
-76.0,3162.2776601683954,12.760765594824994
-75.0,3162.2776601683954,12.750977591861815
-74.0,3162.2776601683954,12.740576696494562
-73.0,3162.2776601683954,12.729537430184427
-72.0,3162.2776601683954,12.717834344172141
-71.0,3162.2776601683954,12.705442125918335
-70.0,3162.2776601683954,12.69233571280124
-69.0,3162.2776601683954,12.678490412912499
-68.0,3162.2776601683954,12.66388203272923
-67.0,3162.2776601683954,12.648487011375314
-66.0,3162.2776601683954,12.632282561117165
-65.0,3162.2776601683954,12.615246813669666
-64.0,3162.2776601683954,12.597358971817085
-63.0,3162.2776601683954,12.578599465781927
-62.0,3162.2776601683954,12.558950113702615
-61.0,3162.2776601683954,12.538394285509296
-60.0,3162.2776601683954,12.51691706941648
-59.0,3162.2776601683954,12.494505440182417
-58.0,3162.2776601683954,12.471148428218921
-57.0,3162.2776601683954,12.446837288572443
-56.0,3162.2776601683954,12.421565668738314
-55.0,3162.2776601683954,12.395329774216174
-54.0,3162.2776601683954,12.368128530666285
-53.0,3162.2776601683954,12.339963741484585
-52.0,3162.2776601683954,12.310840239579704
-51.0,3162.2776601683954,12.28076603210833
-50.0,3162.2776601683954,12.249752436907304
-49.0,3162.2776601683954,12.217814209351818
-48.0,3162.2776601683954,12.184969658370042
-47.0,3162.2776601683954,12.151240750355727
-46.0,3162.2776601683954,12.116653199742393
-45.0,3162.2776601683954,12.081236545035663
-44.0,3162.2776601683954,12.045024209144916
-43.0,3162.2776601683954,12.008053542911243
-42.0,3162.2776601683954,11.970365850796199
-41.0,3162.2776601683954,11.932006397774785
-40.0,3162.2776601683954,11.893024396566263
-39.0,3162.2776601683954,11.853472974437523
-38.0,3162.2776601683954,11.81340911892536
-37.0,3162.2776601683954,11.77289360194558
-36.0,3162.2776601683954,11.731990881887615
-35.0,3162.2776601683954,11.69076898343261
-34.0,3162.2776601683954,11.649299354979618
-33.0,3162.2776601683954,11.607656703717739
-32.0,3162.2776601683954,11.565918808540564
-31.0,3162.2776601683954,11.524166311161828
-30.0,3162.2776601683954,11.482482485956515
-29.0,3162.2776601683954,11.440952989218335
-28.0,3162.2776601683954,11.399665588691075
-27.0,3162.2776601683954,11.358709874396263
-26.0,3162.2776601683954,11.318176951941421
-25.0,3162.2776601683954,11.278159119650287
-24.0,3162.2776601683954,11.238749531007196
-23.0,3162.2776601683954,11.200041844051015
-22.0,3162.2776601683954,11.16212985948763
-21.0,3162.2776601683954,11.125107149413228
-20.0,3162.2776601683954,11.08906667865149
-19.5,3162.2776601683954,11.07144357405536
-19.0,3162.2776601683954,11.054100420805378
-18.5,3162.2776601683954,11.037048497216656
-18.0,3162.2776601683954,11.02029897120732
-17.5,3162.2776601683954,11.003862888192446
-17.0,3162.2776601683954,10.98775115901881
-16.5,3162.2776601683954,10.971974547958727
-16.0,3162.2776601683954,10.956543660781435
-15.5,3162.2776601683954,10.941468932920356
-15.0,3162.2776601683954,10.926760617754667
-14.5,3162.2776601683954,10.912428775023539
-14.0,3162.2776601683954,10.89848325939127
-13.5,3162.2776601683954,10.884933709181473
-13.0,3162.2776601683954,10.871789535298305
-12.5,3162.2776601683954,10.859059910352522
-12.0,3162.2776601683954,10.846753758009893
-11.5,3162.2776601683954,10.8348797425793
-11.0,3162.2776601683954,10.823446258857482
-10.5,3162.2776601683954,10.812461422247049
-10.0,3162.2776601683954,10.801933059164092
-9.5,3162.2776601683954,10.79186869775118
-9.0,3162.2776601683954,10.78227555891122
-8.5,3162.2776601683954,10.773160547677067
-8.0,3162.2776601683954,10.764530244931379
-7.5,3162.2776601683954,10.756390899490546
-7.0,3162.2776601683954,10.748748420566073
-6.5,3162.2776601683954,10.741608370616126
-6.0,3162.2776601683954,10.73497595859931
-5.5,3162.2776601683954,10.728856033642218
-5.0,3162.2776601683954,10.723253079131423
-4.5,3162.2776601683954,10.718171207240067
-4.0,3162.2776601683954,10.713614153898371
-3.5,3162.2776601683954,10.709585274216659
-3.0,3162.2776601683954,10.706087538368791
-2.5,3162.2776601683954,10.70312352794303
-2.0,3162.2776601683954,10.700695432766647
-1.5,3162.2776601683954,10.698805048209724
-1.0,3162.2776601683954,10.697453772972798
-0.5,3162.2776601683954,10.696642607362161
0.0,3162.2776601683954,10.696372152055812
0.5,3162.2776601683954,10.696642607362161
1.0,3162.2776601683954,10.697453772972798
1.5,3162.2776601683954,10.698805048209724
2.0,3162.2776601683954,10.700695432766647
2.5,3162.2776601683954,10.70312352794303
3.0,3162.2776601683954,10.706087538368791
3.5,3162.2776601683954,10.709585274216659
4.0,3162.2776601683954,10.713614153898371
4.5,3162.2776601683954,10.718171207240067
5.0,3162.2776601683954,10.723253079131423
5.5,3162.2776601683954,10.728856033642218
6.0,3162.2776601683954,10.73497595859931
6.5,3162.2776601683954,10.741608370616126
7.0,3162.2776601683954,10.748748420566073
7.5,3162.2776601683954,10.756390899490546
8.0,3162.2776601683954,10.764530244931379
8.5,3162.2776601683954,10.773160547677067
9.0,3162.2776601683954,10.78227555891122
9.5,3162.2776601683954,10.79186869775118
10.0,3162.2776601683954,10.801933059164092
10.5,3162.2776601683954,10.812461422247049
11.0,3162.2776601683954,10.823446258857482
11.5,3162.2776601683954,10.8348797425793
12.0,3162.2776601683954,10.846753758009893
12.5,3162.2776601683954,10.859059910352522
13.0,3162.2776601683954,10.871789535298305
13.5,3162.2776601683954,10.884933709181473
14.0,3162.2776601683954,10.89848325939127
14.5,3162.2776601683954,10.912428775023539
15.0,3162.2776601683954,10.926760617754667
15.5,3162.2776601683954,10.941468932920356
16.0,3162.2776601683954,10.956543660781435
16.5,3162.2776601683954,10.971974547958727
17.0,3162.2776601683954,10.98775115901881
17.5,3162.2776601683954,11.003862888192446
18.0,3162.2776601683954,11.02029897120732
18.5,3162.2776601683954,11.037048497216656
19.0,3162.2776601683954,11.054100420805378
19.5,3162.2776601683954,11.07144357405536
20.0,3162.2776601683954,11.08906667865149
21.0,3162.2776601683954,11.125107149413228
22.0,3162.2776601683954,11.16212985948763
23.0,3162.2776601683954,11.200041844051015
24.0,3162.2776601683954,11.238749531007196
25.0,3162.2776601683954,11.278159119650287
26.0,3162.2776601683954,11.318176951941421
27.0,3162.2776601683954,11.358709874396263
28.0,3162.2776601683954,11.399665588691075
29.0,3162.2776601683954,11.440952989218335
30.0,3162.2776601683954,11.482482485956515
31.0,3162.2776601683954,11.524166311161828
32.0,3162.2776601683954,11.565918808540564
33.0,3162.2776601683954,11.607656703717739
34.0,3162.2776601683954,11.649299354979618
35.0,3162.2776601683954,11.69076898343261
36.0,3162.2776601683954,11.731990881887615
37.0,3162.2776601683954,11.77289360194558
38.0,3162.2776601683954,11.81340911892536
39.0,3162.2776601683954,11.853472974437523
40.0,3162.2776601683954,11.893024396566263
41.0,3162.2776601683954,11.932006397774785
42.0,3162.2776601683954,11.970365850796199
43.0,3162.2776601683954,12.008053542911243
44.0,3162.2776601683954,12.045024209144916
45.0,3162.2776601683954,12.081236545035663
46.0,3162.2776601683954,12.116653199742393
47.0,3162.2776601683954,12.151240750355727
48.0,3162.2776601683954,12.184969658370042
49.0,3162.2776601683954,12.217814209351818
50.0,3162.2776601683954,12.249752436907304
51.0,3162.2776601683954,12.28076603210833
52.0,3162.2776601683954,12.310840239579704
53.0,3162.2776601683954,12.339963741484585
54.0,3162.2776601683954,12.368128530666285
55.0,3162.2776601683954,12.395329774216174
56.0,3162.2776601683954,12.421565668738314
57.0,3162.2776601683954,12.446837288572443
58.0,3162.2776601683954,12.471148428218921
59.0,3162.2776601683954,12.494505440182417
60.0,3162.2776601683954,12.51691706941648
61.0,3162.2776601683954,12.538394285509296
62.0,3162.2776601683954,12.558950113702615
63.0,3162.2776601683954,12.578599465781927
64.0,3162.2776601683954,12.597358971817085
65.0,3162.2776601683954,12.615246813669666
66.0,3162.2776601683954,12.632282561117165
67.0,3162.2776601683954,12.648487011375314
68.0,3162.2776601683954,12.66388203272923
69.0,3162.2776601683954,12.678490412912499
70.0,3162.2776601683954,12.69233571280124
71.0,3162.2776601683954,12.705442125918335
72.0,3162.2776601683954,12.717834344172141
73.0,3162.2776601683954,12.729537430184427
74.0,3162.2776601683954,12.740576696494562
75.0,3162.2776601683954,12.750977591861815
76.0,3162.2776601683954,12.760765594824994
77.0,3162.2776601683954,12.769966114619285
78.0,3162.2776601683954,12.77860439949413
79.0,3162.2776601683954,12.786705452423547
80.0,3162.2776601683954,12.794293954151799
81.0,3162.2776601683954,12.801394193472685
82.0,3162.2776601683954,12.808030004600216
83.0,3162.2776601683954,12.814224711451962
84.0,3162.2776601683954,12.820001078634077
85.0,3162.2776601683954,12.825381268888739
86.0,3162.2776601683954,12.830386806740428
87.0,3162.2776601683954,12.835038548057186
88.0,3162.2776601683954,12.83935665522632
89.0,3162.2776601683954,12.843360577631056
90.0,3162.2776601683954,12.847069037105054
91.0,3162.2776601683954,12.850500018035335
92.0,3162.2776601683954,12.853670761780872
93.0,3162.2776601683954,12.8565977650735
94.0,3162.2776601683954,12.859296782069896
95.0,3162.2776601683954,12.86178282972764
96.0,3162.2776601683954,12.864070196184882
97.0,3162.2776601683954,12.866172451831424
98.0,3162.2776601683954,12.868102462768876
99.0,3162.2776601683954,12.869872406368946
100.0,3162.2776601683954,12.871493788651392
-100.0,3548.133892335775,13.422407465582134
-99.0,3548.133892335775,13.420716686406864
-98.0,3548.133892335775,13.418870987330957
-97.0,3548.133892335775,13.416858369864729
-96.0,3548.133892335775,13.414666135431954
-95.0,3548.133892335775,13.41228086724814
-94.0,3548.133892335775,13.409688414096317
-93.0,3548.133892335775,13.40687387629076
-92.0,3548.133892335775,13.40382159413207
-91.0,3548.133892335775,13.400515139168853
-90.0,3548.133892335775,13.396937308591527
-89.0,3548.133892335775,13.393070123092553
-88.0,3548.133892335775,13.388894828533944
-87.0,3548.133892335775,13.384391901767566
-86.0,3548.133892335775,13.37954106095583
-85.0,3548.133892335775,13.374321280739721
-84.0,3548.133892335775,13.36871081259778
-83.0,3548.133892335775,13.362687210732895
-82.0,3548.133892335775,13.356227363813863
-81.0,3548.133892335775,13.349307532885078
-80.0,3548.133892335775,13.341903395740397
-79.0,3548.133892335775,13.333990098036004
-78.0,3548.133892335775,13.325542311391787
-77.0,3548.133892335775,13.31653429870128
-76.0,3548.133892335775,13.306939986836483
-75.0,3548.133892335775,13.296733046895918
-74.0,3548.133892335775,13.285886982102006
-73.0,3548.133892335775,13.274375223407274
-72.0,3548.133892335775,13.262171232818384
-71.0,3548.133892335775,13.249248614392254
-70.0,3548.133892335775,13.235581232800152
-69.0,3548.133892335775,13.221143339293672
-68.0,3548.133892335775,13.205909704841325
-67.0,3548.133892335775,13.18985576013634
-66.0,3548.133892335775,13.172957742105796
-65.0,3548.133892335775,13.15519284647863
-64.0,3548.133892335775,13.136539385896075
-63.0,3548.133892335775,13.11697695297326
-62.0,3548.133892335775,13.096486587645517
-61.0,3548.133892335775,13.075050948058255
-60.0,3548.133892335775,13.05265448418564
-59.0,3548.133892335775,13.029283613291668
-58.0,3548.133892335775,13.004926896278064
-57.0,3548.133892335775,12.979575213897935
-56.0,3548.133892335775,12.953221941752627
-55.0,3548.133892335775,12.925863122933114
-54.0,3548.133892335775,12.89749763711677
-53.0,3548.133892335775,12.868127364886806
-52.0,3548.133892335775,12.837757346005498
-51.0,3548.133892335775,12.806395930344392
-50.0,3548.133892335775,12.774054920155828
-49.0,3548.133892335775,12.740749702360816
-48.0,3548.133892335775,12.70649936952919
-47.0,3548.133892335775,12.671326828239819
-46.0,3548.133892335775,12.63525889353142
-45.0,3548.133892335775,12.598326368189202
-44.0,3548.133892335775,12.560564105658752
-43.0,3548.133892335775,12.522011055437034
-42.0,3548.133892335775,12.48271028986066
-41.0,3548.133892335775,12.442709011293893
-40.0,3548.133892335775,12.402058538812918
-39.0,3548.133892335775,12.360814273588376
-38.0,3548.133892335775,12.319035642284481
-37.0,3548.133892335775,12.276786017919918
-36.0,3548.133892335775,12.23413261777201
-35.0,3548.133892335775,12.191146378050888
-34.0,3548.133892335775,12.147901805223363
-33.0,3548.133892335775,12.104476804025996
-32.0,3548.133892335775,12.060952482372068
-31.0,3548.133892335775,12.017412933526764
-30.0,3548.133892335775,11.973944996097222
-29.0,3548.133892335775,11.930637992557983
-28.0,3548.133892335775,11.887583447205976
-27.0,3548.133892335775,11.844874784611303
-26.0,3548.133892335775,11.802607009798765
-25.0,3548.133892335775,11.760876371558894
-24.0,3548.133892335775,11.719780010444621
-23.0,3548.133892335775,11.67941559315887
-22.0,3548.133892335775,11.639880935177892
-21.0,3548.133892335775,11.601273613583498
-20.0,3548.133892335775,11.563690572193075
-19.5,3548.133892335775,11.545313179904202
-19.0,3548.133892335775,11.527227721177995
-18.5,3548.133892335775,11.509445957053494
-18.0,3548.133892335775,11.49197953344764
-17.5,3548.133892335775,11.474839968531075
-17.0,3548.133892335775,11.45803864014646
-16.5,3548.133892335775,11.441586773288462
-16.0,3548.133892335775,11.425495427664565
-15.5,3548.133892335775,11.409775485355881
-15.0,3548.133892335775,11.394437638597168
-14.5,3548.133892335775,11.37949237769517
-14.0,3548.133892335775,11.36494997910434
-13.5,3548.133892335775,11.350820493678832
-13.0,3548.133892335775,11.33711373511955
-12.5,3548.133892335775,11.323839268634783
-12.0,3548.133892335775,11.311006399832722
-11.5,3548.133892335775,11.298624163863924
-11.0,3548.133892335775,11.286701314831385
-10.5,3548.133892335775,11.275246315485616
-10.0,3548.133892335775,11.26426732722167
-9.5,3548.133892335775,11.25377220039466
-9.0,3548.133892335775,11.243768464969842
-8.5,3548.133892335775,11.234263321522853
-8.0,3548.133892335775,11.225263632605154
-7.5,3548.133892335775,11.216775914489148
-7.0,3548.133892335775,11.208806329306904
-6.5,3548.133892335775,11.201360677595732
-6.0,3548.133892335775,11.194444391263232
-5.5,3548.133892335775,11.188062526983789
-5.0,3548.133892335775,11.182219760037706
-4.5,3548.133892335775,11.176920378603533
-4.0,3548.133892335775,11.172168278513288
-3.5,3548.133892335775,11.167966958479601
-3.0,3548.133892335775,11.164319515802942
-2.5,3548.133892335775,11.161228642566313
-2.0,3548.133892335775,11.158696622323925
-1.5,3548.133892335775,11.156725327289621
-1.0,3548.133892335775,11.15531621602981
-0.5,3548.133892335775,11.154470331664964
0.0,3548.133892335775,11.154188300582739
0.5,3548.133892335775,11.154470331664964
1.0,3548.133892335775,11.15531621602981
1.5,3548.133892335775,11.156725327289621
2.0,3548.133892335775,11.158696622323925
2.5,3548.133892335775,11.161228642566313
3.0,3548.133892335775,11.164319515802942
3.5,3548.133892335775,11.167966958479601
4.0,3548.133892335775,11.172168278513288
4.5,3548.133892335775,11.176920378603533
5.0,3548.133892335775,11.182219760037706
5.5,3548.133892335775,11.188062526983789
6.0,3548.133892335775,11.194444391263232
6.5,3548.133892335775,11.201360677595732
7.0,3548.133892335775,11.208806329306904
7.5,3548.133892335775,11.216775914489148
8.0,3548.133892335775,11.225263632605154
8.5,3548.133892335775,11.234263321522853
9.0,3548.133892335775,11.243768464969842
9.5,3548.133892335775,11.25377220039466
10.0,3548.133892335775,11.26426732722167
10.5,3548.133892335775,11.275246315485616
11.0,3548.133892335775,11.286701314831385
11.5,3548.133892335775,11.298624163863924
12.0,3548.133892335775,11.311006399832722
12.5,3548.133892335775,11.323839268634783
13.0,3548.133892335775,11.33711373511955
13.5,3548.133892335775,11.350820493678832
14.0,3548.133892335775,11.36494997910434
14.5,3548.133892335775,11.37949237769517
15.0,3548.133892335775,11.394437638597168
15.5,3548.133892335775,11.409775485355881
16.0,3548.133892335775,11.425495427664565
16.5,3548.133892335775,11.441586773288462
17.0,3548.133892335775,11.45803864014646
17.5,3548.133892335775,11.474839968531075
18.0,3548.133892335775,11.49197953344764
18.5,3548.133892335775,11.509445957053494
19.0,3548.133892335775,11.527227721177995
19.5,3548.133892335775,11.545313179904202
20.0,3548.133892335775,11.563690572193075
21.0,3548.133892335775,11.601273613583498
22.0,3548.133892335775,11.639880935177892
23.0,3548.133892335775,11.67941559315887
24.0,3548.133892335775,11.719780010444621
25.0,3548.133892335775,11.760876371558894
26.0,3548.133892335775,11.802607009798765
27.0,3548.133892335775,11.844874784611303
28.0,3548.133892335775,11.887583447205976
29.0,3548.133892335775,11.930637992557983
30.0,3548.133892335775,11.973944996097222
31.0,3548.133892335775,12.017412933526764
32.0,3548.133892335775,12.060952482372068
33.0,3548.133892335775,12.104476804025996
34.0,3548.133892335775,12.147901805223363
35.0,3548.133892335775,12.191146378050888
36.0,3548.133892335775,12.23413261777201
37.0,3548.133892335775,12.276786017919918
38.0,3548.133892335775,12.319035642284481
39.0,3548.133892335775,12.360814273588376
40.0,3548.133892335775,12.402058538812918
41.0,3548.133892335775,12.442709011293893
42.0,3548.133892335775,12.48271028986066
43.0,3548.133892335775,12.522011055437034
44.0,3548.133892335775,12.560564105658752
45.0,3548.133892335775,12.598326368189202
46.0,3548.133892335775,12.63525889353142
47.0,3548.133892335775,12.671326828239819
48.0,3548.133892335775,12.70649936952919
49.0,3548.133892335775,12.740749702360816
50.0,3548.133892335775,12.774054920155828
51.0,3548.133892335775,12.806395930344392
52.0,3548.133892335775,12.837757346005498
53.0,3548.133892335775,12.868127364886806
54.0,3548.133892335775,12.89749763711677
55.0,3548.133892335775,12.925863122933114
56.0,3548.133892335775,12.953221941752627
57.0,3548.133892335775,12.979575213897935
58.0,3548.133892335775,13.004926896278064
59.0,3548.133892335775,13.029283613291668
60.0,3548.133892335775,13.05265448418564
61.0,3548.133892335775,13.075050948058255
62.0,3548.133892335775,13.096486587645517
63.0,3548.133892335775,13.11697695297326
64.0,3548.133892335775,13.136539385896075
65.0,3548.133892335775,13.15519284647863
66.0,3548.133892335775,13.172957742105796
67.0,3548.133892335775,13.18985576013634
68.0,3548.133892335775,13.205909704841325
69.0,3548.133892335775,13.221143339293672
70.0,3548.133892335775,13.235581232800152
71.0,3548.133892335775,13.249248614392254
72.0,3548.133892335775,13.262171232818384
73.0,3548.133892335775,13.274375223407274
74.0,3548.133892335775,13.285886982102006
75.0,3548.133892335775,13.296733046895918
76.0,3548.133892335775,13.306939986836483
77.0,3548.133892335775,13.31653429870128
78.0,3548.133892335775,13.325542311391787
79.0,3548.133892335775,13.333990098036004
80.0,3548.133892335775,13.341903395740397
81.0,3548.133892335775,13.349307532885078
82.0,3548.133892335775,13.356227363813863
83.0,3548.133892335775,13.362687210732895
84.0,3548.133892335775,13.36871081259778
85.0,3548.133892335775,13.374321280739721
86.0,3548.133892335775,13.37954106095583
87.0,3548.133892335775,13.384391901767566
88.0,3548.133892335775,13.388894828533944
89.0,3548.133892335775,13.393070123092553
90.0,3548.133892335775,13.396937308591527
91.0,3548.133892335775,13.400515139168853
92.0,3548.133892335775,13.40382159413207
93.0,3548.133892335775,13.40687387629076
94.0,3548.133892335775,13.409688414096317
95.0,3548.133892335775,13.41228086724814
96.0,3548.133892335775,13.414666135431954
97.0,3548.133892335775,13.416858369864729
98.0,3548.133892335775,13.418870987330957
99.0,3548.133892335775,13.420716686406864
100.0,3548.133892335775,13.422407465582134
-100.0,3981.0717055349937,13.986437862649947
-99.0,3981.0717055349937,13.984676034309166
-98.0,3981.0717055349937,13.982752776093042
-97.0,3981.0717055349937,13.980655585316732
-96.0,3981.0717055349937,13.978371229790127
-95.0,3981.0717055349937,13.97588572893462
-94.0,3981.0717055349937,13.973184336877138
-93.0,3981.0717055349937,13.970251527824034
-92.0,3981.0717055349937,13.967070984031034
-91.0,3981.0717055349937,13.96362558669771
-90.0,3981.0717055349937,13.959897410125723
-89.0,3981.0717055349937,13.955867719489119
-88.0,3981.0717055349937,13.951516972571921
-87.0,3981.0717055349937,13.946824825833009
-86.0,3981.0717055349937,13.941770145160488
-85.0,3981.0717055349937,13.936331021677127
-84.0,3981.0717055349937,13.93048479295483
-83.0,3981.0717055349937,13.924208069989254
-82.0,3981.0717055349937,13.91747677027518
-81.0,3981.0717055349937,13.910266157309238
-80.0,3981.0717055349937,13.902550886828426
-79.0,3981.0717055349937,13.894305060070822
-78.0,3981.0717055349937,13.885502284318466
-77.0,3981.0717055349937,13.876115740951727
-76.0,3981.0717055349937,13.86611826120929
-75.0,3981.0717055349937,13.855482409808372
-74.0,3981.0717055349937,13.844180576535669
-73.0,3981.0717055349937,13.832185075871084
-72.0,3981.0717055349937,13.819468254653613
-71.0,3981.0717055349937,13.806002607741668
-70.0,3981.0717055349937,13.791760901559432
-69.0,3981.0717055349937,13.776716305356125
-68.0,3981.0717055349937,13.76084252993719
-67.0,3981.0717055349937,13.744113973555448
-66.0,3981.0717055349937,13.72650587457677
-65.0,3981.0717055349937,13.70799447045922
-64.0,3981.0717055349937,13.68855716250755
-63.0,3981.0717055349937,13.668172685786901
-62.0,3981.0717055349937,13.646821283501259
-61.0,3981.0717055349937,13.624484885064378
-60.0,3981.0717055349937,13.601147287014204
-59.0,3981.0717055349937,13.57679433584708
-58.0,3981.0717055349937,13.551414111776067
-57.0,3981.0717055349937,13.524997112349359
-56.0,3981.0717055349937,13.497536434800791
-55.0,3981.0717055349937,13.469027955945876
-54.0,3981.0717055349937,13.43947050838429
-53.0,3981.0717055349937,13.408866051724273
-52.0,3981.0717055349937,13.377219837506733
-51.0,3981.0717055349937,13.344540566477779
-50.0,3981.0717055349937,13.31084053683872
-49.0,3981.0717055349937,13.276135782092862
-48.0,3981.0717055349937,13.24044619710947
-47.0,3981.0717055349937,13.20379565103741
-46.0,3981.0717055349937,13.166212085724952
-45.0,3981.0717055349937,13.127727598338153
-44.0,3981.0717055349937,13.088378506918486
-43.0,3981.0717055349937,13.048205397681238
-42.0,3981.0717055349937,13.007253152929467
-41.0,3981.0717055349937,12.96557095854405
-40.0,3981.0717055349937,12.923212290108422
-39.0,3981.0717055349937,12.880234876836406
-38.0,3981.0717055349937,12.836700642592895
-37.0,3981.0717055349937,12.792675623429194
-36.0,3981.0717055349937,12.748229861196958
-35.0,3981.0717055349937,12.703437272955979
-34.0,3981.0717055349937,12.658375496050462
-33.0,3981.0717055349937,12.613125708894927
-32.0,3981.0717055349937,12.567772427683071
-31.0,3981.0717055349937,12.52240327940962
-30.0,3981.0717055349937,12.477108751774784
-29.0,3981.0717055349937,12.431981920722137
-28.0,3981.0717055349937,12.387118156541634
-27.0,3981.0717055349937,12.342614809648836
-26.0,3981.0717055349937,12.29857087732716
-25.0,3981.0717055349937,12.255086652890723
-24.0,3981.0717055349937,12.212263358889281
-23.0,3981.0717055349937,12.170202766132217
-22.0,3981.0717055349937,12.129006800453933
-21.0,3981.0717055349937,12.088777139276683
-20.0,3981.0717055349937,12.049614800147548
-19.5,3981.0717055349937,12.030465161307799
-19.0,3981.0717055349937,12.011619723532183
-18.5,3981.0717055349937,11.993090742076852
-18.0,3981.0717055349937,11.974890352238264
-17.5,3981.0717055349937,11.957030556198463
-17.0,3981.0717055349937,11.939523209914723
-16.5,3981.0717055349937,11.922380010073413
-16.0,3981.0717055349937,11.90561248112809
-15.5,3981.0717055349937,11.889231962441809
-15.0,3981.0717055349937,11.873249595553627
-14.5,3981.0717055349937,11.857676311589266
-14.0,3981.0717055349937,11.842522818835743
-13.5,3981.0717055349937,11.827799590499707
-13.0,3981.0717055349937,11.813516852669007
-12.5,3981.0717055349937,11.799684572496831
-12.0,3981.0717055349937,11.786312446627475
-11.5,3981.0717055349937,11.773409889882542
-11.0,3981.0717055349937,11.76098602422603
-10.5,3981.0717055349937,11.74904966802636
-10.0,3981.0717055349937,11.737609325633077
-9.5,3981.0717055349937,11.726673177285397
-9.0,3981.0717055349937,11.716249069369406
-8.5,3981.0717055349937,11.70634450504011
-8.0,3981.0717055349937,11.696966635224033
-7.5,3981.0717055349937,11.688122250017459
-7.0,3981.0717055349937,11.679817770494813
-6.5,3981.0717055349937,11.672059240940984
-6.0,3981.0717055349937,11.664852321520764
-5.5,3981.0717055349937,11.658202281397845
-5.0,3981.0717055349937,11.652113992315066
-4.5,3981.0717055349937,11.646591922646893
-4.0,3981.0717055349937,11.641640131934254
-3.5,3981.0717055349937,11.637262265911119
-3.0,3981.0717055349937,11.633461552031326
-2.5,3981.0717055349937,11.630240795503385
-2.0,3981.0717055349937,11.627602375840002
-1.5,3981.0717055349937,11.62554824392835
-1.0,3981.0717055349937,11.624079919626064
-0.5,3981.0717055349937,11.623198489887155
0.0,3981.0717055349937,11.622904607421063
0.5,3981.0717055349937,11.623198489887155
1.0,3981.0717055349937,11.624079919626064
1.5,3981.0717055349937,11.62554824392835
2.0,3981.0717055349937,11.627602375840002
2.5,3981.0717055349937,11.630240795503385
3.0,3981.0717055349937,11.633461552031326
3.5,3981.0717055349937,11.637262265911119
4.0,3981.0717055349937,11.641640131934254
4.5,3981.0717055349937,11.646591922646893
5.0,3981.0717055349937,11.652113992315066
5.5,3981.0717055349937,11.658202281397845
6.0,3981.0717055349937,11.664852321520764
6.5,3981.0717055349937,11.672059240940984
7.0,3981.0717055349937,11.679817770494813
7.5,3981.0717055349937,11.688122250017459
8.0,3981.0717055349937,11.696966635224033
8.5,3981.0717055349937,11.70634450504011
9.0,3981.0717055349937,11.716249069369406
9.5,3981.0717055349937,11.726673177285397
10.0,3981.0717055349937,11.737609325633077
10.5,3981.0717055349937,11.74904966802636
11.0,3981.0717055349937,11.76098602422603
11.5,3981.0717055349937,11.773409889882542
12.0,3981.0717055349937,11.786312446627475
12.5,3981.0717055349937,11.799684572496831
13.0,3981.0717055349937,11.813516852669007
13.5,3981.0717055349937,11.827799590499707
14.0,3981.0717055349937,11.842522818835743
14.5,3981.0717055349937,11.857676311589266
15.0,3981.0717055349937,11.873249595553627
15.5,3981.0717055349937,11.889231962441809
16.0,3981.0717055349937,11.90561248112809
16.5,3981.0717055349937,11.922380010073413
17.0,3981.0717055349937,11.939523209914723
17.5,3981.0717055349937,11.957030556198463
18.0,3981.0717055349937,11.974890352238264
18.5,3981.0717055349937,11.993090742076852
19.0,3981.0717055349937,12.011619723532183
19.5,3981.0717055349937,12.030465161307799
20.0,3981.0717055349937,12.049614800147548
21.0,3981.0717055349937,12.088777139276683
22.0,3981.0717055349937,12.129006800453933
23.0,3981.0717055349937,12.170202766132217
24.0,3981.0717055349937,12.212263358889281
25.0,3981.0717055349937,12.255086652890723
26.0,3981.0717055349937,12.29857087732716
27.0,3981.0717055349937,12.342614809648836
28.0,3981.0717055349937,12.387118156541634
29.0,3981.0717055349937,12.431981920722137
30.0,3981.0717055349937,12.477108751774784
31.0,3981.0717055349937,12.52240327940962
32.0,3981.0717055349937,12.567772427683071
33.0,3981.0717055349937,12.613125708894927
34.0,3981.0717055349937,12.658375496050462
35.0,3981.0717055349937,12.703437272955979
36.0,3981.0717055349937,12.748229861196958
37.0,3981.0717055349937,12.792675623429194
38.0,3981.0717055349937,12.836700642592895
39.0,3981.0717055349937,12.880234876836406
40.0,3981.0717055349937,12.923212290108422
41.0,3981.0717055349937,12.96557095854405
42.0,3981.0717055349937,13.007253152929467
43.0,3981.0717055349937,13.048205397681238
44.0,3981.0717055349937,13.088378506918486
45.0,3981.0717055349937,13.127727598338153
46.0,3981.0717055349937,13.166212085724952
47.0,3981.0717055349937,13.20379565103741
48.0,3981.0717055349937,13.24044619710947
49.0,3981.0717055349937,13.276135782092862
50.0,3981.0717055349937,13.31084053683872
51.0,3981.0717055349937,13.344540566477779
52.0,3981.0717055349937,13.377219837506733
53.0,3981.0717055349937,13.408866051724273
54.0,3981.0717055349937,13.43947050838429
55.0,3981.0717055349937,13.469027955945876
56.0,3981.0717055349937,13.497536434800791
57.0,3981.0717055349937,13.524997112349359
58.0,3981.0717055349937,13.551414111776067
59.0,3981.0717055349937,13.57679433584708
60.0,3981.0717055349937,13.601147287014204
61.0,3981.0717055349937,13.624484885064378
62.0,3981.0717055349937,13.646821283501259
63.0,3981.0717055349937,13.668172685786901
64.0,3981.0717055349937,13.68855716250755
65.0,3981.0717055349937,13.70799447045922
66.0,3981.0717055349937,13.72650587457677
67.0,3981.0717055349937,13.744113973555448
68.0,3981.0717055349937,13.76084252993719
69.0,3981.0717055349937,13.776716305356125
70.0,3981.0717055349937,13.791760901559432
71.0,3981.0717055349937,13.806002607741668
72.0,3981.0717055349937,13.819468254653613
73.0,3981.0717055349937,13.832185075871084
74.0,3981.0717055349937,13.844180576535669
75.0,3981.0717055349937,13.855482409808372
76.0,3981.0717055349937,13.86611826120929
77.0,3981.0717055349937,13.876115740951727
78.0,3981.0717055349937,13.885502284318466
79.0,3981.0717055349937,13.894305060070822
80.0,3981.0717055349937,13.902550886828426
81.0,3981.0717055349937,13.910266157309238
82.0,3981.0717055349937,13.91747677027518
83.0,3981.0717055349937,13.924208069989254
84.0,3981.0717055349937,13.93048479295483
85.0,3981.0717055349937,13.936331021677127
86.0,3981.0717055349937,13.941770145160488
87.0,3981.0717055349937,13.946824825833009
88.0,3981.0717055349937,13.951516972571921
89.0,3981.0717055349937,13.955867719489119
90.0,3981.0717055349937,13.959897410125723
91.0,3981.0717055349937,13.96362558669771
92.0,3981.0717055349937,13.967070984031034
93.0,3981.0717055349937,13.970251527824034
94.0,3981.0717055349937,13.973184336877138
95.0,3981.0717055349937,13.97588572893462
96.0,3981.0717055349937,13.978371229790127
97.0,3981.0717055349937,13.980655585316732
98.0,3981.0717055349937,13.982752776093042
99.0,3981.0717055349937,13.984676034309166
100.0,3981.0717055349937,13.986437862649947
-100.0,4466.835921509653,14.563636021790488
-99.0,4466.835921509653,14.561801485581913
-98.0,4466.835921509653,14.55979885754248
-97.0,4466.835921509653,14.557615119021323
-96.0,4466.835921509653,14.555236491756787
-95.0,4466.835921509653,14.552648418213908
-94.0,4466.835921509653,14.549835543980763
-93.0,4466.835921509653,14.54678170253877
-92.0,4466.835921509653,14.543469902736168
-91.0,4466.835921509653,14.539882319306725
-90.0,4466.835921509653,14.536000286786896
-89.0,4466.835921509653,14.531804297194103
-88.0,4466.835921509653,14.527274001836041
-87.0,4466.835921509653,14.522388217625835
-86.0,4466.835921509653,14.517124938280238
-85.0,4466.835921509653,14.51146135077732
-84.0,4466.835921509653,14.50537385744644
-83.0,4466.835921509653,14.49883810405605
-82.0,4466.835921509653,14.491829014254053
-81.0,4466.835921509653,14.484320830700726
-80.0,4466.835921509653,14.476287163215437
-79.0,4466.835921509653,14.467701044235337
-78.0,4466.835921509653,14.45853499185676
-77.0,4466.835921509653,14.44876108069808
-76.0,4466.835921509653,14.438351020786193
-75.0,4466.835921509653,14.427276244627608
-74.0,4466.835921509653,14.415508002579204
-73.0,4466.835921509653,14.403017466583282
-72.0,4466.835921509653,14.389775842276636
-71.0,4466.835921509653,14.375754489424013
-70.0,4466.835921509653,14.360925050563011
-69.0,4466.835921509653,14.345259587680223
-68.0,4466.835921509653,14.32873072666763
-67.0,4466.835921509653,14.311311809234457
-66.0,4466.835921509653,14.292977051873118
-65.0,4466.835921509653,14.273701711399172
-64.0,4466.835921509653,14.253462256504976
-63.0,4466.835921509653,14.23223654468546
-62.0,4466.835921509653,14.210004003812896
-61.0,4466.835921509653,14.186745817556544
-60.0,4466.835921509653,14.162445113763106
-59.0,4466.835921509653,14.137087154836225
-58.0,4466.835921509653,14.11065952907822
-57.0,4466.835921509653,14.083152341886132
-56.0,4466.835921509653,14.05455840562756
-55.0,4466.835921509653,14.024873426960715
-54.0,4466.835921509653,13.994096190308513
-53.0,4466.835921509653,13.962228736149124
-52.0,4466.835921509653,13.929276532746238
-51.0,4466.835921509653,13.89524863991199
-50.0,4466.835921509653,13.860157863374996
-49.0,4466.835921509653,13.824020898315872
-48.0,4466.835921509653,13.78685846063366
-47.0,4466.835921509653,13.748695404519225
-46.0,4466.835921509653,13.709560824936707
-45.0,4466.835921509653,13.669488143651414
-44.0,4466.835921509653,13.628515177492922
-43.0,4466.835921509653,13.586684187605405
-42.0,4466.835921509653,13.544041908513545
-41.0,4466.835921509653,13.500639555921696
-40.0,4466.835921509653,13.456532812266001
-39.0,4466.835921509653,13.411781789153594
-38.0,4466.835921509653,13.366450965949282
-37.0,4466.835921509653,13.320609103907719
-36.0,4466.835921509653,13.274329135396947
-35.0,4466.835921509653,13.22768802791685
-34.0,4466.835921509653,13.18076662278198
-33.0,4466.835921509653,13.133649448511571
-32.0,4466.835921509653,13.086424509148904
-31.0,4466.835921509653,13.039183047916115
-30.0,4466.835921509653,12.992019286797621
-29.0,4466.835921509653,12.945030142833907
-28.0,4466.835921509653,12.898314922095889
-27.0,4466.835921509653,12.851974992496732
-26.0,4466.835921509653,12.806113436781091
-25.0,4466.835921509653,12.76083468720946
-24.0,4466.835921509653,12.71624414362605
-23.0,4466.835921509653,12.672447776760514
-22.0,4466.835921509653,12.629551718765157
-21.0,4466.835921509653,12.587661843128558
-20.0,4466.835921509653,12.546883336232122
-19.5,4466.835921509653,12.526943422098903
-19.0,4466.835921509653,12.50732026292638
-18.5,4466.835921509653,12.488026619725737
-18.0,4466.835921509653,12.469075128597911
-17.5,4466.835921509653,12.45047828703601
-17.0,4466.835921509653,12.432248440273902
-16.5,4466.835921509653,12.414397767701697
-16.0,4466.835921509653,12.396938269368915
-15.5,4466.835921509653,12.379881752596177
-15.0,4466.835921509653,12.363239818716231
-14.5,4466.835921509653,12.347023849965058
-14.0,4466.835921509653,12.33124499654374
-13.5,4466.835921509653,12.315914163871586
-13.0,4466.835921509653,12.301042000050915
-12.5,4466.835921509653,12.286638883563555
-12.0,4466.835921509653,12.272714911218962
-11.5,4466.835921509653,12.259279886373537
-11.0,4466.835921509653,12.246343307440295
-10.5,4466.835921509653,12.233914356707768
-10.0,4466.835921509653,12.222001889486547
-9.5,4466.835921509653,12.210614423601381
-9.0,4466.835921509653,12.199760129246295
-8.5,4466.835921509653,12.189446819219624
-8.0,4466.835921509653,12.179681939555316
-7.5,4466.835921509653,12.170472560566187
-7.0,4466.835921509653,12.16182536831424
-6.5,4466.835921509653,12.15374665652244
-6.0,4466.835921509653,12.146242318941622
-5.5,4466.835921509653,12.139317842185527
-5.0,4466.835921509653,12.13297829904611
-4.5,4466.835921509653,12.127228342300583
-4.0,4466.835921509653,12.122072199020705
-3.5,4466.835921509653,12.117513665394114
-3.0,4466.835921509653,12.113556102066566
-2.5,4466.835921509653,12.110202430013082
-2.0,4466.835921509653,12.107455126945098
-1.5,4466.835921509653,12.105316224259807
-1.0,4466.835921509653,12.10378730453697
-0.5,4466.835921509653,12.102869499587468
0.0,4466.835921509653,12.102563489057026
0.5,4466.835921509653,12.102869499587468
1.0,4466.835921509653,12.10378730453697
1.5,4466.835921509653,12.105316224259807
2.0,4466.835921509653,12.107455126945098
2.5,4466.835921509653,12.110202430013082
3.0,4466.835921509653,12.113556102066566
3.5,4466.835921509653,12.117513665394114
4.0,4466.835921509653,12.122072199020705
4.5,4466.835921509653,12.127228342300583
5.0,4466.835921509653,12.13297829904611
5.5,4466.835921509653,12.139317842185527
6.0,4466.835921509653,12.146242318941622
6.5,4466.835921509653,12.15374665652244
7.0,4466.835921509653,12.16182536831424
7.5,4466.835921509653,12.170472560566187
8.0,4466.835921509653,12.179681939555316
8.5,4466.835921509653,12.189446819219624
9.0,4466.835921509653,12.199760129246295
9.5,4466.835921509653,12.210614423601381
10.0,4466.835921509653,12.222001889486547
10.5,4466.835921509653,12.233914356707768
11.0,4466.835921509653,12.246343307440295
11.5,4466.835921509653,12.259279886373537
12.0,4466.835921509653,12.272714911218962
12.5,4466.835921509653,12.286638883563555
13.0,4466.835921509653,12.301042000050915
13.5,4466.835921509653,12.315914163871586
14.0,4466.835921509653,12.33124499654374
14.5,4466.835921509653,12.347023849965058
15.0,4466.835921509653,12.363239818716231
15.5,4466.835921509653,12.379881752596177
16.0,4466.835921509653,12.396938269368915
16.5,4466.835921509653,12.414397767701697
17.0,4466.835921509653,12.432248440273902
17.5,4466.835921509653,12.45047828703601
18.0,4466.835921509653,12.469075128597911
18.5,4466.835921509653,12.488026619725737
19.0,4466.835921509653,12.50732026292638
19.5,4466.835921509653,12.526943422098903
20.0,4466.835921509653,12.546883336232122
21.0,4466.835921509653,12.587661843128558
22.0,4466.835921509653,12.629551718765157
23.0,4466.835921509653,12.672447776760514
24.0,4466.835921509653,12.71624414362605
25.0,4466.835921509653,12.76083468720946
26.0,4466.835921509653,12.806113436781091
27.0,4466.835921509653,12.851974992496732
28.0,4466.835921509653,12.898314922095889
29.0,4466.835921509653,12.945030142833907
30.0,4466.835921509653,12.992019286797621
31.0,4466.835921509653,13.039183047916115
32.0,4466.835921509653,13.086424509148904
33.0,4466.835921509653,13.133649448511571
34.0,4466.835921509653,13.18076662278198
35.0,4466.835921509653,13.22768802791685
36.0,4466.835921509653,13.274329135396947
37.0,4466.835921509653,13.320609103907719
38.0,4466.835921509653,13.366450965949282
39.0,4466.835921509653,13.411781789153594
40.0,4466.835921509653,13.456532812266001
41.0,4466.835921509653,13.500639555921696
42.0,4466.835921509653,13.544041908513545
43.0,4466.835921509653,13.586684187605405
44.0,4466.835921509653,13.628515177492922
45.0,4466.835921509653,13.669488143651414
46.0,4466.835921509653,13.709560824936707
47.0,4466.835921509653,13.748695404519225
48.0,4466.835921509653,13.78685846063366
49.0,4466.835921509653,13.824020898315872
50.0,4466.835921509653,13.860157863374996
51.0,4466.835921509653,13.89524863991199
52.0,4466.835921509653,13.929276532746238
53.0,4466.835921509653,13.962228736149124
54.0,4466.835921509653,13.994096190308513
55.0,4466.835921509653,14.024873426960715
56.0,4466.835921509653,14.05455840562756
57.0,4466.835921509653,14.083152341886132
58.0,4466.835921509653,14.11065952907822
59.0,4466.835921509653,14.137087154836225
60.0,4466.835921509653,14.162445113763106
61.0,4466.835921509653,14.186745817556544
62.0,4466.835921509653,14.210004003812896
63.0,4466.835921509653,14.23223654468546
64.0,4466.835921509653,14.253462256504976
65.0,4466.835921509653,14.273701711399172
66.0,4466.835921509653,14.292977051873118
67.0,4466.835921509653,14.311311809234457
68.0,4466.835921509653,14.32873072666763
69.0,4466.835921509653,14.345259587680223
70.0,4466.835921509653,14.360925050563011
71.0,4466.835921509653,14.375754489424013
72.0,4466.835921509653,14.389775842276636
73.0,4466.835921509653,14.403017466583282
74.0,4466.835921509653,14.415508002579204
75.0,4466.835921509653,14.427276244627608
76.0,4466.835921509653,14.438351020786193
77.0,4466.835921509653,14.44876108069808
78.0,4466.835921509653,14.45853499185676
79.0,4466.835921509653,14.467701044235337
80.0,4466.835921509653,14.476287163215437
81.0,4466.835921509653,14.484320830700726
82.0,4466.835921509653,14.491829014254053
83.0,4466.835921509653,14.49883810405605
84.0,4466.835921509653,14.50537385744644
85.0,4466.835921509653,14.51146135077732
86.0,4466.835921509653,14.517124938280238
87.0,4466.835921509653,14.522388217625835
88.0,4466.835921509653,14.527274001836041
89.0,4466.835921509653,14.531804297194103
90.0,4466.835921509653,14.536000286786896
91.0,4466.835921509653,14.539882319306725
92.0,4466.835921509653,14.543469902736168
93.0,4466.835921509653,14.54678170253877
94.0,4466.835921509653,14.549835543980763
95.0,4466.835921509653,14.552648418213908
96.0,4466.835921509653,14.555236491756787
97.0,4466.835921509653,14.557615119021323
98.0,4466.835921509653,14.55979885754248
99.0,4466.835921509653,14.561801485581913
100.0,4466.835921509653,14.563636021790488
-100.0,5011.8723362727505,15.154052205535882
-99.0,5011.8723362727505,15.152143296425816
-98.0,5011.8723362727505,15.150059480968437
-97.0,5011.8723362727505,15.147787212731073
-96.0,5011.8723362727505,15.145312154875304
-95.0,5011.8723362727505,15.142619159697322
-94.0,5011.8723362727505,15.13969225031062
-93.0,5011.8723362727505,15.136514604798872
-92.0,5011.8723362727505,15.13306854318158
-91.0,5011.8723362727505,15.12933551754841
-90.0,5011.8723362727505,15.12529610572975
-89.0,5011.8723362727505,15.120930008880864
-88.0,5011.8723362727505,15.116216053364544
-87.0,5011.8723362727505,15.111132197322299
-86.0,5011.8723362727505,15.105655542326518
-85.0,5011.8723362727505,15.099762350505365
-84.0,5011.8723362727505,15.093428067528299
-83.0,5011.8723362727505,15.086627351832558
-82.0,5011.8723362727505,15.079334110459742
-81.0,5011.8723362727505,15.071521541856294
-80.0,5011.8723362727505,15.063162185972102
-79.0,5011.8723362727505,15.054227981967506
-78.0,5011.8723362727505,15.044690333810426
-77.0,5011.8723362727505,15.03452018401203
-76.0,5011.8723362727505,15.023688095711316
-75.0,5011.8723362727505,15.012164343276092
-74.0,5011.8723362727505,14.99991901154011
-73.0,5011.8723362727505,14.98692210374359
-72.0,5011.8723362727505,14.97314365818722
-71.0,5011.8723362727505,14.958553873548071
-70.0,5011.8723362727505,14.943123242739789
-69.0,5011.8723362727505,14.926822695129669
-68.0,5011.8723362727505,14.909623746851361
-67.0,5011.8723362727505,14.891498658875305
-66.0,5011.8723362727505,14.872420602419222
-65.0,5011.8723362727505,14.852363831199137
-64.0,5011.8723362727505,14.831303859937885
-63.0,5011.8723362727505,14.809217648463543
-62.0,5011.8723362727505,14.786083790645314
-61.0,5011.8723362727505,14.761882707330166
-60.0,5011.8723362727505,14.736596842360317
-59.0,5011.8723362727505,14.710210860670797
-58.0,5011.8723362727505,14.682711847388266
-57.0,5011.8723362727505,14.654089506778226
-56.0,5011.8723362727505,14.624336359818507
-55.0,5011.8723362727505,14.593447939113368
-54.0,5011.8723362727505,14.561422979805695
-53.0,5011.8723362727505,14.528263605095537
-52.0,5011.8723362727505,14.49397550493239
-51.0,5011.8723362727505,14.458568106417141
-50.0,5011.8723362727505,14.42205473442825
-49.0,5011.8723362727505,14.384452760976279
-48.0,5011.8723362727505,14.345783741791879
-47.0,5011.8723362727505,14.306073538665707
-46.0,5011.8723362727505,14.26535242608449
-45.0,5011.8723362727505,14.223655180746546
-44.0,5011.8723362727505,14.181021152592285
-43.0,5011.8723362727505,14.137494316051175
-42.0,5011.8723362727505,14.093123300286004
-41.0,5011.8723362727505,14.047961397308214
-40.0,5011.8723362727505,14.0020665469443
-39.0,5011.8723362727505,13.955501297752278
-38.0,5011.8723362727505,13.908332743118654
-37.0,5011.8723362727505,13.860632431909462
-36.0,5011.8723362727505,13.81247625320289
-35.0,5011.8723362727505,13.763944294794985
-34.0,5011.8723362727505,13.715120675342602
-33.0,5011.8723362727505,13.666093350188172
-32.0,5011.8723362727505,13.616953891097436
-31.0,5011.8723362727505,13.567797240332727
-30.0,5011.8723362727505,13.518721439678982
-29.0,5011.8723362727505,13.469827335235964
-28.0,5011.8723362727505,13.421218258986196
-27.0,5011.8723362727505,13.372999688342452
-26.0,5011.8723362727505,13.325278885069007
-25.0,5011.8723362727505,13.278164515155941
-24.0,5011.8723362727505,13.23176625140332
-23.0,5011.8723362727505,13.186194360640595
-22.0,5011.8723362727505,13.141559277664014
-21.0,5011.8723362727505,13.097971168119761
-20.0,5011.8723362727505,13.05553948269122
-19.5,5011.8723362727505,13.034791195704605
-19.0,5011.8723362727505,13.014372505063543
-18.5,5011.8723362727505,12.994296689116203
-18.0,5011.8723362727505,12.974576896236586
-17.5,5011.8723362727505,12.955226130571647
-17.0,5011.8723362727505,12.936257237836445
-16.5,5011.8723362727505,12.917682891178893
-16.0,5011.8723362727505,12.89951557713578
-15.5,5011.8723362727505,12.881767581701679
-15.0,5011.8723362727505,12.864450976532446
-14.5,5011.8723362727505,12.847577605304894
-14.0,5011.8723362727505,12.831159070254142
-13.5,5011.8723362727505,12.815206718909975
-13.0,5011.8723362727505,12.799731631053445
-12.5,5011.8723362727505,12.784744605914579
-12.0,5011.8723362727505,12.770256149631914
-11.5,5011.8723362727505,12.756276462994206
-11.0,5011.8723362727505,12.742815429484299
-10.5,5011.8723362727505,12.729882603644727
-10.0,5011.8723362727505,12.71748719978425
-9.5,5011.8723362727505,12.705638081043958
-9.0,5011.8723362727505,12.694343748841126
-8.5,5011.8723362727505,12.683612332708355
-8.0,5011.8723362727505,12.67345158054507
-7.5,5011.8723362727505,12.663868849297668
-7.0,5011.8723362727505,12.65487109608403
-6.5,5011.8723362727505,12.64646486977741
-6.0,5011.8723362727505,12.638656303063883
-5.5,5011.8723362727505,12.631451104986912
-5.0,5011.8723362727505,12.624854553991664
-4.5,5011.8723362727505,12.618871491480975
-4.0,5011.8723362727505,12.613506315893947
-3.5,5011.8723362727505,12.608762977317323
-3.0,5011.8723362727505,12.604644972638914
-2.5,5011.8723362727505,12.601155341251348
-2.0,5011.8723362727505,12.598296661313565
-1.5,5011.8723362727505,12.596071046576494
-1.0,5011.8723362727505,12.594480143778368
-0.5,5011.8723362727505,12.59352513061418
0.0,5011.8723362727505,12.59320671428279
0.5,5011.8723362727505,12.59352513061418
1.0,5011.8723362727505,12.594480143778368
1.5,5011.8723362727505,12.596071046576494
2.0,5011.8723362727505,12.598296661313565
2.5,5011.8723362727505,12.601155341251348
3.0,5011.8723362727505,12.604644972638914
3.5,5011.8723362727505,12.608762977317323
4.0,5011.8723362727505,12.613506315893947
4.5,5011.8723362727505,12.618871491480975
5.0,5011.8723362727505,12.624854553991664
5.5,5011.8723362727505,12.631451104986912
6.0,5011.8723362727505,12.638656303063883
6.5,5011.8723362727505,12.64646486977741
7.0,5011.8723362727505,12.65487109608403
7.5,5011.8723362727505,12.663868849297668
8.0,5011.8723362727505,12.67345158054507
8.5,5011.8723362727505,12.683612332708355
9.0,5011.8723362727505,12.694343748841126
9.5,5011.8723362727505,12.705638081043958
10.0,5011.8723362727505,12.71748719978425
10.5,5011.8723362727505,12.729882603644727
11.0,5011.8723362727505,12.742815429484299
11.5,5011.8723362727505,12.756276462994206
12.0,5011.8723362727505,12.770256149631914
12.5,5011.8723362727505,12.784744605914579
13.0,5011.8723362727505,12.799731631053445
13.5,5011.8723362727505,12.815206718909975
14.0,5011.8723362727505,12.831159070254142
14.5,5011.8723362727505,12.847577605304894
15.0,5011.8723362727505,12.864450976532446
15.5,5011.8723362727505,12.881767581701679
16.0,5011.8723362727505,12.89951557713578
16.5,5011.8723362727505,12.917682891178893
17.0,5011.8723362727505,12.936257237836445
17.5,5011.8723362727505,12.955226130571647
18.0,5011.8723362727505,12.974576896236586
18.5,5011.8723362727505,12.994296689116203
19.0,5011.8723362727505,13.014372505063543
19.5,5011.8723362727505,13.034791195704605
20.0,5011.8723362727505,13.05553948269122
21.0,5011.8723362727505,13.097971168119761
22.0,5011.8723362727505,13.141559277664014
23.0,5011.8723362727505,13.186194360640595
24.0,5011.8723362727505,13.23176625140332
25.0,5011.8723362727505,13.278164515155941
26.0,5011.8723362727505,13.325278885069007
27.0,5011.8723362727505,13.372999688342452
28.0,5011.8723362727505,13.421218258986196
29.0,5011.8723362727505,13.469827335235964
30.0,5011.8723362727505,13.518721439678982
31.0,5011.8723362727505,13.567797240332727
32.0,5011.8723362727505,13.616953891097436
33.0,5011.8723362727505,13.666093350188172
34.0,5011.8723362727505,13.715120675342602
35.0,5011.8723362727505,13.763944294794985
36.0,5011.8723362727505,13.81247625320289
37.0,5011.8723362727505,13.860632431909462
38.0,5011.8723362727505,13.908332743118654
39.0,5011.8723362727505,13.955501297752278
40.0,5011.8723362727505,14.0020665469443
41.0,5011.8723362727505,14.047961397308214
42.0,5011.8723362727505,14.093123300286004
43.0,5011.8723362727505,14.137494316051175
44.0,5011.8723362727505,14.181021152592285
45.0,5011.8723362727505,14.223655180746546
46.0,5011.8723362727505,14.26535242608449
47.0,5011.8723362727505,14.306073538665707
48.0,5011.8723362727505,14.345783741791879
49.0,5011.8723362727505,14.384452760976279
50.0,5011.8723362727505,14.42205473442825
51.0,5011.8723362727505,14.458568106417141
52.0,5011.8723362727505,14.49397550493239
53.0,5011.8723362727505,14.528263605095537
54.0,5011.8723362727505,14.561422979805695
55.0,5011.8723362727505,14.593447939113368
56.0,5011.8723362727505,14.624336359818507
57.0,5011.8723362727505,14.654089506778226
58.0,5011.8723362727505,14.682711847388266
59.0,5011.8723362727505,14.710210860670797
60.0,5011.8723362727505,14.736596842360317
61.0,5011.8723362727505,14.761882707330166
62.0,5011.8723362727505,14.786083790645314
63.0,5011.8723362727505,14.809217648463543
64.0,5011.8723362727505,14.831303859937885
65.0,5011.8723362727505,14.852363831199137
66.0,5011.8723362727505,14.872420602419222
67.0,5011.8723362727505,14.891498658875305
68.0,5011.8723362727505,14.909623746851361
69.0,5011.8723362727505,14.926822695129669
70.0,5011.8723362727505,14.943123242739789
71.0,5011.8723362727505,14.958553873548071
72.0,5011.8723362727505,14.97314365818722
73.0,5011.8723362727505,14.98692210374359
74.0,5011.8723362727505,14.99991901154011
75.0,5011.8723362727505,15.012164343276092
76.0,5011.8723362727505,15.023688095711316
77.0,5011.8723362727505,15.03452018401203
78.0,5011.8723362727505,15.044690333810426
79.0,5011.8723362727505,15.054227981967506
80.0,5011.8723362727505,15.063162185972102
81.0,5011.8723362727505,15.071521541856294
82.0,5011.8723362727505,15.079334110459742
83.0,5011.8723362727505,15.086627351832558
84.0,5011.8723362727505,15.093428067528299
85.0,5011.8723362727505,15.099762350505365
86.0,5011.8723362727505,15.105655542326518
87.0,5011.8723362727505,15.111132197322299
88.0,5011.8723362727505,15.116216053364544
89.0,5011.8723362727505,15.120930008880864
90.0,5011.8723362727505,15.12529610572975
91.0,5011.8723362727505,15.12933551754841
92.0,5011.8723362727505,15.13306854318158
93.0,5011.8723362727505,15.136514604798872
94.0,5011.8723362727505,15.13969225031062
95.0,5011.8723362727505,15.142619159697322
96.0,5011.8723362727505,15.145312154875304
97.0,5011.8723362727505,15.147787212731073
98.0,5011.8723362727505,15.150059480968437
99.0,5011.8723362727505,15.152143296425816
100.0,5011.8723362727505,15.154052205535882
-100.0,5623.413251903526,15.757735923293744
-99.0,5623.413251903526,15.755750970011942
-98.0,5623.413251903526,15.753584142734004
-97.0,5623.413251903526,15.751221355385402
-96.0,5623.413251903526,15.748647699998903
-95.0,5623.413251903526,15.745847425439875
-94.0,5623.413251903526,15.742803918359293
-93.0,5623.413251903526,15.739499686715318
-92.0,5623.413251903526,15.735916346219708
-91.0,5623.413251903526,15.732034610079134
-90.0,5623.413251903526,15.7278342824136
-89.0,5623.413251903526,15.723294255744353
-88.0,5623.413251903526,15.718392512951548
-87.0,5623.413251903526,15.713106134107182
-86.0,5623.413251903526,15.70741130859147
-85.0,5623.413251903526,15.701283352899916
-84.0,5623.413251903526,15.694696734544491
-83.0,5623.413251903526,15.687625102444416
-82.0,5623.413251903526,15.680041324190327
-81.0,5623.413251903526,15.671917530549788
-80.0,5623.413251903526,15.663225167561635
-79.0,5623.413251903526,15.653935056541835
-78.0,5623.413251903526,15.644017462293766
-77.0,5623.413251903526,15.633442169781251
-76.0,5623.413251903526,15.622178569483102
-75.0,5623.413251903526,15.610195751603317
-74.0,5623.413251903526,15.59746260926148
-73.0,5623.413251903526,15.583947950733238
-72.0,5623.413251903526,15.5696206207514
-71.0,5623.413251903526,15.55444963081397
-70.0,5623.413251903526,15.538404298376888
-69.0,5623.413251903526,15.521454394736493
-68.0,5623.413251903526,15.503570301330177
-67.0,5623.413251903526,15.484723174103783
-66.0,5623.413251903526,15.464885115511454
-65.0,5623.413251903526,15.444029353628531
-64.0,5623.413251903526,15.422130427771213
-63.0,5623.413251903526,15.399164379928804
-62.0,5623.413251903526,15.375108951226142
-61.0,5623.413251903526,15.349943782546148
-60.0,5623.413251903526,15.323650618355954
-59.0,5623.413251903526,15.296213512695964
-58.0,5623.413251903526,15.267619036210064
-57.0,5623.413251903526,15.237856483018197
-56.0,5623.413251903526,15.206918076160465
-55.0,5623.413251903526,15.174799170275914
-54.0,5623.413251903526,15.141498450120007
-53.0,5623.413251903526,15.107018123473559
-52.0,5623.413251903526,15.07136410695348
-51.0,5623.413251903526,15.034546203202938
-50.0,5623.413251903526,14.996578267916313
-49.0,5623.413251903526,14.95747836514348
-48.0,5623.413251903526,14.917268909318988
-47.0,5623.413251903526,14.875976792475548
-46.0,5623.413251903526,14.833633495128115
-45.0,5623.413251903526,14.790275179355381
-44.0,5623.413251903526,14.745942762659885
-43.0,5623.413251903526,14.700681971256472
-42.0,5623.413251903526,14.654543371521383
-41.0,5623.413251903526,14.607582378430871
-40.0,5623.413251903526,14.559859239928718
-39.0,5623.413251903526,14.511438996285754
-38.0,5623.413251903526,14.462391413651153
-37.0,5623.413251903526,14.412790891144121
-36.0,5623.413251903526,14.362716340994698
-35.0,5623.413251903526,14.312251041412804
-34.0,5623.413251903526,14.261482462044377
-33.0,5623.413251903526,14.210502062060883
-32.0,5623.413251903526,14.159405061122582
-31.0,5623.413251903526,14.108290183654965
-30.0,5623.413251903526,14.057259377080113
-29.0,5623.413251903526,14.006417504848896
-28.0,5623.413251903526,13.955872015323706
-27.0,5623.413251903526,13.905732587763517
-26.0,5623.413251903526,13.85611075686104
-25.0,5623.413251903526,13.807119517474174
-24.0,5623.413251903526,13.758872911378543
-23.0,5623.413251903526,13.711485598043177
-22.0,5623.413251903526,13.66507241159511
-21.0,5623.413251903526,13.619747906289328
-20.0,5623.413251903526,13.575625892936426
-19.5,5623.413251903526,13.554051067750304
-19.0,5623.413251903526,13.532818968859702
-18.5,5623.413251903526,13.511943403575106
-18.0,5623.413251903526,13.491438044055128
-17.5,5623.413251903526,13.471316412485832
-17.0,5623.413251903526,13.45159186631003
-16.5,5623.413251903526,13.432277583528922
-16.0,5623.413251903526,13.413386548098654
-15.5,5623.413251903526,13.394931535444268
-15.0,5623.413251903526,13.376925098113594
-14.5,5623.413251903526,13.359379551593547
-14.0,5623.413251903526,13.342306960311157
-13.5,5623.413251903526,13.325719123841575
-13.0,5623.413251903526,13.309627563345044
-12.5,5623.413251903526,13.294043508254633
-12.0,5623.413251903526,13.278977883236195
-11.5,5623.413251903526,13.264441295441749
-11.0,5623.413251903526,13.250444022077057
-10.5,5623.413251903526,13.236995998303753
-10.0,5623.413251903526,13.224106805495994
-9.5,5623.413251903526,13.211785659870994
-9.0,5623.413251903526,13.200041401512351
-8.5,5623.413251903526,13.188882483804425
-8.0,5623.413251903526,13.178316963295488
-7.5,5623.413251903526,13.168352490006601
-7.0,5623.413251903526,13.158996298202558
-6.5,5623.413251903526,13.150255197640508
-6.0,5623.413251903526,13.142135565310996
-5.5,5623.413251903526,13.13464333768554
-5.0,5623.413251903526,13.127784003483848
-4.5,5623.413251903526,13.121562596973083
-4.0,5623.413251903526,13.115983691810566
-3.5,5623.413251903526,13.111051395440498
-3.0,5623.413251903526,13.106769344054298
-2.5,5623.413251903526,13.103140698123223
-2.0,5623.413251903526,13.100168138510927
-1.5,5623.413251903526,13.097853863172682
-1.0,5623.413251903526,13.096199584446934
-0.5,5623.413251903526,13.095206526943869
0.0,5623.413251903526,13.094875426034642
0.5,5623.413251903526,13.095206526943869
1.0,5623.413251903526,13.096199584446934
1.5,5623.413251903526,13.097853863172682
2.0,5623.413251903526,13.100168138510927
2.5,5623.413251903526,13.103140698123223
3.0,5623.413251903526,13.106769344054298
3.5,5623.413251903526,13.111051395440498
4.0,5623.413251903526,13.115983691810566
4.5,5623.413251903526,13.121562596973083
5.0,5623.413251903526,13.127784003483848
5.5,5623.413251903526,13.13464333768554
6.0,5623.413251903526,13.142135565310996
6.5,5623.413251903526,13.150255197640508
7.0,5623.413251903526,13.158996298202558
7.5,5623.413251903526,13.168352490006601
8.0,5623.413251903526,13.178316963295488
8.5,5623.413251903526,13.188882483804425
9.0,5623.413251903526,13.200041401512351
9.5,5623.413251903526,13.211785659870994
10.0,5623.413251903526,13.224106805495994
10.5,5623.413251903526,13.236995998303753
11.0,5623.413251903526,13.250444022077057
11.5,5623.413251903526,13.264441295441749
12.0,5623.413251903526,13.278977883236195
12.5,5623.413251903526,13.294043508254633
13.0,5623.413251903526,13.309627563345044
13.5,5623.413251903526,13.325719123841575
14.0,5623.413251903526,13.342306960311157
14.5,5623.413251903526,13.359379551593547
15.0,5623.413251903526,13.376925098113594
15.5,5623.413251903526,13.394931535444268
16.0,5623.413251903526,13.413386548098654
16.5,5623.413251903526,13.432277583528922
17.0,5623.413251903526,13.45159186631003
17.5,5623.413251903526,13.471316412485832
18.0,5623.413251903526,13.491438044055128
18.5,5623.413251903526,13.511943403575106
19.0,5623.413251903526,13.532818968859702
19.5,5623.413251903526,13.554051067750304
20.0,5623.413251903526,13.575625892936426
21.0,5623.413251903526,13.619747906289328
22.0,5623.413251903526,13.66507241159511
23.0,5623.413251903526,13.711485598043177
24.0,5623.413251903526,13.758872911378543
25.0,5623.413251903526,13.807119517474174
26.0,5623.413251903526,13.85611075686104
27.0,5623.413251903526,13.905732587763517
28.0,5623.413251903526,13.955872015323706
29.0,5623.413251903526,14.006417504848896
30.0,5623.413251903526,14.057259377080113
31.0,5623.413251903526,14.108290183654965
32.0,5623.413251903526,14.159405061122582
33.0,5623.413251903526,14.210502062060883
34.0,5623.413251903526,14.261482462044377
35.0,5623.413251903526,14.312251041412804
36.0,5623.413251903526,14.362716340994698
37.0,5623.413251903526,14.412790891144121
38.0,5623.413251903526,14.462391413651153
39.0,5623.413251903526,14.511438996285754
40.0,5623.413251903526,14.559859239928718
41.0,5623.413251903526,14.607582378430871
42.0,5623.413251903526,14.654543371521383
43.0,5623.413251903526,14.700681971256472
44.0,5623.413251903526,14.745942762659885
45.0,5623.413251903526,14.790275179355381
46.0,5623.413251903526,14.833633495128115
47.0,5623.413251903526,14.875976792475548
48.0,5623.413251903526,14.917268909318988
49.0,5623.413251903526,14.95747836514348
50.0,5623.413251903526,14.996578267916313
51.0,5623.413251903526,15.034546203202938
52.0,5623.413251903526,15.07136410695348
53.0,5623.413251903526,15.107018123473559
54.0,5623.413251903526,15.141498450120007
55.0,5623.413251903526,15.174799170275914
56.0,5623.413251903526,15.206918076160465
57.0,5623.413251903526,15.237856483018197
58.0,5623.413251903526,15.267619036210064
59.0,5623.413251903526,15.296213512695964
60.0,5623.413251903526,15.323650618355954
61.0,5623.413251903526,15.349943782546148
62.0,5623.413251903526,15.375108951226142
63.0,5623.413251903526,15.399164379928804
64.0,5623.413251903526,15.422130427771213
65.0,5623.413251903526,15.444029353628531
66.0,5623.413251903526,15.464885115511454
67.0,5623.413251903526,15.484723174103783
68.0,5623.413251903526,15.503570301330177
69.0,5623.413251903526,15.521454394736493
70.0,5623.413251903526,15.538404298376888
71.0,5623.413251903526,15.55444963081397
72.0,5623.413251903526,15.5696206207514
73.0,5623.413251903526,15.583947950733238
74.0,5623.413251903526,15.59746260926148
75.0,5623.413251903526,15.610195751603317
76.0,5623.413251903526,15.622178569483102
77.0,5623.413251903526,15.633442169781251
78.0,5623.413251903526,15.644017462293766
79.0,5623.413251903526,15.653935056541835
80.0,5623.413251903526,15.663225167561635
81.0,5623.413251903526,15.671917530549788
82.0,5623.413251903526,15.680041324190327
83.0,5623.413251903526,15.687625102444416
84.0,5623.413251903526,15.694696734544491
85.0,5623.413251903526,15.701283352899916
86.0,5623.413251903526,15.70741130859147
87.0,5623.413251903526,15.713106134107182
88.0,5623.413251903526,15.718392512951548
89.0,5623.413251903526,15.723294255744353
90.0,5623.413251903526,15.7278342824136
91.0,5623.413251903526,15.732034610079134
92.0,5623.413251903526,15.735916346219708
93.0,5623.413251903526,15.739499686715318
94.0,5623.413251903526,15.742803918359293
95.0,5623.413251903526,15.745847425439875
96.0,5623.413251903526,15.748647699998903
97.0,5623.413251903526,15.751221355385402
98.0,5623.413251903526,15.753584142734004
99.0,5623.413251903526,15.755750970011942
100.0,5623.413251903526,15.757735923293744
-100.0,6309.573444801968,16.37473595627315
-99.0,6309.573444801968,16.37267328140455
-98.0,6309.573444801968,16.370421611195592
-97.0,6309.573444801968,16.367966308026247
-96.0,6309.573444801968,16.365291880202253
-95.0,6309.573444801968,16.36238195984743
-94.0,6309.573444801968,16.35921928311086
-93.0,6309.573444801968,16.355785673043286
-92.0,6309.573444801968,16.352062025512783
-91.0,6309.573444801968,16.348028298544442
-90.0,6309.573444801968,16.343663505481036
-89.0,6309.573444801968,16.33894571237261
-88.0,6309.573444801968,16.33385204001076
-87.0,6309.573444801968,16.328358671029157
-86.0,6309.573444801968,16.322440862494304
-85.0,6309.573444801968,16.316072964409873
-84.0,6309.573444801968,16.30922844455373
-83.0,6309.573444801968,16.301879920058695
-82.0,6309.573444801968,16.293999196135783
-81.0,6309.573444801968,16.285557312322357
-80.0,6309.573444801968,16.276524596616245
-79.0,6309.573444801968,16.266870727831147
-78.0,6309.573444801968,16.25656480647772
-77.0,6309.573444801968,16.24557543443876
-76.0,6309.573444801968,16.233870803665848
-75.0,6309.573444801968,16.22141879407838
-74.0,6309.573444801968,16.20818708079443
-73.0,6309.573444801968,16.194143250766032
-72.0,6309.573444801968,16.17925492882987
-71.0,6309.573444801968,16.16348991311759
-70.0,6309.573444801968,16.14681631969866
-69.0,6309.573444801968,16.129202736253248
-68.0,6309.573444801968,16.110618384492863
-67.0,6309.573444801968,16.09103329096364
-66.0,6309.573444801968,16.0704184657809
-65.0,6309.573444801968,16.048746088755284
-64.0,6309.573444801968,16.025989702280402
-63.0,6309.573444801968,16.00212441026071
-62.0,6309.573444801968,15.977127082266481
-61.0,6309.573444801968,15.950976562011801
-60.0,6309.573444801968,15.9236538791616
-59.0,6309.573444801968,15.89514246338628
-58.0,6309.573444801968,15.865428359498278
-57.0,6309.573444801968,15.834500442424803
-56.0,6309.573444801968,15.80235063069619
-55.0,6309.573444801968,15.76897409706064
-54.0,6309.573444801968,15.734369474774729
-53.0,6309.573444801968,15.69853905806575
-52.0,6309.573444801968,15.661488995217962
-51.0,6309.573444801968,15.623229472700682
-50.0,6309.573444801968,15.583774888733178
-49.0,6309.573444801968,15.543144014669942
-48.0,6309.573444801968,15.501360142591073
-47.0,6309.573444801968,15.458451217496865
-46.0,6309.573444801968,15.414449952533591
-45.0,6309.573444801968,15.36939392571963
-44.0,6309.573444801968,15.32332565669761
-43.0,6309.573444801968,15.276292662109393
-42.0,6309.573444801968,15.228347488276556
-41.0,6309.573444801968,15.179547719969436
-40.0,6309.573444801968,15.12995596416255
-39.0,6309.573444801968,15.07963980780281
-38.0,6309.573444801968,15.028671748759006
-37.0,6309.573444801968,14.977129099275638
-36.0,6309.573444801968,14.925093861420567
-35.0,6309.573444801968,14.872652574193118
-34.0,6309.573444801968,14.81989613214587
-33.0,6309.573444801968,14.766919575568291
-32.0,6309.573444801968,14.71382185248199
-31.0,6309.573444801968,14.660705552904192
-30.0,6309.573444801968,14.607676616046353
-29.0,6309.573444801968,14.55484401132691
-28.0,6309.573444801968,14.502319394288998
-27.0,6309.573444801968,14.450216738723922
-26.0,6309.573444801968,14.39865194650693
-25.0,6309.573444801968,14.347742436851762
-24.0,6309.573444801968,14.297606716882344
-23.0,6309.573444801968,14.248363935602026
-22.0,6309.573444801968,14.200133423510952
-21.0,6309.573444801968,14.15303422027873
-20.0,6309.573444801968,14.107184593020735
-19.5,6309.573444801968,14.08476499749983
-19.0,6309.573444801968,14.062701547850496
-18.5,6309.573444801968,14.041008592013618
-18.0,6309.573444801968,14.019700337486281
-17.5,6309.573444801968,13.998790835920795
-17.0,6309.573444801968,13.978293967775631
-16.5,6309.573444801968,13.958223427041546
-16.0,6309.573444801968,13.938592706066332
-15.5,6309.573444801968,13.919415080501576
-15.0,6309.573444801968,13.9007035943948
-14.5,6309.573444801968,13.882471045450407
-14.0,6309.573444801968,13.864729970482571
-13.5,6309.573444801968,13.847492631083213
-13.0,6309.573444801968,13.83077099952791
-12.5,6309.573444801968,13.814576744942373
-12.0,6309.573444801968,13.798921219751824
-11.5,6309.573444801968,13.78381544643528
-11.0,6309.573444801968,13.769270104606331
-10.5,6309.573444801968,13.755295518441574
-10.0,6309.573444801968,13.741901644477451
-9.5,6309.573444801968,13.7290980597956
-9.0,6309.573444801968,13.716893950616388
-8.5,6309.573444801968,13.705298101319602
-8.0,6309.573444801968,13.694318883910668
-7.5,6309.573444801968,13.683964247950076
-7.0,6309.573444801968,13.674241710962958
-6.5,6309.573444801968,13.665158349345047
-6.0,6309.573444801968,13.656720789780337
-5.5,6309.573444801968,13.6489352011851
-5.0,6309.573444801968,13.641807287191916
-4.5,6309.573444801968,13.63534227918656
-4.0,6309.573444801968,13.629544929909606
-3.5,6309.573444801968,13.624419507633773
-3.0,6309.573444801968,13.61996979092691
-2.5,6309.573444801968,13.616199064009706
-2.0,6309.573444801968,13.613110112716033
-1.5,6309.573444801968,13.61070522106292
-1.0,6309.573444801968,13.608986168436067
-0.5,6309.573444801968,13.607954227395727
0.0,6309.573444801968,13.607610162106788
0.5,6309.573444801968,13.607954227395727
1.0,6309.573444801968,13.608986168436067
1.5,6309.573444801968,13.61070522106292
2.0,6309.573444801968,13.613110112716033
2.5,6309.573444801968,13.616199064009706
3.0,6309.573444801968,13.61996979092691
3.5,6309.573444801968,13.624419507633773
4.0,6309.573444801968,13.629544929909606
4.5,6309.573444801968,13.63534227918656
5.0,6309.573444801968,13.641807287191916
5.5,6309.573444801968,13.6489352011851
6.0,6309.573444801968,13.656720789780337
6.5,6309.573444801968,13.665158349345047
7.0,6309.573444801968,13.674241710962958
7.5,6309.573444801968,13.683964247950076
8.0,6309.573444801968,13.694318883910668
8.5,6309.573444801968,13.705298101319602
9.0,6309.573444801968,13.716893950616388
9.5,6309.573444801968,13.7290980597956
10.0,6309.573444801968,13.741901644477451
10.5,6309.573444801968,13.755295518441574
11.0,6309.573444801968,13.769270104606331
11.5,6309.573444801968,13.78381544643528
12.0,6309.573444801968,13.798921219751824
12.5,6309.573444801968,13.814576744942373
13.0,6309.573444801968,13.83077099952791
13.5,6309.573444801968,13.847492631083213
14.0,6309.573444801968,13.864729970482571
14.5,6309.573444801968,13.882471045450407
15.0,6309.573444801968,13.9007035943948
15.5,6309.573444801968,13.919415080501576
16.0,6309.573444801968,13.938592706066332
16.5,6309.573444801968,13.958223427041546
17.0,6309.573444801968,13.978293967775631
17.5,6309.573444801968,13.998790835920795
18.0,6309.573444801968,14.019700337486281
18.5,6309.573444801968,14.041008592013618
19.0,6309.573444801968,14.062701547850496
19.5,6309.573444801968,14.08476499749983
20.0,6309.573444801968,14.107184593020735
21.0,6309.573444801968,14.15303422027873
22.0,6309.573444801968,14.200133423510952
23.0,6309.573444801968,14.248363935602026
24.0,6309.573444801968,14.297606716882344
25.0,6309.573444801968,14.347742436851762
26.0,6309.573444801968,14.39865194650693
27.0,6309.573444801968,14.450216738723922
28.0,6309.573444801968,14.502319394288998
29.0,6309.573444801968,14.55484401132691
30.0,6309.573444801968,14.607676616046353
31.0,6309.573444801968,14.660705552904192
32.0,6309.573444801968,14.71382185248199
33.0,6309.573444801968,14.766919575568291
34.0,6309.573444801968,14.81989613214587
35.0,6309.573444801968,14.872652574193118
36.0,6309.573444801968,14.925093861420567
37.0,6309.573444801968,14.977129099275638
38.0,6309.573444801968,15.028671748759006
39.0,6309.573444801968,15.07963980780281
40.0,6309.573444801968,15.12995596416255
41.0,6309.573444801968,15.179547719969436
42.0,6309.573444801968,15.228347488276556
43.0,6309.573444801968,15.276292662109393
44.0,6309.573444801968,15.32332565669761
45.0,6309.573444801968,15.36939392571963
46.0,6309.573444801968,15.414449952533591
47.0,6309.573444801968,15.458451217496865
48.0,6309.573444801968,15.501360142591073
49.0,6309.573444801968,15.543144014669942
50.0,6309.573444801968,15.583774888733178
51.0,6309.573444801968,15.623229472700682
52.0,6309.573444801968,15.661488995217962
53.0,6309.573444801968,15.69853905806575
54.0,6309.573444801968,15.734369474774729
55.0,6309.573444801968,15.76897409706064
56.0,6309.573444801968,15.80235063069619
57.0,6309.573444801968,15.834500442424803
58.0,6309.573444801968,15.865428359498278
59.0,6309.573444801968,15.89514246338628
60.0,6309.573444801968,15.9236538791616
61.0,6309.573444801968,15.950976562011801
62.0,6309.573444801968,15.977127082266481
63.0,6309.573444801968,16.00212441026071
64.0,6309.573444801968,16.025989702280402
65.0,6309.573444801968,16.048746088755284
66.0,6309.573444801968,16.0704184657809
67.0,6309.573444801968,16.09103329096364
68.0,6309.573444801968,16.110618384492863
69.0,6309.573444801968,16.129202736253248
70.0,6309.573444801968,16.14681631969866
71.0,6309.573444801968,16.16348991311759
72.0,6309.573444801968,16.17925492882987
73.0,6309.573444801968,16.194143250766032
74.0,6309.573444801968,16.20818708079443
75.0,6309.573444801968,16.22141879407838
76.0,6309.573444801968,16.233870803665848
77.0,6309.573444801968,16.24557543443876
78.0,6309.573444801968,16.25656480647772
79.0,6309.573444801968,16.266870727831147
80.0,6309.573444801968,16.276524596616245
81.0,6309.573444801968,16.285557312322357
82.0,6309.573444801968,16.293999196135783
83.0,6309.573444801968,16.301879920058695
84.0,6309.573444801968,16.30922844455373
85.0,6309.573444801968,16.316072964409873
86.0,6309.573444801968,16.322440862494304
87.0,6309.573444801968,16.328358671029157
88.0,6309.573444801968,16.33385204001076
89.0,6309.573444801968,16.33894571237261
90.0,6309.573444801968,16.343663505481036
91.0,6309.573444801968,16.348028298544442
92.0,6309.573444801968,16.352062025512783
93.0,6309.573444801968,16.355785673043286
94.0,6309.573444801968,16.35921928311086
95.0,6309.573444801968,16.36238195984743
96.0,6309.573444801968,16.365291880202253
97.0,6309.573444801968,16.367966308026247
98.0,6309.573444801968,16.370421611195592
99.0,6309.573444801968,16.37267328140455
100.0,6309.573444801968,16.37473595627315
-100.0,7079.457843841416,17.005100381150374
-99.0,7079.457843841416,17.002958301223835
-98.0,7079.457843841416,17.000619950362438
-97.0,7079.457843841416,16.998070127454003
-96.0,7079.457843841416,16.995292744433563
-95.0,7079.457843841416,16.992270803324583
-94.0,7079.457843841416,16.988986375684217
-93.0,7079.457843841416,16.98542058482049
-92.0,7079.457843841416,16.981553591165795
-91.0,7079.457843841416,16.977364581206185
-90.0,7079.457843841416,16.97283176037876
-89.0,7079.457843841416,16.96793235036076
-88.0,7079.457843841416,16.962642591182156
-87.0,7079.457843841416,16.956937748599515
-86.0,7079.457843841416,16.95079212717146
-85.0,7079.457843841416,16.944179089475348
-84.0,7079.457843841416,16.93707108190043
-83.0,7079.457843841416,16.929439667444335
-82.0,7079.457843841416,16.921255565927027
-81.0,7079.457843841416,16.912488702019317
-80.0,7079.457843841416,16.90310826146095
-79.0,7079.457843841416,16.893082755816437
-78.0,7079.457843841416,16.882380096084805
-77.0,7079.457843841416,16.87096767544197
-76.0,7079.457843841416,16.85881246135185
-75.0,7079.457843841416,16.845881097234145
-74.0,7079.457843841416,16.83214001382315
-73.0,7079.457843841416,16.81755555029308
-72.0,7079.457843841416,16.802094085161222
-71.0,7079.457843841416,16.785722176910998
-70.0,7079.457843841416,16.76840671420305
-69.0,7079.457843841416,16.750115075463903
-68.0,7079.457843841416,16.730815297559218
-67.0,7079.457843841416,16.710476253172303
-66.0,7079.457843841416,16.689067836419298
-65.0,7079.457843841416,16.666561156140425
-64.0,7079.457843841416,16.642928736213108
-63.0,7079.457843841416,16.618144722137764
-62.0,7079.457843841416,16.592185093051985
-61.0,7079.457843841416,16.56502787823413
-60.0,7079.457843841416,16.536653377064113
-59.0,7079.457843841416,16.507044381318305
-58.0,7079.457843841416,16.476186398588034
-57.0,7079.457843841416,16.44406787552795
-56.0,7079.457843841416,16.41068041956285
-55.0,7079.457843841416,16.376019017610297
-54.0,7079.457843841416,16.340082250312484
-53.0,7079.457843841416,16.302872500215646
-52.0,7079.457843841416,16.264396152289365
-51.0,7079.457843841416,16.22466378514289
-50.0,7079.457843841416,16.183690351271615
-49.0,7079.457843841416,16.141495344655066
-48.0,7079.457843841416,16.09810295402894
-47.0,7079.457843841416,16.053542200168675
-46.0,7079.457843841416,16.007847055551004
-45.0,7079.457843841416,15.961056544803643
-44.0,7079.457843841416,15.913214824412107
-43.0,7079.457843841416,15.864371240226411
-42.0,7079.457843841416,15.814580361399646
-41.0,7079.457843841416,15.763901989494569
-40.0,7079.457843841416,15.712401141613688
-39.0,7079.457843841416,15.660148006541714
-38.0,7079.457843841416,15.60721787303686
-37.0,7079.457843841416,15.553691029568013
-36.0,7079.457843841416,15.499652634967608
-35.0,7079.457843841416,15.445192559653975
-34.0,7079.457843841416,15.39040519727076
-33.0,7079.457843841416,15.335389246793445
-32.0,7079.457843841416,15.28024746536233
-31.0,7079.457843841416,15.22508639231616
-30.0,7079.457843841416,15.170016045119032
-29.0,7079.457843841416,15.115149588093349
-28.0,7079.457843841416,15.06060297509169
-27.0,7079.457843841416,15.006494567458455
-26.0,7079.457843841416,14.95294472884581
-25.0,7079.457843841416,14.900075398656115
-24.0,7079.457843841416,14.84800964608228
-23.0,7079.457843841416,14.796871206906529
-22.0,7079.457843841416,14.746784005394813
-21.0,7079.457843841416,14.697871663786685
-20.0,7079.457843841416,14.650257002027097
-19.5,7079.457843841416,14.626974338211578
-19.0,7079.457843841416,14.604061530515425
-18.5,7079.457843841416,14.58153347922012
-18.0,7079.457843841416,14.559404938756806
-17.5,7079.457843841416,14.537690501712424
-17.0,7079.457843841416,14.516404582889763
-16.5,7079.457843841416,14.495561403445619
-16.0,7079.457843841416,14.475174975131337
-15.5,7079.457843841416,14.455259084660085
-15.0,7079.457843841416,14.435827278225103
-14.5,7079.457843841416,14.416892846193248
-14.0,7079.457843841416,14.398468807997874
-13.5,7079.457843841416,14.38056789725508
-13.0,7079.457843841416,14.363202547127061
-12.5,7079.457843841416,14.346384875956037
-12.0,7079.457843841416,14.330126673191984
-11.5,7079.457843841416,14.314439385637016
-11.0,7079.457843841416,14.299334104028816
-10.5,7079.457843841416,14.284821549985118
-10.0,7079.457843841416,14.27091206333076
-9.5,7079.457843841416,14.257615589828234
-9.0,7079.457843841416,14.2449416693321
-8.5,7079.457843841416,14.232899424387014
-8.0,7079.457843841416,14.22149754928845
-7.5,7079.457843841416,14.210744299624434
-7.0,7079.457843841416,14.200647482315935
-6.5,7079.457843841416,14.191214446172737
-6.0,7079.457843841416,14.182452072980706
-5.5,7079.457843841416,14.174366769135693
-5.0,7079.457843841416,14.166964457838217
-4.5,7079.457843841416,14.160250571862308
-4.0,7079.457843841416,14.154230046910795
-3.5,7079.457843841416,14.148907315568495
-3.0,7079.457843841416,14.144286301863605
-2.5,7079.457843841416,14.140370416446693
-2.0,7079.457843841416,14.137162552395532
-1.5,7079.457843841416,14.134665081653031
-1.0,7079.457843841416,14.132879852104402
-0.5,7079.457843841416,14.131808185298583
0.0,7079.457843841416,14.13145087481787
0.5,7079.457843841416,14.131808185298583
1.0,7079.457843841416,14.132879852104402
1.5,7079.457843841416,14.134665081653031
2.0,7079.457843841416,14.137162552395532
2.5,7079.457843841416,14.140370416446693
3.0,7079.457843841416,14.144286301863605
3.5,7079.457843841416,14.148907315568495
4.0,7079.457843841416,14.154230046910795
4.5,7079.457843841416,14.160250571862308
5.0,7079.457843841416,14.166964457838217
5.5,7079.457843841416,14.174366769135693
6.0,7079.457843841416,14.182452072980706
6.5,7079.457843841416,14.191214446172737
7.0,7079.457843841416,14.200647482315935
7.5,7079.457843841416,14.210744299624434
8.0,7079.457843841416,14.22149754928845
8.5,7079.457843841416,14.232899424387014
9.0,7079.457843841416,14.2449416693321
9.5,7079.457843841416,14.257615589828234
10.0,7079.457843841416,14.27091206333076
10.5,7079.457843841416,14.284821549985118
11.0,7079.457843841416,14.299334104028816
11.5,7079.457843841416,14.314439385637016
12.0,7079.457843841416,14.330126673191984
12.5,7079.457843841416,14.346384875956037
13.0,7079.457843841416,14.363202547127061
13.5,7079.457843841416,14.38056789725508
14.0,7079.457843841416,14.398468807997874
14.5,7079.457843841416,14.416892846193248
15.0,7079.457843841416,14.435827278225103
15.5,7079.457843841416,14.455259084660085
16.0,7079.457843841416,14.475174975131337
16.5,7079.457843841416,14.495561403445619
17.0,7079.457843841416,14.516404582889763
17.5,7079.457843841416,14.537690501712424
18.0,7079.457843841416,14.559404938756806
18.5,7079.457843841416,14.58153347922012
19.0,7079.457843841416,14.604061530515425
19.5,7079.457843841416,14.626974338211578
20.0,7079.457843841416,14.650257002027097
21.0,7079.457843841416,14.697871663786685
22.0,7079.457843841416,14.746784005394813
23.0,7079.457843841416,14.796871206906529
24.0,7079.457843841416,14.84800964608228
25.0,7079.457843841416,14.900075398656115
26.0,7079.457843841416,14.95294472884581
27.0,7079.457843841416,15.006494567458455
28.0,7079.457843841416,15.06060297509169
29.0,7079.457843841416,15.115149588093349
30.0,7079.457843841416,15.170016045119032
31.0,7079.457843841416,15.22508639231616
32.0,7079.457843841416,15.28024746536233
33.0,7079.457843841416,15.335389246793445
34.0,7079.457843841416,15.39040519727076
35.0,7079.457843841416,15.445192559653975
36.0,7079.457843841416,15.499652634967608
37.0,7079.457843841416,15.553691029568013
38.0,7079.457843841416,15.60721787303686
39.0,7079.457843841416,15.660148006541714
40.0,7079.457843841416,15.712401141613688
41.0,7079.457843841416,15.763901989494569
42.0,7079.457843841416,15.814580361399646
43.0,7079.457843841416,15.864371240226411
44.0,7079.457843841416,15.913214824412107
45.0,7079.457843841416,15.961056544803643
46.0,7079.457843841416,16.007847055551004
47.0,7079.457843841416,16.053542200168675
48.0,7079.457843841416,16.09810295402894
49.0,7079.457843841416,16.141495344655066
50.0,7079.457843841416,16.183690351271615
51.0,7079.457843841416,16.22466378514289
52.0,7079.457843841416,16.264396152289365
53.0,7079.457843841416,16.302872500215646
54.0,7079.457843841416,16.340082250312484
55.0,7079.457843841416,16.376019017610297
56.0,7079.457843841416,16.41068041956285
57.0,7079.457843841416,16.44406787552795
58.0,7079.457843841416,16.476186398588034
59.0,7079.457843841416,16.507044381318305
60.0,7079.457843841416,16.536653377064113
61.0,7079.457843841416,16.56502787823413
62.0,7079.457843841416,16.592185093051985
63.0,7079.457843841416,16.618144722137764
64.0,7079.457843841416,16.642928736213108
65.0,7079.457843841416,16.666561156140425
66.0,7079.457843841416,16.689067836419298
67.0,7079.457843841416,16.710476253172303
68.0,7079.457843841416,16.730815297559218
69.0,7079.457843841416,16.750115075463903
70.0,7079.457843841416,16.76840671420305
71.0,7079.457843841416,16.785722176910998
72.0,7079.457843841416,16.802094085161222
73.0,7079.457843841416,16.81755555029308
74.0,7079.457843841416,16.83214001382315
75.0,7079.457843841416,16.845881097234145
76.0,7079.457843841416,16.85881246135185
77.0,7079.457843841416,16.87096767544197
78.0,7079.457843841416,16.882380096084805
79.0,7079.457843841416,16.893082755816437
80.0,7079.457843841416,16.90310826146095
81.0,7079.457843841416,16.912488702019317
82.0,7079.457843841416,16.921255565927027
83.0,7079.457843841416,16.929439667444335
84.0,7079.457843841416,16.93707108190043
85.0,7079.457843841416,16.944179089475348
86.0,7079.457843841416,16.95079212717146
87.0,7079.457843841416,16.956937748599515
88.0,7079.457843841416,16.962642591182156
89.0,7079.457843841416,16.96793235036076
90.0,7079.457843841416,16.97283176037876
91.0,7079.457843841416,16.977364581206185
92.0,7079.457843841416,16.981553591165795
93.0,7079.457843841416,16.98542058482049
94.0,7079.457843841416,16.988986375684217
95.0,7079.457843841416,16.992270803324583
96.0,7079.457843841416,16.995292744433563
97.0,7079.457843841416,16.998070127454003
98.0,7079.457843841416,17.000619950362438
99.0,7079.457843841416,17.002958301223835
100.0,7079.457843841416,17.005100381150374
-100.0,7943.282347242862,17.648876592559347
-99.0,7943.282347242862,17.64665341813359
-98.0,7943.282347242862,17.64422654238114
-97.0,7943.282347242862,17.641580188708705
-96.0,7943.282347242862,17.638697659992065
-95.0,7943.282347242862,17.63556131474817
-94.0,7943.282347242862,17.63215254580222
-93.0,7943.282347242862,17.62845176183163
-92.0,7943.282347242862,17.624438372185807
-91.0,7943.282347242862,17.62009077539631
-90.0,7943.282347242862,17.61538635180537
-89.0,7943.282347242862,17.610301460752336
-88.0,7943.282347242862,17.60481144276626
-87.0,7943.282347242862,17.598890627218907
-86.0,7943.282347242862,17.592512345895233
-85.0,7943.282347242862,17.58564895293755
-84.0,7943.282347242862,17.578271851615188
-83.0,7943.282347242862,17.57035152836255
-82.0,7943.282347242862,17.5618575945155
-81.0,7943.282347242862,17.55275883615813
-80.0,7943.282347242862,17.54302327246913
-79.0,7943.282347242862,17.532618222929162
-78.0,7943.282347242862,17.52151038371728
-77.0,7943.282347242862,17.509665913585774
-76.0,7943.282347242862,17.49705052945841
-75.0,7943.282347242862,17.483629611947105
-74.0,7943.282347242862,17.469368320926588
-73.0,7943.282347242862,17.454231721245225
-72.0,7943.282347242862,17.4381849185839
-71.0,7943.282347242862,17.421193205402766
-70.0,7943.282347242862,17.40322221683898
-69.0,7943.282347242862,17.384238096337068
-68.0,7943.282347242862,17.36420767070776
-67.0,7943.282347242862,17.343098634221676
-66.0,7943.282347242862,17.320879741251495
-65.0,7943.282347242862,17.297521006880817
-64.0,7943.282347242862,17.27299391480066
-63.0,7943.282347242862,17.24727163171618
-62.0,7943.282347242862,17.220329227387218
-61.0,7943.282347242862,17.19214389932828
-60.0,7943.282347242862,17.162695201096533
-59.0,7943.282347242862,17.131965273002333
-58.0,7943.282347242862,17.09993907398586
-57.0,7943.282347242862,17.06660461331716
-56.0,7943.282347242862,17.031953180696352
-55.0,7943.282347242862,16.995979573256562
-54.0,7943.282347242862,16.95868231790618
-53.0,7943.282347242862,16.920063887389475
-52.0,7943.282347242862,16.880130908397124
-51.0,7943.282347242862,16.838894360021573
-50.0,7943.282347242862,16.796369760827258
-49.0,7943.282347242862,16.752577342793476
-48.0,7943.282347242862,16.707542210388993
-47.0,7943.282347242862,16.661294483052853
-46.0,7943.282347242862,16.61386941938605
-45.0,7943.282347242862,16.56530752140405
-44.0,7943.282347242862,16.515654617261134
-43.0,7943.282347242862,16.464961920934147
-42.0,7943.282347242862,16.413286067445934
-41.0,7943.282347242862,16.360689122316696
-40.0,7943.282347242862,16.307238564055403
-39.0,7943.282347242862,16.25300723864189
-38.0,7943.282347242862,16.198073285103437
-37.0,7943.282347242862,16.14252003145619
-36.0,7943.282347242862,16.08643586046125
-35.0,7943.282347242862,16.029914044836026
-34.0,7943.282347242862,15.973052551762748
-33.0,7943.282347242862,15.915953816746002
-32.0,7943.282347242862,15.858724487088507
-31.0,7943.282347242862,15.801475135477261
-30.0,7943.282347242862,15.744319944398892
-29.0,7943.282347242862,15.68737636233156
-28.0,7943.282347242862,15.630764732889169
-27.0,7943.282347242862,15.574607898319854
-26.0,7943.282347242862,15.519030778982549
-25.0,7943.282347242862,15.464159930640866
-24.0,7943.282347242862,15.410123081620386
-23.0,7943.282347242862,15.357048652071626
-22.0,7943.282347242862,15.305065257764422
-21.0,7943.282347242862,15.254301201008142
-20.0,7943.282347242862,15.20488395144442
-19.5,7943.282347242862,15.180719856483734
-19.0,7943.282347242862,15.156939619592766
-18.5,7943.282347242862,15.133558705145333
-18.0,7943.282347242862,15.110592426143336
-17.5,7943.282347242862,15.088055927617397
-17.0,7943.282347242862,15.065964170083477
-16.5,7943.282347242862,15.04433191308051
-16.0,7943.282347242862,15.023173698814357
-15.5,7943.282347242862,15.002503835933238
-15.0,7943.282347242862,14.982336383459883
-14.5,7943.282347242862,14.962685134905605
-14.0,7943.282347242862,14.943563602591265
-13.5,7943.282347242862,14.924985002200046
-13.0,7943.282347242862,14.906962237586688
-12.5,7943.282347242862,14.88950788586756
-12.0,7943.282347242862,14.872634182815643
-11.5,7943.282347242862,14.856353008584145
-11.0,7943.282347242862,14.840675873782018
-10.5,7943.282347242862,14.825613905924188
-10.0,7943.282347242862,14.81117783627883
-9.5,7943.282347242862,14.797377987133427
-9.0,7943.282347242862,14.784224259500737
-8.5,7943.282347242862,14.771726121285171
-8.0,7943.282347242862,14.759892595929367
-7.5,7943.282347242862,14.748732251560005
-7.0,7943.282347242862,14.738253190651148
-6.5,7943.282347242862,14.728463040222575
-6.0,7943.282347242862,14.719368942589636
-5.5,7943.282347242862,14.710977546680432
-5.0,7943.282347242862,14.703294999935006
-4.5,7943.282347242862,14.696326940800425
-4.0,7943.282347242862,14.690078491834523
-3.5,7943.282347242862,14.684554253430159
-3.0,7943.282347242862,14.679758298170729
-2.5,7943.282347242862,14.67569416582663
-2.0,7943.282347242862,14.672364859001284
-1.5,7943.282347242862,14.669772839434213
-1.0,7943.282347242862,14.667920024967557
-0.5,7943.282347242862,14.666807787181227
0.0,7943.282347242862,14.666436949700826
0.5,7943.282347242862,14.666807787181227
1.0,7943.282347242862,14.667920024967557
1.5,7943.282347242862,14.669772839434213
2.0,7943.282347242862,14.672364859001284
2.5,7943.282347242862,14.67569416582663
3.0,7943.282347242862,14.679758298170729
3.5,7943.282347242862,14.684554253430159
4.0,7943.282347242862,14.690078491834523
4.5,7943.282347242862,14.696326940800425
5.0,7943.282347242862,14.703294999935006
5.5,7943.282347242862,14.710977546680432
6.0,7943.282347242862,14.719368942589636
6.5,7943.282347242862,14.728463040222575
7.0,7943.282347242862,14.738253190651148
7.5,7943.282347242862,14.748732251560005
8.0,7943.282347242862,14.759892595929367
8.5,7943.282347242862,14.771726121285171
9.0,7943.282347242862,14.784224259500737
9.5,7943.282347242862,14.797377987133427
10.0,7943.282347242862,14.81117783627883
10.5,7943.282347242862,14.825613905924188
11.0,7943.282347242862,14.840675873782018
11.5,7943.282347242862,14.856353008584145
12.0,7943.282347242862,14.872634182815643
12.5,7943.282347242862,14.88950788586756
13.0,7943.282347242862,14.906962237586688
13.5,7943.282347242862,14.924985002200046
14.0,7943.282347242862,14.943563602591265
14.5,7943.282347242862,14.962685134905605
15.0,7943.282347242862,14.982336383459883
15.5,7943.282347242862,15.002503835933238
16.0,7943.282347242862,15.023173698814357
16.5,7943.282347242862,15.04433191308051
17.0,7943.282347242862,15.065964170083477
17.5,7943.282347242862,15.088055927617397
18.0,7943.282347242862,15.110592426143336
18.5,7943.282347242862,15.133558705145333
19.0,7943.282347242862,15.156939619592766
19.5,7943.282347242862,15.180719856483734
20.0,7943.282347242862,15.20488395144442
21.0,7943.282347242862,15.254301201008142
22.0,7943.282347242862,15.305065257764422
23.0,7943.282347242862,15.357048652071626
24.0,7943.282347242862,15.410123081620386
25.0,7943.282347242862,15.464159930640866
26.0,7943.282347242862,15.519030778982549
27.0,7943.282347242862,15.574607898319854
28.0,7943.282347242862,15.630764732889169
29.0,7943.282347242862,15.68737636233156
30.0,7943.282347242862,15.744319944398892
31.0,7943.282347242862,15.801475135477261
32.0,7943.282347242862,15.858724487088507
33.0,7943.282347242862,15.915953816746002
34.0,7943.282347242862,15.973052551762748
35.0,7943.282347242862,16.029914044836026
36.0,7943.282347242862,16.08643586046125
37.0,7943.282347242862,16.14252003145619
38.0,7943.282347242862,16.198073285103437
39.0,7943.282347242862,16.25300723864189
40.0,7943.282347242862,16.307238564055403
41.0,7943.282347242862,16.360689122316696
42.0,7943.282347242862,16.413286067445934
43.0,7943.282347242862,16.464961920934147
44.0,7943.282347242862,16.515654617261134
45.0,7943.282347242862,16.56530752140405
46.0,7943.282347242862,16.61386941938605
47.0,7943.282347242862,16.661294483052853
48.0,7943.282347242862,16.707542210388993
49.0,7943.282347242862,16.752577342793476
50.0,7943.282347242862,16.796369760827258
51.0,7943.282347242862,16.838894360021573
52.0,7943.282347242862,16.880130908397124
53.0,7943.282347242862,16.920063887389475
54.0,7943.282347242862,16.95868231790618
55.0,7943.282347242862,16.995979573256562
56.0,7943.282347242862,17.031953180696352
57.0,7943.282347242862,17.06660461331716
58.0,7943.282347242862,17.09993907398586
59.0,7943.282347242862,17.131965273002333
60.0,7943.282347242862,17.162695201096533
61.0,7943.282347242862,17.19214389932828
62.0,7943.282347242862,17.220329227387218
63.0,7943.282347242862,17.24727163171618
64.0,7943.282347242862,17.27299391480066
65.0,7943.282347242862,17.297521006880817
66.0,7943.282347242862,17.320879741251495
67.0,7943.282347242862,17.343098634221676
68.0,7943.282347242862,17.36420767070776
69.0,7943.282347242862,17.384238096337068
70.0,7943.282347242862,17.40322221683898
71.0,7943.282347242862,17.421193205402766
72.0,7943.282347242862,17.4381849185839
73.0,7943.282347242862,17.454231721245225
74.0,7943.282347242862,17.469368320926588
75.0,7943.282347242862,17.483629611947105
76.0,7943.282347242862,17.49705052945841
77.0,7943.282347242862,17.509665913585774
78.0,7943.282347242862,17.52151038371728
79.0,7943.282347242862,17.532618222929162
80.0,7943.282347242862,17.54302327246913
81.0,7943.282347242862,17.55275883615813
82.0,7943.282347242862,17.5618575945155
83.0,7943.282347242862,17.57035152836255
84.0,7943.282347242862,17.578271851615188
85.0,7943.282347242862,17.58564895293755
86.0,7943.282347242862,17.592512345895233
87.0,7943.282347242862,17.598890627218907
88.0,7943.282347242862,17.60481144276626
89.0,7943.282347242862,17.610301460752336
90.0,7943.282347242862,17.61538635180537
91.0,7943.282347242862,17.62009077539631
92.0,7943.282347242862,17.624438372185807
93.0,7943.282347242862,17.62845176183163
94.0,7943.282347242862,17.63215254580222
95.0,7943.282347242862,17.63556131474817
96.0,7943.282347242862,17.638697659992065
97.0,7943.282347242862,17.641580188708705
98.0,7943.282347242862,17.64422654238114
99.0,7943.282347242862,17.64665341813359
100.0,7943.282347242862,17.648876592559347
-100.0,8912.509381337513,18.306111324484654
-99.0,8912.509381337513,18.303805360231447
-98.0,8912.509381337513,18.301288108923014
-97.0,8912.509381337513,18.29854320645415
-96.0,8912.509381337513,18.295553333908657
-95.0,8912.509381337513,18.292300192844092
-94.0,8912.509381337513,18.2887644831644
-93.0,8912.509381337513,18.284925883976616
-92.0,8912.509381337513,18.280763037845325
-91.0,8912.509381337513,18.276253538874943
-90.0,8912.509381337513,18.27137392506374
-89.0,8912.509381337513,18.266099675385494
-88.0,8912.509381337513,18.260405212063738
-87.0,8912.509381337513,18.25426390850976
-86.0,8912.509381337513,18.247648103398443
-85.0,8912.509381337513,18.240529121355134
-84.0,8912.509381337513,18.232877300722198
-83.0,8912.509381337513,18.224662028864618
-82.0,8912.509381337513,18.215851785460657
-81.0,8912.509381337513,18.206414194204857
-80.0,8912.509381337513,18.196316083327222
-79.0,8912.509381337513,18.185523555303327
-78.0,8912.509381337513,18.17400206609574
-77.0,8912.509381337513,18.161716514226775
-76.0,8912.509381337513,18.148631339936752
-75.0,8912.509381337513,18.134710634630093
-74.0,8912.509381337513,18.119918260753867
-73.0,8912.509381337513,18.104217982190075
-72.0,8912.509381337513,18.0875736051738
-71.0,8912.509381337513,18.069949129674967
-70.0,8912.509381337513,18.0513089111016
-69.0,8912.509381337513,18.031617832098195
-68.0,8912.509381337513,18.010841484123638
-67.0,8912.509381337513,17.988946358400465
-66.0,8912.509381337513,17.96590004573089
-65.0,8912.509381337513,17.941671444576244
-64.0,8912.509381337513,17.91623097669544
-63.0,8912.509381337513,17.88955080953608
-62.0,8912.509381337513,17.861605084469183
-61.0,8912.509381337513,17.83237014985688
-60.0,8912.509381337513,17.80182479784174
-59.0,8912.509381337513,17.76995050364882
-58.0,8912.509381337513,17.73673166609726
-57.0,8912.509381337513,17.70215584792875
-56.0,8912.509381337513,17.66621401447648
-55.0,8912.509381337513,17.628900769121604
-54.0,8912.509381337513,17.590214583915365
-53.0,8912.509381337513,17.550158023685707
-52.0,8912.509381337513,17.508737961897722
-51.0,8912.509381337513,17.465965786499396
-50.0,8912.509381337513,17.421857593958215
-49.0,8912.509381337513,17.37643436968156
-48.0,8912.509381337513,17.329722153015208
-47.0,8912.509381337513,17.281752185030008
-46.0,8912.509381337513,17.232561037338417
-45.0,8912.509381337513,17.18219072022931
-44.0,8912.509381337513,17.130688768472933
-43.0,8912.509381337513,17.078108303227268
-42.0,8912.509381337513,17.024508068573137
-41.0,8912.509381337513,16.96995244131754
-40.0,8912.509381337513,16.914511412833065
-39.0,8912.509381337513,16.8582605418449
-38.0,8912.509381337513,16.801280877235936
-37.0,8912.509381337513,16.743658850113114
-36.0,8912.509381337513,16.685486134564318
-35.0,8912.509381337513,16.6268594767331
-34.0,8912.509381337513,16.567880492047202
-33.0,8912.509381337513,16.508655430654656
-32.0,8912.509381337513,16.449294911346733
-31.0,8912.509381337513,16.389913624478208
-30.0,8912.509381337513,16.330630004630475
-29.0,8912.509381337513,16.27156587400026
-28.0,8912.509381337513,16.212846057733323
-27.0,8912.509381337513,16.154597972657474
-26.0,8912.509381337513,16.09695119109905
-25.0,8912.509381337513,16.04003698169066
-24.0,8912.509381337513,15.983987829292463
-23.0,8912.509381337513,15.928936936352756
-22.0,8912.509381337513,15.875017708223899
-21.0,8912.509381337513,15.82236322512469
-20.0,8912.509381337513,15.771105703598096
-19.5,8912.509381337513,15.74604175065549
-19.0,8912.509381337513,15.721375950451968
-18.5,8912.509381337513,15.697124343246363
-18.0,8912.509381337513,15.673302812288581
-17.5,8912.509381337513,15.64992706660209
-17.0,8912.509381337513,15.627012623824472
-16.5,8912.509381337513,15.604574793131999
-16.0,8912.509381337513,15.582628658274512
-15.5,8912.509381337513,15.561189060746635
-15.0,8912.509381337513,15.540270583121599
-14.5,8912.509381337513,15.519887532573701
-14.0,8912.509381337513,15.500053924615413
-13.5,8912.509381337513,15.480783467074895
-13.0,8912.509381337513,15.46208954433954
-12.5,8912.509381337513,15.443985201890811
-12.0,8912.509381337513,15.426483131155333
-11.5,8912.509381337513,15.409595654696872
-11.0,8912.509381337513,15.393334711773305
-10.5,8912.509381337513,15.377711844282265
-10.0,8912.509381337513,15.362738183118623
-9.5,8912.509381337513,15.348424434966326
-9.0,8912.509381337513,15.33478086954656
-8.5,8912.509381337513,15.321817307343434
-8.0,8912.509381337513,15.309543107827768
-7.5,8912.509381337513,15.297967158198697
-7.0,8912.509381337513,15.287097862662094
-6.5,8912.509381337513,15.276943132263872
-6.0,8912.509381337513,15.267510375295391
-5.5,8912.509381337513,15.25880648828728
-5.0,8912.509381337513,15.250837847606967
-4.5,8912.509381337513,15.243610301674268
-4.0,8912.509381337513,15.237129163808339
-3.5,8912.509381337513,15.231399205718207
-3.0,8912.509381337513,15.226424651648097
-2.5,8912.509381337513,15.222209173187567
-2.0,8912.509381337513,15.21875588475538
-1.5,8912.509381337513,15.216067339764928
-1.0,8912.509381337513,15.214145527477765
-0.5,8912.509381337513,15.212991870550702
0.0,8912.509381337513,15.212607223280724
0.5,8912.509381337513,15.212991870550702
1.0,8912.509381337513,15.214145527477765
1.5,8912.509381337513,15.216067339764928
2.0,8912.509381337513,15.21875588475538
2.5,8912.509381337513,15.222209173187567
3.0,8912.509381337513,15.226424651648097
3.5,8912.509381337513,15.231399205718207
4.0,8912.509381337513,15.237129163808339
4.5,8912.509381337513,15.243610301674268
5.0,8912.509381337513,15.250837847606967
5.5,8912.509381337513,15.25880648828728
6.0,8912.509381337513,15.267510375295391
6.5,8912.509381337513,15.276943132263872
7.0,8912.509381337513,15.287097862662094
7.5,8912.509381337513,15.297967158198697
8.0,8912.509381337513,15.309543107827768
8.5,8912.509381337513,15.321817307343434
9.0,8912.509381337513,15.33478086954656
9.5,8912.509381337513,15.348424434966326
10.0,8912.509381337513,15.362738183118623
10.5,8912.509381337513,15.377711844282265
11.0,8912.509381337513,15.393334711773305
11.5,8912.509381337513,15.409595654696872
12.0,8912.509381337513,15.426483131155333
12.5,8912.509381337513,15.443985201890811
13.0,8912.509381337513,15.46208954433954
13.5,8912.509381337513,15.480783467074895
14.0,8912.509381337513,15.500053924615413
14.5,8912.509381337513,15.519887532573701
15.0,8912.509381337513,15.540270583121599
15.5,8912.509381337513,15.561189060746635
16.0,8912.509381337513,15.582628658274512
16.5,8912.509381337513,15.604574793131999
17.0,8912.509381337513,15.627012623824472
17.5,8912.509381337513,15.64992706660209
18.0,8912.509381337513,15.673302812288581
18.5,8912.509381337513,15.697124343246363
19.0,8912.509381337513,15.721375950451968
19.5,8912.509381337513,15.74604175065549
20.0,8912.509381337513,15.771105703598096
21.0,8912.509381337513,15.82236322512469
22.0,8912.509381337513,15.875017708223899
23.0,8912.509381337513,15.928936936352756
24.0,8912.509381337513,15.983987829292463
25.0,8912.509381337513,16.04003698169066
26.0,8912.509381337513,16.09695119109905
27.0,8912.509381337513,16.154597972657474
28.0,8912.509381337513,16.212846057733323
29.0,8912.509381337513,16.27156587400026
30.0,8912.509381337513,16.330630004630475
31.0,8912.509381337513,16.389913624478208
32.0,8912.509381337513,16.449294911346733
33.0,8912.509381337513,16.508655430654656
34.0,8912.509381337513,16.567880492047202
35.0,8912.509381337513,16.6268594767331
36.0,8912.509381337513,16.685486134564318
37.0,8912.509381337513,16.743658850113114
38.0,8912.509381337513,16.801280877235936
39.0,8912.509381337513,16.8582605418449
40.0,8912.509381337513,16.914511412833065
41.0,8912.509381337513,16.96995244131754
42.0,8912.509381337513,17.024508068573137
43.0,8912.509381337513,17.078108303227268
44.0,8912.509381337513,17.130688768472933
45.0,8912.509381337513,17.18219072022931
46.0,8912.509381337513,17.232561037338417
47.0,8912.509381337513,17.281752185030008
48.0,8912.509381337513,17.329722153015208
49.0,8912.509381337513,17.37643436968156
50.0,8912.509381337513,17.421857593958215
51.0,8912.509381337513,17.465965786499396
52.0,8912.509381337513,17.508737961897722
53.0,8912.509381337513,17.550158023685707
54.0,8912.509381337513,17.590214583915365
55.0,8912.509381337513,17.628900769121604
56.0,8912.509381337513,17.66621401447648
57.0,8912.509381337513,17.70215584792875
58.0,8912.509381337513,17.73673166609726
59.0,8912.509381337513,17.76995050364882
60.0,8912.509381337513,17.80182479784174
61.0,8912.509381337513,17.83237014985688
62.0,8912.509381337513,17.861605084469183
63.0,8912.509381337513,17.88955080953608
64.0,8912.509381337513,17.91623097669544
65.0,8912.509381337513,17.941671444576244
66.0,8912.509381337513,17.96590004573089
67.0,8912.509381337513,17.988946358400465
68.0,8912.509381337513,18.010841484123638
69.0,8912.509381337513,18.031617832098195
70.0,8912.509381337513,18.0513089111016
71.0,8912.509381337513,18.069949129674967
72.0,8912.509381337513,18.0875736051738
73.0,8912.509381337513,18.104217982190075
74.0,8912.509381337513,18.119918260753867
75.0,8912.509381337513,18.134710634630093
76.0,8912.509381337513,18.148631339936752
77.0,8912.509381337513,18.161716514226775
78.0,8912.509381337513,18.17400206609574
79.0,8912.509381337513,18.185523555303327
80.0,8912.509381337513,18.196316083327222
81.0,8912.509381337513,18.206414194204857
82.0,8912.509381337513,18.215851785460657
83.0,8912.509381337513,18.224662028864618
84.0,8912.509381337513,18.232877300722198
85.0,8912.509381337513,18.240529121355134
86.0,8912.509381337513,18.247648103398443
87.0,8912.509381337513,18.25426390850976
88.0,8912.509381337513,18.260405212063738
89.0,8912.509381337513,18.266099675385494
90.0,8912.509381337513,18.27137392506374
91.0,8912.509381337513,18.276253538874943
92.0,8912.509381337513,18.280763037845325
93.0,8912.509381337513,18.284925883976616
94.0,8912.509381337513,18.2887644831644
95.0,8912.509381337513,18.292300192844092
96.0,8912.509381337513,18.295553333908657
97.0,8912.509381337513,18.29854320645415
98.0,8912.509381337513,18.301288108923014
99.0,8912.509381337513,18.303805360231447
100.0,8912.509381337513,18.306111324484654
-100.0,10000.000000000062,18.976850670628547
-99.0,10000.000000000062,18.974460215413387
-98.0,10000.000000000062,18.971850731545743
-97.0,10000.000000000062,18.969005255336526
-96.0,10000.000000000062,18.965905833301214
-95.0,10000.000000000062,18.962533496538995
-94.0,10000.000000000062,18.958868237794697
-93.0,10000.000000000062,18.954888991614023
-92.0,10000.000000000062,18.950573618021128
-91.0,10000.000000000062,18.945898890164216
-90.0,10000.000000000062,18.940840486389423
-89.0,10000.000000000062,18.935372987215537
-88.0,10000.000000000062,18.92946987769157
-87.0,10000.000000000062,18.92310355562562
-86.0,10000.000000000062,18.91624534617643
-85.0,10000.000000000062,18.908865523298264
-84.0,10000.000000000062,18.900933338524784
-83.0,10000.000000000062,18.892417057568302
-82.0,10000.000000000062,18.883284005196597
-81.0,10000.000000000062,18.873500618830306
-80.0,10000.000000000062,18.863032511279574
-79.0,10000.000000000062,18.85184454300834
-78.0,10000.000000000062,18.83990090427917
-77.0,10000.000000000062,18.82716520748966
-76.0,10000.000000000062,18.813600589963887
-75.0,10000.000000000062,18.799169827408598
-74.0,10000.000000000062,18.783835458184164
-73.0,10000.000000000062,18.767559918474436
-72.0,10000.000000000062,18.750305688368176
-71.0,10000.000000000062,18.732035448787464
-70.0,10000.000000000062,18.7127122491158
-69.0,10000.000000000062,18.692299685291207
-68.0,10000.000000000062,18.67076208803718
-67.0,10000.000000000062,18.64806472080837
-66.0,10000.000000000062,18.62417398692792
-65.0,10000.000000000062,18.599057645290962
-64.0,10000.000000000062,18.572685033904122
-63.0,10000.000000000062,18.54502730042506
-62.0,10000.000000000062,18.516057638759797
-61.0,10000.000000000062,18.485751530670026
-60.0,10000.000000000062,18.45408699123844
-59.0,10000.000000000062,18.42104481693888
-58.0,10000.000000000062,18.386608834960303
-57.0,10000.000000000062,18.35076615234092
-56.0,10000.000000000062,18.31350740338204
-55.0,10000.000000000062,18.274826993731686
-54.0,10000.000000000062,18.23472333945678
-53.0,10000.000000000062,18.19319909936104
-52.0,10000.000000000062,18.150261398754605
-51.0,10000.000000000062,18.105922042842007
-50.0,10000.000000000062,18.060197717868313
-49.0,10000.000000000062,18.013110178150164
-48.0,10000.000000000062,17.964686417119836
-47.0,10000.000000000062,17.914958820526866
-46.0,10000.000000000062,17.863965299974435
-45.0,10000.000000000062,17.811749405016275
-44.0,10000.000000000062,17.758360412105503
-43.0,10000.000000000062,17.703853388769282
-42.0,10000.000000000062,17.64828923148255
-41.0,10000.000000000062,17.591734675830573
-40.0,10000.000000000062,17.53426227768292
-39.0,10000.000000000062,17.475950364250632
-38.0,10000.000000000062,17.416882954062835
-37.0,10000.000000000062,17.35714964507841
-36.0,10000.000000000062,17.296845470340987
-35.0,10000.000000000062,17.236070720790927
-34.0,10000.000000000062,17.174930735064272
-33.0,10000.000000000062,17.113535656334367
-32.0,10000.000000000062,17.052000156485704
-31.0,10000.000000000062,16.990443128149128
-30.0,10000.000000000062,16.928987345371276
-29.0,10000.000000000062,16.86775909393696
-28.0,10000.000000000062,16.806887772608658
-27.0,10000.000000000062,16.7465054667906
-26.0,10000.000000000062,16.68674649636342
-25.0,10000.000000000062,16.627746939667
-24.0,10000.000000000062,16.56964413583158
-23.0,10000.000000000062,16.5125761678681
-22.0,10000.000000000062,16.456681329126006
-21.0,10000.000000000062,16.402097575908233
-20.0,10000.000000000062,16.348961969196623
-19.5,10000.000000000062,16.322979668325804
-19.0,10000.000000000062,16.29741010858497
-18.5,10000.000000000062,16.27226991795104
-18.0,10000.000000000062,16.247575561639167
-17.5,10000.000000000062,16.22334332425439
-17.0,10000.000000000062,16.199589292003424
-16.5,10000.000000000062,16.17632933499364
-16.0,10000.000000000062,16.153579089646282
-15.5,10000.000000000062,16.131353941251128
-15.0,10000.000000000062,16.109669006689614
-14.5,10000.000000000062,16.08853911735359
-14.0,10000.000000000062,16.06797880228652
-13.5,10000.000000000062,16.048002271573964
-13.0,10000.000000000062,16.028623400009764
-12.5,10000.000000000062,16.009855711064272
-12.0,10000.000000000062,15.991712361180364
-11.5,10000.000000000062,15.974206124422842
-11.0,10000.000000000062,15.957349377506231
-10.5,10000.000000000062,15.941154085225454
-10.0,10000.000000000062,15.925631786313451
-9.5,10000.000000000062,15.910793579749077
-9.0,10000.000000000062,15.896650111538024
-8.5,10000.000000000062,15.883211561988778
-8.0,10000.000000000062,15.870487633504919
-7.5,10000.000000000062,15.858487538914225
-7.0,10000.000000000062,15.847219990354244
-6.5,10000.000000000062,15.836693188733094
-6.0,10000.000000000062,15.826914813783315
-5.5,10000.000000000062,15.817892014725713
-5.0,10000.000000000062,15.809631401559006
-4.5,10000.000000000062,15.802139036990216
-4.0,10000.000000000062,15.795420429019499
-3.5,10000.000000000062,15.7894805241922
-3.0,10000.000000000062,15.78432370152964
-2.5,10000.000000000062,15.779953767149106
-2.0,10000.000000000062,15.77637394958225
-1.5,10000.000000000062,15.773586895800007
-1.0,10000.000000000062,15.771594667950845
-0.5,10000.000000000062,15.770398740817992
0.0,10000.000000000062,15.770000000000028
0.5,10000.000000000062,15.770398740817992
1.0,10000.000000000062,15.771594667950845
1.5,10000.000000000062,15.773586895800007
2.0,10000.000000000062,15.77637394958225
2.5,10000.000000000062,15.779953767149106
3.0,10000.000000000062,15.78432370152964
3.5,10000.000000000062,15.7894805241922
4.0,10000.000000000062,15.795420429019499
4.5,10000.000000000062,15.802139036990216
5.0,10000.000000000062,15.809631401559006
5.5,10000.000000000062,15.817892014725713
6.0,10000.000000000062,15.826914813783315
6.5,10000.000000000062,15.836693188733094
7.0,10000.000000000062,15.847219990354244
7.5,10000.000000000062,15.858487538914225
8.0,10000.000000000062,15.870487633504919
8.5,10000.000000000062,15.883211561988778
9.0,10000.000000000062,15.896650111538024
9.5,10000.000000000062,15.910793579749077
10.0,10000.000000000062,15.925631786313451
10.5,10000.000000000062,15.941154085225454
11.0,10000.000000000062,15.957349377506231
11.5,10000.000000000062,15.974206124422842
12.0,10000.000000000062,15.991712361180364
12.5,10000.000000000062,16.009855711064272
13.0,10000.000000000062,16.028623400009764
13.5,10000.000000000062,16.048002271573964
14.0,10000.000000000062,16.06797880228652
14.5,10000.000000000062,16.08853911735359
15.0,10000.000000000062,16.109669006689614
15.5,10000.000000000062,16.131353941251128
16.0,10000.000000000062,16.153579089646282
16.5,10000.000000000062,16.17632933499364
17.0,10000.000000000062,16.199589292003424
17.5,10000.000000000062,16.22334332425439
18.0,10000.000000000062,16.247575561639167
18.5,10000.000000000062,16.27226991795104
19.0,10000.000000000062,16.29741010858497
19.5,10000.000000000062,16.322979668325804
20.0,10000.000000000062,16.348961969196623
21.0,10000.000000000062,16.402097575908233
22.0,10000.000000000062,16.456681329126006
23.0,10000.000000000062,16.5125761678681
24.0,10000.000000000062,16.56964413583158
25.0,10000.000000000062,16.627746939667
26.0,10000.000000000062,16.68674649636342
27.0,10000.000000000062,16.7465054667906
28.0,10000.000000000062,16.806887772608658
29.0,10000.000000000062,16.86775909393696
30.0,10000.000000000062,16.928987345371276
31.0,10000.000000000062,16.990443128149128
32.0,10000.000000000062,17.052000156485704
33.0,10000.000000000062,17.113535656334367
34.0,10000.000000000062,17.174930735064272
35.0,10000.000000000062,17.236070720790927
36.0,10000.000000000062,17.296845470340987
37.0,10000.000000000062,17.35714964507841
38.0,10000.000000000062,17.416882954062835
39.0,10000.000000000062,17.475950364250632
40.0,10000.000000000062,17.53426227768292
41.0,10000.000000000062,17.591734675830573
42.0,10000.000000000062,17.64828923148255
43.0,10000.000000000062,17.703853388769282
44.0,10000.000000000062,17.758360412105503
45.0,10000.000000000062,17.811749405016275
46.0,10000.000000000062,17.863965299974435
47.0,10000.000000000062,17.914958820526866
48.0,10000.000000000062,17.964686417119836
49.0,10000.000000000062,18.013110178150164
50.0,10000.000000000062,18.060197717868313
51.0,10000.000000000062,18.105922042842007
52.0,10000.000000000062,18.150261398754605
53.0,10000.000000000062,18.19319909936104
54.0,10000.000000000062,18.23472333945678
55.0,10000.000000000062,18.274826993731686
56.0,10000.000000000062,18.31350740338204
57.0,10000.000000000062,18.35076615234092
58.0,10000.000000000062,18.386608834960303
59.0,10000.000000000062,18.42104481693888
60.0,10000.000000000062,18.45408699123844
61.0,10000.000000000062,18.485751530670026
62.0,10000.000000000062,18.516057638759797
63.0,10000.000000000062,18.54502730042506
64.0,10000.000000000062,18.572685033904122
65.0,10000.000000000062,18.599057645290962
66.0,10000.000000000062,18.62417398692792
67.0,10000.000000000062,18.64806472080837
68.0,10000.000000000062,18.67076208803718
69.0,10000.000000000062,18.692299685291207
70.0,10000.000000000062,18.7127122491158
71.0,10000.000000000062,18.732035448787464
72.0,10000.000000000062,18.750305688368176
73.0,10000.000000000062,18.767559918474436
74.0,10000.000000000062,18.783835458184164
75.0,10000.000000000062,18.799169827408598
76.0,10000.000000000062,18.813600589963887
77.0,10000.000000000062,18.82716520748966
78.0,10000.000000000062,18.83990090427917
79.0,10000.000000000062,18.85184454300834
80.0,10000.000000000062,18.863032511279574
81.0,10000.000000000062,18.873500618830306
82.0,10000.000000000062,18.883284005196597
83.0,10000.000000000062,18.892417057568302
84.0,10000.000000000062,18.900933338524784
85.0,10000.000000000062,18.908865523298264
86.0,10000.000000000062,18.91624534617643
87.0,10000.000000000062,18.92310355562562
88.0,10000.000000000062,18.92946987769157
89.0,10000.000000000062,18.935372987215537
90.0,10000.000000000062,18.940840486389423
91.0,10000.000000000062,18.945898890164216
92.0,10000.000000000062,18.950573618021128
93.0,10000.000000000062,18.954888991614023
94.0,10000.000000000062,18.958868237794697
95.0,10000.000000000062,18.962533496538995
96.0,10000.000000000062,18.965905833301214
97.0,10000.000000000062,18.969005255336526
98.0,10000.000000000062,18.971850731545743
99.0,10000.000000000062,18.974460215413387
100.0,10000.000000000062,18.976850670628547
