y_m,f_hz,ey_mv
-100.0,10.0,0.5
-99.0,10.0,0.5
-98.0,10.0,0.5
-97.0,10.0,0.5
-96.0,10.0,0.5
-95.0,10.0,0.5
-94.0,10.0,0.5
-93.0,10.0,0.5
-92.0,10.0,0.5
-91.0,10.0,0.5
-90.0,10.0,0.5
-89.0,10.0,0.5
-88.0,10.0,0.5
-87.0,10.0,0.5
-86.0,10.0,0.5
-85.0,10.0,0.5
-84.0,10.0,0.5
-83.0,10.0,0.5
-82.0,10.0,0.5
-81.0,10.0,0.5
-80.0,10.0,0.5
-79.0,10.0,0.5
-78.0,10.0,0.5
-77.0,10.0,0.5
-76.0,10.0,0.5
-75.0,10.0,0.5
-74.0,10.0,0.5
-73.0,10.0,0.5
-72.0,10.0,0.5
-71.0,10.0,0.5
-70.0,10.0,0.5
-69.0,10.0,0.5
-68.0,10.0,0.5
-67.0,10.0,0.5
-66.0,10.0,0.5
-65.0,10.0,0.5
-64.0,10.0,0.5
-63.0,10.0,0.5
-62.0,10.0,0.5
-61.0,10.0,0.5
-60.0,10.0,0.5
-59.0,10.0,0.5
-58.0,10.0,0.5
-57.0,10.0,0.5
-56.0,10.0,0.5
-55.0,10.0,0.5
-54.0,10.0,0.5
-53.0,10.0,0.5
-52.0,10.0,0.5
-51.0,10.0,0.5
-50.0,10.0,0.5
-49.0,10.0,0.5
-48.0,10.0,0.5
-47.0,10.0,0.5
-46.0,10.0,0.5
-45.0,10.0,0.5
-44.0,10.0,0.5
-43.0,10.0,0.5
-42.0,10.0,0.5
-41.0,10.0,0.5
-40.0,10.0,0.5
-39.0,10.0,0.5
-38.0,10.0,0.5
-37.0,10.0,0.5
-36.0,10.0,0.5
-35.0,10.0,0.5
-34.0,10.0,0.5
-33.0,10.0,0.5
-32.0,10.0,0.5
-31.0,10.0,0.5
-30.0,10.0,0.5
-29.0,10.0,0.5
-28.0,10.0,0.5
-27.0,10.0,0.5
-26.0,10.0,0.5
-25.0,10.0,0.5
-24.0,10.0,0.49999999999999994
-23.0,10.0,0.499999999999999
-22.0,10.0,0.4999999999999836
-21.0,10.0,0.499999999999759
-20.0,10.0,0.4999999999968752
-19.5,10.0,0.49999999998926253
-19.0,10.0,0.4999999999642387
-18.5,10.0,0.4999999998845611
-18.0,10.0,0.4999999996388237
-17.5,10.0,0.4999999989047464
-17.0,10.0,0.4999999967808706
-16.5,10.0,0.49999999082955365
-16.0,10.0,0.4999999746795857
-15.5,10.0,0.4999999322390575
-15.0,10.0,0.4999998242414883
-14.5,10.0,0.4999995581431503
-14.0,10.0,0.49999892334858675
-13.5,10.0,0.49999745728939027
-13.0,10.0,0.4999941796774499
-12.5,10.0,0.49998708705003364
-12.0,10.0,0.4999722327940805
-11.5,10.0,0.49994212817326983
-11.0,10.0,0.4998830956965152
-10.5,10.0,0.4997711124851867
-10.0,10.0,0.49956564781934876
-9.5,10.0,0.4992011040746204
-9.0,10.0,0.49857581402881573
-8.5,10.0,0.4975392273101139
-8.0,10.0,0.4958789812500348
-7.5,10.0,0.4933109263131143
-7.0,10.0,0.48947660996360925
-6.5,10.0,0.4839537463930044
-6.0,10.0,0.47628517447358054
-5.5,10.0,0.4660300808474192
-5.0,10.0,0.452837437891003
-4.5,10.0,0.43653583586889155
-4.0,10.0,0.41722712573642545
-3.5,10.0,0.39536528266983734
-3.0,10.0,0.37179886443554233
-2.5,10.0,0.34775738461361094
-2.0,10.0,0.32476982380893393
-1.5,10.0,0.30451661234086025
-1.0,10.0,0.2886320608669679
-0.5,10.0,0.27848830167378313
0.0,10.0,0.275
0.5,10.0,0.27848830167378313
1.0,10.0,0.2886320608669679
1.5,10.0,0.30451661234086025
2.0,10.0,0.32476982380893393
2.5,10.0,0.34775738461361094
3.0,10.0,0.37179886443554233
3.5,10.0,0.39536528266983734
4.0,10.0,0.41722712573642545
4.5,10.0,0.43653583586889155
5.0,10.0,0.452837437891003
5.5,10.0,0.4660300808474192
6.0,10.0,0.47628517447358054
6.5,10.0,0.4839537463930044
7.0,10.0,0.48947660996360925
7.5,10.0,0.4933109263131143
8.0,10.0,0.4958789812500348
8.5,10.0,0.4975392273101139
9.0,10.0,0.49857581402881573
9.5,10.0,0.4992011040746204
10.0,10.0,0.49956564781934876
10.5,10.0,0.4997711124851867
11.0,10.0,0.4998830956965152
11.5,10.0,0.49994212817326983
12.0,10.0,0.4999722327940805
12.5,10.0,0.49998708705003364
13.0,10.0,0.4999941796774499
13.5,10.0,0.49999745728939027
14.0,10.0,0.49999892334858675
14.5,10.0,0.4999995581431503
15.0,10.0,0.4999998242414883
15.5,10.0,0.4999999322390575
16.0,10.0,0.4999999746795857
16.5,10.0,0.49999999082955365
17.0,10.0,0.4999999967808706
17.5,10.0,0.4999999989047464
18.0,10.0,0.4999999996388237
18.5,10.0,0.4999999998845611
19.0,10.0,0.4999999999642387
19.5,10.0,0.49999999998926253
20.0,10.0,0.4999999999968752
21.0,10.0,0.499999999999759
22.0,10.0,0.4999999999999836
23.0,10.0,0.499999999999999
24.0,10.0,0.49999999999999994
25.0,10.0,0.5
26.0,10.0,0.5
27.0,10.0,0.5
28.0,10.0,0.5
29.0,10.0,0.5
30.0,10.0,0.5
31.0,10.0,0.5
32.0,10.0,0.5
33.0,10.0,0.5
34.0,10.0,0.5
35.0,10.0,0.5
36.0,10.0,0.5
37.0,10.0,0.5
38.0,10.0,0.5
39.0,10.0,0.5
40.0,10.0,0.5
41.0,10.0,0.5
42.0,10.0,0.5
43.0,10.0,0.5
44.0,10.0,0.5
45.0,10.0,0.5
46.0,10.0,0.5
47.0,10.0,0.5
48.0,10.0,0.5
49.0,10.0,0.5
50.0,10.0,0.5
51.0,10.0,0.5
52.0,10.0,0.5
53.0,10.0,0.5
54.0,10.0,0.5
55.0,10.0,0.5
56.0,10.0,0.5
57.0,10.0,0.5
58.0,10.0,0.5
59.0,10.0,0.5
60.0,10.0,0.5
61.0,10.0,0.5
62.0,10.0,0.5
63.0,10.0,0.5
64.0,10.0,0.5
65.0,10.0,0.5
66.0,10.0,0.5
67.0,10.0,0.5
68.0,10.0,0.5
69.0,10.0,0.5
70.0,10.0,0.5
71.0,10.0,0.5
72.0,10.0,0.5
73.0,10.0,0.5
74.0,10.0,0.5
75.0,10.0,0.5
76.0,10.0,0.5
77.0,10.0,0.5
78.0,10.0,0.5
79.0,10.0,0.5
80.0,10.0,0.5
81.0,10.0,0.5
82.0,10.0,0.5
83.0,10.0,0.5
84.0,10.0,0.5
85.0,10.0,0.5
86.0,10.0,0.5
87.0,10.0,0.5
88.0,10.0,0.5
89.0,10.0,0.5
90.0,10.0,0.5
91.0,10.0,0.5
92.0,10.0,0.5
93.0,10.0,0.5
94.0,10.0,0.5
95.0,10.0,0.5
96.0,10.0,0.5
97.0,10.0,0.5
98.0,10.0,0.5
99.0,10.0,0.5
100.0,10.0,0.5
-100.0,11.220184543019636,0.502265890807653
-99.0,11.220184543019636,0.502265890807653
-98.0,11.220184543019636,0.502265890807653
-97.0,11.220184543019636,0.502265890807653
-96.0,11.220184543019636,0.502265890807653
-95.0,11.220184543019636,0.502265890807653
-94.0,11.220184543019636,0.502265890807653
-93.0,11.220184543019636,0.502265890807653
-92.0,11.220184543019636,0.502265890807653
-91.0,11.220184543019636,0.502265890807653
-90.0,11.220184543019636,0.502265890807653
-89.0,11.220184543019636,0.502265890807653
-88.0,11.220184543019636,0.502265890807653
-87.0,11.220184543019636,0.502265890807653
-86.0,11.220184543019636,0.502265890807653
-85.0,11.220184543019636,0.502265890807653
-84.0,11.220184543019636,0.502265890807653
-83.0,11.220184543019636,0.502265890807653
-82.0,11.220184543019636,0.502265890807653
-81.0,11.220184543019636,0.502265890807653
-80.0,11.220184543019636,0.502265890807653
-79.0,11.220184543019636,0.502265890807653
-78.0,11.220184543019636,0.502265890807653
-77.0,11.220184543019636,0.502265890807653
-76.0,11.220184543019636,0.502265890807653
-75.0,11.220184543019636,0.502265890807653
-74.0,11.220184543019636,0.502265890807653
-73.0,11.220184543019636,0.502265890807653
-72.0,11.220184543019636,0.502265890807653
-71.0,11.220184543019636,0.502265890807653
-70.0,11.220184543019636,0.502265890807653
-69.0,11.220184543019636,0.502265890807653
-68.0,11.220184543019636,0.502265890807653
-67.0,11.220184543019636,0.502265890807653
-66.0,11.220184543019636,0.502265890807653
-65.0,11.220184543019636,0.502265890807653
-64.0,11.220184543019636,0.502265890807653
-63.0,11.220184543019636,0.502265890807653
-62.0,11.220184543019636,0.502265890807653
-61.0,11.220184543019636,0.502265890807653
-60.0,11.220184543019636,0.502265890807653
-59.0,11.220184543019636,0.502265890807653
-58.0,11.220184543019636,0.502265890807653
-57.0,11.220184543019636,0.502265890807653
-56.0,11.220184543019636,0.502265890807653
-55.0,11.220184543019636,0.502265890807653
-54.0,11.220184543019636,0.502265890807653
-53.0,11.220184543019636,0.502265890807653
-52.0,11.220184543019636,0.502265890807653
-51.0,11.220184543019636,0.502265890807653
-50.0,11.220184543019636,0.502265890807653
-49.0,11.220184543019636,0.502265890807653
-48.0,11.220184543019636,0.502265890807653
-47.0,11.220184543019636,0.502265890807653
-46.0,11.220184543019636,0.502265890807653
-45.0,11.220184543019636,0.502265890807653
-44.0,11.220184543019636,0.502265890807653
-43.0,11.220184543019636,0.502265890807653
-42.0,11.220184543019636,0.502265890807653
-41.0,11.220184543019636,0.502265890807653
-40.0,11.220184543019636,0.502265890807653
-39.0,11.220184543019636,0.502265890807653
-38.0,11.220184543019636,0.502265890807653
-37.0,11.220184543019636,0.502265890807653
-36.0,11.220184543019636,0.502265890807653
-35.0,11.220184543019636,0.502265890807653
-34.0,11.220184543019636,0.502265890807653
-33.0,11.220184543019636,0.502265890807653
-32.0,11.220184543019636,0.502265890807653
-31.0,11.220184543019636,0.502265890807653
-30.0,11.220184543019636,0.502265890807653
-29.0,11.220184543019636,0.502265890807653
-28.0,11.220184543019636,0.502265890807653
-27.0,11.220184543019636,0.502265890807653
-26.0,11.220184543019636,0.502265890807653
-25.0,11.220184543019636,0.502265890807653
-24.0,11.220184543019636,0.5022658908076529
-23.0,11.220184543019636,0.502265890807652
-22.0,11.220184543019636,0.5022658908076366
-21.0,11.220184543019636,0.502265890807411
-20.0,11.220184543019636,0.5022658908045141
-19.5,11.220184543019636,0.5022658907968669
-19.0,11.220184543019636,0.5022658907717297
-18.5,11.220184543019636,0.502265890691691
-18.0,11.220184543019636,0.5022658904448399
-17.5,11.220184543019636,0.502265889707436
-17.0,11.220184543019636,0.5022658875739352
-16.5,11.220184543019636,0.5022658815956482
-16.0,11.220184543019636,0.5022658653724922
-15.5,11.220184543019636,0.5022658227396327
-15.0,11.220184543019636,0.5022657142526422
-14.5,11.220184543019636,0.5022654469484046
-14.0,11.220184543019636,0.5022648092770907
-13.5,11.220184543019636,0.5022633365740341
-13.0,11.220184543019636,0.5022600441086722
-12.5,11.220184543019636,0.5022529193390174
-12.0,11.220184543019636,0.5022379977668202
-11.5,11.220184543019636,0.5022077567184424
-11.0,11.220184543019636,0.5021484567193949
-10.5,11.220184543019636,0.5020359660246081
-10.0,11.220184543019636,0.501829570237775
-9.5,11.220184543019636,0.5014633744604063
-9.0,11.220184543019636,0.5008352507366678
-8.5,11.220184543019636,0.49979396643333146
-8.0,11.220184543019636,0.49812619650068046
-7.5,11.220184543019636,0.4955465036996097
-7.0,11.220184543019636,0.4916948110657647
-6.5,11.220184543019636,0.4861469190835668
-6.0,11.220184543019636,0.47844359487090277
-5.5,11.220184543019636,0.4681420273999832
-5.0,11.220184543019636,0.4548895982667598
-4.5,11.220184543019636,0.4385141209443045
-4.0,11.220184543019636,0.4191179079542448
-3.5,11.220184543019636,0.3971569917891708
-3.0,11.220184543019636,0.373483775693983
-2.5,11.220184543019636,0.34933334513578984
-2.0,11.220184543019636,0.32624160972567745
-1.5,11.220184543019636,0.30589661512622185
-1.0,11.220184543019636,0.28994007833399277
-0.5,11.220184543019636,0.2797503498393862
0.0,11.220184543019636,0.2762462399442092
0.5,11.220184543019636,0.2797503498393862
1.0,11.220184543019636,0.28994007833399277
1.5,11.220184543019636,0.30589661512622185
2.0,11.220184543019636,0.32624160972567745
2.5,11.220184543019636,0.34933334513578984
3.0,11.220184543019636,0.373483775693983
3.5,11.220184543019636,0.3971569917891708
4.0,11.220184543019636,0.4191179079542448
4.5,11.220184543019636,0.4385141209443045
5.0,11.220184543019636,0.4548895982667598
5.5,11.220184543019636,0.4681420273999832
6.0,11.220184543019636,0.47844359487090277
6.5,11.220184543019636,0.4861469190835668
7.0,11.220184543019636,0.4916948110657647
7.5,11.220184543019636,0.4955465036996097
8.0,11.220184543019636,0.49812619650068046
8.5,11.220184543019636,0.49979396643333146
9.0,11.220184543019636,0.5008352507366678
9.5,11.220184543019636,0.5014633744604063
10.0,11.220184543019636,0.501829570237775
10.5,11.220184543019636,0.5020359660246081
11.0,11.220184543019636,0.5021484567193949
11.5,11.220184543019636,0.5022077567184424
12.0,11.220184543019636,0.5022379977668202
12.5,11.220184543019636,0.5022529193390174
13.0,11.220184543019636,0.5022600441086722
13.5,11.220184543019636,0.5022633365740341
14.0,11.220184543019636,0.5022648092770907
14.5,11.220184543019636,0.5022654469484046
15.0,11.220184543019636,0.5022657142526422
15.5,11.220184543019636,0.5022658227396327
16.0,11.220184543019636,0.5022658653724922
16.5,11.220184543019636,0.5022658815956482
17.0,11.220184543019636,0.5022658875739352
17.5,11.220184543019636,0.502265889707436
18.0,11.220184543019636,0.5022658904448399
18.5,11.220184543019636,0.502265890691691
19.0,11.220184543019636,0.5022658907717297
19.5,11.220184543019636,0.5022658907968669
20.0,11.220184543019636,0.5022658908045141
21.0,11.220184543019636,0.502265890807411
22.0,11.220184543019636,0.5022658908076366
23.0,11.220184543019636,0.502265890807652
24.0,11.220184543019636,0.5022658908076529
25.0,11.220184543019636,0.502265890807653
26.0,11.220184543019636,0.502265890807653
27.0,11.220184543019636,0.502265890807653
28.0,11.220184543019636,0.502265890807653
29.0,11.220184543019636,0.502265890807653
30.0,11.220184543019636,0.502265890807653
31.0,11.220184543019636,0.502265890807653
32.0,11.220184543019636,0.502265890807653
33.0,11.220184543019636,0.502265890807653
34.0,11.220184543019636,0.502265890807653
35.0,11.220184543019636,0.502265890807653
36.0,11.220184543019636,0.502265890807653
37.0,11.220184543019636,0.502265890807653
38.0,11.220184543019636,0.502265890807653
39.0,11.220184543019636,0.502265890807653
40.0,11.220184543019636,0.502265890807653
41.0,11.220184543019636,0.502265890807653
42.0,11.220184543019636,0.502265890807653
43.0,11.220184543019636,0.502265890807653
44.0,11.220184543019636,0.502265890807653
45.0,11.220184543019636,0.502265890807653
46.0,11.220184543019636,0.502265890807653
47.0,11.220184543019636,0.502265890807653
48.0,11.220184543019636,0.502265890807653
49.0,11.220184543019636,0.502265890807653
50.0,11.220184543019636,0.502265890807653
51.0,11.220184543019636,0.502265890807653
52.0,11.220184543019636,0.502265890807653
53.0,11.220184543019636,0.502265890807653
54.0,11.220184543019636,0.502265890807653
55.0,11.220184543019636,0.502265890807653
56.0,11.220184543019636,0.502265890807653
57.0,11.220184543019636,0.502265890807653
58.0,11.220184543019636,0.502265890807653
59.0,11.220184543019636,0.502265890807653
60.0,11.220184543019636,0.502265890807653
61.0,11.220184543019636,0.502265890807653
62.0,11.220184543019636,0.502265890807653
63.0,11.220184543019636,0.502265890807653
64.0,11.220184543019636,0.502265890807653
65.0,11.220184543019636,0.502265890807653
66.0,11.220184543019636,0.502265890807653
67.0,11.220184543019636,0.502265890807653
68.0,11.220184543019636,0.502265890807653
69.0,11.220184543019636,0.502265890807653
70.0,11.220184543019636,0.502265890807653
71.0,11.220184543019636,0.502265890807653
72.0,11.220184543019636,0.502265890807653
73.0,11.220184543019636,0.502265890807653
74.0,11.220184543019636,0.502265890807653
75.0,11.220184543019636,0.502265890807653
76.0,11.220184543019636,0.502265890807653
77.0,11.220184543019636,0.502265890807653
78.0,11.220184543019636,0.502265890807653
79.0,11.220184543019636,0.502265890807653
80.0,11.220184543019636,0.502265890807653
81.0,11.220184543019636,0.502265890807653
82.0,11.220184543019636,0.502265890807653
83.0,11.220184543019636,0.502265890807653
84.0,11.220184543019636,0.502265890807653
85.0,11.220184543019636,0.502265890807653
86.0,11.220184543019636,0.502265890807653
87.0,11.220184543019636,0.502265890807653
88.0,11.220184543019636,0.502265890807653
89.0,11.220184543019636,0.502265890807653
90.0,11.220184543019636,0.502265890807653
91.0,11.220184543019636,0.502265890807653
92.0,11.220184543019636,0.502265890807653
93.0,11.220184543019636,0.502265890807653
94.0,11.220184543019636,0.502265890807653
95.0,11.220184543019636,0.502265890807653
96.0,11.220184543019636,0.502265890807653
97.0,11.220184543019636,0.502265890807653
98.0,11.220184543019636,0.502265890807653
99.0,11.220184543019636,0.502265890807653
100.0,11.220184543019636,0.502265890807653
-100.0,12.589254117941675,0.5104113001734157
-99.0,12.589254117941675,0.5104113001734157
-98.0,12.589254117941675,0.5104113001734157
-97.0,12.589254117941675,0.5104113001734157
-96.0,12.589254117941675,0.5104113001734157
-95.0,12.589254117941675,0.5104113001734157
-94.0,12.589254117941675,0.5104113001734157
-93.0,12.589254117941675,0.5104113001734157
-92.0,12.589254117941675,0.5104113001734157
-91.0,12.589254117941675,0.5104113001734157
-90.0,12.589254117941675,0.5104113001734157
-89.0,12.589254117941675,0.5104113001734157
-88.0,12.589254117941675,0.5104113001734157
-87.0,12.589254117941675,0.5104113001734157
-86.0,12.589254117941675,0.5104113001734157
-85.0,12.589254117941675,0.5104113001734157
-84.0,12.589254117941675,0.5104113001734157
-83.0,12.589254117941675,0.5104113001734157
-82.0,12.589254117941675,0.5104113001734157
-81.0,12.589254117941675,0.5104113001734157
-80.0,12.589254117941675,0.5104113001734157
-79.0,12.589254117941675,0.5104113001734157
-78.0,12.589254117941675,0.5104113001734157
-77.0,12.589254117941675,0.5104113001734157
-76.0,12.589254117941675,0.5104113001734157
-75.0,12.589254117941675,0.5104113001734157
-74.0,12.589254117941675,0.5104113001734157
-73.0,12.589254117941675,0.5104113001734157
-72.0,12.589254117941675,0.5104113001734157
-71.0,12.589254117941675,0.5104113001734157
-70.0,12.589254117941675,0.5104113001734157
-69.0,12.589254117941675,0.5104113001734157
-68.0,12.589254117941675,0.5104113001734157
-67.0,12.589254117941675,0.5104113001734157
-66.0,12.589254117941675,0.5104113001734157
-65.0,12.589254117941675,0.5104113001734157
-64.0,12.589254117941675,0.5104113001734157
-63.0,12.589254117941675,0.5104113001734157
-62.0,12.589254117941675,0.5104113001734157
-61.0,12.589254117941675,0.5104113001734157
-60.0,12.589254117941675,0.5104113001734157
-59.0,12.589254117941675,0.5104113001734157
-58.0,12.589254117941675,0.5104113001734157
-57.0,12.589254117941675,0.5104113001734157
-56.0,12.589254117941675,0.5104113001734157
-55.0,12.589254117941675,0.5104113001734157
-54.0,12.589254117941675,0.5104113001734157
-53.0,12.589254117941675,0.5104113001734157
-52.0,12.589254117941675,0.5104113001734157
-51.0,12.589254117941675,0.5104113001734157
-50.0,12.589254117941675,0.5104113001734157
-49.0,12.589254117941675,0.5104113001734157
-48.0,12.589254117941675,0.5104113001734157
-47.0,12.589254117941675,0.5104113001734157
-46.0,12.589254117941675,0.5104113001734157
-45.0,12.589254117941675,0.5104113001734157
-44.0,12.589254117941675,0.5104113001734157
-43.0,12.589254117941675,0.5104113001734157
-42.0,12.589254117941675,0.5104113001734157
-41.0,12.589254117941675,0.5104113001734157
-40.0,12.589254117941675,0.5104113001734157
-39.0,12.589254117941675,0.5104113001734157
-38.0,12.589254117941675,0.5104113001734157
-37.0,12.589254117941675,0.5104113001734157
-36.0,12.589254117941675,0.5104113001734157
-35.0,12.589254117941675,0.5104113001734157
-34.0,12.589254117941675,0.5104113001734157
-33.0,12.589254117941675,0.5104113001734157
-32.0,12.589254117941675,0.5104113001734157
-31.0,12.589254117941675,0.5104113001734157
-30.0,12.589254117941675,0.5104113001734157
-29.0,12.589254117941675,0.5104113001734157
-28.0,12.589254117941675,0.5104113001734157
-27.0,12.589254117941675,0.5104113001734157
-26.0,12.589254117941675,0.5104113001734157
-25.0,12.589254117941675,0.5104113001734157
-24.0,12.589254117941675,0.5104113001734156
-23.0,12.589254117941675,0.5104113001734147
-22.0,12.589254117941675,0.510411300173399
-21.0,12.589254117941675,0.5104113001731697
-20.0,12.589254117941675,0.5104113001702258
-19.5,12.589254117941675,0.5104113001624547
-19.0,12.589254117941675,0.5104113001369098
-18.5,12.589254117941675,0.5104113000555731
-18.0,12.589254117941675,0.5104112998047188
-17.5,12.589254117941675,0.5104112990553561
-17.0,12.589254117941675,0.5104112968872557
-16.5,12.589254117941675,0.5104112908120169
-16.0,12.589254117941675,0.5104112743257645
-15.5,12.589254117941675,0.5104112310015142
-15.0,12.589254117941675,0.5104111207551548
-14.5,12.589254117941675,0.5104108491159575
-14.0,12.589254117941675,0.5104102011033204
-13.5,12.589254117941675,0.5104087045169592
-13.0,12.589254117941675,0.5104053586566153
-12.5,12.589254117941675,0.5103981183422529
-12.0,12.589254117941675,0.5103829547820646
-11.5,12.589254117941675,0.5103522233047663
-11.0,12.589254117941675,0.5102919616183407
-10.5,12.589254117941675,0.5101776466253571
-10.0,12.589254117941675,0.5099679036508971
-9.5,12.589254117941675,0.5095957691574633
-9.0,12.589254117941675,0.5089574589469339
-8.5,12.589254117941675,0.5078992877972638
-8.0,12.589254117941675,0.5062044710969983
-7.5,12.589254117941675,0.5035829425784575
-7.0,12.589254117941675,0.4996687857920034
-6.5,12.589254117941675,0.4940309218404978
-6.0,12.589254117941675,0.4862026703127648
-5.5,12.589254117941675,0.4757340389705066
-5.0,12.589254117941675,0.4622666908822905
-4.5,12.589254117941675,0.4456256471162595
-4.0,12.589254117941675,0.42591487942949224
-3.5,12.589254117941675,0.40359781594188343
-3.0,12.589254117941675,0.3795406835990894
-2.5,12.589254117941675,0.35499859765107955
-2.0,12.589254117941675,0.3315323760548182
-1.5,12.589254117941675,0.310857440058605
-1.0,12.589254117941675,0.2946421309176831
-0.5,12.589254117941675,0.28428715228080415
0.0,12.589254117941675,0.2807262150953787
0.5,12.589254117941675,0.28428715228080415
1.0,12.589254117941675,0.2946421309176831
1.5,12.589254117941675,0.310857440058605
2.0,12.589254117941675,0.3315323760548182
2.5,12.589254117941675,0.35499859765107955
3.0,12.589254117941675,0.3795406835990894
3.5,12.589254117941675,0.40359781594188343
4.0,12.589254117941675,0.42591487942949224
4.5,12.589254117941675,0.4456256471162595
5.0,12.589254117941675,0.4622666908822905
5.5,12.589254117941675,0.4757340389705066
6.0,12.589254117941675,0.4862026703127648
6.5,12.589254117941675,0.4940309218404978
7.0,12.589254117941675,0.4996687857920034
7.5,12.589254117941675,0.5035829425784575
8.0,12.589254117941675,0.5062044710969983
8.5,12.589254117941675,0.5078992877972638
9.0,12.589254117941675,0.5089574589469339
9.5,12.589254117941675,0.5095957691574633
10.0,12.589254117941675,0.5099679036508971
10.5,12.589254117941675,0.5101776466253571
11.0,12.589254117941675,0.5102919616183407
11.5,12.589254117941675,0.5103522233047663
12.0,12.589254117941675,0.5103829547820646
12.5,12.589254117941675,0.5103981183422529
13.0,12.589254117941675,0.5104053586566153
13.5,12.589254117941675,0.5104087045169592
14.0,12.589254117941675,0.5104102011033204
14.5,12.589254117941675,0.5104108491159575
15.0,12.589254117941675,0.5104111207551548
15.5,12.589254117941675,0.5104112310015142
16.0,12.589254117941675,0.5104112743257645
16.5,12.589254117941675,0.5104112908120169
17.0,12.589254117941675,0.5104112968872557
17.5,12.589254117941675,0.5104112990553561
18.0,12.589254117941675,0.5104112998047188
18.5,12.589254117941675,0.5104113000555731
19.0,12.589254117941675,0.5104113001369098
19.5,12.589254117941675,0.5104113001624547
20.0,12.589254117941675,0.5104113001702258
21.0,12.589254117941675,0.5104113001731697
22.0,12.589254117941675,0.510411300173399
23.0,12.589254117941675,0.5104113001734147
24.0,12.589254117941675,0.5104113001734156
25.0,12.589254117941675,0.5104113001734157
26.0,12.589254117941675,0.5104113001734157
27.0,12.589254117941675,0.5104113001734157
28.0,12.589254117941675,0.5104113001734157
29.0,12.589254117941675,0.5104113001734157
30.0,12.589254117941675,0.5104113001734157
31.0,12.589254117941675,0.5104113001734157
32.0,12.589254117941675,0.5104113001734157
33.0,12.589254117941675,0.5104113001734157
34.0,12.589254117941675,0.5104113001734157
35.0,12.589254117941675,0.5104113001734157
36.0,12.589254117941675,0.5104113001734157
37.0,12.589254117941675,0.5104113001734157
38.0,12.589254117941675,0.5104113001734157
39.0,12.589254117941675,0.5104113001734157
40.0,12.589254117941675,0.5104113001734157
41.0,12.589254117941675,0.5104113001734157
42.0,12.589254117941675,0.5104113001734157
43.0,12.589254117941675,0.5104113001734157
44.0,12.589254117941675,0.5104113001734157
45.0,12.589254117941675,0.5104113001734157
46.0,12.589254117941675,0.5104113001734157
47.0,12.589254117941675,0.5104113001734157
48.0,12.589254117941675,0.5104113001734157
49.0,12.589254117941675,0.5104113001734157
50.0,12.589254117941675,0.5104113001734157
51.0,12.589254117941675,0.5104113001734157
52.0,12.589254117941675,0.5104113001734157
53.0,12.589254117941675,0.5104113001734157
54.0,12.589254117941675,0.5104113001734157
55.0,12.589254117941675,0.5104113001734157
56.0,12.589254117941675,0.5104113001734157
57.0,12.589254117941675,0.5104113001734157
58.0,12.589254117941675,0.5104113001734157
59.0,12.589254117941675,0.5104113001734157
60.0,12.589254117941675,0.5104113001734157
61.0,12.589254117941675,0.5104113001734157
62.0,12.589254117941675,0.5104113001734157
63.0,12.589254117941675,0.5104113001734157
64.0,12.589254117941675,0.5104113001734157
65.0,12.589254117941675,0.5104113001734157
66.0,12.589254117941675,0.5104113001734157
67.0,12.589254117941675,0.5104113001734157
68.0,12.589254117941675,0.5104113001734157
69.0,12.589254117941675,0.5104113001734157
70.0,12.589254117941675,0.5104113001734157
71.0,12.589254117941675,0.5104113001734157
72.0,12.589254117941675,0.5104113001734157
73.0,12.589254117941675,0.5104113001734157
74.0,12.589254117941675,0.5104113001734157
75.0,12.589254117941675,0.5104113001734157
76.0,12.589254117941675,0.5104113001734157
77.0,12.589254117941675,0.5104113001734157
78.0,12.589254117941675,0.5104113001734157
79.0,12.589254117941675,0.5104113001734157
80.0,12.589254117941675,0.5104113001734157
81.0,12.589254117941675,0.5104113001734157
82.0,12.589254117941675,0.5104113001734157
83.0,12.589254117941675,0.5104113001734157
84.0,12.589254117941675,0.5104113001734157
85.0,12.589254117941675,0.5104113001734157
86.0,12.589254117941675,0.5104113001734157
87.0,12.589254117941675,0.5104113001734157
88.0,12.589254117941675,0.5104113001734157
89.0,12.589254117941675,0.5104113001734157
90.0,12.589254117941675,0.5104113001734157
91.0,12.589254117941675,0.5104113001734157
92.0,12.589254117941675,0.5104113001734157
93.0,12.589254117941675,0.5104113001734157
94.0,12.589254117941675,0.5104113001734157
95.0,12.589254117941675,0.5104113001734157
96.0,12.589254117941675,0.5104113001734157
97.0,12.589254117941675,0.5104113001734157
98.0,12.589254117941675,0.5104113001734157
99.0,12.589254117941675,0.5104113001734157
100.0,12.589254117941675,0.5104113001734157
-100.0,14.125375446227547,0.525404212563954
-99.0,14.125375446227547,0.525404212563954
-98.0,14.125375446227547,0.525404212563954
-97.0,14.125375446227547,0.525404212563954
-96.0,14.125375446227547,0.525404212563954
-95.0,14.125375446227547,0.525404212563954
-94.0,14.125375446227547,0.525404212563954
-93.0,14.125375446227547,0.525404212563954
-92.0,14.125375446227547,0.525404212563954
-91.0,14.125375446227547,0.525404212563954
-90.0,14.125375446227547,0.525404212563954
-89.0,14.125375446227547,0.525404212563954
-88.0,14.125375446227547,0.525404212563954
-87.0,14.125375446227547,0.525404212563954
-86.0,14.125375446227547,0.525404212563954
-85.0,14.125375446227547,0.525404212563954
-84.0,14.125375446227547,0.525404212563954
-83.0,14.125375446227547,0.525404212563954
-82.0,14.125375446227547,0.525404212563954
-81.0,14.125375446227547,0.525404212563954
-80.0,14.125375446227547,0.525404212563954
-79.0,14.125375446227547,0.525404212563954
-78.0,14.125375446227547,0.525404212563954
-77.0,14.125375446227547,0.525404212563954
-76.0,14.125375446227547,0.525404212563954
-75.0,14.125375446227547,0.525404212563954
-74.0,14.125375446227547,0.525404212563954
-73.0,14.125375446227547,0.525404212563954
-72.0,14.125375446227547,0.525404212563954
-71.0,14.125375446227547,0.525404212563954
-70.0,14.125375446227547,0.525404212563954
-69.0,14.125375446227547,0.525404212563954
-68.0,14.125375446227547,0.525404212563954
-67.0,14.125375446227547,0.525404212563954
-66.0,14.125375446227547,0.525404212563954
-65.0,14.125375446227547,0.525404212563954
-64.0,14.125375446227547,0.525404212563954
-63.0,14.125375446227547,0.525404212563954
-62.0,14.125375446227547,0.525404212563954
-61.0,14.125375446227547,0.525404212563954
-60.0,14.125375446227547,0.525404212563954
-59.0,14.125375446227547,0.525404212563954
-58.0,14.125375446227547,0.525404212563954
-57.0,14.125375446227547,0.525404212563954
-56.0,14.125375446227547,0.525404212563954
-55.0,14.125375446227547,0.525404212563954
-54.0,14.125375446227547,0.525404212563954
-53.0,14.125375446227547,0.525404212563954
-52.0,14.125375446227547,0.525404212563954
-51.0,14.125375446227547,0.525404212563954
-50.0,14.125375446227547,0.525404212563954
-49.0,14.125375446227547,0.525404212563954
-48.0,14.125375446227547,0.525404212563954
-47.0,14.125375446227547,0.525404212563954
-46.0,14.125375446227547,0.525404212563954
-45.0,14.125375446227547,0.525404212563954
-44.0,14.125375446227547,0.525404212563954
-43.0,14.125375446227547,0.525404212563954
-42.0,14.125375446227547,0.525404212563954
-41.0,14.125375446227547,0.525404212563954
-40.0,14.125375446227547,0.525404212563954
-39.0,14.125375446227547,0.525404212563954
-38.0,14.125375446227547,0.525404212563954
-37.0,14.125375446227547,0.525404212563954
-36.0,14.125375446227547,0.525404212563954
-35.0,14.125375446227547,0.525404212563954
-34.0,14.125375446227547,0.525404212563954
-33.0,14.125375446227547,0.525404212563954
-32.0,14.125375446227547,0.525404212563954
-31.0,14.125375446227547,0.525404212563954
-30.0,14.125375446227547,0.525404212563954
-29.0,14.125375446227547,0.525404212563954
-28.0,14.125375446227547,0.525404212563954
-27.0,14.125375446227547,0.525404212563954
-26.0,14.125375446227547,0.525404212563954
-25.0,14.125375446227547,0.525404212563954
-24.0,14.125375446227547,0.5254042125639539
-23.0,14.125375446227547,0.525404212563953
-22.0,14.125375446227547,0.5254042125639368
-21.0,14.125375446227547,0.5254042125637007
-20.0,14.125375446227547,0.5254042125606704
-19.5,14.125375446227547,0.525404212552671
-19.0,14.125375446227547,0.5254042125263757
-18.5,14.125375446227547,0.5254042124426498
-18.0,14.125375446227547,0.5254042121844269
-17.5,14.125375446227547,0.5254042114130523
-17.0,14.125375446227547,0.5254042091812656
-16.5,14.125375446227547,0.5254042029275717
-16.0,14.125375446227547,0.5254041859570493
-15.5,14.125375446227547,0.5254041413601847
-15.0,14.125375446227547,0.5254040278754291
-14.5,14.125375446227547,0.5254037482570536
-14.0,14.125375446227547,0.525403081209578
-13.5,14.125375446227547,0.5254015406622226
-13.0,14.125375446227547,0.5253980965199814
-12.5,14.125375446227547,0.5253906435273361
-12.0,14.125375446227547,0.5253750345500315
-11.5,14.125375446227547,0.5253434003608484
-11.0,14.125375446227547,0.5252813685369184
-10.5,14.125375446227547,0.5251636956349816
-10.0,14.125375446227547,0.5249477916330529
-9.5,14.125375446227547,0.5245647259947648
-9.0,14.125375446227547,0.5239076659464845
-8.5,14.125375446227547,0.5228184118890971
-8.0,14.125375446227547,0.5210738113413805
-7.5,14.125375446227547,0.518375277577473
-7.0,14.125375446227547,0.5143461456528075
-6.5,14.125375446227547,0.508542674081984
-6.0,14.125375446227547,0.500484474100354
-5.5,14.125375446227547,0.4897083353175082
-5.0,14.125375446227547,0.4758453949492017
-4.5,14.125375446227547,0.45871553420128486
-4.0,14.125375446227547,0.43842577891573686
-3.5,14.125375446227547,0.41545317003254195
-3.0,14.125375446227547,0.39068937920185676
-2.5,14.125375446227547,0.3654263896524287
-2.0,14.125375446227547,0.341270867085734
-1.5,14.125375446227547,0.31998862183918503
-1.0,14.125375446227547,0.30329700132104104
-0.5,14.125375446227547,0.2926378536983738
0.0,14.125375446227547,0.2889723169101747
0.5,14.125375446227547,0.2926378536983738
1.0,14.125375446227547,0.30329700132104104
1.5,14.125375446227547,0.31998862183918503
2.0,14.125375446227547,0.341270867085734
2.5,14.125375446227547,0.3654263896524287
3.0,14.125375446227547,0.39068937920185676
3.5,14.125375446227547,0.41545317003254195
4.0,14.125375446227547,0.43842577891573686
4.5,14.125375446227547,0.45871553420128486
5.0,14.125375446227547,0.4758453949492017
5.5,14.125375446227547,0.4897083353175082
6.0,14.125375446227547,0.500484474100354
6.5,14.125375446227547,0.508542674081984
7.0,14.125375446227547,0.5143461456528075
7.5,14.125375446227547,0.518375277577473
8.0,14.125375446227547,0.5210738113413805
8.5,14.125375446227547,0.5228184118890971
9.0,14.125375446227547,0.5239076659464845
9.5,14.125375446227547,0.5245647259947648
10.0,14.125375446227547,0.5249477916330529
10.5,14.125375446227547,0.5251636956349816
11.0,14.125375446227547,0.5252813685369184
11.5,14.125375446227547,0.5253434003608484
12.0,14.125375446227547,0.5253750345500315
12.5,14.125375446227547,0.5253906435273361
13.0,14.125375446227547,0.5253980965199814
13.5,14.125375446227547,0.5254015406622226
14.0,14.125375446227547,0.525403081209578
14.5,14.125375446227547,0.5254037482570536
15.0,14.125375446227547,0.5254040278754291
15.5,14.125375446227547,0.5254041413601847
16.0,14.125375446227547,0.5254041859570493
16.5,14.125375446227547,0.5254042029275717
17.0,14.125375446227547,0.5254042091812656
17.5,14.125375446227547,0.5254042114130523
18.0,14.125375446227547,0.5254042121844269
18.5,14.125375446227547,0.5254042124426498
19.0,14.125375446227547,0.5254042125263757
19.5,14.125375446227547,0.525404212552671
20.0,14.125375446227547,0.5254042125606704
21.0,14.125375446227547,0.5254042125637007
22.0,14.125375446227547,0.5254042125639368
23.0,14.125375446227547,0.525404212563953
24.0,14.125375446227547,0.5254042125639539
25.0,14.125375446227547,0.525404212563954
26.0,14.125375446227547,0.525404212563954
27.0,14.125375446227547,0.525404212563954
28.0,14.125375446227547,0.525404212563954
29.0,14.125375446227547,0.525404212563954
30.0,14.125375446227547,0.525404212563954
31.0,14.125375446227547,0.525404212563954
32.0,14.125375446227547,0.525404212563954
33.0,14.125375446227547,0.525404212563954
34.0,14.125375446227547,0.525404212563954
35.0,14.125375446227547,0.525404212563954
36.0,14.125375446227547,0.525404212563954
37.0,14.125375446227547,0.525404212563954
38.0,14.125375446227547,0.525404212563954
39.0,14.125375446227547,0.525404212563954
40.0,14.125375446227547,0.525404212563954
41.0,14.125375446227547,0.525404212563954
42.0,14.125375446227547,0.525404212563954
43.0,14.125375446227547,0.525404212563954
44.0,14.125375446227547,0.525404212563954
45.0,14.125375446227547,0.525404212563954
46.0,14.125375446227547,0.525404212563954
47.0,14.125375446227547,0.525404212563954
48.0,14.125375446227547,0.525404212563954
49.0,14.125375446227547,0.525404212563954
50.0,14.125375446227547,0.525404212563954
51.0,14.125375446227547,0.525404212563954
52.0,14.125375446227547,0.525404212563954
53.0,14.125375446227547,0.525404212563954
54.0,14.125375446227547,0.525404212563954
55.0,14.125375446227547,0.525404212563954
56.0,14.125375446227547,0.525404212563954
57.0,14.125375446227547,0.525404212563954
58.0,14.125375446227547,0.525404212563954
59.0,14.125375446227547,0.525404212563954
60.0,14.125375446227547,0.525404212563954
61.0,14.125375446227547,0.525404212563954
62.0,14.125375446227547,0.525404212563954
63.0,14.125375446227547,0.525404212563954
64.0,14.125375446227547,0.525404212563954
65.0,14.125375446227547,0.525404212563954
66.0,14.125375446227547,0.525404212563954
67.0,14.125375446227547,0.525404212563954
68.0,14.125375446227547,0.525404212563954
69.0,14.125375446227547,0.525404212563954
70.0,14.125375446227547,0.525404212563954
71.0,14.125375446227547,0.525404212563954
72.0,14.125375446227547,0.525404212563954
73.0,14.125375446227547,0.525404212563954
74.0,14.125375446227547,0.525404212563954
75.0,14.125375446227547,0.525404212563954
76.0,14.125375446227547,0.525404212563954
77.0,14.125375446227547,0.525404212563954
78.0,14.125375446227547,0.525404212563954
79.0,14.125375446227547,0.525404212563954
80.0,14.125375446227547,0.525404212563954
81.0,14.125375446227547,0.525404212563954
82.0,14.125375446227547,0.525404212563954
83.0,14.125375446227547,0.525404212563954
84.0,14.125375446227547,0.525404212563954
85.0,14.125375446227547,0.525404212563954
86.0,14.125375446227547,0.525404212563954
87.0,14.125375446227547,0.525404212563954
88.0,14.125375446227547,0.525404212563954
89.0,14.125375446227547,0.525404212563954
90.0,14.125375446227547,0.525404212563954
91.0,14.125375446227547,0.525404212563954
92.0,14.125375446227547,0.525404212563954
93.0,14.125375446227547,0.525404212563954
94.0,14.125375446227547,0.525404212563954
95.0,14.125375446227547,0.525404212563954
96.0,14.125375446227547,0.525404212563954
97.0,14.125375446227547,0.525404212563954
98.0,14.125375446227547,0.525404212563954
99.0,14.125375446227547,0.525404212563954
100.0,14.125375446227547,0.525404212563954
-100.0,15.848931924611142,0.5478377735303321
-99.0,15.848931924611142,0.5478377735303321
-98.0,15.848931924611142,0.5478377735303321
-97.0,15.848931924611142,0.5478377735303321
-96.0,15.848931924611142,0.5478377735303321
-95.0,15.848931924611142,0.5478377735303321
-94.0,15.848931924611142,0.5478377735303321
-93.0,15.848931924611142,0.5478377735303321
-92.0,15.848931924611142,0.5478377735303321
-91.0,15.848931924611142,0.5478377735303321
-90.0,15.848931924611142,0.5478377735303321
-89.0,15.848931924611142,0.5478377735303321
-88.0,15.848931924611142,0.5478377735303321
-87.0,15.848931924611142,0.5478377735303321
-86.0,15.848931924611142,0.5478377735303321
-85.0,15.848931924611142,0.5478377735303321
-84.0,15.848931924611142,0.5478377735303321
-83.0,15.848931924611142,0.5478377735303321
-82.0,15.848931924611142,0.5478377735303321
-81.0,15.848931924611142,0.5478377735303321
-80.0,15.848931924611142,0.5478377735303321
-79.0,15.848931924611142,0.5478377735303321
-78.0,15.848931924611142,0.5478377735303321
-77.0,15.848931924611142,0.5478377735303321
-76.0,15.848931924611142,0.5478377735303321
-75.0,15.848931924611142,0.5478377735303321
-74.0,15.848931924611142,0.5478377735303321
-73.0,15.848931924611142,0.5478377735303321
-72.0,15.848931924611142,0.5478377735303321
-71.0,15.848931924611142,0.5478377735303321
-70.0,15.848931924611142,0.5478377735303321
-69.0,15.848931924611142,0.5478377735303321
-68.0,15.848931924611142,0.5478377735303321
-67.0,15.848931924611142,0.5478377735303321
-66.0,15.848931924611142,0.5478377735303321
-65.0,15.848931924611142,0.5478377735303321
-64.0,15.848931924611142,0.5478377735303321
-63.0,15.848931924611142,0.5478377735303321
-62.0,15.848931924611142,0.5478377735303321
-61.0,15.848931924611142,0.5478377735303321
-60.0,15.848931924611142,0.5478377735303321
-59.0,15.848931924611142,0.5478377735303321
-58.0,15.848931924611142,0.5478377735303321
-57.0,15.848931924611142,0.5478377735303321
-56.0,15.848931924611142,0.5478377735303321
-55.0,15.848931924611142,0.5478377735303321
-54.0,15.848931924611142,0.5478377735303321
-53.0,15.848931924611142,0.5478377735303321
-52.0,15.848931924611142,0.5478377735303321
-51.0,15.848931924611142,0.5478377735303321
-50.0,15.848931924611142,0.5478377735303321
-49.0,15.848931924611142,0.5478377735303321
-48.0,15.848931924611142,0.5478377735303321
-47.0,15.848931924611142,0.5478377735303321
-46.0,15.848931924611142,0.5478377735303321
-45.0,15.848931924611142,0.5478377735303321
-44.0,15.848931924611142,0.5478377735303321
-43.0,15.848931924611142,0.5478377735303321
-42.0,15.848931924611142,0.5478377735303321
-41.0,15.848931924611142,0.5478377735303321
-40.0,15.848931924611142,0.5478377735303321
-39.0,15.848931924611142,0.5478377735303321
-38.0,15.848931924611142,0.5478377735303321
-37.0,15.848931924611142,0.5478377735303321
-36.0,15.848931924611142,0.5478377735303321
-35.0,15.848931924611142,0.5478377735303321
-34.0,15.848931924611142,0.5478377735303321
-33.0,15.848931924611142,0.5478377735303321
-32.0,15.848931924611142,0.5478377735303321
-31.0,15.848931924611142,0.5478377735303321
-30.0,15.848931924611142,0.5478377735303321
-29.0,15.848931924611142,0.5478377735303321
-28.0,15.848931924611142,0.5478377735303321
-27.0,15.848931924611142,0.5478377735303321
-26.0,15.848931924611142,0.5478377735303321
-25.0,15.848931924611142,0.5478377735303321
-24.0,15.848931924611142,0.547837773530332
-23.0,15.848931924611142,0.547837773530331
-22.0,15.848931924611142,0.5478377735303142
-21.0,15.848931924611142,0.5478377735300681
-20.0,15.848931924611142,0.5478377735269084
-19.5,15.848931924611142,0.5478377735185673
-19.0,15.848931924611142,0.5478377734911494
-18.5,15.848931924611142,0.5478377734038485
-18.0,15.848931924611142,0.5478377731346001
-17.5,15.848931924611142,0.5478377723302895
-17.0,15.848931924611142,0.5478377700032108
-16.5,15.848931924611142,0.5478377634824984
-16.0,15.848931924611142,0.5478377457873733
-15.5,15.848931924611142,0.5478376992863244
-15.0,15.848931924611142,0.5478375809560287
-14.5,15.848931924611142,0.5478372893985866
-14.0,15.848931924611142,0.547836593869706
-13.5,15.848931924611142,0.5478349875444938
-13.0,15.848931924611142,0.547831396345238
-12.5,15.848931924611142,0.5478236251268136
-12.0,15.848931924611142,0.5478073496817959
-11.5,15.848931924611142,0.5477743647849201
-11.0,15.848931924611142,0.5477096843436576
-10.5,15.848931924611142,0.5475869870773237
-10.0,15.848931924611142,0.54736186446718
-9.5,15.848931924611142,0.5469624428002473
-9.0,15.848931924611142,0.5462773277872387
-8.5,15.848931924611142,0.5451415650671493
-8.0,15.848931924611142,0.5433224740570168
-7.5,15.848931924611142,0.5405087190591246
-7.0,15.848931924611142,0.5363075523952769
-6.5,15.848931924611142,0.5302562858312131
-6.0,15.848931924611142,0.5218540190982243
-5.5,15.848931924611142,0.5106177637792216
-5.0,15.848931924611142,0.4961629074907743
-4.5,15.848931924611142,0.4783016407772321
-4.0,15.848931924611142,0.45714555923980654
-3.5,15.848931924611142,0.43319207237806817
-3.0,15.848931924611142,0.4073709241869466
-2.5,15.848931924611142,0.38102926263090403
-2.0,15.848931924611142,0.35584235437064926
-1.5,15.848931924611142,0.3336514058156323
-1.0,15.848931924611142,0.316247091189662
-0.5,15.848931924611142,0.30513282228641764
0.0,15.848931924611142,0.3013107754416827
0.5,15.848931924611142,0.30513282228641764
1.0,15.848931924611142,0.316247091189662
1.5,15.848931924611142,0.3336514058156323
2.0,15.848931924611142,0.35584235437064926
2.5,15.848931924611142,0.38102926263090403
3.0,15.848931924611142,0.4073709241869466
3.5,15.848931924611142,0.43319207237806817
4.0,15.848931924611142,0.45714555923980654
4.5,15.848931924611142,0.4783016407772321
5.0,15.848931924611142,0.4961629074907743
5.5,15.848931924611142,0.5106177637792216
6.0,15.848931924611142,0.5218540190982243
6.5,15.848931924611142,0.5302562858312131
7.0,15.848931924611142,0.5363075523952769
7.5,15.848931924611142,0.5405087190591246
8.0,15.848931924611142,0.5433224740570168
8.5,15.848931924611142,0.5451415650671493
9.0,15.848931924611142,0.5462773277872387
9.5,15.848931924611142,0.5469624428002473
10.0,15.848931924611142,0.54736186446718
10.5,15.848931924611142,0.5475869870773237
11.0,15.848931924611142,0.5477096843436576
11.5,15.848931924611142,0.5477743647849201
12.0,15.848931924611142,0.5478073496817959
12.5,15.848931924611142,0.5478236251268136
13.0,15.848931924611142,0.547831396345238
13.5,15.848931924611142,0.5478349875444938
14.0,15.848931924611142,0.547836593869706
14.5,15.848931924611142,0.5478372893985866
15.0,15.848931924611142,0.5478375809560287
15.5,15.848931924611142,0.5478376992863244
16.0,15.848931924611142,0.5478377457873733
16.5,15.848931924611142,0.5478377634824984
17.0,15.848931924611142,0.5478377700032108
17.5,15.848931924611142,0.5478377723302895
18.0,15.848931924611142,0.5478377731346001
18.5,15.848931924611142,0.5478377734038485
19.0,15.848931924611142,0.5478377734911494
19.5,15.848931924611142,0.5478377735185673
20.0,15.848931924611142,0.5478377735269084
21.0,15.848931924611142,0.5478377735300681
22.0,15.848931924611142,0.5478377735303142
23.0,15.848931924611142,0.547837773530331
24.0,15.848931924611142,0.547837773530332
25.0,15.848931924611142,0.5478377735303321
26.0,15.848931924611142,0.5478377735303321
27.0,15.848931924611142,0.5478377735303321
28.0,15.848931924611142,0.5478377735303321
29.0,15.848931924611142,0.5478377735303321
30.0,15.848931924611142,0.5478377735303321
31.0,15.848931924611142,0.5478377735303321
32.0,15.848931924611142,0.5478377735303321
33.0,15.848931924611142,0.5478377735303321
34.0,15.848931924611142,0.5478377735303321
35.0,15.848931924611142,0.5478377735303321
36.0,15.848931924611142,0.5478377735303321
37.0,15.848931924611142,0.5478377735303321
38.0,15.848931924611142,0.5478377735303321
39.0,15.848931924611142,0.5478377735303321
40.0,15.848931924611142,0.5478377735303321
41.0,15.848931924611142,0.5478377735303321
42.0,15.848931924611142,0.5478377735303321
43.0,15.848931924611142,0.5478377735303321
44.0,15.848931924611142,0.5478377735303321
45.0,15.848931924611142,0.5478377735303321
46.0,15.848931924611142,0.5478377735303321
47.0,15.848931924611142,0.5478377735303321
48.0,15.848931924611142,0.5478377735303321
49.0,15.848931924611142,0.5478377735303321
50.0,15.848931924611142,0.5478377735303321
51.0,15.848931924611142,0.5478377735303321
52.0,15.848931924611142,0.5478377735303321
53.0,15.848931924611142,0.5478377735303321
54.0,15.848931924611142,0.5478377735303321
55.0,15.848931924611142,0.5478377735303321
56.0,15.848931924611142,0.5478377735303321
57.0,15.848931924611142,0.5478377735303321
58.0,15.848931924611142,0.5478377735303321
59.0,15.848931924611142,0.5478377735303321
60.0,15.848931924611142,0.5478377735303321
61.0,15.848931924611142,0.5478377735303321
62.0,15.848931924611142,0.5478377735303321
63.0,15.848931924611142,0.5478377735303321
64.0,15.848931924611142,0.5478377735303321
65.0,15.848931924611142,0.5478377735303321
66.0,15.848931924611142,0.5478377735303321
67.0,15.848931924611142,0.5478377735303321
68.0,15.848931924611142,0.5478377735303321
69.0,15.848931924611142,0.5478377735303321
70.0,15.848931924611142,0.5478377735303321
71.0,15.848931924611142,0.5478377735303321
72.0,15.848931924611142,0.5478377735303321
73.0,15.848931924611142,0.5478377735303321
74.0,15.848931924611142,0.5478377735303321
75.0,15.848931924611142,0.5478377735303321
76.0,15.848931924611142,0.5478377735303321
77.0,15.848931924611142,0.5478377735303321
78.0,15.848931924611142,0.5478377735303321
79.0,15.848931924611142,0.5478377735303321
80.0,15.848931924611142,0.5478377735303321
81.0,15.848931924611142,0.5478377735303321
82.0,15.848931924611142,0.5478377735303321
83.0,15.848931924611142,0.5478377735303321
84.0,15.848931924611142,0.5478377735303321
85.0,15.848931924611142,0.5478377735303321
86.0,15.848931924611142,0.5478377735303321
87.0,15.848931924611142,0.5478377735303321
88.0,15.848931924611142,0.5478377735303321
89.0,15.848931924611142,0.5478377735303321
90.0,15.848931924611142,0.5478377735303321
91.0,15.848931924611142,0.5478377735303321
92.0,15.848931924611142,0.5478377735303321
93.0,15.848931924611142,0.5478377735303321
94.0,15.848931924611142,0.5478377735303321
95.0,15.848931924611142,0.5478377735303321
96.0,15.848931924611142,0.5478377735303321
97.0,15.848931924611142,0.5478377735303321
98.0,15.848931924611142,0.5478377735303321
99.0,15.848931924611142,0.5478377735303321
100.0,15.848931924611142,0.5478377735303321
-100.0,17.782794100389236,0.57815791892378
-99.0,17.782794100389236,0.57815791892378
-98.0,17.782794100389236,0.57815791892378
-97.0,17.782794100389236,0.57815791892378
-96.0,17.782794100389236,0.57815791892378
-95.0,17.782794100389236,0.57815791892378
-94.0,17.782794100389236,0.57815791892378
-93.0,17.782794100389236,0.57815791892378
-92.0,17.782794100389236,0.57815791892378
-91.0,17.782794100389236,0.57815791892378
-90.0,17.782794100389236,0.57815791892378
-89.0,17.782794100389236,0.57815791892378
-88.0,17.782794100389236,0.57815791892378
-87.0,17.782794100389236,0.57815791892378
-86.0,17.782794100389236,0.57815791892378
-85.0,17.782794100389236,0.57815791892378
-84.0,17.782794100389236,0.57815791892378
-83.0,17.782794100389236,0.57815791892378
-82.0,17.782794100389236,0.57815791892378
-81.0,17.782794100389236,0.57815791892378
-80.0,17.782794100389236,0.57815791892378
-79.0,17.782794100389236,0.57815791892378
-78.0,17.782794100389236,0.57815791892378
-77.0,17.782794100389236,0.57815791892378
-76.0,17.782794100389236,0.57815791892378
-75.0,17.782794100389236,0.57815791892378
-74.0,17.782794100389236,0.57815791892378
-73.0,17.782794100389236,0.57815791892378
-72.0,17.782794100389236,0.57815791892378
-71.0,17.782794100389236,0.57815791892378
-70.0,17.782794100389236,0.57815791892378
-69.0,17.782794100389236,0.57815791892378
-68.0,17.782794100389236,0.57815791892378
-67.0,17.782794100389236,0.57815791892378
-66.0,17.782794100389236,0.57815791892378
-65.0,17.782794100389236,0.57815791892378
-64.0,17.782794100389236,0.57815791892378
-63.0,17.782794100389236,0.57815791892378
-62.0,17.782794100389236,0.57815791892378
-61.0,17.782794100389236,0.57815791892378
-60.0,17.782794100389236,0.57815791892378
-59.0,17.782794100389236,0.57815791892378
-58.0,17.782794100389236,0.57815791892378
-57.0,17.782794100389236,0.57815791892378
-56.0,17.782794100389236,0.57815791892378
-55.0,17.782794100389236,0.57815791892378
-54.0,17.782794100389236,0.57815791892378
-53.0,17.782794100389236,0.57815791892378
-52.0,17.782794100389236,0.57815791892378
-51.0,17.782794100389236,0.57815791892378
-50.0,17.782794100389236,0.57815791892378
-49.0,17.782794100389236,0.57815791892378
-48.0,17.782794100389236,0.57815791892378
-47.0,17.782794100389236,0.57815791892378
-46.0,17.782794100389236,0.57815791892378
-45.0,17.782794100389236,0.57815791892378
-44.0,17.782794100389236,0.57815791892378
-43.0,17.782794100389236,0.57815791892378
-42.0,17.782794100389236,0.57815791892378
-41.0,17.782794100389236,0.57815791892378
-40.0,17.782794100389236,0.57815791892378
-39.0,17.782794100389236,0.57815791892378
-38.0,17.782794100389236,0.57815791892378
-37.0,17.782794100389236,0.57815791892378
-36.0,17.782794100389236,0.57815791892378
-35.0,17.782794100389236,0.57815791892378
-34.0,17.782794100389236,0.57815791892378
-33.0,17.782794100389236,0.57815791892378
-32.0,17.782794100389236,0.57815791892378
-31.0,17.782794100389236,0.57815791892378
-30.0,17.782794100389236,0.57815791892378
-29.0,17.782794100389236,0.57815791892378
-28.0,17.782794100389236,0.57815791892378
-27.0,17.782794100389236,0.57815791892378
-26.0,17.782794100389236,0.57815791892378
-25.0,17.782794100389236,0.57815791892378
-24.0,17.782794100389236,0.5781579189237799
-23.0,17.782794100389236,0.5781579189237789
-22.0,17.782794100389236,0.578157918923761
-21.0,17.782794100389236,0.5781579189235013
-20.0,17.782794100389236,0.5781579189201668
-19.5,17.782794100389236,0.578157918911364
-19.0,17.782794100389236,0.5781579188824286
-18.5,17.782794100389236,0.5781579187902962
-18.0,17.782794100389236,0.5781579185061461
-17.5,17.782794100389236,0.5781579176573209
-17.0,17.782794100389236,0.5781579152014497
-16.5,17.782794100389236,0.5781579083198476
-16.0,17.782794100389236,0.5781578896453838
-15.5,17.782794100389236,0.5781578405707289
-15.0,17.782794100389236,0.5781577156914293
-14.5,17.782794100389236,0.5781574079977067
-14.0,17.782794100389236,0.578156673974699
-13.5,17.782794100389236,0.5781549787472309
-13.0,17.782794100389236,0.5781511887926339
-12.5,17.782794100389236,0.5781429874752205
-12.0,17.782794100389236,0.5781258112638025
-11.5,17.782794100389236,0.5780910008139667
-11.0,17.782794100389236,0.578022740626148
-10.5,17.782794100389236,0.5778932526653158
-10.0,17.782794100389236,0.5776556706180893
-9.5,17.782794100389236,0.5772341429124717
-9.0,17.782794100389236,0.5765111101292593
-8.5,17.782794100389236,0.575312488489122
-8.0,17.782794100389236,0.5733927196751285
-7.5,17.782794100389236,0.5704232370791047
-7.0,17.782794100389236,0.5659895563568541
-6.5,17.782794100389236,0.5596033817398924
-6.0,17.782794100389236,0.5507360905757895
-5.5,17.782794100389236,0.5388779633972497
-5.0,17.782794100389236,0.5236231014036775
-4.5,17.782794100389236,0.5047733008032222
-4.0,17.782794100389236,0.4824463334686441
-3.5,17.782794100389236,0.45716713808621035
-3.0,17.782794100389236,0.4299169154405555
-2.5,17.782794100389236,0.4021173715571637
-2.0,17.782794100389236,0.3755364909252319
-1.5,17.782794100389236,0.35211738173742246
-1.0,17.782794100389236,0.3337498232910559
-0.5,17.782794100389236,0.3220204338806646
0.0,17.782794100389236,0.317986855408079
0.5,17.782794100389236,0.3220204338806646
1.0,17.782794100389236,0.3337498232910559
1.5,17.782794100389236,0.35211738173742246
2.0,17.782794100389236,0.3755364909252319
2.5,17.782794100389236,0.4021173715571637
3.0,17.782794100389236,0.4299169154405555
3.5,17.782794100389236,0.45716713808621035
4.0,17.782794100389236,0.4824463334686441
4.5,17.782794100389236,0.5047733008032222
5.0,17.782794100389236,0.5236231014036775
5.5,17.782794100389236,0.5388779633972497
6.0,17.782794100389236,0.5507360905757895
6.5,17.782794100389236,0.5596033817398924
7.0,17.782794100389236,0.5659895563568541
7.5,17.782794100389236,0.5704232370791047
8.0,17.782794100389236,0.5733927196751285
8.5,17.782794100389236,0.575312488489122
9.0,17.782794100389236,0.5765111101292593
9.5,17.782794100389236,0.5772341429124717
10.0,17.782794100389236,0.5776556706180893
10.5,17.782794100389236,0.5778932526653158
11.0,17.782794100389236,0.578022740626148
11.5,17.782794100389236,0.5780910008139667
12.0,17.782794100389236,0.5781258112638025
12.5,17.782794100389236,0.5781429874752205
13.0,17.782794100389236,0.5781511887926339
13.5,17.782794100389236,0.5781549787472309
14.0,17.782794100389236,0.578156673974699
14.5,17.782794100389236,0.5781574079977067
15.0,17.782794100389236,0.5781577156914293
15.5,17.782794100389236,0.5781578405707289
16.0,17.782794100389236,0.5781578896453838
16.5,17.782794100389236,0.5781579083198476
17.0,17.782794100389236,0.5781579152014497
17.5,17.782794100389236,0.5781579176573209
18.0,17.782794100389236,0.5781579185061461
18.5,17.782794100389236,0.5781579187902962
19.0,17.782794100389236,0.5781579188824286
19.5,17.782794100389236,0.578157918911364
20.0,17.782794100389236,0.5781579189201668
21.0,17.782794100389236,0.5781579189235013
22.0,17.782794100389236,0.578157918923761
23.0,17.782794100389236,0.5781579189237789
24.0,17.782794100389236,0.5781579189237799
25.0,17.782794100389236,0.57815791892378
26.0,17.782794100389236,0.57815791892378
27.0,17.782794100389236,0.57815791892378
28.0,17.782794100389236,0.57815791892378
29.0,17.782794100389236,0.57815791892378
30.0,17.782794100389236,0.57815791892378
31.0,17.782794100389236,0.57815791892378
32.0,17.782794100389236,0.57815791892378
33.0,17.782794100389236,0.57815791892378
34.0,17.782794100389236,0.57815791892378
35.0,17.782794100389236,0.57815791892378
36.0,17.782794100389236,0.57815791892378
37.0,17.782794100389236,0.57815791892378
38.0,17.782794100389236,0.57815791892378
39.0,17.782794100389236,0.57815791892378
40.0,17.782794100389236,0.57815791892378
41.0,17.782794100389236,0.57815791892378
42.0,17.782794100389236,0.57815791892378
43.0,17.782794100389236,0.57815791892378
44.0,17.782794100389236,0.57815791892378
45.0,17.782794100389236,0.57815791892378
46.0,17.782794100389236,0.57815791892378
47.0,17.782794100389236,0.57815791892378
48.0,17.782794100389236,0.57815791892378
49.0,17.782794100389236,0.57815791892378
50.0,17.782794100389236,0.57815791892378
51.0,17.782794100389236,0.57815791892378
52.0,17.782794100389236,0.57815791892378
53.0,17.782794100389236,0.57815791892378
54.0,17.782794100389236,0.57815791892378
55.0,17.782794100389236,0.57815791892378
56.0,17.782794100389236,0.57815791892378
57.0,17.782794100389236,0.57815791892378
58.0,17.782794100389236,0.57815791892378
59.0,17.782794100389236,0.57815791892378
60.0,17.782794100389236,0.57815791892378
61.0,17.782794100389236,0.57815791892378
62.0,17.782794100389236,0.57815791892378
63.0,17.782794100389236,0.57815791892378
64.0,17.782794100389236,0.57815791892378
65.0,17.782794100389236,0.57815791892378
66.0,17.782794100389236,0.57815791892378
67.0,17.782794100389236,0.57815791892378
68.0,17.782794100389236,0.57815791892378
69.0,17.782794100389236,0.57815791892378
70.0,17.782794100389236,0.57815791892378
71.0,17.782794100389236,0.57815791892378
72.0,17.782794100389236,0.57815791892378
73.0,17.782794100389236,0.57815791892378
74.0,17.782794100389236,0.57815791892378
75.0,17.782794100389236,0.57815791892378
76.0,17.782794100389236,0.57815791892378
77.0,17.782794100389236,0.57815791892378
78.0,17.782794100389236,0.57815791892378
79.0,17.782794100389236,0.57815791892378
80.0,17.782794100389236,0.57815791892378
81.0,17.782794100389236,0.57815791892378
82.0,17.782794100389236,0.57815791892378
83.0,17.782794100389236,0.57815791892378
84.0,17.782794100389236,0.57815791892378
85.0,17.782794100389236,0.57815791892378
86.0,17.782794100389236,0.57815791892378
87.0,17.782794100389236,0.57815791892378
88.0,17.782794100389236,0.57815791892378
89.0,17.782794100389236,0.57815791892378
90.0,17.782794100389236,0.57815791892378
91.0,17.782794100389236,0.57815791892378
92.0,17.782794100389236,0.57815791892378
93.0,17.782794100389236,0.57815791892378
94.0,17.782794100389236,0.57815791892378
95.0,17.782794100389236,0.57815791892378
96.0,17.782794100389236,0.57815791892378
97.0,17.782794100389236,0.57815791892378
98.0,17.782794100389236,0.57815791892378
99.0,17.782794100389236,0.57815791892378
100.0,17.782794100389236,0.57815791892378
-100.0,19.952623149688808,0.616727108728836
-99.0,19.952623149688808,0.616727108728836
-98.0,19.952623149688808,0.616727108728836
-97.0,19.952623149688808,0.616727108728836
-96.0,19.952623149688808,0.616727108728836
-95.0,19.952623149688808,0.616727108728836
-94.0,19.952623149688808,0.616727108728836
-93.0,19.952623149688808,0.616727108728836
-92.0,19.952623149688808,0.616727108728836
-91.0,19.952623149688808,0.616727108728836
-90.0,19.952623149688808,0.616727108728836
-89.0,19.952623149688808,0.616727108728836
-88.0,19.952623149688808,0.616727108728836
-87.0,19.952623149688808,0.616727108728836
-86.0,19.952623149688808,0.616727108728836
-85.0,19.952623149688808,0.616727108728836
-84.0,19.952623149688808,0.616727108728836
-83.0,19.952623149688808,0.616727108728836
-82.0,19.952623149688808,0.616727108728836
-81.0,19.952623149688808,0.616727108728836
-80.0,19.952623149688808,0.616727108728836
-79.0,19.952623149688808,0.616727108728836
-78.0,19.952623149688808,0.616727108728836
-77.0,19.952623149688808,0.616727108728836
-76.0,19.952623149688808,0.616727108728836
-75.0,19.952623149688808,0.616727108728836
-74.0,19.952623149688808,0.616727108728836
-73.0,19.952623149688808,0.616727108728836
-72.0,19.952623149688808,0.616727108728836
-71.0,19.952623149688808,0.616727108728836
-70.0,19.952623149688808,0.616727108728836
-69.0,19.952623149688808,0.616727108728836
-68.0,19.952623149688808,0.616727108728836
-67.0,19.952623149688808,0.616727108728836
-66.0,19.952623149688808,0.616727108728836
-65.0,19.952623149688808,0.616727108728836
-64.0,19.952623149688808,0.616727108728836
-63.0,19.952623149688808,0.616727108728836
-62.0,19.952623149688808,0.616727108728836
-61.0,19.952623149688808,0.616727108728836
-60.0,19.952623149688808,0.616727108728836
-59.0,19.952623149688808,0.616727108728836
-58.0,19.952623149688808,0.616727108728836
-57.0,19.952623149688808,0.616727108728836
-56.0,19.952623149688808,0.616727108728836
-55.0,19.952623149688808,0.616727108728836
-54.0,19.952623149688808,0.616727108728836
-53.0,19.952623149688808,0.616727108728836
-52.0,19.952623149688808,0.616727108728836
-51.0,19.952623149688808,0.616727108728836
-50.0,19.952623149688808,0.616727108728836
-49.0,19.952623149688808,0.616727108728836
-48.0,19.952623149688808,0.616727108728836
-47.0,19.952623149688808,0.616727108728836
-46.0,19.952623149688808,0.616727108728836
-45.0,19.952623149688808,0.616727108728836
-44.0,19.952623149688808,0.616727108728836
-43.0,19.952623149688808,0.616727108728836
-42.0,19.952623149688808,0.616727108728836
-41.0,19.952623149688808,0.616727108728836
-40.0,19.952623149688808,0.616727108728836
-39.0,19.952623149688808,0.616727108728836
-38.0,19.952623149688808,0.616727108728836
-37.0,19.952623149688808,0.616727108728836
-36.0,19.952623149688808,0.616727108728836
-35.0,19.952623149688808,0.616727108728836
-34.0,19.952623149688808,0.616727108728836
-33.0,19.952623149688808,0.616727108728836
-32.0,19.952623149688808,0.616727108728836
-31.0,19.952623149688808,0.616727108728836
-30.0,19.952623149688808,0.616727108728836
-29.0,19.952623149688808,0.616727108728836
-28.0,19.952623149688808,0.616727108728836
-27.0,19.952623149688808,0.616727108728836
-26.0,19.952623149688808,0.616727108728836
-25.0,19.952623149688808,0.616727108728836
-24.0,19.952623149688808,0.6167271087288358
-23.0,19.952623149688808,0.6167271087288347
-22.0,19.952623149688808,0.6167271087288158
-21.0,19.952623149688808,0.6167271087285388
-20.0,19.952623149688808,0.6167271087249817
-19.5,19.952623149688808,0.6167271087155918
-19.0,19.952623149688808,0.616727108684726
-18.5,19.952623149688808,0.6167271085864474
-18.0,19.952623149688808,0.6167271082833415
-17.5,19.952623149688808,0.6167271073778908
-17.0,19.952623149688808,0.6167271047581873
-16.5,19.952623149688808,0.6167270974175102
-16.0,19.952623149688808,0.6167270774972641
-15.5,19.952623149688808,0.6167270251488156
-15.0,19.952623149688808,0.6167268919387585
-14.5,19.952623149688808,0.6167265637186412
-14.0,19.952623149688808,0.6167257807286095
-13.5,19.952623149688808,0.6167239724117106
-13.0,19.952623149688808,0.6167199296274396
-12.5,19.952623149688808,0.6167111811962401
-12.0,19.952623149688808,0.6166928591515876
-11.5,19.952623149688808,0.6166557264800836
-11.0,19.952623149688808,0.6165829126226636
-10.5,19.952623149688808,0.6164447864583661
-10.0,19.952623149688808,0.6161913551997498
-9.5,19.952623149688808,0.6157417071803668
-9.0,19.952623149688808,0.6149704405362347
-8.5,19.952623149688808,0.6136918582762912
-8.0,19.952623149688808,0.6116440207714693
-7.5,19.952623149688808,0.6084764425788617
-7.0,19.952623149688808,0.6037469889064978
-6.5,19.952623149688808,0.5969347895428919
-6.0,19.952623149688808,0.5874759571670011
-5.5,19.952623149688808,0.574826768683389
-5.0,19.952623149688808,0.5585542475893842
-4.5,19.952623149688808,0.5384469678238943
-4.0,19.952623149688808,0.5146305578773364
-3.5,19.952623149688808,0.48766497534545544
-3.0,19.952623149688808,0.4585968773839929
-2.5,19.952623149688808,0.4289428127037081
-2.0,19.952623149688808,0.4005887088801146
-1.5,19.952623149688808,0.37560729977775703
-1.0,19.952623149688808,0.35601443276986106
-0.5,19.952623149688808,0.34350257021215225
0.0,19.952623149688808,0.3391999098008598
0.5,19.952623149688808,0.34350257021215225
1.0,19.952623149688808,0.35601443276986106
1.5,19.952623149688808,0.37560729977775703
2.0,19.952623149688808,0.4005887088801146
2.5,19.952623149688808,0.4289428127037081
3.0,19.952623149688808,0.4585968773839929
3.5,19.952623149688808,0.48766497534545544
4.0,19.952623149688808,0.5146305578773364
4.5,19.952623149688808,0.5384469678238943
5.0,19.952623149688808,0.5585542475893842
5.5,19.952623149688808,0.574826768683389
6.0,19.952623149688808,0.5874759571670011
6.5,19.952623149688808,0.5969347895428919
7.0,19.952623149688808,0.6037469889064978
7.5,19.952623149688808,0.6084764425788617
8.0,19.952623149688808,0.6116440207714693
8.5,19.952623149688808,0.6136918582762912
9.0,19.952623149688808,0.6149704405362347
9.5,19.952623149688808,0.6157417071803668
10.0,19.952623149688808,0.6161913551997498
10.5,19.952623149688808,0.6164447864583661
11.0,19.952623149688808,0.6165829126226636
11.5,19.952623149688808,0.6166557264800836
12.0,19.952623149688808,0.6166928591515876
12.5,19.952623149688808,0.6167111811962401
13.0,19.952623149688808,0.6167199296274396
13.5,19.952623149688808,0.6167239724117106
14.0,19.952623149688808,0.6167257807286095
14.5,19.952623149688808,0.6167265637186412
15.0,19.952623149688808,0.6167268919387585
15.5,19.952623149688808,0.6167270251488156
16.0,19.952623149688808,0.6167270774972641
16.5,19.952623149688808,0.6167270974175102
17.0,19.952623149688808,0.6167271047581873
17.5,19.952623149688808,0.6167271073778908
18.0,19.952623149688808,0.6167271082833415
18.5,19.952623149688808,0.6167271085864474
19.0,19.952623149688808,0.616727108684726
19.5,19.952623149688808,0.6167271087155918
20.0,19.952623149688808,0.6167271087249817
21.0,19.952623149688808,0.6167271087285388
22.0,19.952623149688808,0.6167271087288158
23.0,19.952623149688808,0.6167271087288347
24.0,19.952623149688808,0.6167271087288358
25.0,19.952623149688808,0.616727108728836
26.0,19.952623149688808,0.616727108728836
27.0,19.952623149688808,0.616727108728836
28.0,19.952623149688808,0.616727108728836
29.0,19.952623149688808,0.616727108728836
30.0,19.952623149688808,0.616727108728836
31.0,19.952623149688808,0.616727108728836
32.0,19.952623149688808,0.616727108728836
33.0,19.952623149688808,0.616727108728836
34.0,19.952623149688808,0.616727108728836
35.0,19.952623149688808,0.616727108728836
36.0,19.952623149688808,0.616727108728836
37.0,19.952623149688808,0.616727108728836
38.0,19.952623149688808,0.616727108728836
39.0,19.952623149688808,0.616727108728836
40.0,19.952623149688808,0.616727108728836
41.0,19.952623149688808,0.616727108728836
42.0,19.952623149688808,0.616727108728836
43.0,19.952623149688808,0.616727108728836
44.0,19.952623149688808,0.616727108728836
45.0,19.952623149688808,0.616727108728836
46.0,19.952623149688808,0.616727108728836
47.0,19.952623149688808,0.616727108728836
48.0,19.952623149688808,0.616727108728836
49.0,19.952623149688808,0.616727108728836
50.0,19.952623149688808,0.616727108728836
51.0,19.952623149688808,0.616727108728836
52.0,19.952623149688808,0.616727108728836
53.0,19.952623149688808,0.616727108728836
54.0,19.952623149688808,0.616727108728836
55.0,19.952623149688808,0.616727108728836
56.0,19.952623149688808,0.616727108728836
57.0,19.952623149688808,0.616727108728836
58.0,19.952623149688808,0.616727108728836
59.0,19.952623149688808,0.616727108728836
60.0,19.952623149688808,0.616727108728836
61.0,19.952623149688808,0.616727108728836
62.0,19.952623149688808,0.616727108728836
63.0,19.952623149688808,0.616727108728836
64.0,19.952623149688808,0.616727108728836
65.0,19.952623149688808,0.616727108728836
66.0,19.952623149688808,0.616727108728836
67.0,19.952623149688808,0.616727108728836
68.0,19.952623149688808,0.616727108728836
69.0,19.952623149688808,0.616727108728836
70.0,19.952623149688808,0.616727108728836
71.0,19.952623149688808,0.616727108728836
72.0,19.952623149688808,0.616727108728836
73.0,19.952623149688808,0.616727108728836
74.0,19.952623149688808,0.616727108728836
75.0,19.952623149688808,0.616727108728836
76.0,19.952623149688808,0.616727108728836
77.0,19.952623149688808,0.616727108728836
78.0,19.952623149688808,0.616727108728836
79.0,19.952623149688808,0.616727108728836
80.0,19.952623149688808,0.616727108728836
81.0,19.952623149688808,0.616727108728836
82.0,19.952623149688808,0.616727108728836
83.0,19.952623149688808,0.616727108728836
84.0,19.952623149688808,0.616727108728836
85.0,19.952623149688808,0.616727108728836
86.0,19.952623149688808,0.616727108728836
87.0,19.952623149688808,0.616727108728836
88.0,19.952623149688808,0.616727108728836
89.0,19.952623149688808,0.616727108728836
90.0,19.952623149688808,0.616727108728836
91.0,19.952623149688808,0.616727108728836
92.0,19.952623149688808,0.616727108728836
93.0,19.952623149688808,0.616727108728836
94.0,19.952623149688808,0.616727108728836
95.0,19.952623149688808,0.616727108728836
96.0,19.952623149688808,0.616727108728836
97.0,19.952623149688808,0.616727108728836
98.0,19.952623149688808,0.616727108728836
99.0,19.952623149688808,0.616727108728836
100.0,19.952623149688808,0.616727108728836
-100.0,22.38721138568341,0.6638531012108695
-99.0,22.38721138568341,0.6638531012108695
-98.0,22.38721138568341,0.6638531012108695
-97.0,22.38721138568341,0.6638531012108695
-96.0,22.38721138568341,0.6638531012108695
-95.0,22.38721138568341,0.6638531012108695
-94.0,22.38721138568341,0.6638531012108695
-93.0,22.38721138568341,0.6638531012108695
-92.0,22.38721138568341,0.6638531012108695
-91.0,22.38721138568341,0.6638531012108695
-90.0,22.38721138568341,0.6638531012108695
-89.0,22.38721138568341,0.6638531012108695
-88.0,22.38721138568341,0.6638531012108695
-87.0,22.38721138568341,0.6638531012108695
-86.0,22.38721138568341,0.6638531012108695
-85.0,22.38721138568341,0.6638531012108695
-84.0,22.38721138568341,0.6638531012108695
-83.0,22.38721138568341,0.6638531012108695
-82.0,22.38721138568341,0.6638531012108695
-81.0,22.38721138568341,0.6638531012108695
-80.0,22.38721138568341,0.6638531012108695
-79.0,22.38721138568341,0.6638531012108695
-78.0,22.38721138568341,0.6638531012108695
-77.0,22.38721138568341,0.6638531012108695
-76.0,22.38721138568341,0.6638531012108695
-75.0,22.38721138568341,0.6638531012108695
-74.0,22.38721138568341,0.6638531012108695
-73.0,22.38721138568341,0.6638531012108695
-72.0,22.38721138568341,0.6638531012108695
-71.0,22.38721138568341,0.6638531012108695
-70.0,22.38721138568341,0.6638531012108695
-69.0,22.38721138568341,0.6638531012108695
-68.0,22.38721138568341,0.6638531012108695
-67.0,22.38721138568341,0.6638531012108695
-66.0,22.38721138568341,0.6638531012108695
-65.0,22.38721138568341,0.6638531012108695
-64.0,22.38721138568341,0.6638531012108695
-63.0,22.38721138568341,0.6638531012108695
-62.0,22.38721138568341,0.6638531012108695
-61.0,22.38721138568341,0.6638531012108695
-60.0,22.38721138568341,0.6638531012108695
-59.0,22.38721138568341,0.6638531012108695
-58.0,22.38721138568341,0.6638531012108695
-57.0,22.38721138568341,0.6638531012108695
-56.0,22.38721138568341,0.6638531012108695
-55.0,22.38721138568341,0.6638531012108695
-54.0,22.38721138568341,0.6638531012108695
-53.0,22.38721138568341,0.6638531012108695
-52.0,22.38721138568341,0.6638531012108695
-51.0,22.38721138568341,0.6638531012108695
-50.0,22.38721138568341,0.6638531012108695
-49.0,22.38721138568341,0.6638531012108695
-48.0,22.38721138568341,0.6638531012108695
-47.0,22.38721138568341,0.6638531012108695
-46.0,22.38721138568341,0.6638531012108695
-45.0,22.38721138568341,0.6638531012108695
-44.0,22.38721138568341,0.6638531012108695
-43.0,22.38721138568341,0.6638531012108695
-42.0,22.38721138568341,0.6638531012108695
-41.0,22.38721138568341,0.6638531012108695
-40.0,22.38721138568341,0.6638531012108695
-39.0,22.38721138568341,0.6638531012108695
-38.0,22.38721138568341,0.6638531012108695
-37.0,22.38721138568341,0.6638531012108695
-36.0,22.38721138568341,0.6638531012108695
-35.0,22.38721138568341,0.6638531012108695
-34.0,22.38721138568341,0.6638531012108695
-33.0,22.38721138568341,0.6638531012108695
-32.0,22.38721138568341,0.6638531012108695
-31.0,22.38721138568341,0.6638531012108695
-30.0,22.38721138568341,0.6638531012108695
-29.0,22.38721138568341,0.6638531012108695
-28.0,22.38721138568341,0.6638531012108695
-27.0,22.38721138568341,0.6638531012108695
-26.0,22.38721138568341,0.6638531012108695
-25.0,22.38721138568341,0.6638531012108695
-24.0,22.38721138568341,0.6638531012108694
-23.0,22.38721138568341,0.6638531012108682
-22.0,22.38721138568341,0.6638531012108477
-21.0,22.38721138568341,0.6638531012105495
-20.0,22.38721138568341,0.6638531012067207
-19.5,22.38721138568341,0.6638531011966133
-19.0,22.38721138568341,0.663853101163389
-18.5,22.38721138568341,0.6638531010576005
-18.0,22.38721138568341,0.6638531007313334
-17.5,22.38721138568341,0.6638530997566945
-17.0,22.38721138568341,0.6638530969368114
-16.5,22.38721138568341,0.663853089035211
-16.0,22.38721138568341,0.6638530675927984
-15.5,22.38721138568341,0.6638530112442458
-15.0,22.38721138568341,0.6638528678552034
-14.5,22.38721138568341,0.6638525145547896
-14.0,22.38721138568341,0.6638516717341103
-13.5,22.38721138568341,0.6638497252382219
-13.0,22.38721138568341,0.6638453735325196
-12.5,22.38721138568341,0.6638359566071076
-12.0,22.38721138568341,0.6638162345193462
-11.5,22.38721138568341,0.6637762644275743
-11.0,22.38721138568341,0.6636978866420429
-10.5,22.38721138568341,0.663549205837795
-10.0,22.38721138568341,0.6632764091265835
-9.5,22.38721138568341,0.6627924021356536
-9.0,22.38721138568341,0.6619622006635261
-8.5,22.38721138568341,0.6605859180477577
-8.0,22.38721138568341,0.6583815990562445
-7.5,22.38721138568341,0.6549719765883353
-7.0,22.38721138568341,0.6498811309890503
-6.5,22.38721138568341,0.6425483907712293
-6.0,22.38721138568341,0.632366780270093
-5.5,22.38721138568341,0.6187510288562229
-5.0,22.38721138568341,0.6012350749766537
-4.5,22.38721138568341,0.5795913368624855
-4.0,22.38721138568341,0.5539550426588469
-3.5,22.38721138568341,0.5249289380229671
-3.0,22.38721138568341,0.49363965836442886
-2.5,22.38721138568341,0.46171963648945347
-2.0,22.38721138568341,0.43119890943053696
-1.5,22.38721138568341,0.40430859494541643
-1.0,22.38721138568341,0.3832185774308422
-0.5,22.38721138568341,0.36975064543417824
0.0,22.38721138568341,0.3651192056659783
0.5,22.38721138568341,0.36975064543417824
1.0,22.38721138568341,0.3832185774308422
1.5,22.38721138568341,0.40430859494541643
2.0,22.38721138568341,0.43119890943053696
2.5,22.38721138568341,0.46171963648945347
3.0,22.38721138568341,0.49363965836442886
3.5,22.38721138568341,0.5249289380229671
4.0,22.38721138568341,0.5539550426588469
4.5,22.38721138568341,0.5795913368624855
5.0,22.38721138568341,0.6012350749766537
5.5,22.38721138568341,0.6187510288562229
6.0,22.38721138568341,0.632366780270093
6.5,22.38721138568341,0.6425483907712293
7.0,22.38721138568341,0.6498811309890503
7.5,22.38721138568341,0.6549719765883353
8.0,22.38721138568341,0.6583815990562445
8.5,22.38721138568341,0.6605859180477577
9.0,22.38721138568341,0.6619622006635261
9.5,22.38721138568341,0.6627924021356536
10.0,22.38721138568341,0.6632764091265835
10.5,22.38721138568341,0.663549205837795
11.0,22.38721138568341,0.6636978866420429
11.5,22.38721138568341,0.6637762644275743
12.0,22.38721138568341,0.6638162345193462
12.5,22.38721138568341,0.6638359566071076
13.0,22.38721138568341,0.6638453735325196
13.5,22.38721138568341,0.6638497252382219
14.0,22.38721138568341,0.6638516717341103
14.5,22.38721138568341,0.6638525145547896
15.0,22.38721138568341,0.6638528678552034
15.5,22.38721138568341,0.6638530112442458
16.0,22.38721138568341,0.6638530675927984
16.5,22.38721138568341,0.663853089035211
17.0,22.38721138568341,0.6638530969368114
17.5,22.38721138568341,0.6638530997566945
18.0,22.38721138568341,0.6638531007313334
18.5,22.38721138568341,0.6638531010576005
19.0,22.38721138568341,0.663853101163389
19.5,22.38721138568341,0.6638531011966133
20.0,22.38721138568341,0.6638531012067207
21.0,22.38721138568341,0.6638531012105495
22.0,22.38721138568341,0.6638531012108477
23.0,22.38721138568341,0.6638531012108682
24.0,22.38721138568341,0.6638531012108694
25.0,22.38721138568341,0.6638531012108695
26.0,22.38721138568341,0.6638531012108695
27.0,22.38721138568341,0.6638531012108695
28.0,22.38721138568341,0.6638531012108695
29.0,22.38721138568341,0.6638531012108695
30.0,22.38721138568341,0.6638531012108695
31.0,22.38721138568341,0.6638531012108695
32.0,22.38721138568341,0.6638531012108695
33.0,22.38721138568341,0.6638531012108695
34.0,22.38721138568341,0.6638531012108695
35.0,22.38721138568341,0.6638531012108695
36.0,22.38721138568341,0.6638531012108695
37.0,22.38721138568341,0.6638531012108695
38.0,22.38721138568341,0.6638531012108695
39.0,22.38721138568341,0.6638531012108695
40.0,22.38721138568341,0.6638531012108695
41.0,22.38721138568341,0.6638531012108695
42.0,22.38721138568341,0.6638531012108695
43.0,22.38721138568341,0.6638531012108695
44.0,22.38721138568341,0.6638531012108695
45.0,22.38721138568341,0.6638531012108695
46.0,22.38721138568341,0.6638531012108695
47.0,22.38721138568341,0.6638531012108695
48.0,22.38721138568341,0.6638531012108695
49.0,22.38721138568341,0.6638531012108695
50.0,22.38721138568341,0.6638531012108695
51.0,22.38721138568341,0.6638531012108695
52.0,22.38721138568341,0.6638531012108695
53.0,22.38721138568341,0.6638531012108695
54.0,22.38721138568341,0.6638531012108695
55.0,22.38721138568341,0.6638531012108695
56.0,22.38721138568341,0.6638531012108695
57.0,22.38721138568341,0.6638531012108695
58.0,22.38721138568341,0.6638531012108695
59.0,22.38721138568341,0.6638531012108695
60.0,22.38721138568341,0.6638531012108695
61.0,22.38721138568341,0.6638531012108695
62.0,22.38721138568341,0.6638531012108695
63.0,22.38721138568341,0.6638531012108695
64.0,22.38721138568341,0.6638531012108695
65.0,22.38721138568341,0.6638531012108695
66.0,22.38721138568341,0.6638531012108695
67.0,22.38721138568341,0.6638531012108695
68.0,22.38721138568341,0.6638531012108695
69.0,22.38721138568341,0.6638531012108695
70.0,22.38721138568341,0.6638531012108695
71.0,22.38721138568341,0.6638531012108695
72.0,22.38721138568341,0.6638531012108695
73.0,22.38721138568341,0.6638531012108695
74.0,22.38721138568341,0.6638531012108695
75.0,22.38721138568341,0.6638531012108695
76.0,22.38721138568341,0.6638531012108695
77.0,22.38721138568341,0.6638531012108695
78.0,22.38721138568341,0.6638531012108695
79.0,22.38721138568341,0.6638531012108695
80.0,22.38721138568341,0.6638531012108695
81.0,22.38721138568341,0.6638531012108695
82.0,22.38721138568341,0.6638531012108695
83.0,22.38721138568341,0.6638531012108695
84.0,22.38721138568341,0.6638531012108695
85.0,22.38721138568341,0.6638531012108695
86.0,22.38721138568341,0.6638531012108695
87.0,22.38721138568341,0.6638531012108695
88.0,22.38721138568341,0.6638531012108695
89.0,22.38721138568341,0.6638531012108695
90.0,22.38721138568341,0.6638531012108695
91.0,22.38721138568341,0.6638531012108695
92.0,22.38721138568341,0.6638531012108695
93.0,22.38721138568341,0.6638531012108695
94.0,22.38721138568341,0.6638531012108695
95.0,22.38721138568341,0.6638531012108695
96.0,22.38721138568341,0.6638531012108695
97.0,22.38721138568341,0.6638531012108695
98.0,22.38721138568341,0.6638531012108695
99.0,22.38721138568341,0.6638531012108695
100.0,22.38721138568341,0.6638531012108695
-100.0,25.11886431509582,0.7198046870440532
-99.0,25.11886431509582,0.7198046870440532
-98.0,25.11886431509582,0.7198046870440532
-97.0,25.11886431509582,0.7198046870440532
-96.0,25.11886431509582,0.7198046870440532
-95.0,25.11886431509582,0.7198046870440532
-94.0,25.11886431509582,0.7198046870440532
-93.0,25.11886431509582,0.7198046870440532
-92.0,25.11886431509582,0.7198046870440532
-91.0,25.11886431509582,0.7198046870440532
-90.0,25.11886431509582,0.7198046870440532
-89.0,25.11886431509582,0.7198046870440532
-88.0,25.11886431509582,0.7198046870440532
-87.0,25.11886431509582,0.7198046870440532
-86.0,25.11886431509582,0.7198046870440532
-85.0,25.11886431509582,0.7198046870440532
-84.0,25.11886431509582,0.7198046870440532
-83.0,25.11886431509582,0.7198046870440532
-82.0,25.11886431509582,0.7198046870440532
-81.0,25.11886431509582,0.7198046870440532
-80.0,25.11886431509582,0.7198046870440532
-79.0,25.11886431509582,0.7198046870440532
-78.0,25.11886431509582,0.7198046870440532
-77.0,25.11886431509582,0.7198046870440532
-76.0,25.11886431509582,0.7198046870440532
-75.0,25.11886431509582,0.7198046870440532
-74.0,25.11886431509582,0.7198046870440532
-73.0,25.11886431509582,0.7198046870440532
-72.0,25.11886431509582,0.7198046870440532
-71.0,25.11886431509582,0.7198046870440532
-70.0,25.11886431509582,0.7198046870440532
-69.0,25.11886431509582,0.7198046870440532
-68.0,25.11886431509582,0.7198046870440532
-67.0,25.11886431509582,0.7198046870440532
-66.0,25.11886431509582,0.7198046870440532
-65.0,25.11886431509582,0.7198046870440532
-64.0,25.11886431509582,0.7198046870440532
-63.0,25.11886431509582,0.7198046870440532
-62.0,25.11886431509582,0.7198046870440532
-61.0,25.11886431509582,0.7198046870440532
-60.0,25.11886431509582,0.7198046870440532
-59.0,25.11886431509582,0.7198046870440532
-58.0,25.11886431509582,0.7198046870440532
-57.0,25.11886431509582,0.7198046870440532
-56.0,25.11886431509582,0.7198046870440532
-55.0,25.11886431509582,0.7198046870440532
-54.0,25.11886431509582,0.7198046870440532
-53.0,25.11886431509582,0.7198046870440532
-52.0,25.11886431509582,0.7198046870440532
-51.0,25.11886431509582,0.7198046870440532
-50.0,25.11886431509582,0.7198046870440532
-49.0,25.11886431509582,0.7198046870440532
-48.0,25.11886431509582,0.7198046870440532
-47.0,25.11886431509582,0.7198046870440532
-46.0,25.11886431509582,0.7198046870440532
-45.0,25.11886431509582,0.7198046870440532
-44.0,25.11886431509582,0.7198046870440532
-43.0,25.11886431509582,0.7198046870440532
-42.0,25.11886431509582,0.7198046870440532
-41.0,25.11886431509582,0.7198046870440532
-40.0,25.11886431509582,0.7198046870440532
-39.0,25.11886431509582,0.7198046870440532
-38.0,25.11886431509582,0.7198046870440532
-37.0,25.11886431509582,0.7198046870440532
-36.0,25.11886431509582,0.7198046870440532
-35.0,25.11886431509582,0.7198046870440532
-34.0,25.11886431509582,0.7198046870440532
-33.0,25.11886431509582,0.7198046870440532
-32.0,25.11886431509582,0.7198046870440532
-31.0,25.11886431509582,0.7198046870440532
-30.0,25.11886431509582,0.7198046870440532
-29.0,25.11886431509582,0.7198046870440532
-28.0,25.11886431509582,0.7198046870440532
-27.0,25.11886431509582,0.7198046870440532
-26.0,25.11886431509582,0.7198046870440532
-25.0,25.11886431509582,0.7198046870440532
-24.0,25.11886431509582,0.7198046870440531
-23.0,25.11886431509582,0.7198046870440518
-22.0,25.11886431509582,0.7198046870440297
-21.0,25.11886431509582,0.7198046870437063
-20.0,25.11886431509582,0.7198046870395547
-19.5,25.11886431509582,0.7198046870285955
-19.0,25.11886431509582,0.7198046869925709
-18.5,25.11886431509582,0.7198046868778664
-18.0,25.11886431509582,0.7198046865241003
-17.5,25.11886431509582,0.7198046854673158
-17.0,25.11886431509582,0.7198046824097644
-16.5,25.11886431509582,0.7198046738421927
-16.0,25.11886431509582,0.7198046505925474
-15.5,25.11886431509582,0.7198045894947651
-15.0,25.11886431509582,0.7198044340204522
-14.5,25.11886431509582,0.7198040509427903
-14.0,25.11886431509582,0.719803137086586
-13.5,25.11886431509582,0.7198010265340239
-13.0,25.11886431509582,0.7197963080531499
-12.5,25.11886431509582,0.7197860974402345
-12.0,25.11886431509582,0.7197647131141193
-11.5,25.11886431509582,0.7197213742197969
-11.0,25.11886431509582,0.7196363905128852
-10.5,25.11886431509582,0.7194751784321163
-10.0,25.11886431509582,0.7191793895731321
-9.5,25.11886431509582,0.718654588980956
-9.0,25.11886431509582,0.7177544155694916
-8.5,25.11886431509582,0.7162621356121932
-8.0,25.11886431509582,0.7138720298208104
-7.5,25.11886431509582,0.7101750338604464
-7.0,25.11886431509582,0.7046551161004797
-6.5,25.11886431509582,0.6967043499324272
-6.0,25.11886431509582,0.6856646019113558
-5.5,25.11886431509582,0.6709012729949828
-5.0,25.11886431509582,0.6519090205259286
-4.5,25.11886431509582,0.6284410814422433
-4.0,25.11886431509582,0.6006440813339952
-3.5,25.11886431509582,0.5691715671204918
-3.0,25.11886431509582,0.5352451305167198
-2.5,25.11886431509582,0.5006347907981173
-2.0,25.11886431509582,0.467541682776284
-1.5,25.11886431509582,0.43838496969145635
-1.0,25.11886431509582,0.4155174204864559
-0.5,25.11886431509582,0.4009143696634547
0.0,25.11886431509582,0.39589257787422927
0.5,25.11886431509582,0.4009143696634547
1.0,25.11886431509582,0.4155174204864559
1.5,25.11886431509582,0.43838496969145635
2.0,25.11886431509582,0.467541682776284
2.5,25.11886431509582,0.5006347907981173
3.0,25.11886431509582,0.5352451305167198
3.5,25.11886431509582,0.5691715671204918
4.0,25.11886431509582,0.6006440813339952
4.5,25.11886431509582,0.6284410814422433
5.0,25.11886431509582,0.6519090205259286
5.5,25.11886431509582,0.6709012729949828
6.0,25.11886431509582,0.6856646019113558
6.5,25.11886431509582,0.6967043499324272
7.0,25.11886431509582,0.7046551161004797
7.5,25.11886431509582,0.7101750338604464
8.0,25.11886431509582,0.7138720298208104
8.5,25.11886431509582,0.7162621356121932
9.0,25.11886431509582,0.7177544155694916
9.5,25.11886431509582,0.718654588980956
10.0,25.11886431509582,0.7191793895731321
10.5,25.11886431509582,0.7194751784321163
11.0,25.11886431509582,0.7196363905128852
11.5,25.11886431509582,0.7197213742197969
12.0,25.11886431509582,0.7197647131141193
12.5,25.11886431509582,0.7197860974402345
13.0,25.11886431509582,0.7197963080531499
13.5,25.11886431509582,0.7198010265340239
14.0,25.11886431509582,0.719803137086586
14.5,25.11886431509582,0.7198040509427903
15.0,25.11886431509582,0.7198044340204522
15.5,25.11886431509582,0.7198045894947651
16.0,25.11886431509582,0.7198046505925474
16.5,25.11886431509582,0.7198046738421927
17.0,25.11886431509582,0.7198046824097644
17.5,25.11886431509582,0.7198046854673158
18.0,25.11886431509582,0.7198046865241003
18.5,25.11886431509582,0.7198046868778664
19.0,25.11886431509582,0.7198046869925709
19.5,25.11886431509582,0.7198046870285955
20.0,25.11886431509582,0.7198046870395547
21.0,25.11886431509582,0.7198046870437063
22.0,25.11886431509582,0.7198046870440297
23.0,25.11886431509582,0.7198046870440518
24.0,25.11886431509582,0.7198046870440531
25.0,25.11886431509582,0.7198046870440532
26.0,25.11886431509582,0.7198046870440532
27.0,25.11886431509582,0.7198046870440532
28.0,25.11886431509582,0.7198046870440532
29.0,25.11886431509582,0.7198046870440532
30.0,25.11886431509582,0.7198046870440532
31.0,25.11886431509582,0.7198046870440532
32.0,25.11886431509582,0.7198046870440532
33.0,25.11886431509582,0.7198046870440532
34.0,25.11886431509582,0.7198046870440532
35.0,25.11886431509582,0.7198046870440532
36.0,25.11886431509582,0.7198046870440532
37.0,25.11886431509582,0.7198046870440532
38.0,25.11886431509582,0.7198046870440532
39.0,25.11886431509582,0.7198046870440532
40.0,25.11886431509582,0.7198046870440532
41.0,25.11886431509582,0.7198046870440532
42.0,25.11886431509582,0.7198046870440532
43.0,25.11886431509582,0.7198046870440532
44.0,25.11886431509582,0.7198046870440532
45.0,25.11886431509582,0.7198046870440532
46.0,25.11886431509582,0.7198046870440532
47.0,25.11886431509582,0.7198046870440532
48.0,25.11886431509582,0.7198046870440532
49.0,25.11886431509582,0.7198046870440532
50.0,25.11886431509582,0.7198046870440532
51.0,25.11886431509582,0.7198046870440532
52.0,25.11886431509582,0.7198046870440532
53.0,25.11886431509582,0.7198046870440532
54.0,25.11886431509582,0.7198046870440532
55.0,25.11886431509582,0.7198046870440532
56.0,25.11886431509582,0.7198046870440532
57.0,25.11886431509582,0.7198046870440532
58.0,25.11886431509582,0.7198046870440532
59.0,25.11886431509582,0.7198046870440532
60.0,25.11886431509582,0.7198046870440532
61.0,25.11886431509582,0.7198046870440532
62.0,25.11886431509582,0.7198046870440532
63.0,25.11886431509582,0.7198046870440532
64.0,25.11886431509582,0.7198046870440532
65.0,25.11886431509582,0.7198046870440532
66.0,25.11886431509582,0.7198046870440532
67.0,25.11886431509582,0.7198046870440532
68.0,25.11886431509582,0.7198046870440532
69.0,25.11886431509582,0.7198046870440532
70.0,25.11886431509582,0.7198046870440532
71.0,25.11886431509582,0.7198046870440532
72.0,25.11886431509582,0.7198046870440532
73.0,25.11886431509582,0.7198046870440532
74.0,25.11886431509582,0.7198046870440532
75.0,25.11886431509582,0.7198046870440532
76.0,25.11886431509582,0.7198046870440532
77.0,25.11886431509582,0.7198046870440532
78.0,25.11886431509582,0.7198046870440532
79.0,25.11886431509582,0.7198046870440532
80.0,25.11886431509582,0.7198046870440532
81.0,25.11886431509582,0.7198046870440532
82.0,25.11886431509582,0.7198046870440532
83.0,25.11886431509582,0.7198046870440532
84.0,25.11886431509582,0.7198046870440532
85.0,25.11886431509582,0.7198046870440532
86.0,25.11886431509582,0.7198046870440532
87.0,25.11886431509582,0.7198046870440532
88.0,25.11886431509582,0.7198046870440532
89.0,25.11886431509582,0.7198046870440532
90.0,25.11886431509582,0.7198046870440532
91.0,25.11886431509582,0.7198046870440532
92.0,25.11886431509582,0.7198046870440532
93.0,25.11886431509582,0.7198046870440532
94.0,25.11886431509582,0.7198046870440532
95.0,25.11886431509582,0.7198046870440532
96.0,25.11886431509582,0.7198046870440532
97.0,25.11886431509582,0.7198046870440532
98.0,25.11886431509582,0.7198046870440532
99.0,25.11886431509582,0.7198046870440532
100.0,25.11886431509582,0.7198046870440532
-100.0,28.183829312644566,0.7848213222873809
-99.0,28.183829312644566,0.7848213222873809
-98.0,28.183829312644566,0.7848213222873809
-97.0,28.183829312644566,0.7848213222873809
-96.0,28.183829312644566,0.7848213222873809
-95.0,28.183829312644566,0.7848213222873809
-94.0,28.183829312644566,0.7848213222873809
-93.0,28.183829312644566,0.7848213222873809
-92.0,28.183829312644566,0.7848213222873809
-91.0,28.183829312644566,0.7848213222873809
-90.0,28.183829312644566,0.7848213222873809
-89.0,28.183829312644566,0.7848213222873809
-88.0,28.183829312644566,0.7848213222873809
-87.0,28.183829312644566,0.7848213222873809
-86.0,28.183829312644566,0.7848213222873809
-85.0,28.183829312644566,0.7848213222873809
-84.0,28.183829312644566,0.7848213222873809
-83.0,28.183829312644566,0.7848213222873809
-82.0,28.183829312644566,0.7848213222873809
-81.0,28.183829312644566,0.7848213222873809
-80.0,28.183829312644566,0.7848213222873809
-79.0,28.183829312644566,0.7848213222873809
-78.0,28.183829312644566,0.7848213222873809
-77.0,28.183829312644566,0.7848213222873809
-76.0,28.183829312644566,0.7848213222873809
-75.0,28.183829312644566,0.7848213222873809
-74.0,28.183829312644566,0.7848213222873809
-73.0,28.183829312644566,0.7848213222873809
-72.0,28.183829312644566,0.7848213222873809
-71.0,28.183829312644566,0.7848213222873809
-70.0,28.183829312644566,0.7848213222873809
-69.0,28.183829312644566,0.7848213222873809
-68.0,28.183829312644566,0.7848213222873809
-67.0,28.183829312644566,0.7848213222873809
-66.0,28.183829312644566,0.7848213222873809
-65.0,28.183829312644566,0.7848213222873809
-64.0,28.183829312644566,0.7848213222873809
-63.0,28.183829312644566,0.7848213222873809
-62.0,28.183829312644566,0.7848213222873809
-61.0,28.183829312644566,0.7848213222873809
-60.0,28.183829312644566,0.7848213222873809
-59.0,28.183829312644566,0.7848213222873809
-58.0,28.183829312644566,0.7848213222873809
-57.0,28.183829312644566,0.7848213222873809
-56.0,28.183829312644566,0.7848213222873809
-55.0,28.183829312644566,0.7848213222873809
-54.0,28.183829312644566,0.7848213222873809
-53.0,28.183829312644566,0.7848213222873809
-52.0,28.183829312644566,0.7848213222873809
-51.0,28.183829312644566,0.7848213222873809
-50.0,28.183829312644566,0.7848213222873809
-49.0,28.183829312644566,0.7848213222873809
-48.0,28.183829312644566,0.7848213222873809
-47.0,28.183829312644566,0.7848213222873809
-46.0,28.183829312644566,0.7848213222873809
-45.0,28.183829312644566,0.7848213222873809
-44.0,28.183829312644566,0.7848213222873809
-43.0,28.183829312644566,0.7848213222873809
-42.0,28.183829312644566,0.7848213222873809
-41.0,28.183829312644566,0.7848213222873809
-40.0,28.183829312644566,0.7848213222873809
-39.0,28.183829312644566,0.7848213222873809
-38.0,28.183829312644566,0.7848213222873809
-37.0,28.183829312644566,0.7848213222873809
-36.0,28.183829312644566,0.7848213222873809
-35.0,28.183829312644566,0.7848213222873809
-34.0,28.183829312644566,0.7848213222873809
-33.0,28.183829312644566,0.7848213222873809
-32.0,28.183829312644566,0.7848213222873809
-31.0,28.183829312644566,0.7848213222873809
-30.0,28.183829312644566,0.7848213222873809
-29.0,28.183829312644566,0.7848213222873809
-28.0,28.183829312644566,0.7848213222873809
-27.0,28.183829312644566,0.7848213222873809
-26.0,28.183829312644566,0.7848213222873809
-25.0,28.183829312644566,0.7848213222873809
-24.0,28.183829312644566,0.7848213222873808
-23.0,28.183829312644566,0.7848213222873793
-22.0,28.183829312644566,0.7848213222873551
-21.0,28.183829312644566,0.7848213222870026
-20.0,28.183829312644566,0.7848213222824761
-19.5,28.183829312644566,0.7848213222705269
-19.0,28.183829312644566,0.7848213222312485
-18.5,28.183829312644566,0.784821322106183
-18.0,28.183829312644566,0.7848213217204631
-17.5,28.183829312644566,0.7848213205682241
-17.0,28.183829312644566,0.7848213172344981
-16.5,28.183829312644566,0.7848213078930573
-16.0,28.183829312644566,0.7848212825433788
-15.5,28.183829312644566,0.7848212159269159
-15.0,28.183829312644566,0.7848210464093258
-14.5,28.183829312644566,0.7848206287300268
-14.0,28.183829312644566,0.7848196323294093
-13.5,28.183829312644566,0.784817331140375
-13.0,28.183829312644566,0.7848121864609011
-12.5,28.183829312644566,0.7848010535704464
-12.0,28.183829312644566,0.7847777376968489
-11.5,28.183829312644566,0.7847304842002257
-11.0,28.183829312644566,0.7846378243072968
-10.5,28.183829312644566,0.7844620506833192
-10.0,28.183829312644566,0.7841395445818666
-9.5,28.183829312644566,0.7835673411743281
-9.0,28.183829312644566,0.7825858592532049
-8.5,28.183829312644566,0.7809587885347308
-8.0,28.183829312644566,0.7783527955183434
-7.5,28.183829312644566,0.7743218669757421
-7.0,28.183829312644566,0.7683033605207689
-6.5,28.183829312644566,0.7596344383401791
-6.0,28.183829312644566,0.7475975208324628
-5.5,28.183829312644566,0.7315006885527331
-5.0,28.183829312644566,0.7107929535736934
-4.5,28.183829312644566,0.6852052638649011
-4.0,28.183829312644566,0.6548974890292495
-3.5,28.183829312644566,0.6205822078629317
-3.0,28.183829312644566,0.583591352822498
-2.5,28.183829312644566,0.5458548208553109
-2.0,28.183829312644566,0.5097725651215345
-1.5,28.183829312644566,0.4779822607116554
-1.0,28.183829312644566,0.45304919132829113
-0.5,28.183829312644566,0.437127114322371
0.0,28.183829312644566,0.4316517272580595
0.5,28.183829312644566,0.437127114322371
1.0,28.183829312644566,0.45304919132829113
1.5,28.183829312644566,0.4779822607116554
2.0,28.183829312644566,0.5097725651215345
2.5,28.183829312644566,0.5458548208553109
3.0,28.183829312644566,0.583591352822498
3.5,28.183829312644566,0.6205822078629317
4.0,28.183829312644566,0.6548974890292495
4.5,28.183829312644566,0.6852052638649011
5.0,28.183829312644566,0.7107929535736934
5.5,28.183829312644566,0.7315006885527331
6.0,28.183829312644566,0.7475975208324628
6.5,28.183829312644566,0.7596344383401791
7.0,28.183829312644566,0.7683033605207689
7.5,28.183829312644566,0.7743218669757421
8.0,28.183829312644566,0.7783527955183434
8.5,28.183829312644566,0.7809587885347308
9.0,28.183829312644566,0.7825858592532049
9.5,28.183829312644566,0.7835673411743281
10.0,28.183829312644566,0.7841395445818666
10.5,28.183829312644566,0.7844620506833192
11.0,28.183829312644566,0.7846378243072968
11.5,28.183829312644566,0.7847304842002257
12.0,28.183829312644566,0.7847777376968489
12.5,28.183829312644566,0.7848010535704464
13.0,28.183829312644566,0.7848121864609011
13.5,28.183829312644566,0.784817331140375
14.0,28.183829312644566,0.7848196323294093
14.5,28.183829312644566,0.7848206287300268
15.0,28.183829312644566,0.7848210464093258
15.5,28.183829312644566,0.7848212159269159
16.0,28.183829312644566,0.7848212825433788
16.5,28.183829312644566,0.7848213078930573
17.0,28.183829312644566,0.7848213172344981
17.5,28.183829312644566,0.7848213205682241
18.0,28.183829312644566,0.7848213217204631
18.5,28.183829312644566,0.784821322106183
19.0,28.183829312644566,0.7848213222312485
19.5,28.183829312644566,0.7848213222705269
20.0,28.183829312644566,0.7848213222824761
21.0,28.183829312644566,0.7848213222870026
22.0,28.183829312644566,0.7848213222873551
23.0,28.183829312644566,0.7848213222873793
24.0,28.183829312644566,0.7848213222873808
25.0,28.183829312644566,0.7848213222873809
26.0,28.183829312644566,0.7848213222873809
27.0,28.183829312644566,0.7848213222873809
28.0,28.183829312644566,0.7848213222873809
29.0,28.183829312644566,0.7848213222873809
30.0,28.183829312644566,0.7848213222873809
31.0,28.183829312644566,0.7848213222873809
32.0,28.183829312644566,0.7848213222873809
33.0,28.183829312644566,0.7848213222873809
34.0,28.183829312644566,0.7848213222873809
35.0,28.183829312644566,0.7848213222873809
36.0,28.183829312644566,0.7848213222873809
37.0,28.183829312644566,0.7848213222873809
38.0,28.183829312644566,0.7848213222873809
39.0,28.183829312644566,0.7848213222873809
40.0,28.183829312644566,0.7848213222873809
41.0,28.183829312644566,0.7848213222873809
42.0,28.183829312644566,0.7848213222873809
43.0,28.183829312644566,0.7848213222873809
44.0,28.183829312644566,0.7848213222873809
45.0,28.183829312644566,0.7848213222873809
46.0,28.183829312644566,0.7848213222873809
47.0,28.183829312644566,0.7848213222873809
48.0,28.183829312644566,0.7848213222873809
49.0,28.183829312644566,0.7848213222873809
50.0,28.183829312644566,0.7848213222873809
51.0,28.183829312644566,0.7848213222873809
52.0,28.183829312644566,0.7848213222873809
53.0,28.183829312644566,0.7848213222873809
54.0,28.183829312644566,0.7848213222873809
55.0,28.183829312644566,0.7848213222873809
56.0,28.183829312644566,0.7848213222873809
57.0,28.183829312644566,0.7848213222873809
58.0,28.183829312644566,0.7848213222873809
59.0,28.183829312644566,0.7848213222873809
60.0,28.183829312644566,0.7848213222873809
61.0,28.183829312644566,0.7848213222873809
62.0,28.183829312644566,0.7848213222873809
63.0,28.183829312644566,0.7848213222873809
64.0,28.183829312644566,0.7848213222873809
65.0,28.183829312644566,0.7848213222873809
66.0,28.183829312644566,0.7848213222873809
67.0,28.183829312644566,0.7848213222873809
68.0,28.183829312644566,0.7848213222873809
69.0,28.183829312644566,0.7848213222873809
70.0,28.183829312644566,0.7848213222873809
71.0,28.183829312644566,0.7848213222873809
72.0,28.183829312644566,0.7848213222873809
73.0,28.183829312644566,0.7848213222873809
74.0,28.183829312644566,0.7848213222873809
75.0,28.183829312644566,0.7848213222873809
76.0,28.183829312644566,0.7848213222873809
77.0,28.183829312644566,0.7848213222873809
78.0,28.183829312644566,0.7848213222873809
79.0,28.183829312644566,0.7848213222873809
80.0,28.183829312644566,0.7848213222873809
81.0,28.183829312644566,0.7848213222873809
82.0,28.183829312644566,0.7848213222873809
83.0,28.183829312644566,0.7848213222873809
84.0,28.183829312644566,0.7848213222873809
85.0,28.183829312644566,0.7848213222873809
86.0,28.183829312644566,0.7848213222873809
87.0,28.183829312644566,0.7848213222873809
88.0,28.183829312644566,0.7848213222873809
89.0,28.183829312644566,0.7848213222873809
90.0,28.183829312644566,0.7848213222873809
91.0,28.183829312644566,0.7848213222873809
92.0,28.183829312644566,0.7848213222873809
93.0,28.183829312644566,0.7848213222873809
94.0,28.183829312644566,0.7848213222873809
95.0,28.183829312644566,0.7848213222873809
96.0,28.183829312644566,0.7848213222873809
97.0,28.183829312644566,0.7848213222873809
98.0,28.183829312644566,0.7848213222873809
99.0,28.183829312644566,0.7848213222873809
100.0,28.183829312644566,0.7848213222873809
-100.0,31.622776601683825,0.859119491590951
-99.0,31.622776601683825,0.859119491590951
-98.0,31.622776601683825,0.859119491590951
-97.0,31.622776601683825,0.859119491590951
-96.0,31.622776601683825,0.859119491590951
-95.0,31.622776601683825,0.859119491590951
-94.0,31.622776601683825,0.859119491590951
-93.0,31.622776601683825,0.859119491590951
-92.0,31.622776601683825,0.859119491590951
-91.0,31.622776601683825,0.859119491590951
-90.0,31.622776601683825,0.859119491590951
-89.0,31.622776601683825,0.859119491590951
-88.0,31.622776601683825,0.859119491590951
-87.0,31.622776601683825,0.859119491590951
-86.0,31.622776601683825,0.859119491590951
-85.0,31.622776601683825,0.859119491590951
-84.0,31.622776601683825,0.859119491590951
-83.0,31.622776601683825,0.859119491590951
-82.0,31.622776601683825,0.859119491590951
-81.0,31.622776601683825,0.859119491590951
-80.0,31.622776601683825,0.859119491590951
-79.0,31.622776601683825,0.859119491590951
-78.0,31.622776601683825,0.859119491590951
-77.0,31.622776601683825,0.859119491590951
-76.0,31.622776601683825,0.859119491590951
-75.0,31.622776601683825,0.859119491590951
-74.0,31.622776601683825,0.859119491590951
-73.0,31.622776601683825,0.859119491590951
-72.0,31.622776601683825,0.859119491590951
-71.0,31.622776601683825,0.859119491590951
-70.0,31.622776601683825,0.859119491590951
-69.0,31.622776601683825,0.859119491590951
-68.0,31.622776601683825,0.859119491590951
-67.0,31.622776601683825,0.859119491590951
-66.0,31.622776601683825,0.859119491590951
-65.0,31.622776601683825,0.859119491590951
-64.0,31.622776601683825,0.859119491590951
-63.0,31.622776601683825,0.859119491590951
-62.0,31.622776601683825,0.859119491590951
-61.0,31.622776601683825,0.859119491590951
-60.0,31.622776601683825,0.859119491590951
-59.0,31.622776601683825,0.859119491590951
-58.0,31.622776601683825,0.859119491590951
-57.0,31.622776601683825,0.859119491590951
-56.0,31.622776601683825,0.859119491590951
-55.0,31.622776601683825,0.859119491590951
-54.0,31.622776601683825,0.859119491590951
-53.0,31.622776601683825,0.859119491590951
-52.0,31.622776601683825,0.859119491590951
-51.0,31.622776601683825,0.859119491590951
-50.0,31.622776601683825,0.859119491590951
-49.0,31.622776601683825,0.859119491590951
-48.0,31.622776601683825,0.859119491590951
-47.0,31.622776601683825,0.859119491590951
-46.0,31.622776601683825,0.859119491590951
-45.0,31.622776601683825,0.859119491590951
-44.0,31.622776601683825,0.859119491590951
-43.0,31.622776601683825,0.859119491590951
-42.0,31.622776601683825,0.859119491590951
-41.0,31.622776601683825,0.859119491590951
-40.0,31.622776601683825,0.859119491590951
-39.0,31.622776601683825,0.859119491590951
-38.0,31.622776601683825,0.859119491590951
-37.0,31.622776601683825,0.859119491590951
-36.0,31.622776601683825,0.859119491590951
-35.0,31.622776601683825,0.859119491590951
-34.0,31.622776601683825,0.859119491590951
-33.0,31.622776601683825,0.859119491590951
-32.0,31.622776601683825,0.859119491590951
-31.0,31.622776601683825,0.859119491590951
-30.0,31.622776601683825,0.859119491590951
-29.0,31.622776601683825,0.859119491590951
-28.0,31.622776601683825,0.859119491590951
-27.0,31.622776601683825,0.859119491590951
-26.0,31.622776601683825,0.859119491590951
-25.0,31.622776601683825,0.859119491590951
-24.0,31.622776601683825,0.8591194915909509
-23.0,31.622776601683825,0.8591194915909494
-22.0,31.622776601683825,0.8591194915909229
-21.0,31.622776601683825,0.859119491590537
-20.0,31.622776601683825,0.8591194915855819
-19.5,31.622776601683825,0.8591194915725014
-19.0,31.622776601683825,0.8591194915295046
-18.5,31.622776601683825,0.8591194913925995
-18.0,31.622776601683825,0.8591194909703638
-17.5,31.622776601683825,0.8591194897090436
-17.0,31.622776601683825,0.8591194860597173
-16.5,31.622776601683825,0.8591194758339327
-16.0,31.622776601683825,0.8591194480844281
-15.5,31.622776601683825,0.8591193751614581
-15.0,31.622776601683825,0.8591191895958246
-14.5,31.622776601683825,0.8591187323752868
-14.0,31.622776601683825,0.8591176416465215
-13.5,31.622776601683825,0.8591151226064584
-13.0,31.622776601683825,0.8591094908858508
-12.5,31.622776601683825,0.859097304056931
-12.0,31.622776601683825,0.859071780895286
-11.5,31.622776601683825,0.8590200539622352
-11.0,31.622776601683825,0.8589186220594017
-10.5,31.622776601683825,0.8587262081402351
-10.0,31.622776601683825,0.858373170741726
-9.5,31.622776601683825,0.8577467974684586
-9.0,31.622776601683825,0.8566723997359614
-8.5,31.622776601683825,0.8548912960264393
-8.0,31.622776601683825,0.8520385965243373
-7.5,31.622776601683825,0.8476260644207677
-7.0,31.622776601683825,0.8410377925951964
-6.5,31.622776601683825,0.831548193109388
-6.0,31.622776601683825,0.8183717538920998
-5.5,31.622776601683825,0.8007510522474491
-5.0,31.622776601683825,0.7780829388285347
-4.5,31.622776601683825,0.750072890745826
-4.0,31.622776601683825,0.7168959122812633
-3.5,31.622776601683825,0.6793320412800465
-3.0,31.622776601683825,0.638839302775912
-2.5,31.622776601683825,0.5975302949324885
-2.0,31.622776601683825,0.5580321718296282
-1.5,31.622776601683825,0.5232323143505572
-1.0,31.622776601683825,0.4959388587777558
-0.5,31.622776601683825,0.47850945629601593
0.0,31.622776601683825,0.4725157203750231
0.5,31.622776601683825,0.47850945629601593
1.0,31.622776601683825,0.4959388587777558
1.5,31.622776601683825,0.5232323143505572
2.0,31.622776601683825,0.5580321718296282
2.5,31.622776601683825,0.5975302949324885
3.0,31.622776601683825,0.638839302775912
3.5,31.622776601683825,0.6793320412800465
4.0,31.622776601683825,0.7168959122812633
4.5,31.622776601683825,0.750072890745826
5.0,31.622776601683825,0.7780829388285347
5.5,31.622776601683825,0.8007510522474491
6.0,31.622776601683825,0.8183717538920998
6.5,31.622776601683825,0.831548193109388
7.0,31.622776601683825,0.8410377925951964
7.5,31.622776601683825,0.8476260644207677
8.0,31.622776601683825,0.8520385965243373
8.5,31.622776601683825,0.8548912960264393
9.0,31.622776601683825,0.8566723997359614
9.5,31.622776601683825,0.8577467974684586
10.0,31.622776601683825,0.858373170741726
10.5,31.622776601683825,0.8587262081402351
11.0,31.622776601683825,0.8589186220594017
11.5,31.622776601683825,0.8590200539622352
12.0,31.622776601683825,0.859071780895286
12.5,31.622776601683825,0.859097304056931
13.0,31.622776601683825,0.8591094908858508
13.5,31.622776601683825,0.8591151226064584
14.0,31.622776601683825,0.8591176416465215
14.5,31.622776601683825,0.8591187323752868
15.0,31.622776601683825,0.8591191895958246
15.5,31.622776601683825,0.8591193751614581
16.0,31.622776601683825,0.8591194480844281
16.5,31.622776601683825,0.8591194758339327
17.0,31.622776601683825,0.8591194860597173
17.5,31.622776601683825,0.8591194897090436
18.0,31.622776601683825,0.8591194909703638
18.5,31.622776601683825,0.8591194913925995
19.0,31.622776601683825,0.8591194915295046
19.5,31.622776601683825,0.8591194915725014
20.0,31.622776601683825,0.8591194915855819
21.0,31.622776601683825,0.859119491590537
22.0,31.622776601683825,0.8591194915909229
23.0,31.622776601683825,0.8591194915909494
24.0,31.622776601683825,0.8591194915909509
25.0,31.622776601683825,0.859119491590951
26.0,31.622776601683825,0.859119491590951
27.0,31.622776601683825,0.859119491590951
28.0,31.622776601683825,0.859119491590951
29.0,31.622776601683825,0.859119491590951
30.0,31.622776601683825,0.859119491590951
31.0,31.622776601683825,0.859119491590951
32.0,31.622776601683825,0.859119491590951
33.0,31.622776601683825,0.859119491590951
34.0,31.622776601683825,0.859119491590951
35.0,31.622776601683825,0.859119491590951
36.0,31.622776601683825,0.859119491590951
37.0,31.622776601683825,0.859119491590951
38.0,31.622776601683825,0.859119491590951
39.0,31.622776601683825,0.859119491590951
40.0,31.622776601683825,0.859119491590951
41.0,31.622776601683825,0.859119491590951
42.0,31.622776601683825,0.859119491590951
43.0,31.622776601683825,0.859119491590951
44.0,31.622776601683825,0.859119491590951
45.0,31.622776601683825,0.859119491590951
46.0,31.622776601683825,0.859119491590951
47.0,31.622776601683825,0.859119491590951
48.0,31.622776601683825,0.859119491590951
49.0,31.622776601683825,0.859119491590951
50.0,31.622776601683825,0.859119491590951
51.0,31.622776601683825,0.859119491590951
52.0,31.622776601683825,0.859119491590951
53.0,31.622776601683825,0.859119491590951
54.0,31.622776601683825,0.859119491590951
55.0,31.622776601683825,0.859119491590951
56.0,31.622776601683825,0.859119491590951
57.0,31.622776601683825,0.859119491590951
58.0,31.622776601683825,0.859119491590951
59.0,31.622776601683825,0.859119491590951
60.0,31.622776601683825,0.859119491590951
61.0,31.622776601683825,0.859119491590951
62.0,31.622776601683825,0.859119491590951
63.0,31.622776601683825,0.859119491590951
64.0,31.622776601683825,0.859119491590951
65.0,31.622776601683825,0.859119491590951
66.0,31.622776601683825,0.859119491590951
67.0,31.622776601683825,0.859119491590951
68.0,31.622776601683825,0.859119491590951
69.0,31.622776601683825,0.859119491590951
70.0,31.622776601683825,0.859119491590951
71.0,31.622776601683825,0.859119491590951
72.0,31.622776601683825,0.859119491590951
73.0,31.622776601683825,0.859119491590951
74.0,31.622776601683825,0.859119491590951
75.0,31.622776601683825,0.859119491590951
76.0,31.622776601683825,0.859119491590951
77.0,31.622776601683825,0.859119491590951
78.0,31.622776601683825,0.859119491590951
79.0,31.622776601683825,0.859119491590951
80.0,31.622776601683825,0.859119491590951
81.0,31.622776601683825,0.859119491590951
82.0,31.622776601683825,0.859119491590951
83.0,31.622776601683825,0.859119491590951
84.0,31.622776601683825,0.859119491590951
85.0,31.622776601683825,0.859119491590951
86.0,31.622776601683825,0.859119491590951
87.0,31.622776601683825,0.859119491590951
88.0,31.622776601683825,0.859119491590951
89.0,31.622776601683825,0.859119491590951
90.0,31.622776601683825,0.859119491590951
91.0,31.622776601683825,0.859119491590951
92.0,31.622776601683825,0.859119491590951
93.0,31.622776601683825,0.859119491590951
94.0,31.622776601683825,0.859119491590951
95.0,31.622776601683825,0.859119491590951
96.0,31.622776601683825,0.859119491590951
97.0,31.622776601683825,0.859119491590951
98.0,31.622776601683825,0.859119491590951
99.0,31.622776601683825,0.859119491590951
100.0,31.622776601683825,0.859119491590951
-100.0,35.48133892335758,0.9428971492412752
-99.0,35.48133892335758,0.9428971492412752
-98.0,35.48133892335758,0.9428971492412752
-97.0,35.48133892335758,0.9428971492412752
-96.0,35.48133892335758,0.9428971492412752
-95.0,35.48133892335758,0.9428971492412752
-94.0,35.48133892335758,0.9428971492412752
-93.0,35.48133892335758,0.9428971492412752
-92.0,35.48133892335758,0.9428971492412752
-91.0,35.48133892335758,0.9428971492412752
-90.0,35.48133892335758,0.9428971492412752
-89.0,35.48133892335758,0.9428971492412752
-88.0,35.48133892335758,0.9428971492412752
-87.0,35.48133892335758,0.9428971492412752
-86.0,35.48133892335758,0.9428971492412752
-85.0,35.48133892335758,0.9428971492412752
-84.0,35.48133892335758,0.9428971492412752
-83.0,35.48133892335758,0.9428971492412752
-82.0,35.48133892335758,0.9428971492412752
-81.0,35.48133892335758,0.9428971492412752
-80.0,35.48133892335758,0.9428971492412752
-79.0,35.48133892335758,0.9428971492412752
-78.0,35.48133892335758,0.9428971492412752
-77.0,35.48133892335758,0.9428971492412752
-76.0,35.48133892335758,0.9428971492412752
-75.0,35.48133892335758,0.9428971492412752
-74.0,35.48133892335758,0.9428971492412752
-73.0,35.48133892335758,0.9428971492412752
-72.0,35.48133892335758,0.9428971492412752
-71.0,35.48133892335758,0.9428971492412752
-70.0,35.48133892335758,0.9428971492412752
-69.0,35.48133892335758,0.9428971492412752
-68.0,35.48133892335758,0.9428971492412752
-67.0,35.48133892335758,0.9428971492412752
-66.0,35.48133892335758,0.9428971492412752
-65.0,35.48133892335758,0.9428971492412752
-64.0,35.48133892335758,0.9428971492412752
-63.0,35.48133892335758,0.9428971492412752
-62.0,35.48133892335758,0.9428971492412752
-61.0,35.48133892335758,0.9428971492412752
-60.0,35.48133892335758,0.9428971492412752
-59.0,35.48133892335758,0.9428971492412752
-58.0,35.48133892335758,0.9428971492412752
-57.0,35.48133892335758,0.9428971492412752
-56.0,35.48133892335758,0.9428971492412752
-55.0,35.48133892335758,0.9428971492412752
-54.0,35.48133892335758,0.9428971492412752
-53.0,35.48133892335758,0.9428971492412752
-52.0,35.48133892335758,0.9428971492412752
-51.0,35.48133892335758,0.9428971492412752
-50.0,35.48133892335758,0.9428971492412752
-49.0,35.48133892335758,0.9428971492412752
-48.0,35.48133892335758,0.9428971492412752
-47.0,35.48133892335758,0.9428971492412752
-46.0,35.48133892335758,0.9428971492412752
-45.0,35.48133892335758,0.9428971492412752
-44.0,35.48133892335758,0.9428971492412752
-43.0,35.48133892335758,0.9428971492412752
-42.0,35.48133892335758,0.9428971492412752
-41.0,35.48133892335758,0.9428971492412752
-40.0,35.48133892335758,0.9428971492412752
-39.0,35.48133892335758,0.9428971492412752
-38.0,35.48133892335758,0.9428971492412752
-37.0,35.48133892335758,0.9428971492412752
-36.0,35.48133892335758,0.9428971492412752
-35.0,35.48133892335758,0.9428971492412752
-34.0,35.48133892335758,0.9428971492412752
-33.0,35.48133892335758,0.9428971492412752
-32.0,35.48133892335758,0.9428971492412752
-31.0,35.48133892335758,0.9428971492412752
-30.0,35.48133892335758,0.9428971492412752
-29.0,35.48133892335758,0.9428971492412752
-28.0,35.48133892335758,0.9428971492412752
-27.0,35.48133892335758,0.9428971492412752
-26.0,35.48133892335758,0.9428971492412752
-25.0,35.48133892335758,0.9428971492412752
-24.0,35.48133892335758,0.9428971492412751
-23.0,35.48133892335758,0.9428971492412733
-22.0,35.48133892335758,0.9428971492412443
-21.0,35.48133892335758,0.9428971492408208
-20.0,35.48133892335758,0.9428971492353825
-19.5,35.48133892335758,0.9428971492210265
-19.0,35.48133892335758,0.9428971491738368
-18.5,35.48133892335758,0.9428971490235812
-18.0,35.48133892335758,0.942897148560171
-17.5,35.48133892335758,0.9428971471758522
-17.0,35.48133892335758,0.9428971431706593
-16.5,35.48133892335758,0.9428971319476998
-16.0,35.48133892335758,0.9428971014921822
-15.5,35.48133892335758,0.9428970214580762
-15.0,35.48133892335758,0.942896817796876
-14.5,35.48133892335758,0.9428963159901472
-14.0,35.48133892335758,0.9428951188981787
-13.5,35.48133892335758,0.9428923542121047
-13.0,35.48133892335758,0.942886173310195
-12.5,35.48133892335758,0.942872798073852
-12.0,35.48133892335758,0.9428447860026674
-11.5,35.48133892335758,0.9427880148803847
-11.0,35.48133892335758,0.9426766917722955
-10.5,35.48133892335758,0.9424655144708465
-10.0,35.48133892335758,0.9420780503754697
-9.5,35.48133892335758,0.9413905958601134
-9.0,35.48133892335758,0.9402114274568371
-8.5,35.48133892335758,0.9382566381328264
-8.0,35.48133892335758,0.9351257555786512
-7.5,35.48133892335758,0.9302829322204165
-7.0,35.48133892335758,0.9230522003099415
-6.5,35.48133892335758,0.9126372156771979
-6.0,35.48133892335758,0.8981758664740449
-5.5,35.48133892335758,0.8788368693834252
-5.0,35.48133892335758,0.8539582585142995
-4.5,35.48133892335758,0.8232167903648702
-4.0,35.48133892335758,0.7868045348860133
-3.5,35.48133892335758,0.7455775958767211
-3.0,35.48133892335758,0.7011361787348325
-2.5,35.48133892335758,0.655798893159551
-2.0,35.48133892335758,0.61244908205807
-1.5,35.48133892335758,0.5742556913456153
-1.0,35.48133892335758,0.5443006947421966
-0.5,35.48133892335758,0.5251716514905087
0.0,35.48133892335758,0.5185934320827014
0.5,35.48133892335758,0.5251716514905087
1.0,35.48133892335758,0.5443006947421966
1.5,35.48133892335758,0.5742556913456153
2.0,35.48133892335758,0.61244908205807
2.5,35.48133892335758,0.655798893159551
3.0,35.48133892335758,0.7011361787348325
3.5,35.48133892335758,0.7455775958767211
4.0,35.48133892335758,0.7868045348860133
4.5,35.48133892335758,0.8232167903648702
5.0,35.48133892335758,0.8539582585142995
5.5,35.48133892335758,0.8788368693834252
6.0,35.48133892335758,0.8981758664740449
6.5,35.48133892335758,0.9126372156771979
7.0,35.48133892335758,0.9230522003099415
7.5,35.48133892335758,0.9302829322204165
8.0,35.48133892335758,0.9351257555786512
8.5,35.48133892335758,0.9382566381328264
9.0,35.48133892335758,0.9402114274568371
9.5,35.48133892335758,0.9413905958601134
10.0,35.48133892335758,0.9420780503754697
10.5,35.48133892335758,0.9424655144708465
11.0,35.48133892335758,0.9426766917722955
11.5,35.48133892335758,0.9427880148803847
12.0,35.48133892335758,0.9428447860026674
12.5,35.48133892335758,0.942872798073852
13.0,35.48133892335758,0.942886173310195
13.5,35.48133892335758,0.9428923542121047
14.0,35.48133892335758,0.9428951188981787
14.5,35.48133892335758,0.9428963159901472
15.0,35.48133892335758,0.942896817796876
15.5,35.48133892335758,0.9428970214580762
16.0,35.48133892335758,0.9428971014921822
16.5,35.48133892335758,0.9428971319476998
17.0,35.48133892335758,0.9428971431706593
17.5,35.48133892335758,0.9428971471758522
18.0,35.48133892335758,0.942897148560171
18.5,35.48133892335758,0.9428971490235812
19.0,35.48133892335758,0.9428971491738368
19.5,35.48133892335758,0.9428971492210265
20.0,35.48133892335758,0.9428971492353825
21.0,35.48133892335758,0.9428971492408208
22.0,35.48133892335758,0.9428971492412443
23.0,35.48133892335758,0.9428971492412733
24.0,35.48133892335758,0.9428971492412751
25.0,35.48133892335758,0.9428971492412752
26.0,35.48133892335758,0.9428971492412752
27.0,35.48133892335758,0.9428971492412752
28.0,35.48133892335758,0.9428971492412752
29.0,35.48133892335758,0.9428971492412752
30.0,35.48133892335758,0.9428971492412752
31.0,35.48133892335758,0.9428971492412752
32.0,35.48133892335758,0.9428971492412752
33.0,35.48133892335758,0.9428971492412752
34.0,35.48133892335758,0.9428971492412752
35.0,35.48133892335758,0.9428971492412752
36.0,35.48133892335758,0.9428971492412752
37.0,35.48133892335758,0.9428971492412752
38.0,35.48133892335758,0.9428971492412752
39.0,35.48133892335758,0.9428971492412752
40.0,35.48133892335758,0.9428971492412752
41.0,35.48133892335758,0.9428971492412752
42.0,35.48133892335758,0.9428971492412752
43.0,35.48133892335758,0.9428971492412752
44.0,35.48133892335758,0.9428971492412752
45.0,35.48133892335758,0.9428971492412752
46.0,35.48133892335758,0.9428971492412752
47.0,35.48133892335758,0.9428971492412752
48.0,35.48133892335758,0.9428971492412752
49.0,35.48133892335758,0.9428971492412752
50.0,35.48133892335758,0.9428971492412752
51.0,35.48133892335758,0.9428971492412752
52.0,35.48133892335758,0.9428971492412752
53.0,35.48133892335758,0.9428971492412752
54.0,35.48133892335758,0.9428971492412752
55.0,35.48133892335758,0.9428971492412752
56.0,35.48133892335758,0.9428971492412752
57.0,35.48133892335758,0.9428971492412752
58.0,35.48133892335758,0.9428971492412752
59.0,35.48133892335758,0.9428971492412752
60.0,35.48133892335758,0.9428971492412752
61.0,35.48133892335758,0.9428971492412752
62.0,35.48133892335758,0.9428971492412752
63.0,35.48133892335758,0.9428971492412752
64.0,35.48133892335758,0.9428971492412752
65.0,35.48133892335758,0.9428971492412752
66.0,35.48133892335758,0.9428971492412752
67.0,35.48133892335758,0.9428971492412752
68.0,35.48133892335758,0.9428971492412752
69.0,35.48133892335758,0.9428971492412752
70.0,35.48133892335758,0.9428971492412752
71.0,35.48133892335758,0.9428971492412752
72.0,35.48133892335758,0.9428971492412752
73.0,35.48133892335758,0.9428971492412752
74.0,35.48133892335758,0.9428971492412752
75.0,35.48133892335758,0.9428971492412752
76.0,35.48133892335758,0.9428971492412752
77.0,35.48133892335758,0.9428971492412752
78.0,35.48133892335758,0.9428971492412752
79.0,35.48133892335758,0.9428971492412752
80.0,35.48133892335758,0.9428971492412752
81.0,35.48133892335758,0.9428971492412752
82.0,35.48133892335758,0.9428971492412752
83.0,35.48133892335758,0.9428971492412752
84.0,35.48133892335758,0.9428971492412752
85.0,35.48133892335758,0.9428971492412752
86.0,35.48133892335758,0.9428971492412752
87.0,35.48133892335758,0.9428971492412752
88.0,35.48133892335758,0.9428971492412752
89.0,35.48133892335758,0.9428971492412752
90.0,35.48133892335758,0.9428971492412752
91.0,35.48133892335758,0.9428971492412752
92.0,35.48133892335758,0.9428971492412752
93.0,35.48133892335758,0.9428971492412752
94.0,35.48133892335758,0.9428971492412752
95.0,35.48133892335758,0.9428971492412752
96.0,35.48133892335758,0.9428971492412752
97.0,35.48133892335758,0.9428971492412752
98.0,35.48133892335758,0.9428971492412752
99.0,35.48133892335758,0.9428971492412752
100.0,35.48133892335758,0.9428971492412752
-100.0,39.81071705534978,1.0363369511214957
-99.0,39.81071705534978,1.0363369511214957
-98.0,39.81071705534978,1.0363369511214957
-97.0,39.81071705534978,1.0363369511214957
-96.0,39.81071705534978,1.0363369511214957
-95.0,39.81071705534978,1.0363369511214957
-94.0,39.81071705534978,1.0363369511214957
-93.0,39.81071705534978,1.0363369511214957
-92.0,39.81071705534978,1.0363369511214957
-91.0,39.81071705534978,1.0363369511214957
-90.0,39.81071705534978,1.0363369511214957
-89.0,39.81071705534978,1.0363369511214957
-88.0,39.81071705534978,1.0363369511214957
-87.0,39.81071705534978,1.0363369511214957
-86.0,39.81071705534978,1.0363369511214957
-85.0,39.81071705534978,1.0363369511214957
-84.0,39.81071705534978,1.0363369511214957
-83.0,39.81071705534978,1.0363369511214957
-82.0,39.81071705534978,1.0363369511214957
-81.0,39.81071705534978,1.0363369511214957
-80.0,39.81071705534978,1.0363369511214957
-79.0,39.81071705534978,1.0363369511214957
-78.0,39.81071705534978,1.0363369511214957
-77.0,39.81071705534978,1.0363369511214957
-76.0,39.81071705534978,1.0363369511214957
-75.0,39.81071705534978,1.0363369511214957
-74.0,39.81071705534978,1.0363369511214957
-73.0,39.81071705534978,1.0363369511214957
-72.0,39.81071705534978,1.0363369511214957
-71.0,39.81071705534978,1.0363369511214957
-70.0,39.81071705534978,1.0363369511214957
-69.0,39.81071705534978,1.0363369511214957
-68.0,39.81071705534978,1.0363369511214957
-67.0,39.81071705534978,1.0363369511214957
-66.0,39.81071705534978,1.0363369511214957
-65.0,39.81071705534978,1.0363369511214957
-64.0,39.81071705534978,1.0363369511214957
-63.0,39.81071705534978,1.0363369511214957
-62.0,39.81071705534978,1.0363369511214957
-61.0,39.81071705534978,1.0363369511214957
-60.0,39.81071705534978,1.0363369511214957
-59.0,39.81071705534978,1.0363369511214957
-58.0,39.81071705534978,1.0363369511214957
-57.0,39.81071705534978,1.0363369511214957
-56.0,39.81071705534978,1.0363369511214957
-55.0,39.81071705534978,1.0363369511214957
-54.0,39.81071705534978,1.0363369511214957
-53.0,39.81071705534978,1.0363369511214957
-52.0,39.81071705534978,1.0363369511214957
-51.0,39.81071705534978,1.0363369511214957
-50.0,39.81071705534978,1.0363369511214957
-49.0,39.81071705534978,1.0363369511214957
-48.0,39.81071705534978,1.0363369511214957
-47.0,39.81071705534978,1.0363369511214957
-46.0,39.81071705534978,1.0363369511214957
-45.0,39.81071705534978,1.0363369511214957
-44.0,39.81071705534978,1.0363369511214957
-43.0,39.81071705534978,1.0363369511214957
-42.0,39.81071705534978,1.0363369511214957
-41.0,39.81071705534978,1.0363369511214957
-40.0,39.81071705534978,1.0363369511214957
-39.0,39.81071705534978,1.0363369511214957
-38.0,39.81071705534978,1.0363369511214957
-37.0,39.81071705534978,1.0363369511214957
-36.0,39.81071705534978,1.0363369511214957
-35.0,39.81071705534978,1.0363369511214957
-34.0,39.81071705534978,1.0363369511214957
-33.0,39.81071705534978,1.0363369511214957
-32.0,39.81071705534978,1.0363369511214957
-31.0,39.81071705534978,1.0363369511214957
-30.0,39.81071705534978,1.0363369511214957
-29.0,39.81071705534978,1.0363369511214957
-28.0,39.81071705534978,1.0363369511214957
-27.0,39.81071705534978,1.0363369511214957
-26.0,39.81071705534978,1.0363369511214957
-25.0,39.81071705534978,1.0363369511214957
-24.0,39.81071705534978,1.0363369511214955
-23.0,39.81071705534978,1.0363369511214937
-22.0,39.81071705534978,1.0363369511214617
-21.0,39.81071705534978,1.0363369511209963
-20.0,39.81071705534978,1.0363369511150191
-19.5,39.81071705534978,1.0363369510992404
-19.0,39.81071705534978,1.0363369510473743
-18.5,39.81071705534978,1.0363369508822287
-18.0,39.81071705534978,1.036336950372895
-17.5,39.81071705534978,1.036336948851392
-17.0,39.81071705534978,1.0363369444492903
-16.5,39.81071705534978,1.036336932114151
-16.0,39.81071705534978,1.0363368986405337
-15.5,39.81071705534978,1.0363368106751585
-15.0,39.81071705534978,1.0363365868314154
-14.5,39.81071705534978,1.0363360352963347
-14.0,39.81071705534978,1.0363347195742096
-13.5,39.81071705534978,1.036331680911574
-13.0,39.81071705534978,1.0363248874908435
-12.5,39.81071705534978,1.0363101867870994
-12.0,39.81071705534978,1.0362793987584482
-11.5,39.81071705534978,1.036217001696557
-11.0,39.81071705534978,1.0360946466226029
-10.5,39.81071705534978,1.035862541942993
-10.0,39.81071705534978,1.0354366806922775
-9.5,39.81071705534978,1.0346811003863532
-9.0,39.81071705534978,1.0333850780270815
-8.5,39.81071705534978,1.0312365717878165
-8.0,39.81071705534978,1.0277954231077888
-7.5,39.81071705534978,1.0224726826605075
-7.0,39.81071705534978,1.0145253952299447
-6.5,39.81071705534978,1.0030783000415036
-6.0,39.81071705534978,0.9871838511566402
-5.5,39.81071705534978,0.9659283862326371
-5.0,39.81071705534978,0.9385843394752634
-4.5,39.81071705534978,0.9047964343992815
-4.0,39.81071705534978,0.8647757748217442
-3.5,39.81071705534978,0.8194633032426951
-3.0,39.81071705534978,0.7706178031991285
-2.5,39.81071705534978,0.7207876554009098
-2.0,39.81071705534978,0.6731419380448319
-1.5,39.81071705534978,0.6311636351983471
-1.0,39.81071705534978,0.598240139909575
-0.5,39.81071705534978,0.5772154349592235
0.0,39.81071705534978,0.5699853231168227
0.5,39.81071705534978,0.5772154349592235
1.0,39.81071705534978,0.598240139909575
1.5,39.81071705534978,0.6311636351983471
2.0,39.81071705534978,0.6731419380448319
2.5,39.81071705534978,0.7207876554009098
3.0,39.81071705534978,0.7706178031991285
3.5,39.81071705534978,0.8194633032426951
4.0,39.81071705534978,0.8647757748217442
4.5,39.81071705534978,0.9047964343992815
5.0,39.81071705534978,0.9385843394752634
5.5,39.81071705534978,0.9659283862326371
6.0,39.81071705534978,0.9871838511566402
6.5,39.81071705534978,1.0030783000415036
7.0,39.81071705534978,1.0145253952299447
7.5,39.81071705534978,1.0224726826605075
8.0,39.81071705534978,1.0277954231077888
8.5,39.81071705534978,1.0312365717878165
9.0,39.81071705534978,1.0333850780270815
9.5,39.81071705534978,1.0346811003863532
10.0,39.81071705534978,1.0354366806922775
10.5,39.81071705534978,1.035862541942993
11.0,39.81071705534978,1.0360946466226029
11.5,39.81071705534978,1.036217001696557
12.0,39.81071705534978,1.0362793987584482
12.5,39.81071705534978,1.0363101867870994
13.0,39.81071705534978,1.0363248874908435
13.5,39.81071705534978,1.036331680911574
14.0,39.81071705534978,1.0363347195742096
14.5,39.81071705534978,1.0363360352963347
15.0,39.81071705534978,1.0363365868314154
15.5,39.81071705534978,1.0363368106751585
16.0,39.81071705534978,1.0363368986405337
16.5,39.81071705534978,1.036336932114151
17.0,39.81071705534978,1.0363369444492903
17.5,39.81071705534978,1.036336948851392
18.0,39.81071705534978,1.036336950372895
18.5,39.81071705534978,1.0363369508822287
19.0,39.81071705534978,1.0363369510473743
19.5,39.81071705534978,1.0363369510992404
20.0,39.81071705534978,1.0363369511150191
21.0,39.81071705534978,1.0363369511209963
22.0,39.81071705534978,1.0363369511214617
23.0,39.81071705534978,1.0363369511214937
24.0,39.81071705534978,1.0363369511214955
25.0,39.81071705534978,1.0363369511214957
26.0,39.81071705534978,1.0363369511214957
27.0,39.81071705534978,1.0363369511214957
28.0,39.81071705534978,1.0363369511214957
29.0,39.81071705534978,1.0363369511214957
30.0,39.81071705534978,1.0363369511214957
31.0,39.81071705534978,1.0363369511214957
32.0,39.81071705534978,1.0363369511214957
33.0,39.81071705534978,1.0363369511214957
34.0,39.81071705534978,1.0363369511214957
35.0,39.81071705534978,1.0363369511214957
36.0,39.81071705534978,1.0363369511214957
37.0,39.81071705534978,1.0363369511214957
38.0,39.81071705534978,1.0363369511214957
39.0,39.81071705534978,1.0363369511214957
40.0,39.81071705534978,1.0363369511214957
41.0,39.81071705534978,1.0363369511214957
42.0,39.81071705534978,1.0363369511214957
43.0,39.81071705534978,1.0363369511214957
44.0,39.81071705534978,1.0363369511214957
45.0,39.81071705534978,1.0363369511214957
46.0,39.81071705534978,1.0363369511214957
47.0,39.81071705534978,1.0363369511214957
48.0,39.81071705534978,1.0363369511214957
49.0,39.81071705534978,1.0363369511214957
50.0,39.81071705534978,1.0363369511214957
51.0,39.81071705534978,1.0363369511214957
52.0,39.81071705534978,1.0363369511214957
53.0,39.81071705534978,1.0363369511214957
54.0,39.81071705534978,1.0363369511214957
55.0,39.81071705534978,1.0363369511214957
56.0,39.81071705534978,1.0363369511214957
57.0,39.81071705534978,1.0363369511214957
58.0,39.81071705534978,1.0363369511214957
59.0,39.81071705534978,1.0363369511214957
60.0,39.81071705534978,1.0363369511214957
61.0,39.81071705534978,1.0363369511214957
62.0,39.81071705534978,1.0363369511214957
63.0,39.81071705534978,1.0363369511214957
64.0,39.81071705534978,1.0363369511214957
65.0,39.81071705534978,1.0363369511214957
66.0,39.81071705534978,1.0363369511214957
67.0,39.81071705534978,1.0363369511214957
68.0,39.81071705534978,1.0363369511214957
69.0,39.81071705534978,1.0363369511214957
70.0,39.81071705534978,1.0363369511214957
71.0,39.81071705534978,1.0363369511214957
72.0,39.81071705534978,1.0363369511214957
73.0,39.81071705534978,1.0363369511214957
74.0,39.81071705534978,1.0363369511214957
75.0,39.81071705534978,1.0363369511214957
76.0,39.81071705534978,1.0363369511214957
77.0,39.81071705534978,1.0363369511214957
78.0,39.81071705534978,1.0363369511214957
79.0,39.81071705534978,1.0363369511214957
80.0,39.81071705534978,1.0363369511214957
81.0,39.81071705534978,1.0363369511214957
82.0,39.81071705534978,1.0363369511214957
83.0,39.81071705534978,1.0363369511214957
84.0,39.81071705534978,1.0363369511214957
85.0,39.81071705534978,1.0363369511214957
86.0,39.81071705534978,1.0363369511214957
87.0,39.81071705534978,1.0363369511214957
88.0,39.81071705534978,1.0363369511214957
89.0,39.81071705534978,1.0363369511214957
90.0,39.81071705534978,1.0363369511214957
91.0,39.81071705534978,1.0363369511214957
92.0,39.81071705534978,1.0363369511214957
93.0,39.81071705534978,1.0363369511214957
94.0,39.81071705534978,1.0363369511214957
95.0,39.81071705534978,1.0363369511214957
96.0,39.81071705534978,1.0363369511214957
97.0,39.81071705534978,1.0363369511214957
98.0,39.81071705534978,1.0363369511214957
99.0,39.81071705534978,1.0363369511214957
100.0,39.81071705534978,1.0363369511214957
-100.0,44.66835921509637,1.139608685592482
-99.0,44.66835921509637,1.139608685592482
-98.0,44.66835921509637,1.139608685592482
-97.0,44.66835921509637,1.139608685592482
-96.0,44.66835921509637,1.139608685592482
-95.0,44.66835921509637,1.139608685592482
-94.0,44.66835921509637,1.139608685592482
-93.0,44.66835921509637,1.139608685592482
-92.0,44.66835921509637,1.139608685592482
-91.0,44.66835921509637,1.139608685592482
-90.0,44.66835921509637,1.139608685592482
-89.0,44.66835921509637,1.139608685592482
-88.0,44.66835921509637,1.139608685592482
-87.0,44.66835921509637,1.139608685592482
-86.0,44.66835921509637,1.139608685592482
-85.0,44.66835921509637,1.139608685592482
-84.0,44.66835921509637,1.139608685592482
-83.0,44.66835921509637,1.139608685592482
-82.0,44.66835921509637,1.139608685592482
-81.0,44.66835921509637,1.139608685592482
-80.0,44.66835921509637,1.139608685592482
-79.0,44.66835921509637,1.139608685592482
-78.0,44.66835921509637,1.139608685592482
-77.0,44.66835921509637,1.139608685592482
-76.0,44.66835921509637,1.139608685592482
-75.0,44.66835921509637,1.139608685592482
-74.0,44.66835921509637,1.139608685592482
-73.0,44.66835921509637,1.139608685592482
-72.0,44.66835921509637,1.139608685592482
-71.0,44.66835921509637,1.139608685592482
-70.0,44.66835921509637,1.139608685592482
-69.0,44.66835921509637,1.139608685592482
-68.0,44.66835921509637,1.139608685592482
-67.0,44.66835921509637,1.139608685592482
-66.0,44.66835921509637,1.139608685592482
-65.0,44.66835921509637,1.139608685592482
-64.0,44.66835921509637,1.139608685592482
-63.0,44.66835921509637,1.139608685592482
-62.0,44.66835921509637,1.139608685592482
-61.0,44.66835921509637,1.139608685592482
-60.0,44.66835921509637,1.139608685592482
-59.0,44.66835921509637,1.139608685592482
-58.0,44.66835921509637,1.139608685592482
-57.0,44.66835921509637,1.139608685592482
-56.0,44.66835921509637,1.139608685592482
-55.0,44.66835921509637,1.139608685592482
-54.0,44.66835921509637,1.139608685592482
-53.0,44.66835921509637,1.139608685592482
-52.0,44.66835921509637,1.139608685592482
-51.0,44.66835921509637,1.139608685592482
-50.0,44.66835921509637,1.139608685592482
-49.0,44.66835921509637,1.139608685592482
-48.0,44.66835921509637,1.139608685592482
-47.0,44.66835921509637,1.139608685592482
-46.0,44.66835921509637,1.139608685592482
-45.0,44.66835921509637,1.139608685592482
-44.0,44.66835921509637,1.139608685592482
-43.0,44.66835921509637,1.139608685592482
-42.0,44.66835921509637,1.139608685592482
-41.0,44.66835921509637,1.139608685592482
-40.0,44.66835921509637,1.139608685592482
-39.0,44.66835921509637,1.139608685592482
-38.0,44.66835921509637,1.139608685592482
-37.0,44.66835921509637,1.139608685592482
-36.0,44.66835921509637,1.139608685592482
-35.0,44.66835921509637,1.139608685592482
-34.0,44.66835921509637,1.139608685592482
-33.0,44.66835921509637,1.139608685592482
-32.0,44.66835921509637,1.139608685592482
-31.0,44.66835921509637,1.139608685592482
-30.0,44.66835921509637,1.139608685592482
-29.0,44.66835921509637,1.139608685592482
-28.0,44.66835921509637,1.139608685592482
-27.0,44.66835921509637,1.139608685592482
-26.0,44.66835921509637,1.139608685592482
-25.0,44.66835921509637,1.139608685592482
-24.0,44.66835921509637,1.1396086855924819
-23.0,44.66835921509637,1.1396086855924799
-22.0,44.66835921509637,1.1396086855924448
-21.0,44.66835921509637,1.1396086855919327
-20.0,44.66835921509637,1.13960868558536
-19.5,44.66835921509637,1.139608685568009
-19.0,44.66835921509637,1.1396086855109744
-18.5,44.66835921509637,1.1396086853293719
-18.0,44.66835921509637,1.1396086847692828
-17.5,44.66835921509637,1.139608683096161
-17.0,44.66835921509637,1.1396086782553865
-16.5,44.66835921509637,1.1396086646910415
-16.0,44.66835921509637,1.1396086278817539
-15.5,44.66835921509637,1.1396085311505648
-15.0,44.66835921509637,1.139608285000629
-14.5,44.66835921509637,1.1396076785046747
-14.0,44.66835921509637,1.1396062316698783
-13.5,44.66835921509637,1.1396028902022906
-13.0,44.66835921509637,1.13959541981222
-12.5,44.66835921509637,1.1395792541726055
-12.0,44.66835921509637,1.139545398094401
-11.5,44.66835921509637,1.1394767831196964
-11.0,44.66835921509637,1.1393422352732132
-10.5,44.66835921509637,1.1390870011926721
-10.0,44.66835921509637,1.1386187025571297
-9.5,44.66835921509637,1.137787828121588
-9.0,44.66835921509637,1.136362656187161
-8.5,44.66835921509637,1.1340000497311562
-8.0,44.66835921509637,1.1302159880705824
-7.5,44.66835921509637,1.124362832648196
-7.0,44.66835921509637,1.1156235922177855
-6.5,44.66835921509637,1.1030357856289783
-6.0,44.66835921509637,1.0855574432980462
-5.5,44.66835921509637,1.062183855762171
-5.0,44.66835921509637,1.0321149547640665
-4.5,44.66835921509637,0.994960060257126
-4.0,44.66835921509637,0.9509513127080341
-3.5,44.66835921509637,0.901123420224547
-3.0,44.66835921509637,0.8474104304083316
-2.5,44.66835921509637,0.7926146719691929
-2.0,44.66835921509637,0.7402210240620024
-1.5,44.66835921509637,0.6940595526616863
-1.0,44.66835921509637,0.6578552070089092
-0.5,44.66835921509637,0.6347353748466853
0.0,44.66835921509637,0.6267847770758652
0.5,44.66835921509637,0.6347353748466853
1.0,44.66835921509637,0.6578552070089092
1.5,44.66835921509637,0.6940595526616863
2.0,44.66835921509637,0.7402210240620024
2.5,44.66835921509637,0.7926146719691929
3.0,44.66835921509637,0.8474104304083316
3.5,44.66835921509637,0.901123420224547
4.0,44.66835921509637,0.9509513127080341
4.5,44.66835921509637,0.994960060257126
5.0,44.66835921509637,1.0321149547640665
5.5,44.66835921509637,1.062183855762171
6.0,44.66835921509637,1.0855574432980462
6.5,44.66835921509637,1.1030357856289783
7.0,44.66835921509637,1.1156235922177855
7.5,44.66835921509637,1.124362832648196
8.0,44.66835921509637,1.1302159880705824
8.5,44.66835921509637,1.1340000497311562
9.0,44.66835921509637,1.136362656187161
9.5,44.66835921509637,1.137787828121588
10.0,44.66835921509637,1.1386187025571297
10.5,44.66835921509637,1.1390870011926721
11.0,44.66835921509637,1.1393422352732132
11.5,44.66835921509637,1.1394767831196964
12.0,44.66835921509637,1.139545398094401
12.5,44.66835921509637,1.1395792541726055
13.0,44.66835921509637,1.13959541981222
13.5,44.66835921509637,1.1396028902022906
14.0,44.66835921509637,1.1396062316698783
14.5,44.66835921509637,1.1396076785046747
15.0,44.66835921509637,1.139608285000629
15.5,44.66835921509637,1.1396085311505648
16.0,44.66835921509637,1.1396086278817539
16.5,44.66835921509637,1.1396086646910415
17.0,44.66835921509637,1.1396086782553865
17.5,44.66835921509637,1.139608683096161
18.0,44.66835921509637,1.1396086847692828
18.5,44.66835921509637,1.1396086853293719
19.0,44.66835921509637,1.1396086855109744
19.5,44.66835921509637,1.139608685568009
20.0,44.66835921509637,1.13960868558536
21.0,44.66835921509637,1.1396086855919327
22.0,44.66835921509637,1.1396086855924448
23.0,44.66835921509637,1.1396086855924799
24.0,44.66835921509637,1.1396086855924819
25.0,44.66835921509637,1.139608685592482
26.0,44.66835921509637,1.139608685592482
27.0,44.66835921509637,1.139608685592482
28.0,44.66835921509637,1.139608685592482
29.0,44.66835921509637,1.139608685592482
30.0,44.66835921509637,1.139608685592482
31.0,44.66835921509637,1.139608685592482
32.0,44.66835921509637,1.139608685592482
33.0,44.66835921509637,1.139608685592482
34.0,44.66835921509637,1.139608685592482
35.0,44.66835921509637,1.139608685592482
36.0,44.66835921509637,1.139608685592482
37.0,44.66835921509637,1.139608685592482
38.0,44.66835921509637,1.139608685592482
39.0,44.66835921509637,1.139608685592482
40.0,44.66835921509637,1.139608685592482
41.0,44.66835921509637,1.139608685592482
42.0,44.66835921509637,1.139608685592482
43.0,44.66835921509637,1.139608685592482
44.0,44.66835921509637,1.139608685592482
45.0,44.66835921509637,1.139608685592482
46.0,44.66835921509637,1.139608685592482
47.0,44.66835921509637,1.139608685592482
48.0,44.66835921509637,1.139608685592482
49.0,44.66835921509637,1.139608685592482
50.0,44.66835921509637,1.139608685592482
51.0,44.66835921509637,1.139608685592482
52.0,44.66835921509637,1.139608685592482
53.0,44.66835921509637,1.139608685592482
54.0,44.66835921509637,1.139608685592482
55.0,44.66835921509637,1.139608685592482
56.0,44.66835921509637,1.139608685592482
57.0,44.66835921509637,1.139608685592482
58.0,44.66835921509637,1.139608685592482
59.0,44.66835921509637,1.139608685592482
60.0,44.66835921509637,1.139608685592482
61.0,44.66835921509637,1.139608685592482
62.0,44.66835921509637,1.139608685592482
63.0,44.66835921509637,1.139608685592482
64.0,44.66835921509637,1.139608685592482
65.0,44.66835921509637,1.139608685592482
66.0,44.66835921509637,1.139608685592482
67.0,44.66835921509637,1.139608685592482
68.0,44.66835921509637,1.139608685592482
69.0,44.66835921509637,1.139608685592482
70.0,44.66835921509637,1.139608685592482
71.0,44.66835921509637,1.139608685592482
72.0,44.66835921509637,1.139608685592482
73.0,44.66835921509637,1.139608685592482
74.0,44.66835921509637,1.139608685592482
75.0,44.66835921509637,1.139608685592482
76.0,44.66835921509637,1.139608685592482
77.0,44.66835921509637,1.139608685592482
78.0,44.66835921509637,1.139608685592482
79.0,44.66835921509637,1.139608685592482
80.0,44.66835921509637,1.139608685592482
81.0,44.66835921509637,1.139608685592482
82.0,44.66835921509637,1.139608685592482
83.0,44.66835921509637,1.139608685592482
84.0,44.66835921509637,1.139608685592482
85.0,44.66835921509637,1.139608685592482
86.0,44.66835921509637,1.139608685592482
87.0,44.66835921509637,1.139608685592482
88.0,44.66835921509637,1.139608685592482
89.0,44.66835921509637,1.139608685592482
90.0,44.66835921509637,1.139608685592482
91.0,44.66835921509637,1.139608685592482
92.0,44.66835921509637,1.139608685592482
93.0,44.66835921509637,1.139608685592482
94.0,44.66835921509637,1.139608685592482
95.0,44.66835921509637,1.139608685592482
96.0,44.66835921509637,1.139608685592482
97.0,44.66835921509637,1.139608685592482
98.0,44.66835921509637,1.139608685592482
99.0,44.66835921509637,1.139608685592482
100.0,44.66835921509637,1.139608685592482
-100.0,50.1187233627273,1.2528711512883541
-99.0,50.1187233627273,1.2528711512883541
-98.0,50.1187233627273,1.2528711512883541
-97.0,50.1187233627273,1.2528711512883541
-96.0,50.1187233627273,1.2528711512883541
-95.0,50.1187233627273,1.2528711512883541
-94.0,50.1187233627273,1.2528711512883541
-93.0,50.1187233627273,1.2528711512883541
-92.0,50.1187233627273,1.2528711512883541
-91.0,50.1187233627273,1.2528711512883541
-90.0,50.1187233627273,1.2528711512883541
-89.0,50.1187233627273,1.2528711512883541
-88.0,50.1187233627273,1.2528711512883541
-87.0,50.1187233627273,1.2528711512883541
-86.0,50.1187233627273,1.2528711512883541
-85.0,50.1187233627273,1.2528711512883541
-84.0,50.1187233627273,1.2528711512883541
-83.0,50.1187233627273,1.2528711512883541
-82.0,50.1187233627273,1.2528711512883541
-81.0,50.1187233627273,1.2528711512883541
-80.0,50.1187233627273,1.2528711512883541
-79.0,50.1187233627273,1.2528711512883541
-78.0,50.1187233627273,1.2528711512883541
-77.0,50.1187233627273,1.2528711512883541
-76.0,50.1187233627273,1.2528711512883541
-75.0,50.1187233627273,1.2528711512883541
-74.0,50.1187233627273,1.2528711512883541
-73.0,50.1187233627273,1.2528711512883541
-72.0,50.1187233627273,1.2528711512883541
-71.0,50.1187233627273,1.2528711512883541
-70.0,50.1187233627273,1.2528711512883541
-69.0,50.1187233627273,1.2528711512883541
-68.0,50.1187233627273,1.2528711512883541
-67.0,50.1187233627273,1.2528711512883541
-66.0,50.1187233627273,1.2528711512883541
-65.0,50.1187233627273,1.2528711512883541
-64.0,50.1187233627273,1.2528711512883541
-63.0,50.1187233627273,1.2528711512883541
-62.0,50.1187233627273,1.2528711512883541
-61.0,50.1187233627273,1.2528711512883541
-60.0,50.1187233627273,1.2528711512883541
-59.0,50.1187233627273,1.2528711512883541
-58.0,50.1187233627273,1.2528711512883541
-57.0,50.1187233627273,1.2528711512883541
-56.0,50.1187233627273,1.2528711512883541
-55.0,50.1187233627273,1.2528711512883541
-54.0,50.1187233627273,1.2528711512883541
-53.0,50.1187233627273,1.2528711512883541
-52.0,50.1187233627273,1.2528711512883541
-51.0,50.1187233627273,1.2528711512883541
-50.0,50.1187233627273,1.2528711512883541
-49.0,50.1187233627273,1.2528711512883541
-48.0,50.1187233627273,1.2528711512883541
-47.0,50.1187233627273,1.2528711512883541
-46.0,50.1187233627273,1.2528711512883541
-45.0,50.1187233627273,1.2528711512883541
-44.0,50.1187233627273,1.2528711512883541
-43.0,50.1187233627273,1.2528711512883541
-42.0,50.1187233627273,1.2528711512883541
-41.0,50.1187233627273,1.2528711512883541
-40.0,50.1187233627273,1.2528711512883541
-39.0,50.1187233627273,1.2528711512883541
-38.0,50.1187233627273,1.2528711512883541
-37.0,50.1187233627273,1.2528711512883541
-36.0,50.1187233627273,1.2528711512883541
-35.0,50.1187233627273,1.2528711512883541
-34.0,50.1187233627273,1.2528711512883541
-33.0,50.1187233627273,1.2528711512883541
-32.0,50.1187233627273,1.2528711512883541
-31.0,50.1187233627273,1.2528711512883541
-30.0,50.1187233627273,1.2528711512883541
-29.0,50.1187233627273,1.2528711512883541
-28.0,50.1187233627273,1.2528711512883541
-27.0,50.1187233627273,1.2528711512883541
-26.0,50.1187233627273,1.2528711512883541
-25.0,50.1187233627273,1.2528711512883541
-24.0,50.1187233627273,1.252871151288354
-23.0,50.1187233627273,1.2528711512883517
-22.0,50.1187233627273,1.252871151288313
-21.0,50.1187233627273,1.2528711512877504
-20.0,50.1187233627273,1.2528711512805242
-19.5,50.1187233627273,1.2528711512614488
-19.0,50.1187233627273,1.2528711511987456
-18.5,50.1187233627273,1.252871150999094
-18.0,50.1187233627273,1.2528711503833394
-17.5,50.1187233627273,1.2528711485439308
-17.0,50.1187233627273,1.2528711432220454
-16.5,50.1187233627273,1.2528711283095788
-16.0,50.1187233627273,1.252871087841921
-15.5,50.1187233627273,1.252870981496894
-15.0,50.1187233627273,1.2528707108828163
-14.5,50.1187233627273,1.2528700441089542
-14.0,50.1187233627273,1.2528684534773629
-13.5,50.1187233627273,1.2528647799108161
-13.0,50.1187233627273,1.2528565670599257
-12.5,50.1187233627273,1.2528387947633723
-12.0,50.1187233627273,1.2528015738258573
-11.5,50.1187233627273,1.252726139403989
-11.0,50.1187233627273,1.252578219229759
-10.5,50.1187233627273,1.2522976181599548
-10.0,50.1187233627273,1.25178277665508
-9.5,50.1187233627273,1.2508693239727744
-9.0,50.1187233627273,1.2493025082536213
-8.5,50.1187233627273,1.246705089062281
-8.0,50.1187233627273,1.2425449402768547
-7.5,50.1187233627273,1.2361100563860719
-7.0,50.1187233627273,1.2265022477076557
-6.5,50.1187233627273,1.2126633748274311
-6.0,50.1187233627273,1.1934479097685788
-5.5,50.1187233627273,1.1677512878526217
-5.0,50.1187233627273,1.134693924313939
-4.5,50.1187233627273,1.0938463105273644
-4.0,50.1187233627273,1.0454636587402526
-3.5,50.1187233627273,0.9906835137560094
-3.0,50.1187233627273,0.9316321426661213
-2.5,50.1187233627273,0.8713903896597635
-2.0,50.1187233627273,0.8137894861184299
-1.5,50.1187233627273,0.763040157379846
-1.0,50.1187233627273,0.7232375647942568
-0.5,50.1187233627273,0.6978199182767423
0.0,50.1187233627273,0.6890791332085948
0.5,50.1187233627273,0.6978199182767423
1.0,50.1187233627273,0.7232375647942568
1.5,50.1187233627273,0.763040157379846
2.0,50.1187233627273,0.8137894861184299
2.5,50.1187233627273,0.8713903896597635
3.0,50.1187233627273,0.9316321426661213
3.5,50.1187233627273,0.9906835137560094
4.0,50.1187233627273,1.0454636587402526
4.5,50.1187233627273,1.0938463105273644
5.0,50.1187233627273,1.134693924313939
5.5,50.1187233627273,1.1677512878526217
6.0,50.1187233627273,1.1934479097685788
6.5,50.1187233627273,1.2126633748274311
7.0,50.1187233627273,1.2265022477076557
7.5,50.1187233627273,1.2361100563860719
8.0,50.1187233627273,1.2425449402768547
8.5,50.1187233627273,1.246705089062281
9.0,50.1187233627273,1.2493025082536213
9.5,50.1187233627273,1.2508693239727744
10.0,50.1187233627273,1.25178277665508
10.5,50.1187233627273,1.2522976181599548
11.0,50.1187233627273,1.252578219229759
11.5,50.1187233627273,1.252726139403989
12.0,50.1187233627273,1.2528015738258573
12.5,50.1187233627273,1.2528387947633723
13.0,50.1187233627273,1.2528565670599257
13.5,50.1187233627273,1.2528647799108161
14.0,50.1187233627273,1.2528684534773629
14.5,50.1187233627273,1.2528700441089542
15.0,50.1187233627273,1.2528707108828163
15.5,50.1187233627273,1.252870981496894
16.0,50.1187233627273,1.252871087841921
16.5,50.1187233627273,1.2528711283095788
17.0,50.1187233627273,1.2528711432220454
17.5,50.1187233627273,1.2528711485439308
18.0,50.1187233627273,1.2528711503833394
18.5,50.1187233627273,1.252871150999094
19.0,50.1187233627273,1.2528711511987456
19.5,50.1187233627273,1.2528711512614488
20.0,50.1187233627273,1.2528711512805242
21.0,50.1187233627273,1.2528711512877504
22.0,50.1187233627273,1.252871151288313
23.0,50.1187233627273,1.2528711512883517
24.0,50.1187233627273,1.252871151288354
25.0,50.1187233627273,1.2528711512883541
26.0,50.1187233627273,1.2528711512883541
27.0,50.1187233627273,1.2528711512883541
28.0,50.1187233627273,1.2528711512883541
29.0,50.1187233627273,1.2528711512883541
30.0,50.1187233627273,1.2528711512883541
31.0,50.1187233627273,1.2528711512883541
32.0,50.1187233627273,1.2528711512883541
33.0,50.1187233627273,1.2528711512883541
34.0,50.1187233627273,1.2528711512883541
35.0,50.1187233627273,1.2528711512883541
36.0,50.1187233627273,1.2528711512883541
37.0,50.1187233627273,1.2528711512883541
38.0,50.1187233627273,1.2528711512883541
39.0,50.1187233627273,1.2528711512883541
40.0,50.1187233627273,1.2528711512883541
41.0,50.1187233627273,1.2528711512883541
42.0,50.1187233627273,1.2528711512883541
43.0,50.1187233627273,1.2528711512883541
44.0,50.1187233627273,1.2528711512883541
45.0,50.1187233627273,1.2528711512883541
46.0,50.1187233627273,1.2528711512883541
47.0,50.1187233627273,1.2528711512883541
48.0,50.1187233627273,1.2528711512883541
49.0,50.1187233627273,1.2528711512883541
50.0,50.1187233627273,1.2528711512883541
51.0,50.1187233627273,1.2528711512883541
52.0,50.1187233627273,1.2528711512883541
53.0,50.1187233627273,1.2528711512883541
54.0,50.1187233627273,1.2528711512883541
55.0,50.1187233627273,1.2528711512883541
56.0,50.1187233627273,1.2528711512883541
57.0,50.1187233627273,1.2528711512883541
58.0,50.1187233627273,1.2528711512883541
59.0,50.1187233627273,1.2528711512883541
60.0,50.1187233627273,1.2528711512883541
61.0,50.1187233627273,1.2528711512883541
62.0,50.1187233627273,1.2528711512883541
63.0,50.1187233627273,1.2528711512883541
64.0,50.1187233627273,1.2528711512883541
65.0,50.1187233627273,1.2528711512883541
66.0,50.1187233627273,1.2528711512883541
67.0,50.1187233627273,1.2528711512883541
68.0,50.1187233627273,1.2528711512883541
69.0,50.1187233627273,1.2528711512883541
70.0,50.1187233627273,1.2528711512883541
71.0,50.1187233627273,1.2528711512883541
72.0,50.1187233627273,1.2528711512883541
73.0,50.1187233627273,1.2528711512883541
74.0,50.1187233627273,1.2528711512883541
75.0,50.1187233627273,1.2528711512883541
76.0,50.1187233627273,1.2528711512883541
77.0,50.1187233627273,1.2528711512883541
78.0,50.1187233627273,1.2528711512883541
79.0,50.1187233627273,1.2528711512883541
80.0,50.1187233627273,1.2528711512883541
81.0,50.1187233627273,1.2528711512883541
82.0,50.1187233627273,1.2528711512883541
83.0,50.1187233627273,1.2528711512883541
84.0,50.1187233627273,1.2528711512883541
85.0,50.1187233627273,1.2528711512883541
86.0,50.1187233627273,1.2528711512883541
87.0,50.1187233627273,1.2528711512883541
88.0,50.1187233627273,1.2528711512883541
89.0,50.1187233627273,1.2528711512883541
90.0,50.1187233627273,1.2528711512883541
91.0,50.1187233627273,1.2528711512883541
92.0,50.1187233627273,1.2528711512883541
93.0,50.1187233627273,1.2528711512883541
94.0,50.1187233627273,1.2528711512883541
95.0,50.1187233627273,1.2528711512883541
96.0,50.1187233627273,1.2528711512883541
97.0,50.1187233627273,1.2528711512883541
98.0,50.1187233627273,1.2528711512883541
99.0,50.1187233627273,1.2528711512883541
100.0,50.1187233627273,1.2528711512883541
-100.0,56.23413251903499,1.3762736400138254
-99.0,56.23413251903499,1.3762736400138254
-98.0,56.23413251903499,1.3762736400138254
-97.0,56.23413251903499,1.3762736400138254
-96.0,56.23413251903499,1.3762736400138254
-95.0,56.23413251903499,1.3762736400138254
-94.0,56.23413251903499,1.3762736400138254
-93.0,56.23413251903499,1.3762736400138254
-92.0,56.23413251903499,1.3762736400138254
-91.0,56.23413251903499,1.3762736400138254
-90.0,56.23413251903499,1.3762736400138254
-89.0,56.23413251903499,1.3762736400138254
-88.0,56.23413251903499,1.3762736400138254
-87.0,56.23413251903499,1.3762736400138254
-86.0,56.23413251903499,1.3762736400138254
-85.0,56.23413251903499,1.3762736400138254
-84.0,56.23413251903499,1.3762736400138254
-83.0,56.23413251903499,1.3762736400138254
-82.0,56.23413251903499,1.3762736400138254
-81.0,56.23413251903499,1.3762736400138254
-80.0,56.23413251903499,1.3762736400138254
-79.0,56.23413251903499,1.3762736400138254
-78.0,56.23413251903499,1.3762736400138254
-77.0,56.23413251903499,1.3762736400138254
-76.0,56.23413251903499,1.3762736400138254
-75.0,56.23413251903499,1.3762736400138254
-74.0,56.23413251903499,1.3762736400138254
-73.0,56.23413251903499,1.3762736400138254
-72.0,56.23413251903499,1.3762736400138254
-71.0,56.23413251903499,1.3762736400138254
-70.0,56.23413251903499,1.3762736400138254
-69.0,56.23413251903499,1.3762736400138254
-68.0,56.23413251903499,1.3762736400138254
-67.0,56.23413251903499,1.3762736400138254
-66.0,56.23413251903499,1.3762736400138254
-65.0,56.23413251903499,1.3762736400138254
-64.0,56.23413251903499,1.3762736400138254
-63.0,56.23413251903499,1.3762736400138254
-62.0,56.23413251903499,1.3762736400138254
-61.0,56.23413251903499,1.3762736400138254
-60.0,56.23413251903499,1.3762736400138254
-59.0,56.23413251903499,1.3762736400138254
-58.0,56.23413251903499,1.3762736400138254
-57.0,56.23413251903499,1.3762736400138254
-56.0,56.23413251903499,1.3762736400138254
-55.0,56.23413251903499,1.3762736400138254
-54.0,56.23413251903499,1.3762736400138254
-53.0,56.23413251903499,1.3762736400138254
-52.0,56.23413251903499,1.3762736400138254
-51.0,56.23413251903499,1.3762736400138254
-50.0,56.23413251903499,1.3762736400138254
-49.0,56.23413251903499,1.3762736400138254
-48.0,56.23413251903499,1.3762736400138254
-47.0,56.23413251903499,1.3762736400138254
-46.0,56.23413251903499,1.3762736400138254
-45.0,56.23413251903499,1.3762736400138254
-44.0,56.23413251903499,1.3762736400138254
-43.0,56.23413251903499,1.3762736400138254
-42.0,56.23413251903499,1.3762736400138254
-41.0,56.23413251903499,1.3762736400138254
-40.0,56.23413251903499,1.3762736400138254
-39.0,56.23413251903499,1.3762736400138254
-38.0,56.23413251903499,1.3762736400138254
-37.0,56.23413251903499,1.3762736400138254
-36.0,56.23413251903499,1.3762736400138254
-35.0,56.23413251903499,1.3762736400138254
-34.0,56.23413251903499,1.3762736400138254
-33.0,56.23413251903499,1.3762736400138254
-32.0,56.23413251903499,1.3762736400138254
-31.0,56.23413251903499,1.3762736400138254
-30.0,56.23413251903499,1.3762736400138254
-29.0,56.23413251903499,1.3762736400138254
-28.0,56.23413251903499,1.3762736400138254
-27.0,56.23413251903499,1.3762736400138254
-26.0,56.23413251903499,1.3762736400138254
-25.0,56.23413251903499,1.3762736400138254
-24.0,56.23413251903499,1.3762736400138251
-23.0,56.23413251903499,1.3762736400138227
-22.0,56.23413251903499,1.3762736400137803
-21.0,56.23413251903499,1.376273640013162
-20.0,56.23413251903499,1.3762736400052242
-19.5,56.23413251903499,1.3762736399842699
-19.0,56.23413251903499,1.3762736399153908
-18.5,56.23413251903499,1.3762736396960744
-18.0,56.23413251903499,1.3762736390196704
-17.5,56.23413251903499,1.376273636999088
-17.0,56.23413251903499,1.3762736311530195
-16.5,56.23413251903499,1.3762736147717383
-16.0,56.23413251903499,1.3762735703181879
-15.5,56.23413251903499,1.3762734534986274
-15.0,56.23413251903499,1.376273156230212
-14.5,56.23413251903499,1.3762724237819555
-14.0,56.23413251903499,1.3762706764799062
-13.5,56.23413251903499,1.3762666410826527
-13.0,56.23413251903499,1.3762576193008211
-12.5,56.23413251903499,1.3762380965085184
-12.0,56.23413251903499,1.3761972094666977
-11.5,56.23413251903499,1.376114345074569
-11.0,56.23413251903499,1.3759518553912446
-10.5,56.23413251903499,1.3756436163074937
-10.0,56.23413251903499,1.3750780651003998
-9.5,56.23413251903499,1.3740746412073965
-9.0,56.23413251903499,1.3723535007925887
-8.5,56.23413251903499,1.369500246839513
-8.0,56.23413251903499,1.3649303410626656
-7.5,56.23413251903499,1.3578616484310835
-7.0,56.23413251903499,1.347307511392488
-6.5,56.23413251903499,1.3321055682932559
-6.0,56.23413251903499,1.3109974615147493
-5.5,56.23413251903499,1.28276983144763
-5.0,56.23413251903499,1.2464564579615705
-4.5,56.23413251903499,1.2015855276555143
-4.0,56.23413251903499,1.1484373900995526
-3.5,56.23413251903499,1.088261633430224
-3.0,56.23413251903499,1.0233939530194214
-2.5,56.23413251903499,0.9572186431277244
-2.0,56.23413251903499,0.8939442951603405
-1.5,56.23413251903499,0.8381963730220694
-1.0,56.23413251903499,0.7944733940681479
-0.5,56.23413251903499,0.7665522172916917
0.0,56.23413251903499,0.756950502007604
0.5,56.23413251903499,0.7665522172916917
1.0,56.23413251903499,0.7944733940681479
1.5,56.23413251903499,0.8381963730220694
2.0,56.23413251903499,0.8939442951603405
2.5,56.23413251903499,0.9572186431277244
3.0,56.23413251903499,1.0233939530194214
3.5,56.23413251903499,1.088261633430224
4.0,56.23413251903499,1.1484373900995526
4.5,56.23413251903499,1.2015855276555143
5.0,56.23413251903499,1.2464564579615705
5.5,56.23413251903499,1.28276983144763
6.0,56.23413251903499,1.3109974615147493
6.5,56.23413251903499,1.3321055682932559
7.0,56.23413251903499,1.347307511392488
7.5,56.23413251903499,1.3578616484310835
8.0,56.23413251903499,1.3649303410626656
8.5,56.23413251903499,1.369500246839513
9.0,56.23413251903499,1.3723535007925887
9.5,56.23413251903499,1.3740746412073965
10.0,56.23413251903499,1.3750780651003998
10.5,56.23413251903499,1.3756436163074937
11.0,56.23413251903499,1.3759518553912446
11.5,56.23413251903499,1.376114345074569
12.0,56.23413251903499,1.3761972094666977
12.5,56.23413251903499,1.3762380965085184
13.0,56.23413251903499,1.3762576193008211
13.5,56.23413251903499,1.3762666410826527
14.0,56.23413251903499,1.3762706764799062
14.5,56.23413251903499,1.3762724237819555
15.0,56.23413251903499,1.376273156230212
15.5,56.23413251903499,1.3762734534986274
16.0,56.23413251903499,1.3762735703181879
16.5,56.23413251903499,1.3762736147717383
17.0,56.23413251903499,1.3762736311530195
17.5,56.23413251903499,1.376273636999088
18.0,56.23413251903499,1.3762736390196704
18.5,56.23413251903499,1.3762736396960744
19.0,56.23413251903499,1.3762736399153908
19.5,56.23413251903499,1.3762736399842699
20.0,56.23413251903499,1.3762736400052242
21.0,56.23413251903499,1.376273640013162
22.0,56.23413251903499,1.3762736400137803
23.0,56.23413251903499,1.3762736400138227
24.0,56.23413251903499,1.3762736400138251
25.0,56.23413251903499,1.3762736400138254
26.0,56.23413251903499,1.3762736400138254
27.0,56.23413251903499,1.3762736400138254
28.0,56.23413251903499,1.3762736400138254
29.0,56.23413251903499,1.3762736400138254
30.0,56.23413251903499,1.3762736400138254
31.0,56.23413251903499,1.3762736400138254
32.0,56.23413251903499,1.3762736400138254
33.0,56.23413251903499,1.3762736400138254
34.0,56.23413251903499,1.3762736400138254
35.0,56.23413251903499,1.3762736400138254
36.0,56.23413251903499,1.3762736400138254
37.0,56.23413251903499,1.3762736400138254
38.0,56.23413251903499,1.3762736400138254
39.0,56.23413251903499,1.3762736400138254
40.0,56.23413251903499,1.3762736400138254
41.0,56.23413251903499,1.3762736400138254
42.0,56.23413251903499,1.3762736400138254
43.0,56.23413251903499,1.3762736400138254
44.0,56.23413251903499,1.3762736400138254
45.0,56.23413251903499,1.3762736400138254
46.0,56.23413251903499,1.3762736400138254
47.0,56.23413251903499,1.3762736400138254
48.0,56.23413251903499,1.3762736400138254
49.0,56.23413251903499,1.3762736400138254
50.0,56.23413251903499,1.3762736400138254
51.0,56.23413251903499,1.3762736400138254
52.0,56.23413251903499,1.3762736400138254
53.0,56.23413251903499,1.3762736400138254
54.0,56.23413251903499,1.3762736400138254
55.0,56.23413251903499,1.3762736400138254
56.0,56.23413251903499,1.3762736400138254
57.0,56.23413251903499,1.3762736400138254
58.0,56.23413251903499,1.3762736400138254
59.0,56.23413251903499,1.3762736400138254
60.0,56.23413251903499,1.3762736400138254
61.0,56.23413251903499,1.3762736400138254
62.0,56.23413251903499,1.3762736400138254
63.0,56.23413251903499,1.3762736400138254
64.0,56.23413251903499,1.3762736400138254
65.0,56.23413251903499,1.3762736400138254
66.0,56.23413251903499,1.3762736400138254
67.0,56.23413251903499,1.3762736400138254
68.0,56.23413251903499,1.3762736400138254
69.0,56.23413251903499,1.3762736400138254
70.0,56.23413251903499,1.3762736400138254
71.0,56.23413251903499,1.3762736400138254
72.0,56.23413251903499,1.3762736400138254
73.0,56.23413251903499,1.3762736400138254
74.0,56.23413251903499,1.3762736400138254
75.0,56.23413251903499,1.3762736400138254
76.0,56.23413251903499,1.3762736400138254
77.0,56.23413251903499,1.3762736400138254
78.0,56.23413251903499,1.3762736400138254
79.0,56.23413251903499,1.3762736400138254
80.0,56.23413251903499,1.3762736400138254
81.0,56.23413251903499,1.3762736400138254
82.0,56.23413251903499,1.3762736400138254
83.0,56.23413251903499,1.3762736400138254
84.0,56.23413251903499,1.3762736400138254
85.0,56.23413251903499,1.3762736400138254
86.0,56.23413251903499,1.3762736400138254
87.0,56.23413251903499,1.3762736400138254
88.0,56.23413251903499,1.3762736400138254
89.0,56.23413251903499,1.3762736400138254
90.0,56.23413251903499,1.3762736400138254
91.0,56.23413251903499,1.3762736400138254
92.0,56.23413251903499,1.3762736400138254
93.0,56.23413251903499,1.3762736400138254
94.0,56.23413251903499,1.3762736400138254
95.0,56.23413251903499,1.3762736400138254
96.0,56.23413251903499,1.3762736400138254
97.0,56.23413251903499,1.3762736400138254
98.0,56.23413251903499,1.3762736400138254
99.0,56.23413251903499,1.3762736400138254
100.0,56.23413251903499,1.3762736400138254
-100.0,63.09573444801943,1.509957129712568
-99.0,63.09573444801943,1.509957129712568
-98.0,63.09573444801943,1.509957129712568
-97.0,63.09573444801943,1.509957129712568
-96.0,63.09573444801943,1.509957129712568
-95.0,63.09573444801943,1.509957129712568
-94.0,63.09573444801943,1.509957129712568
-93.0,63.09573444801943,1.509957129712568
-92.0,63.09573444801943,1.509957129712568
-91.0,63.09573444801943,1.509957129712568
-90.0,63.09573444801943,1.509957129712568
-89.0,63.09573444801943,1.509957129712568
-88.0,63.09573444801943,1.509957129712568
-87.0,63.09573444801943,1.509957129712568
-86.0,63.09573444801943,1.509957129712568
-85.0,63.09573444801943,1.509957129712568
-84.0,63.09573444801943,1.509957129712568
-83.0,63.09573444801943,1.509957129712568
-82.0,63.09573444801943,1.509957129712568
-81.0,63.09573444801943,1.509957129712568
-80.0,63.09573444801943,1.509957129712568
-79.0,63.09573444801943,1.509957129712568
-78.0,63.09573444801943,1.509957129712568
-77.0,63.09573444801943,1.509957129712568
-76.0,63.09573444801943,1.509957129712568
-75.0,63.09573444801943,1.509957129712568
-74.0,63.09573444801943,1.509957129712568
-73.0,63.09573444801943,1.509957129712568
-72.0,63.09573444801943,1.509957129712568
-71.0,63.09573444801943,1.509957129712568
-70.0,63.09573444801943,1.509957129712568
-69.0,63.09573444801943,1.509957129712568
-68.0,63.09573444801943,1.509957129712568
-67.0,63.09573444801943,1.509957129712568
-66.0,63.09573444801943,1.509957129712568
-65.0,63.09573444801943,1.509957129712568
-64.0,63.09573444801943,1.509957129712568
-63.0,63.09573444801943,1.509957129712568
-62.0,63.09573444801943,1.509957129712568
-61.0,63.09573444801943,1.509957129712568
-60.0,63.09573444801943,1.509957129712568
-59.0,63.09573444801943,1.509957129712568
-58.0,63.09573444801943,1.509957129712568
-57.0,63.09573444801943,1.509957129712568
-56.0,63.09573444801943,1.509957129712568
-55.0,63.09573444801943,1.509957129712568
-54.0,63.09573444801943,1.509957129712568
-53.0,63.09573444801943,1.509957129712568
-52.0,63.09573444801943,1.509957129712568
-51.0,63.09573444801943,1.509957129712568
-50.0,63.09573444801943,1.509957129712568
-49.0,63.09573444801943,1.509957129712568
-48.0,63.09573444801943,1.509957129712568
-47.0,63.09573444801943,1.509957129712568
-46.0,63.09573444801943,1.509957129712568
-45.0,63.09573444801943,1.509957129712568
-44.0,63.09573444801943,1.509957129712568
-43.0,63.09573444801943,1.509957129712568
-42.0,63.09573444801943,1.509957129712568
-41.0,63.09573444801943,1.509957129712568
-40.0,63.09573444801943,1.509957129712568
-39.0,63.09573444801943,1.509957129712568
-38.0,63.09573444801943,1.509957129712568
-37.0,63.09573444801943,1.509957129712568
-36.0,63.09573444801943,1.509957129712568
-35.0,63.09573444801943,1.509957129712568
-34.0,63.09573444801943,1.509957129712568
-33.0,63.09573444801943,1.509957129712568
-32.0,63.09573444801943,1.509957129712568
-31.0,63.09573444801943,1.509957129712568
-30.0,63.09573444801943,1.509957129712568
-29.0,63.09573444801943,1.509957129712568
-28.0,63.09573444801943,1.509957129712568
-27.0,63.09573444801943,1.509957129712568
-26.0,63.09573444801943,1.509957129712568
-25.0,63.09573444801943,1.509957129712568
-24.0,63.09573444801943,1.5099571297125678
-23.0,63.09573444801943,1.509957129712565
-22.0,63.09573444801943,1.5099571297125185
-21.0,63.09573444801943,1.5099571297118404
-20.0,63.09573444801943,1.5099571297031316
-19.5,63.09573444801943,1.5099571296801417
-19.0,63.09573444801943,1.509957129604572
-18.5,63.09573444801943,1.5099571293639524
-18.0,63.09573444801943,1.5099571286218465
-17.5,63.09573444801943,1.509957126404996
-17.0,63.09573444801943,1.5099571199910733
-16.5,63.09573444801943,1.5099571020186062
-16.0,63.09573444801943,1.5099570532470878
-15.5,63.09573444801943,1.5099569250803315
-15.0,63.09573444801943,1.5099565989369323
-14.5,63.09573444801943,1.509955795342767
-14.0,63.09573444801943,1.5099538783176127
-13.5,63.09573444801943,1.5099494509445401
-13.0,63.09573444801943,1.5099395528375046
-12.5,63.09573444801943,1.5099181337108334
-12.0,63.09573444801943,1.5098732751314672
-11.5,63.09573444801943,1.5097823617578066
-11.0,63.09573444801943,1.509604088739486
-10.5,63.09573444801943,1.509265909042779
-10.0,63.09573444801943,1.5086454233686069
-9.5,63.09573444801943,1.5075445325157175
-9.0,63.09573444801943,1.5056562101901154
-8.5,63.09573444801943,1.502525807177177
-8.0,63.09573444801943,1.4975120064261898
-7.5,63.09573444801943,1.4897567007031964
-7.0,63.09573444801943,1.4781773940841791
-6.5,63.09573444801943,1.46149881963445
-6.0,63.09573444801943,1.4383403899455547
-5.5,63.09573444801943,1.4073708864721701
-5.0,63.09573444801943,1.3675302358885844
-4.5,63.09573444801943,1.3183007954905364
-4.0,63.09573444801943,1.2599901464303953
-3.5,63.09573444801943,1.1939692548162915
-3.0,63.09573444801943,1.1228006923469673
-2.5,63.09573444801943,1.050197484615035
-2.0,63.09573444801943,0.9807770219515887
-1.5,63.09573444801943,0.9196140598400002
-1.0,63.09573444801943,0.8716440763394202
-0.5,63.09573444801943,0.8410107933077466
0.0,63.09573444801943,0.8304764213419125
0.5,63.09573444801943,0.8410107933077466
1.0,63.09573444801943,0.8716440763394202
1.5,63.09573444801943,0.9196140598400002
2.0,63.09573444801943,0.9807770219515887
2.5,63.09573444801943,1.050197484615035
3.0,63.09573444801943,1.1228006923469673
3.5,63.09573444801943,1.1939692548162915
4.0,63.09573444801943,1.2599901464303953
4.5,63.09573444801943,1.3183007954905364
5.0,63.09573444801943,1.3675302358885844
5.5,63.09573444801943,1.4073708864721701
6.0,63.09573444801943,1.4383403899455547
6.5,63.09573444801943,1.46149881963445
7.0,63.09573444801943,1.4781773940841791
7.5,63.09573444801943,1.4897567007031964
8.0,63.09573444801943,1.4975120064261898
8.5,63.09573444801943,1.502525807177177
9.0,63.09573444801943,1.5056562101901154
9.5,63.09573444801943,1.5075445325157175
10.0,63.09573444801943,1.5086454233686069
10.5,63.09573444801943,1.509265909042779
11.0,63.09573444801943,1.509604088739486
11.5,63.09573444801943,1.5097823617578066
12.0,63.09573444801943,1.5098732751314672
12.5,63.09573444801943,1.5099181337108334
13.0,63.09573444801943,1.5099395528375046
13.5,63.09573444801943,1.5099494509445401
14.0,63.09573444801943,1.5099538783176127
14.5,63.09573444801943,1.509955795342767
15.0,63.09573444801943,1.5099565989369323
15.5,63.09573444801943,1.5099569250803315
16.0,63.09573444801943,1.5099570532470878
16.5,63.09573444801943,1.5099571020186062
17.0,63.09573444801943,1.5099571199910733
17.5,63.09573444801943,1.509957126404996
18.0,63.09573444801943,1.5099571286218465
18.5,63.09573444801943,1.5099571293639524
19.0,63.09573444801943,1.509957129604572
19.5,63.09573444801943,1.5099571296801417
20.0,63.09573444801943,1.5099571297031316
21.0,63.09573444801943,1.5099571297118404
22.0,63.09573444801943,1.5099571297125185
23.0,63.09573444801943,1.509957129712565
24.0,63.09573444801943,1.5099571297125678
25.0,63.09573444801943,1.509957129712568
26.0,63.09573444801943,1.509957129712568
27.0,63.09573444801943,1.509957129712568
28.0,63.09573444801943,1.509957129712568
29.0,63.09573444801943,1.509957129712568
30.0,63.09573444801943,1.509957129712568
31.0,63.09573444801943,1.509957129712568
32.0,63.09573444801943,1.509957129712568
33.0,63.09573444801943,1.509957129712568
34.0,63.09573444801943,1.509957129712568
35.0,63.09573444801943,1.509957129712568
36.0,63.09573444801943,1.509957129712568
37.0,63.09573444801943,1.509957129712568
38.0,63.09573444801943,1.509957129712568
39.0,63.09573444801943,1.509957129712568
40.0,63.09573444801943,1.509957129712568
41.0,63.09573444801943,1.509957129712568
42.0,63.09573444801943,1.509957129712568
43.0,63.09573444801943,1.509957129712568
44.0,63.09573444801943,1.509957129712568
45.0,63.09573444801943,1.509957129712568
46.0,63.09573444801943,1.509957129712568
47.0,63.09573444801943,1.509957129712568
48.0,63.09573444801943,1.509957129712568
49.0,63.09573444801943,1.509957129712568
50.0,63.09573444801943,1.509957129712568
51.0,63.09573444801943,1.509957129712568
52.0,63.09573444801943,1.509957129712568
53.0,63.09573444801943,1.509957129712568
54.0,63.09573444801943,1.509957129712568
55.0,63.09573444801943,1.509957129712568
56.0,63.09573444801943,1.509957129712568
57.0,63.09573444801943,1.509957129712568
58.0,63.09573444801943,1.509957129712568
59.0,63.09573444801943,1.509957129712568
60.0,63.09573444801943,1.509957129712568
61.0,63.09573444801943,1.509957129712568
62.0,63.09573444801943,1.509957129712568
63.0,63.09573444801943,1.509957129712568
64.0,63.09573444801943,1.509957129712568
65.0,63.09573444801943,1.509957129712568
66.0,63.09573444801943,1.509957129712568
67.0,63.09573444801943,1.509957129712568
68.0,63.09573444801943,1.509957129712568
69.0,63.09573444801943,1.509957129712568
70.0,63.09573444801943,1.509957129712568
71.0,63.09573444801943,1.509957129712568
72.0,63.09573444801943,1.509957129712568
73.0,63.09573444801943,1.509957129712568
74.0,63.09573444801943,1.509957129712568
75.0,63.09573444801943,1.509957129712568
76.0,63.09573444801943,1.509957129712568
77.0,63.09573444801943,1.509957129712568
78.0,63.09573444801943,1.509957129712568
79.0,63.09573444801943,1.509957129712568
80.0,63.09573444801943,1.509957129712568
81.0,63.09573444801943,1.509957129712568
82.0,63.09573444801943,1.509957129712568
83.0,63.09573444801943,1.509957129712568
84.0,63.09573444801943,1.509957129712568
85.0,63.09573444801943,1.509957129712568
86.0,63.09573444801943,1.509957129712568
87.0,63.09573444801943,1.509957129712568
88.0,63.09573444801943,1.509957129712568
89.0,63.09573444801943,1.509957129712568
90.0,63.09573444801943,1.509957129712568
91.0,63.09573444801943,1.509957129712568
92.0,63.09573444801943,1.509957129712568
93.0,63.09573444801943,1.509957129712568
94.0,63.09573444801943,1.509957129712568
95.0,63.09573444801943,1.509957129712568
96.0,63.09573444801943,1.509957129712568
97.0,63.09573444801943,1.509957129712568
98.0,63.09573444801943,1.509957129712568
99.0,63.09573444801943,1.509957129712568
100.0,63.09573444801943,1.509957129712568
-100.0,70.79457843841391,1.6540552594975881
-99.0,70.79457843841391,1.6540552594975881
-98.0,70.79457843841391,1.6540552594975881
-97.0,70.79457843841391,1.6540552594975881
-96.0,70.79457843841391,1.6540552594975881
-95.0,70.79457843841391,1.6540552594975881
-94.0,70.79457843841391,1.6540552594975881
-93.0,70.79457843841391,1.6540552594975881
-92.0,70.79457843841391,1.6540552594975881
-91.0,70.79457843841391,1.6540552594975881
-90.0,70.79457843841391,1.6540552594975881
-89.0,70.79457843841391,1.6540552594975881
-88.0,70.79457843841391,1.6540552594975881
-87.0,70.79457843841391,1.6540552594975881
-86.0,70.79457843841391,1.6540552594975881
-85.0,70.79457843841391,1.6540552594975881
-84.0,70.79457843841391,1.6540552594975881
-83.0,70.79457843841391,1.6540552594975881
-82.0,70.79457843841391,1.6540552594975881
-81.0,70.79457843841391,1.6540552594975881
-80.0,70.79457843841391,1.6540552594975881
-79.0,70.79457843841391,1.6540552594975881
-78.0,70.79457843841391,1.6540552594975881
-77.0,70.79457843841391,1.6540552594975881
-76.0,70.79457843841391,1.6540552594975881
-75.0,70.79457843841391,1.6540552594975881
-74.0,70.79457843841391,1.6540552594975881
-73.0,70.79457843841391,1.6540552594975881
-72.0,70.79457843841391,1.6540552594975881
-71.0,70.79457843841391,1.6540552594975881
-70.0,70.79457843841391,1.6540552594975881
-69.0,70.79457843841391,1.6540552594975881
-68.0,70.79457843841391,1.6540552594975881
-67.0,70.79457843841391,1.6540552594975881
-66.0,70.79457843841391,1.6540552594975881
-65.0,70.79457843841391,1.6540552594975881
-64.0,70.79457843841391,1.6540552594975881
-63.0,70.79457843841391,1.6540552594975881
-62.0,70.79457843841391,1.6540552594975881
-61.0,70.79457843841391,1.6540552594975881
-60.0,70.79457843841391,1.6540552594975881
-59.0,70.79457843841391,1.6540552594975881
-58.0,70.79457843841391,1.6540552594975881
-57.0,70.79457843841391,1.6540552594975881
-56.0,70.79457843841391,1.6540552594975881
-55.0,70.79457843841391,1.6540552594975881
-54.0,70.79457843841391,1.6540552594975881
-53.0,70.79457843841391,1.6540552594975881
-52.0,70.79457843841391,1.6540552594975881
-51.0,70.79457843841391,1.6540552594975881
-50.0,70.79457843841391,1.6540552594975881
-49.0,70.79457843841391,1.6540552594975881
-48.0,70.79457843841391,1.6540552594975881
-47.0,70.79457843841391,1.6540552594975881
-46.0,70.79457843841391,1.6540552594975881
-45.0,70.79457843841391,1.6540552594975881
-44.0,70.79457843841391,1.6540552594975881
-43.0,70.79457843841391,1.6540552594975881
-42.0,70.79457843841391,1.6540552594975881
-41.0,70.79457843841391,1.6540552594975881
-40.0,70.79457843841391,1.6540552594975881
-39.0,70.79457843841391,1.6540552594975881
-38.0,70.79457843841391,1.6540552594975881
-37.0,70.79457843841391,1.6540552594975881
-36.0,70.79457843841391,1.6540552594975881
-35.0,70.79457843841391,1.6540552594975881
-34.0,70.79457843841391,1.6540552594975881
-33.0,70.79457843841391,1.6540552594975881
-32.0,70.79457843841391,1.6540552594975881
-31.0,70.79457843841391,1.6540552594975881
-30.0,70.79457843841391,1.6540552594975881
-29.0,70.79457843841391,1.6540552594975881
-28.0,70.79457843841391,1.6540552594975881
-27.0,70.79457843841391,1.6540552594975881
-26.0,70.79457843841391,1.6540552594975881
-25.0,70.79457843841391,1.6540552594975881
-24.0,70.79457843841391,1.654055259497588
-23.0,70.79457843841391,1.6540552594975848
-22.0,70.79457843841391,1.654055259497534
-21.0,70.79457843841391,1.654055259496791
-20.0,70.79457843841391,1.654055259487251
-19.5,70.79457843841391,1.6540552594620674
-19.0,70.79457843841391,1.6540552593792859
-18.5,70.79457843841391,1.6540552591157036
-18.0,70.79457843841391,1.654055258302777
-17.5,70.79457843841391,1.6540552558743682
-17.0,70.79457843841391,1.6540552488483522
-16.5,70.79457843841391,1.6540552291607382
-16.0,70.79457843841391,1.6540551757348592
-15.5,70.79457843841391,1.6540550353369015
-15.0,70.79457843841391,1.6540546780690069
-14.5,70.79457843841391,1.6540537977862957
-14.0,70.79457843841391,1.6540516978157227
-13.5,70.79457843841391,1.6540468479298733
-13.0,70.79457843841391,1.6540360052273362
-12.5,70.79457843841391,1.6540125420319731
-12.0,70.79457843841391,1.6539634025116028
-11.5,70.79457843841391,1.6538638130988286
-11.0,70.79457843841391,1.6536685271415141
-10.5,70.79457843841391,1.6532980743021675
-10.0,70.79457843841391,1.6526183744798273
-9.5,70.79457843841391,1.6514124234832577
-9.0,70.79457843841391,1.649343894905308
-8.5,70.79457843841391,1.6459147514773198
-8.0,70.79457843841391,1.640422474021852
-7.5,70.79457843841391,1.6319270644716677
-7.0,70.79457843841391,1.6192427222227148
-6.5,70.79457843841391,1.6009724791498219
-6.0,70.79457843841391,1.5756039957175045
-5.5,70.79457843841391,1.54167901261952
-5.0,70.79457843841391,1.4980362916820518
-4.5,70.79457843841391,1.444108790556232
-4.0,70.79457843841391,1.3802334434587922
-3.5,70.79457843841391,1.3079120504455901
-3.0,70.79457843841391,1.229951734389679
-2.5,70.79457843841391,1.1504198620985375
-2.0,70.79457843841391,1.0743744703945444
-1.5,70.79457843841391,1.0073746084935762
-1.0,70.79457843841391,0.9548267566732725
-0.5,70.79457843841391,0.9212700801841439
0.0,70.79457843841391,0.9097303927236735
0.5,70.79457843841391,0.9212700801841439
1.0,70.79457843841391,0.9548267566732725
1.5,70.79457843841391,1.0073746084935762
2.0,70.79457843841391,1.0743744703945444
2.5,70.79457843841391,1.1504198620985375
3.0,70.79457843841391,1.229951734389679
3.5,70.79457843841391,1.3079120504455901
4.0,70.79457843841391,1.3802334434587922
4.5,70.79457843841391,1.444108790556232
5.0,70.79457843841391,1.4980362916820518
5.5,70.79457843841391,1.54167901261952
6.0,70.79457843841391,1.5756039957175045
6.5,70.79457843841391,1.6009724791498219
7.0,70.79457843841391,1.6192427222227148
7.5,70.79457843841391,1.6319270644716677
8.0,70.79457843841391,1.640422474021852
8.5,70.79457843841391,1.6459147514773198
9.0,70.79457843841391,1.649343894905308
9.5,70.79457843841391,1.6514124234832577
10.0,70.79457843841391,1.6526183744798273
10.5,70.79457843841391,1.6532980743021675
11.0,70.79457843841391,1.6536685271415141
11.5,70.79457843841391,1.6538638130988286
12.0,70.79457843841391,1.6539634025116028
12.5,70.79457843841391,1.6540125420319731
13.0,70.79457843841391,1.6540360052273362
13.5,70.79457843841391,1.6540468479298733
14.0,70.79457843841391,1.6540516978157227
14.5,70.79457843841391,1.6540537977862957
15.0,70.79457843841391,1.6540546780690069
15.5,70.79457843841391,1.6540550353369015
16.0,70.79457843841391,1.6540551757348592
16.5,70.79457843841391,1.6540552291607382
17.0,70.79457843841391,1.6540552488483522
17.5,70.79457843841391,1.6540552558743682
18.0,70.79457843841391,1.654055258302777
18.5,70.79457843841391,1.6540552591157036
19.0,70.79457843841391,1.6540552593792859
19.5,70.79457843841391,1.6540552594620674
20.0,70.79457843841391,1.654055259487251
21.0,70.79457843841391,1.654055259496791
22.0,70.79457843841391,1.654055259497534
23.0,70.79457843841391,1.6540552594975848
24.0,70.79457843841391,1.654055259497588
25.0,70.79457843841391,1.6540552594975881
26.0,70.79457843841391,1.6540552594975881
27.0,70.79457843841391,1.6540552594975881
28.0,70.79457843841391,1.6540552594975881
29.0,70.79457843841391,1.6540552594975881
30.0,70.79457843841391,1.6540552594975881
31.0,70.79457843841391,1.6540552594975881
32.0,70.79457843841391,1.6540552594975881
33.0,70.79457843841391,1.6540552594975881
34.0,70.79457843841391,1.6540552594975881
35.0,70.79457843841391,1.6540552594975881
36.0,70.79457843841391,1.6540552594975881
37.0,70.79457843841391,1.6540552594975881
38.0,70.79457843841391,1.6540552594975881
39.0,70.79457843841391,1.6540552594975881
40.0,70.79457843841391,1.6540552594975881
41.0,70.79457843841391,1.6540552594975881
42.0,70.79457843841391,1.6540552594975881
43.0,70.79457843841391,1.6540552594975881
44.0,70.79457843841391,1.6540552594975881
45.0,70.79457843841391,1.6540552594975881
46.0,70.79457843841391,1.6540552594975881
47.0,70.79457843841391,1.6540552594975881
48.0,70.79457843841391,1.6540552594975881
49.0,70.79457843841391,1.6540552594975881
50.0,70.79457843841391,1.6540552594975881
51.0,70.79457843841391,1.6540552594975881
52.0,70.79457843841391,1.6540552594975881
53.0,70.79457843841391,1.6540552594975881
54.0,70.79457843841391,1.6540552594975881
55.0,70.79457843841391,1.6540552594975881
56.0,70.79457843841391,1.6540552594975881
57.0,70.79457843841391,1.6540552594975881
58.0,70.79457843841391,1.6540552594975881
59.0,70.79457843841391,1.6540552594975881
60.0,70.79457843841391,1.6540552594975881
61.0,70.79457843841391,1.6540552594975881
62.0,70.79457843841391,1.6540552594975881
63.0,70.79457843841391,1.6540552594975881
64.0,70.79457843841391,1.6540552594975881
65.0,70.79457843841391,1.6540552594975881
66.0,70.79457843841391,1.6540552594975881
67.0,70.79457843841391,1.6540552594975881
68.0,70.79457843841391,1.6540552594975881
69.0,70.79457843841391,1.6540552594975881
70.0,70.79457843841391,1.6540552594975881
71.0,70.79457843841391,1.6540552594975881
72.0,70.79457843841391,1.6540552594975881
73.0,70.79457843841391,1.6540552594975881
74.0,70.79457843841391,1.6540552594975881
75.0,70.79457843841391,1.6540552594975881
76.0,70.79457843841391,1.6540552594975881
77.0,70.79457843841391,1.6540552594975881
78.0,70.79457843841391,1.6540552594975881
79.0,70.79457843841391,1.6540552594975881
80.0,70.79457843841391,1.6540552594975881
81.0,70.79457843841391,1.6540552594975881
82.0,70.79457843841391,1.6540552594975881
83.0,70.79457843841391,1.6540552594975881
84.0,70.79457843841391,1.6540552594975881
85.0,70.79457843841391,1.6540552594975881
86.0,70.79457843841391,1.6540552594975881
87.0,70.79457843841391,1.6540552594975881
88.0,70.79457843841391,1.6540552594975881
89.0,70.79457843841391,1.6540552594975881
90.0,70.79457843841391,1.6540552594975881
91.0,70.79457843841391,1.6540552594975881
92.0,70.79457843841391,1.6540552594975881
93.0,70.79457843841391,1.6540552594975881
94.0,70.79457843841391,1.6540552594975881
95.0,70.79457843841391,1.6540552594975881
96.0,70.79457843841391,1.6540552594975881
97.0,70.79457843841391,1.6540552594975881
98.0,70.79457843841391,1.6540552594975881
99.0,70.79457843841391,1.6540552594975881
100.0,70.79457843841391,1.6540552594975881
-100.0,79.4328234724283,1.8086951375183793
-99.0,79.4328234724283,1.8086951375183793
-98.0,79.4328234724283,1.8086951375183793
-97.0,79.4328234724283,1.8086951375183793
-96.0,79.4328234724283,1.8086951375183793
-95.0,79.4328234724283,1.8086951375183793
-94.0,79.4328234724283,1.8086951375183793
-93.0,79.4328234724283,1.8086951375183793
-92.0,79.4328234724283,1.8086951375183793
-91.0,79.4328234724283,1.8086951375183793
-90.0,79.4328234724283,1.8086951375183793
-89.0,79.4328234724283,1.8086951375183793
-88.0,79.4328234724283,1.8086951375183793
-87.0,79.4328234724283,1.8086951375183793
-86.0,79.4328234724283,1.8086951375183793
-85.0,79.4328234724283,1.8086951375183793
-84.0,79.4328234724283,1.8086951375183793
-83.0,79.4328234724283,1.8086951375183793
-82.0,79.4328234724283,1.8086951375183793
-81.0,79.4328234724283,1.8086951375183793
-80.0,79.4328234724283,1.8086951375183793
-79.0,79.4328234724283,1.8086951375183793
-78.0,79.4328234724283,1.8086951375183793
-77.0,79.4328234724283,1.8086951375183793
-76.0,79.4328234724283,1.8086951375183793
-75.0,79.4328234724283,1.8086951375183793
-74.0,79.4328234724283,1.8086951375183793
-73.0,79.4328234724283,1.8086951375183793
-72.0,79.4328234724283,1.8086951375183793
-71.0,79.4328234724283,1.8086951375183793
-70.0,79.4328234724283,1.8086951375183793
-69.0,79.4328234724283,1.8086951375183793
-68.0,79.4328234724283,1.8086951375183793
-67.0,79.4328234724283,1.8086951375183793
-66.0,79.4328234724283,1.8086951375183793
-65.0,79.4328234724283,1.8086951375183793
-64.0,79.4328234724283,1.8086951375183793
-63.0,79.4328234724283,1.8086951375183793
-62.0,79.4328234724283,1.8086951375183793
-61.0,79.4328234724283,1.8086951375183793
-60.0,79.4328234724283,1.8086951375183793
-59.0,79.4328234724283,1.8086951375183793
-58.0,79.4328234724283,1.8086951375183793
-57.0,79.4328234724283,1.8086951375183793
-56.0,79.4328234724283,1.8086951375183793
-55.0,79.4328234724283,1.8086951375183793
-54.0,79.4328234724283,1.8086951375183793
-53.0,79.4328234724283,1.8086951375183793
-52.0,79.4328234724283,1.8086951375183793
-51.0,79.4328234724283,1.8086951375183793
-50.0,79.4328234724283,1.8086951375183793
-49.0,79.4328234724283,1.8086951375183793
-48.0,79.4328234724283,1.8086951375183793
-47.0,79.4328234724283,1.8086951375183793
-46.0,79.4328234724283,1.8086951375183793
-45.0,79.4328234724283,1.8086951375183793
-44.0,79.4328234724283,1.8086951375183793
-43.0,79.4328234724283,1.8086951375183793
-42.0,79.4328234724283,1.8086951375183793
-41.0,79.4328234724283,1.8086951375183793
-40.0,79.4328234724283,1.8086951375183793
-39.0,79.4328234724283,1.8086951375183793
-38.0,79.4328234724283,1.8086951375183793
-37.0,79.4328234724283,1.8086951375183793
-36.0,79.4328234724283,1.8086951375183793
-35.0,79.4328234724283,1.8086951375183793
-34.0,79.4328234724283,1.8086951375183793
-33.0,79.4328234724283,1.8086951375183793
-32.0,79.4328234724283,1.8086951375183793
-31.0,79.4328234724283,1.8086951375183793
-30.0,79.4328234724283,1.8086951375183793
-29.0,79.4328234724283,1.8086951375183793
-28.0,79.4328234724283,1.8086951375183793
-27.0,79.4328234724283,1.8086951375183793
-26.0,79.4328234724283,1.8086951375183793
-25.0,79.4328234724283,1.8086951375183793
-24.0,79.4328234724283,1.808695137518379
-23.0,79.4328234724283,1.8086951375183757
-22.0,79.4328234724283,1.80869513751832
-21.0,79.4328234724283,1.8086951375175075
-20.0,79.4328234724283,1.8086951375070757
-19.5,79.4328234724283,1.8086951374795377
-19.0,79.4328234724283,1.8086951373890168
-18.5,79.4328234724283,1.8086951371007918
-18.0,79.4328234724283,1.8086951362118635
-17.5,79.4328234724283,1.8086951335564196
-17.0,79.4328234724283,1.808695125873532
-16.5,79.4328234724283,1.808695104345296
-16.0,79.4328234724283,1.8086950459245588
-15.5,79.4328234724283,1.8086948924006048
-15.0,79.4328234724283,1.8086945017312483
-14.5,79.4328234724283,1.808693539149708
-14.0,79.4328234724283,1.8086912428500275
-13.5,79.4328234724283,1.8086859395417474
-13.0,79.4328234724283,1.808674083140189
-12.5,79.4328234724283,1.808648426338749
-12.0,79.4328234724283,1.808594692697721
-11.5,79.4328234724283,1.808485792535167
-11.0,79.4328234724283,1.8082722490278433
-10.5,79.4328234724283,1.8078671620482163
-10.0,79.4328234724283,1.8071239161641506
-9.5,79.4328234724283,1.8058052191671448
-9.0,79.4328234724283,1.8035433010363735
-8.5,79.4328234724283,1.7997935623209094
-8.0,79.4328234724283,1.7937878043690112
-7.5,79.4328234724283,1.7844981474144346
-7.0,79.4328234724283,1.7706279287403206
-6.5,79.4328234724283,1.75064957576966
-6.0,79.4328234724283,1.722909358284916
-5.5,79.4328234724283,1.6858126823320485
-5.0,79.4328234724283,1.6380897439994764
-4.5,79.4328234724283,1.579120487377171
-4.0,79.4328234724283,1.5092733471204842
-3.5,79.4328234724283,1.4301905286170287
-3.0,79.4328234724283,1.344941596478841
-2.5,79.4328234724283,1.257974181173494
-2.0,79.4328234724283,1.1748192022718391
-1.5,79.4328234724283,1.1015554320689664
-1.0,79.4328234724283,1.0440948100439875
-0.5,79.4328234724283,1.0074008741862461
0.0,79.4328234724283,0.9947823256351087
0.5,79.4328234724283,1.0074008741862461
1.0,79.4328234724283,1.0440948100439875
1.5,79.4328234724283,1.1015554320689664
2.0,79.4328234724283,1.1748192022718391
2.5,79.4328234724283,1.257974181173494
3.0,79.4328234724283,1.344941596478841
3.5,79.4328234724283,1.4301905286170287
4.0,79.4328234724283,1.5092733471204842
4.5,79.4328234724283,1.579120487377171
5.0,79.4328234724283,1.6380897439994764
5.5,79.4328234724283,1.6858126823320485
6.0,79.4328234724283,1.722909358284916
6.5,79.4328234724283,1.75064957576966
7.0,79.4328234724283,1.7706279287403206
7.5,79.4328234724283,1.7844981474144346
8.0,79.4328234724283,1.7937878043690112
8.5,79.4328234724283,1.7997935623209094
9.0,79.4328234724283,1.8035433010363735
9.5,79.4328234724283,1.8058052191671448
10.0,79.4328234724283,1.8071239161641506
10.5,79.4328234724283,1.8078671620482163
11.0,79.4328234724283,1.8082722490278433
11.5,79.4328234724283,1.808485792535167
12.0,79.4328234724283,1.808594692697721
12.5,79.4328234724283,1.808648426338749
13.0,79.4328234724283,1.808674083140189
13.5,79.4328234724283,1.8086859395417474
14.0,79.4328234724283,1.8086912428500275
14.5,79.4328234724283,1.808693539149708
15.0,79.4328234724283,1.8086945017312483
15.5,79.4328234724283,1.8086948924006048
16.0,79.4328234724283,1.8086950459245588
16.5,79.4328234724283,1.808695104345296
17.0,79.4328234724283,1.808695125873532
17.5,79.4328234724283,1.8086951335564196
18.0,79.4328234724283,1.8086951362118635
18.5,79.4328234724283,1.8086951371007918
19.0,79.4328234724283,1.8086951373890168
19.5,79.4328234724283,1.8086951374795377
20.0,79.4328234724283,1.8086951375070757
21.0,79.4328234724283,1.8086951375175075
22.0,79.4328234724283,1.80869513751832
23.0,79.4328234724283,1.8086951375183757
24.0,79.4328234724283,1.808695137518379
25.0,79.4328234724283,1.8086951375183793
26.0,79.4328234724283,1.8086951375183793
27.0,79.4328234724283,1.8086951375183793
28.0,79.4328234724283,1.8086951375183793
29.0,79.4328234724283,1.8086951375183793
30.0,79.4328234724283,1.8086951375183793
31.0,79.4328234724283,1.8086951375183793
32.0,79.4328234724283,1.8086951375183793
33.0,79.4328234724283,1.8086951375183793
34.0,79.4328234724283,1.8086951375183793
35.0,79.4328234724283,1.8086951375183793
36.0,79.4328234724283,1.8086951375183793
37.0,79.4328234724283,1.8086951375183793
38.0,79.4328234724283,1.8086951375183793
39.0,79.4328234724283,1.8086951375183793
40.0,79.4328234724283,1.8086951375183793
41.0,79.4328234724283,1.8086951375183793
42.0,79.4328234724283,1.8086951375183793
43.0,79.4328234724283,1.8086951375183793
44.0,79.4328234724283,1.8086951375183793
45.0,79.4328234724283,1.8086951375183793
46.0,79.4328234724283,1.8086951375183793
47.0,79.4328234724283,1.8086951375183793
48.0,79.4328234724283,1.8086951375183793
49.0,79.4328234724283,1.8086951375183793
50.0,79.4328234724283,1.8086951375183793
51.0,79.4328234724283,1.8086951375183793
52.0,79.4328234724283,1.8086951375183793
53.0,79.4328234724283,1.8086951375183793
54.0,79.4328234724283,1.8086951375183793
55.0,79.4328234724283,1.8086951375183793
56.0,79.4328234724283,1.8086951375183793
57.0,79.4328234724283,1.8086951375183793
58.0,79.4328234724283,1.8086951375183793
59.0,79.4328234724283,1.8086951375183793
60.0,79.4328234724283,1.8086951375183793
61.0,79.4328234724283,1.8086951375183793
62.0,79.4328234724283,1.8086951375183793
63.0,79.4328234724283,1.8086951375183793
64.0,79.4328234724283,1.8086951375183793
65.0,79.4328234724283,1.8086951375183793
66.0,79.4328234724283,1.8086951375183793
67.0,79.4328234724283,1.8086951375183793
68.0,79.4328234724283,1.8086951375183793
69.0,79.4328234724283,1.8086951375183793
70.0,79.4328234724283,1.8086951375183793
71.0,79.4328234724283,1.8086951375183793
72.0,79.4328234724283,1.8086951375183793
73.0,79.4328234724283,1.8086951375183793
74.0,79.4328234724283,1.8086951375183793
75.0,79.4328234724283,1.8086951375183793
76.0,79.4328234724283,1.8086951375183793
77.0,79.4328234724283,1.8086951375183793
78.0,79.4328234724283,1.8086951375183793
79.0,79.4328234724283,1.8086951375183793
80.0,79.4328234724283,1.8086951375183793
81.0,79.4328234724283,1.8086951375183793
82.0,79.4328234724283,1.8086951375183793
83.0,79.4328234724283,1.8086951375183793
84.0,79.4328234724283,1.8086951375183793
85.0,79.4328234724283,1.8086951375183793
86.0,79.4328234724283,1.8086951375183793
87.0,79.4328234724283,1.8086951375183793
88.0,79.4328234724283,1.8086951375183793
89.0,79.4328234724283,1.8086951375183793
90.0,79.4328234724283,1.8086951375183793
91.0,79.4328234724283,1.8086951375183793
92.0,79.4328234724283,1.8086951375183793
93.0,79.4328234724283,1.8086951375183793
94.0,79.4328234724283,1.8086951375183793
95.0,79.4328234724283,1.8086951375183793
96.0,79.4328234724283,1.8086951375183793
97.0,79.4328234724283,1.8086951375183793
98.0,79.4328234724283,1.8086951375183793
99.0,79.4328234724283,1.8086951375183793
100.0,79.4328234724283,1.8086951375183793
-100.0,89.12509381337473,1.9739980183478953
-99.0,89.12509381337473,1.9739980183478953
-98.0,89.12509381337473,1.9739980183478953
-97.0,89.12509381337473,1.9739980183478953
-96.0,89.12509381337473,1.9739980183478953
-95.0,89.12509381337473,1.9739980183478953
-94.0,89.12509381337473,1.9739980183478953
-93.0,89.12509381337473,1.9739980183478953
-92.0,89.12509381337473,1.9739980183478953
-91.0,89.12509381337473,1.9739980183478953
-90.0,89.12509381337473,1.9739980183478953
-89.0,89.12509381337473,1.9739980183478953
-88.0,89.12509381337473,1.9739980183478953
-87.0,89.12509381337473,1.9739980183478953
-86.0,89.12509381337473,1.9739980183478953
-85.0,89.12509381337473,1.9739980183478953
-84.0,89.12509381337473,1.9739980183478953
-83.0,89.12509381337473,1.9739980183478953
-82.0,89.12509381337473,1.9739980183478953
-81.0,89.12509381337473,1.9739980183478953
-80.0,89.12509381337473,1.9739980183478953
-79.0,89.12509381337473,1.9739980183478953
-78.0,89.12509381337473,1.9739980183478953
-77.0,89.12509381337473,1.9739980183478953
-76.0,89.12509381337473,1.9739980183478953
-75.0,89.12509381337473,1.9739980183478953
-74.0,89.12509381337473,1.9739980183478953
-73.0,89.12509381337473,1.9739980183478953
-72.0,89.12509381337473,1.9739980183478953
-71.0,89.12509381337473,1.9739980183478953
-70.0,89.12509381337473,1.9739980183478953
-69.0,89.12509381337473,1.9739980183478953
-68.0,89.12509381337473,1.9739980183478953
-67.0,89.12509381337473,1.9739980183478953
-66.0,89.12509381337473,1.9739980183478953
-65.0,89.12509381337473,1.9739980183478953
-64.0,89.12509381337473,1.9739980183478953
-63.0,89.12509381337473,1.9739980183478953
-62.0,89.12509381337473,1.9739980183478953
-61.0,89.12509381337473,1.9739980183478953
-60.0,89.12509381337473,1.9739980183478953
-59.0,89.12509381337473,1.9739980183478953
-58.0,89.12509381337473,1.9739980183478953
-57.0,89.12509381337473,1.9739980183478953
-56.0,89.12509381337473,1.9739980183478953
-55.0,89.12509381337473,1.9739980183478953
-54.0,89.12509381337473,1.9739980183478953
-53.0,89.12509381337473,1.9739980183478953
-52.0,89.12509381337473,1.9739980183478953
-51.0,89.12509381337473,1.9739980183478953
-50.0,89.12509381337473,1.9739980183478953
-49.0,89.12509381337473,1.9739980183478953
-48.0,89.12509381337473,1.9739980183478953
-47.0,89.12509381337473,1.9739980183478953
-46.0,89.12509381337473,1.9739980183478953
-45.0,89.12509381337473,1.9739980183478953
-44.0,89.12509381337473,1.9739980183478953
-43.0,89.12509381337473,1.9739980183478953
-42.0,89.12509381337473,1.9739980183478953
-41.0,89.12509381337473,1.9739980183478953
-40.0,89.12509381337473,1.9739980183478953
-39.0,89.12509381337473,1.9739980183478953
-38.0,89.12509381337473,1.9739980183478953
-37.0,89.12509381337473,1.9739980183478953
-36.0,89.12509381337473,1.9739980183478953
-35.0,89.12509381337473,1.9739980183478953
-34.0,89.12509381337473,1.9739980183478953
-33.0,89.12509381337473,1.9739980183478953
-32.0,89.12509381337473,1.9739980183478953
-31.0,89.12509381337473,1.9739980183478953
-30.0,89.12509381337473,1.9739980183478953
-29.0,89.12509381337473,1.9739980183478953
-28.0,89.12509381337473,1.9739980183478953
-27.0,89.12509381337473,1.9739980183478953
-26.0,89.12509381337473,1.9739980183478953
-25.0,89.12509381337473,1.9739980183478953
-24.0,89.12509381337473,1.9739980183478951
-23.0,89.12509381337473,1.9739980183478913
-22.0,89.12509381337473,1.9739980183478307
-21.0,89.12509381337473,1.9739980183469439
-20.0,89.12509381337473,1.9739980183355588
-19.5,89.12509381337473,1.973998018305504
-19.0,89.12509381337473,1.9739980182067098
-18.5,89.12509381337473,1.973998017892143
-18.0,89.12509381337473,1.9739980169219726
-17.5,89.12509381337473,1.9739980140238385
-17.0,89.12509381337473,1.9739980056387851
-16.5,89.12509381337473,1.9739979821430096
-16.0,89.12509381337473,1.9739979183829999
-15.5,89.12509381337473,1.973997750827963
-15.0,89.12509381337473,1.9739973244539877
-14.5,89.12509381337473,1.973996273898804
-14.0,89.12509381337473,1.9739937677323829
-13.5,89.12509381337473,1.9739879797364857
-13.0,89.12509381337473,1.9739750397375353
-12.5,89.12509381337473,1.973947038072606
-12.0,89.12509381337473,1.973888393528975
-11.5,89.12509381337473,1.9737695406053284
-11.0,89.12509381337473,1.9735364806210647
-10.5,89.12509381337473,1.9730943713465632
-10.0,89.12509381337473,1.972283197660154
-9.5,89.12509381337473,1.9708439804007645
-9.0,89.12509381337473,1.968375337778142
-8.5,89.12509381337473,1.9642828975210158
-8.0,89.12509381337473,1.9577282526558837
-7.5,89.12509381337473,1.9475895819429045
-7.0,89.12509381337473,1.9324517161916208
-6.5,89.12509381337473,1.9106474727036613
-6.0,89.12509381337473,1.8803719811586592
-5.5,89.12509381337473,1.8398849121666299
-5.0,89.12509381337473,1.7878004100611562
-4.5,89.12509381337473,1.7234417498860681
-4.0,89.12509381337473,1.647211038809384
-3.5,89.12509381337473,1.5609005690276287
-3.0,89.12509381337473,1.4678604432395166
-2.5,89.12509381337473,1.3729447761862297
-2.0,89.12509381337473,1.2821899772360614
-1.5,89.12509381337473,1.2022303786297448
-1.0,89.12509381337473,1.1395182323661275
-0.5,89.12509381337473,1.0994707112742375
0.0,89.12509381337473,1.0856989100913426
0.5,89.12509381337473,1.0994707112742375
1.0,89.12509381337473,1.1395182323661275
1.5,89.12509381337473,1.2022303786297448
2.0,89.12509381337473,1.2821899772360614
2.5,89.12509381337473,1.3729447761862297
3.0,89.12509381337473,1.4678604432395166
3.5,89.12509381337473,1.5609005690276287
4.0,89.12509381337473,1.647211038809384
4.5,89.12509381337473,1.7234417498860681
5.0,89.12509381337473,1.7878004100611562
5.5,89.12509381337473,1.8398849121666299
6.0,89.12509381337473,1.8803719811586592
6.5,89.12509381337473,1.9106474727036613
7.0,89.12509381337473,1.9324517161916208
7.5,89.12509381337473,1.9475895819429045
8.0,89.12509381337473,1.9577282526558837
8.5,89.12509381337473,1.9642828975210158
9.0,89.12509381337473,1.968375337778142
9.5,89.12509381337473,1.9708439804007645
10.0,89.12509381337473,1.972283197660154
10.5,89.12509381337473,1.9730943713465632
11.0,89.12509381337473,1.9735364806210647
11.5,89.12509381337473,1.9737695406053284
12.0,89.12509381337473,1.973888393528975
12.5,89.12509381337473,1.973947038072606
13.0,89.12509381337473,1.9739750397375353
13.5,89.12509381337473,1.9739879797364857
14.0,89.12509381337473,1.9739937677323829
14.5,89.12509381337473,1.973996273898804
15.0,89.12509381337473,1.9739973244539877
15.5,89.12509381337473,1.973997750827963
16.0,89.12509381337473,1.9739979183829999
16.5,89.12509381337473,1.9739979821430096
17.0,89.12509381337473,1.9739980056387851
17.5,89.12509381337473,1.9739980140238385
18.0,89.12509381337473,1.9739980169219726
18.5,89.12509381337473,1.973998017892143
19.0,89.12509381337473,1.9739980182067098
19.5,89.12509381337473,1.973998018305504
20.0,89.12509381337473,1.9739980183355588
21.0,89.12509381337473,1.9739980183469439
22.0,89.12509381337473,1.9739980183478307
23.0,89.12509381337473,1.9739980183478913
24.0,89.12509381337473,1.9739980183478951
25.0,89.12509381337473,1.9739980183478953
26.0,89.12509381337473,1.9739980183478953
27.0,89.12509381337473,1.9739980183478953
28.0,89.12509381337473,1.9739980183478953
29.0,89.12509381337473,1.9739980183478953
30.0,89.12509381337473,1.9739980183478953
31.0,89.12509381337473,1.9739980183478953
32.0,89.12509381337473,1.9739980183478953
33.0,89.12509381337473,1.9739980183478953
34.0,89.12509381337473,1.9739980183478953
35.0,89.12509381337473,1.9739980183478953
36.0,89.12509381337473,1.9739980183478953
37.0,89.12509381337473,1.9739980183478953
38.0,89.12509381337473,1.9739980183478953
39.0,89.12509381337473,1.9739980183478953
40.0,89.12509381337473,1.9739980183478953
41.0,89.12509381337473,1.9739980183478953
42.0,89.12509381337473,1.9739980183478953
43.0,89.12509381337473,1.9739980183478953
44.0,89.12509381337473,1.9739980183478953
45.0,89.12509381337473,1.9739980183478953
46.0,89.12509381337473,1.9739980183478953
47.0,89.12509381337473,1.9739980183478953
48.0,89.12509381337473,1.9739980183478953
49.0,89.12509381337473,1.9739980183478953
50.0,89.12509381337473,1.9739980183478953
51.0,89.12509381337473,1.9739980183478953
52.0,89.12509381337473,1.9739980183478953
53.0,89.12509381337473,1.9739980183478953
54.0,89.12509381337473,1.9739980183478953
55.0,89.12509381337473,1.9739980183478953
56.0,89.12509381337473,1.9739980183478953
57.0,89.12509381337473,1.9739980183478953
58.0,89.12509381337473,1.9739980183478953
59.0,89.12509381337473,1.9739980183478953
60.0,89.12509381337473,1.9739980183478953
61.0,89.12509381337473,1.9739980183478953
62.0,89.12509381337473,1.9739980183478953
63.0,89.12509381337473,1.9739980183478953
64.0,89.12509381337473,1.9739980183478953
65.0,89.12509381337473,1.9739980183478953
66.0,89.12509381337473,1.9739980183478953
67.0,89.12509381337473,1.9739980183478953
68.0,89.12509381337473,1.9739980183478953
69.0,89.12509381337473,1.9739980183478953
70.0,89.12509381337473,1.9739980183478953
71.0,89.12509381337473,1.9739980183478953
72.0,89.12509381337473,1.9739980183478953
73.0,89.12509381337473,1.9739980183478953
74.0,89.12509381337473,1.9739980183478953
75.0,89.12509381337473,1.9739980183478953
76.0,89.12509381337473,1.9739980183478953
77.0,89.12509381337473,1.9739980183478953
78.0,89.12509381337473,1.9739980183478953
79.0,89.12509381337473,1.9739980183478953
80.0,89.12509381337473,1.9739980183478953
81.0,89.12509381337473,1.9739980183478953
82.0,89.12509381337473,1.9739980183478953
83.0,89.12509381337473,1.9739980183478953
84.0,89.12509381337473,1.9739980183478953
85.0,89.12509381337473,1.9739980183478953
86.0,89.12509381337473,1.9739980183478953
87.0,89.12509381337473,1.9739980183478953
88.0,89.12509381337473,1.9739980183478953
89.0,89.12509381337473,1.9739980183478953
90.0,89.12509381337473,1.9739980183478953
91.0,89.12509381337473,1.9739980183478953
92.0,89.12509381337473,1.9739980183478953
93.0,89.12509381337473,1.9739980183478953
94.0,89.12509381337473,1.9739980183478953
95.0,89.12509381337473,1.9739980183478953
96.0,89.12509381337473,1.9739980183478953
97.0,89.12509381337473,1.9739980183478953
98.0,89.12509381337473,1.9739980183478953
99.0,89.12509381337473,1.9739980183478953
100.0,89.12509381337473,1.9739980183478953
-100.0,100.0000000000002,2.1500798769515885
-99.0,100.0000000000002,2.1500798769515885
-98.0,100.0000000000002,2.1500798769515885
-97.0,100.0000000000002,2.1500798769515885
-96.0,100.0000000000002,2.1500798769515885
-95.0,100.0000000000002,2.1500798769515885
-94.0,100.0000000000002,2.1500798769515885
-93.0,100.0000000000002,2.1500798769515885
-92.0,100.0000000000002,2.1500798769515885
-91.0,100.0000000000002,2.1500798769515885
-90.0,100.0000000000002,2.1500798769515885
-89.0,100.0000000000002,2.1500798769515885
-88.0,100.0000000000002,2.1500798769515885
-87.0,100.0000000000002,2.1500798769515885
-86.0,100.0000000000002,2.1500798769515885
-85.0,100.0000000000002,2.1500798769515885
-84.0,100.0000000000002,2.1500798769515885
-83.0,100.0000000000002,2.1500798769515885
-82.0,100.0000000000002,2.1500798769515885
-81.0,100.0000000000002,2.1500798769515885
-80.0,100.0000000000002,2.1500798769515885
-79.0,100.0000000000002,2.1500798769515885
-78.0,100.0000000000002,2.1500798769515885
-77.0,100.0000000000002,2.1500798769515885
-76.0,100.0000000000002,2.1500798769515885
-75.0,100.0000000000002,2.1500798769515885
-74.0,100.0000000000002,2.1500798769515885
-73.0,100.0000000000002,2.1500798769515885
-72.0,100.0000000000002,2.1500798769515885
-71.0,100.0000000000002,2.1500798769515885
-70.0,100.0000000000002,2.1500798769515885
-69.0,100.0000000000002,2.1500798769515885
-68.0,100.0000000000002,2.1500798769515885
-67.0,100.0000000000002,2.1500798769515885
-66.0,100.0000000000002,2.1500798769515885
-65.0,100.0000000000002,2.1500798769515885
-64.0,100.0000000000002,2.1500798769515885
-63.0,100.0000000000002,2.1500798769515885
-62.0,100.0000000000002,2.1500798769515885
-61.0,100.0000000000002,2.1500798769515885
-60.0,100.0000000000002,2.1500798769515885
-59.0,100.0000000000002,2.1500798769515885
-58.0,100.0000000000002,2.1500798769515885
-57.0,100.0000000000002,2.1500798769515885
-56.0,100.0000000000002,2.1500798769515885
-55.0,100.0000000000002,2.1500798769515885
-54.0,100.0000000000002,2.1500798769515885
-53.0,100.0000000000002,2.1500798769515885
-52.0,100.0000000000002,2.1500798769515885
-51.0,100.0000000000002,2.1500798769515885
-50.0,100.0000000000002,2.1500798769515885
-49.0,100.0000000000002,2.1500798769515885
-48.0,100.0000000000002,2.1500798769515885
-47.0,100.0000000000002,2.1500798769515885
-46.0,100.0000000000002,2.1500798769515885
-45.0,100.0000000000002,2.1500798769515885
-44.0,100.0000000000002,2.1500798769515885
-43.0,100.0000000000002,2.1500798769515885
-42.0,100.0000000000002,2.1500798769515885
-41.0,100.0000000000002,2.1500798769515885
-40.0,100.0000000000002,2.1500798769515885
-39.0,100.0000000000002,2.1500798769515885
-38.0,100.0000000000002,2.1500798769515885
-37.0,100.0000000000002,2.1500798769515885
-36.0,100.0000000000002,2.1500798769515885
-35.0,100.0000000000002,2.1500798769515885
-34.0,100.0000000000002,2.1500798769515885
-33.0,100.0000000000002,2.1500798769515885
-32.0,100.0000000000002,2.1500798769515885
-31.0,100.0000000000002,2.1500798769515885
-30.0,100.0000000000002,2.1500798769515885
-29.0,100.0000000000002,2.1500798769515885
-28.0,100.0000000000002,2.1500798769515885
-27.0,100.0000000000002,2.1500798769515885
-26.0,100.0000000000002,2.1500798769515885
-25.0,100.0000000000002,2.1500798769515885
-24.0,100.0000000000002,2.150079876951588
-23.0,100.0000000000002,2.150079876951584
-22.0,100.0000000000002,2.150079876951518
-21.0,100.0000000000002,2.1500798769505525
-20.0,100.0000000000002,2.1500798769381513
-19.5,100.0000000000002,2.1500798769054157
-19.0,100.0000000000002,2.1500798767978093
-18.5,100.0000000000002,2.150079876455183
-18.0,100.0000000000002,2.1500798753984727
-17.5,100.0000000000002,2.150079872241823
-17.0,100.0000000000002,2.1500798631088176
-16.5,100.0000000000002,2.1500798375172043
-16.0,100.0000000000002,2.150079768069762
-15.5,100.0000000000002,2.1500795855687107
-15.0,100.0000000000002,2.15007912116191
-14.5,100.0000000000002,2.1500779768965463
-14.0,100.0000000000002,2.1500752471785125
-13.5,100.0000000000002,2.150068942889759
-13.0,100.0000000000002,2.150054848634804
-12.5,100.0000000000002,2.150024349203839
-12.0,100.0000000000002,2.149960473530215
-11.5,100.0000000000002,2.1498310188513985
-11.0,100.0000000000002,2.149577169770685
-10.5,100.0000000000002,2.1490956240722174
-10.0,100.0000000000002,2.148212093185332
-9.5,100.0000000000002,2.146644496845714
-9.0,100.0000000000002,2.1439556497562284
-8.5,100.0000000000002,2.1394981612670363
-8.0,100.0000000000002,2.132358837977908
-7.5,100.0000000000002,2.12131579149235
-7.0,100.0000000000002,2.1048276186424753
-6.5,100.0000000000002,2.0810784229898625
-6.0,100.0000000000002,2.048102338652044
-5.5,100.0000000000002,2.004003797768316
-5.0,100.0000000000002,1.9472733254795207
-4.5,100.0000000000002,1.8771738325398903
-4.0,100.0000000000002,1.7941432943284772
-3.5,100.0000000000002,1.7001338766273877
-3.0,100.0000000000002,1.5987945133926225
-2.5,100.0000000000002,1.4954123094380778
-2.0,100.0000000000002,1.3965621256254035
-1.5,100.0000000000002,1.3094700807831028
-1.0,100.0000000000002,1.2411639718262675
-0.5,100.0000000000002,1.197544186790449
0.0,100.0000000000002,1.1825439323233737
0.5,100.0000000000002,1.197544186790449
1.0,100.0000000000002,1.2411639718262675
1.5,100.0000000000002,1.3094700807831028
2.0,100.0000000000002,1.3965621256254035
2.5,100.0000000000002,1.4954123094380778
3.0,100.0000000000002,1.5987945133926225
3.5,100.0000000000002,1.7001338766273877
4.0,100.0000000000002,1.7941432943284772
4.5,100.0000000000002,1.8771738325398903
5.0,100.0000000000002,1.9472733254795207
5.5,100.0000000000002,2.004003797768316
6.0,100.0000000000002,2.048102338652044
6.5,100.0000000000002,2.0810784229898625
7.0,100.0000000000002,2.1048276186424753
7.5,100.0000000000002,2.12131579149235
8.0,100.0000000000002,2.132358837977908
8.5,100.0000000000002,2.1394981612670363
9.0,100.0000000000002,2.1439556497562284
9.5,100.0000000000002,2.146644496845714
10.0,100.0000000000002,2.148212093185332
10.5,100.0000000000002,2.1490956240722174
11.0,100.0000000000002,2.149577169770685
11.5,100.0000000000002,2.1498310188513985
12.0,100.0000000000002,2.149960473530215
12.5,100.0000000000002,2.150024349203839
13.0,100.0000000000002,2.150054848634804
13.5,100.0000000000002,2.150068942889759
14.0,100.0000000000002,2.1500752471785125
14.5,100.0000000000002,2.1500779768965463
15.0,100.0000000000002,2.15007912116191
15.5,100.0000000000002,2.1500795855687107
16.0,100.0000000000002,2.150079768069762
16.5,100.0000000000002,2.1500798375172043
17.0,100.0000000000002,2.1500798631088176
17.5,100.0000000000002,2.150079872241823
18.0,100.0000000000002,2.1500798753984727
18.5,100.0000000000002,2.150079876455183
19.0,100.0000000000002,2.1500798767978093
19.5,100.0000000000002,2.1500798769054157
20.0,100.0000000000002,2.1500798769381513
21.0,100.0000000000002,2.1500798769505525
22.0,100.0000000000002,2.150079876951518
23.0,100.0000000000002,2.150079876951584
24.0,100.0000000000002,2.150079876951588
25.0,100.0000000000002,2.1500798769515885
26.0,100.0000000000002,2.1500798769515885
27.0,100.0000000000002,2.1500798769515885
28.0,100.0000000000002,2.1500798769515885
29.0,100.0000000000002,2.1500798769515885
30.0,100.0000000000002,2.1500798769515885
31.0,100.0000000000002,2.1500798769515885
32.0,100.0000000000002,2.1500798769515885
33.0,100.0000000000002,2.1500798769515885
34.0,100.0000000000002,2.1500798769515885
35.0,100.0000000000002,2.1500798769515885
36.0,100.0000000000002,2.1500798769515885
37.0,100.0000000000002,2.1500798769515885
38.0,100.0000000000002,2.1500798769515885
39.0,100.0000000000002,2.1500798769515885
40.0,100.0000000000002,2.1500798769515885
41.0,100.0000000000002,2.1500798769515885
42.0,100.0000000000002,2.1500798769515885
43.0,100.0000000000002,2.1500798769515885
44.0,100.0000000000002,2.1500798769515885
45.0,100.0000000000002,2.1500798769515885
46.0,100.0000000000002,2.1500798769515885
47.0,100.0000000000002,2.1500798769515885
48.0,100.0000000000002,2.1500798769515885
49.0,100.0000000000002,2.1500798769515885
50.0,100.0000000000002,2.1500798769515885
51.0,100.0000000000002,2.1500798769515885
52.0,100.0000000000002,2.1500798769515885
53.0,100.0000000000002,2.1500798769515885
54.0,100.0000000000002,2.1500798769515885
55.0,100.0000000000002,2.1500798769515885
56.0,100.0000000000002,2.1500798769515885
57.0,100.0000000000002,2.1500798769515885
58.0,100.0000000000002,2.1500798769515885
59.0,100.0000000000002,2.1500798769515885
60.0,100.0000000000002,2.1500798769515885
61.0,100.0000000000002,2.1500798769515885
62.0,100.0000000000002,2.1500798769515885
63.0,100.0000000000002,2.1500798769515885
64.0,100.0000000000002,2.1500798769515885
65.0,100.0000000000002,2.1500798769515885
66.0,100.0000000000002,2.1500798769515885
67.0,100.0000000000002,2.1500798769515885
68.0,100.0000000000002,2.1500798769515885
69.0,100.0000000000002,2.1500798769515885
70.0,100.0000000000002,2.1500798769515885
71.0,100.0000000000002,2.1500798769515885
72.0,100.0000000000002,2.1500798769515885
73.0,100.0000000000002,2.1500798769515885
74.0,100.0000000000002,2.1500798769515885
75.0,100.0000000000002,2.1500798769515885
76.0,100.0000000000002,2.1500798769515885
77.0,100.0000000000002,2.1500798769515885
78.0,100.0000000000002,2.1500798769515885
79.0,100.0000000000002,2.1500798769515885
80.0,100.0000000000002,2.1500798769515885
81.0,100.0000000000002,2.1500798769515885
82.0,100.0000000000002,2.1500798769515885
83.0,100.0000000000002,2.1500798769515885
84.0,100.0000000000002,2.1500798769515885
85.0,100.0000000000002,2.1500798769515885
86.0,100.0000000000002,2.1500798769515885
87.0,100.0000000000002,2.1500798769515885
88.0,100.0000000000002,2.1500798769515885
89.0,100.0000000000002,2.1500798769515885
90.0,100.0000000000002,2.1500798769515885
91.0,100.0000000000002,2.1500798769515885
92.0,100.0000000000002,2.1500798769515885
93.0,100.0000000000002,2.1500798769515885
94.0,100.0000000000002,2.1500798769515885
95.0,100.0000000000002,2.1500798769515885
96.0,100.0000000000002,2.1500798769515885
97.0,100.0000000000002,2.1500798769515885
98.0,100.0000000000002,2.1500798769515885
99.0,100.0000000000002,2.1500798769515885
100.0,100.0000000000002,2.1500798769515885
-100.0,112.20184543019653,2.337051899572996
-99.0,112.20184543019653,2.337051899572996
-98.0,112.20184543019653,2.337051899572996
-97.0,112.20184543019653,2.337051899572996
-96.0,112.20184543019653,2.337051899572996
-95.0,112.20184543019653,2.337051899572996
-94.0,112.20184543019653,2.337051899572996
-93.0,112.20184543019653,2.337051899572996
-92.0,112.20184543019653,2.337051899572996
-91.0,112.20184543019653,2.337051899572996
-90.0,112.20184543019653,2.337051899572996
-89.0,112.20184543019653,2.337051899572996
-88.0,112.20184543019653,2.337051899572996
-87.0,112.20184543019653,2.337051899572996
-86.0,112.20184543019653,2.337051899572996
-85.0,112.20184543019653,2.337051899572996
-84.0,112.20184543019653,2.337051899572996
-83.0,112.20184543019653,2.337051899572996
-82.0,112.20184543019653,2.337051899572996
-81.0,112.20184543019653,2.337051899572996
-80.0,112.20184543019653,2.337051899572996
-79.0,112.20184543019653,2.337051899572996
-78.0,112.20184543019653,2.337051899572996
-77.0,112.20184543019653,2.337051899572996
-76.0,112.20184543019653,2.337051899572996
-75.0,112.20184543019653,2.337051899572996
-74.0,112.20184543019653,2.337051899572996
-73.0,112.20184543019653,2.337051899572996
-72.0,112.20184543019653,2.337051899572996
-71.0,112.20184543019653,2.337051899572996
-70.0,112.20184543019653,2.337051899572996
-69.0,112.20184543019653,2.337051899572996
-68.0,112.20184543019653,2.337051899572996
-67.0,112.20184543019653,2.337051899572996
-66.0,112.20184543019653,2.337051899572996
-65.0,112.20184543019653,2.337051899572996
-64.0,112.20184543019653,2.337051899572996
-63.0,112.20184543019653,2.337051899572996
-62.0,112.20184543019653,2.337051899572996
-61.0,112.20184543019653,2.337051899572996
-60.0,112.20184543019653,2.337051899572996
-59.0,112.20184543019653,2.337051899572996
-58.0,112.20184543019653,2.337051899572996
-57.0,112.20184543019653,2.337051899572996
-56.0,112.20184543019653,2.337051899572996
-55.0,112.20184543019653,2.337051899572996
-54.0,112.20184543019653,2.337051899572996
-53.0,112.20184543019653,2.337051899572996
-52.0,112.20184543019653,2.337051899572996
-51.0,112.20184543019653,2.337051899572996
-50.0,112.20184543019653,2.337051899572996
-49.0,112.20184543019653,2.337051899572996
-48.0,112.20184543019653,2.337051899572996
-47.0,112.20184543019653,2.337051899572996
-46.0,112.20184543019653,2.337051899572996
-45.0,112.20184543019653,2.337051899572996
-44.0,112.20184543019653,2.337051899572996
-43.0,112.20184543019653,2.337051899572996
-42.0,112.20184543019653,2.337051899572996
-41.0,112.20184543019653,2.337051899572996
-40.0,112.20184543019653,2.337051899572996
-39.0,112.20184543019653,2.337051899572996
-38.0,112.20184543019653,2.337051899572996
-37.0,112.20184543019653,2.337051899572996
-36.0,112.20184543019653,2.337051899572996
-35.0,112.20184543019653,2.337051899572996
-34.0,112.20184543019653,2.337051899572996
-33.0,112.20184543019653,2.337051899572996
-32.0,112.20184543019653,2.337051899572996
-31.0,112.20184543019653,2.337051899572996
-30.0,112.20184543019653,2.337051899572996
-29.0,112.20184543019653,2.337051899572996
-28.0,112.20184543019653,2.337051899572996
-27.0,112.20184543019653,2.337051899572996
-26.0,112.20184543019653,2.337051899572996
-25.0,112.20184543019653,2.337051899572996
-24.0,112.20184543019653,2.3370518995729954
-23.0,112.20184543019653,2.337051899572991
-22.0,112.20184543019653,2.3370518995729195
-21.0,112.20184543019653,2.3370518995718697
-20.0,112.20184543019653,2.33705189955839
-19.5,112.20184543019653,2.337051899522808
-19.0,112.20184543019653,2.337051899405844
-18.5,112.20184543019653,2.3370518990334226
-18.0,112.20184543019653,2.3370518978848205
-17.5,112.20184543019653,2.337051894453667
-17.0,112.20184543019653,2.337051884526451
-16.5,112.20184543019653,2.337051856709378
-16.0,112.20184543019653,2.337051781222751
-15.5,112.20184543019653,2.3370515828513168
-15.0,112.20184543019653,2.3370510780594684
-14.5,112.20184543019653,2.3370498342882158
-14.0,112.20184543019653,2.337046867192535
-13.5,112.20184543019653,2.337040014679675
-13.0,112.20184543019653,2.337024694781252
-12.5,112.20184543019653,2.3369915431045
-12.0,112.20184543019653,2.3369221127703157
-11.5,112.20184543019653,2.336781400647813
-11.0,112.20184543019653,2.336505476723941
-10.5,112.20184543019653,2.33598205557043
-10.0,112.20184543019653,2.3350216923952467
-9.5,112.20184543019653,2.333317777093057
-9.0,112.20184543019653,2.330395106514393
-8.5,112.20184543019653,2.3255499925943646
-8.0,112.20184543019653,2.3177898301774316
-7.5,112.20184543019653,2.305786474840356
-7.0,112.20184543019653,2.287864482224007
-6.5,112.20184543019653,2.262050044626478
-6.0,112.20184543019653,2.226206343483874
-5.5,112.20184543019653,2.1782729714052356
-5.0,112.20184543019653,2.116609188841874
-4.5,112.20184543019653,2.040413808898157
-4.0,112.20184543019653,1.9501628935113886
-3.5,112.20184543019653,1.8479783697775156
-3.0,112.20184543019653,1.737826484776334
-2.5,112.20184543019653,1.6254541126035527
-2.0,112.20184543019653,1.5180078673133124
-1.5,112.20184543019653,1.4233422546454821
-1.0,112.20184543019653,1.3490962122536319
-0.5,112.20184543019653,1.3016832288711448
0.0,112.20184543019653,1.2853785447651478
0.5,112.20184543019653,1.3016832288711448
1.0,112.20184543019653,1.3490962122536319
1.5,112.20184543019653,1.4233422546454821
2.0,112.20184543019653,1.5180078673133124
2.5,112.20184543019653,1.6254541126035527
3.0,112.20184543019653,1.737826484776334
3.5,112.20184543019653,1.8479783697775156
4.0,112.20184543019653,1.9501628935113886
4.5,112.20184543019653,2.040413808898157
5.0,112.20184543019653,2.116609188841874
5.5,112.20184543019653,2.1782729714052356
6.0,112.20184543019653,2.226206343483874
6.5,112.20184543019653,2.262050044626478
7.0,112.20184543019653,2.287864482224007
7.5,112.20184543019653,2.305786474840356
8.0,112.20184543019653,2.3177898301774316
8.5,112.20184543019653,2.3255499925943646
9.0,112.20184543019653,2.330395106514393
9.5,112.20184543019653,2.333317777093057
10.0,112.20184543019653,2.3350216923952467
10.5,112.20184543019653,2.33598205557043
11.0,112.20184543019653,2.336505476723941
11.5,112.20184543019653,2.336781400647813
12.0,112.20184543019653,2.3369221127703157
12.5,112.20184543019653,2.3369915431045
13.0,112.20184543019653,2.337024694781252
13.5,112.20184543019653,2.337040014679675
14.0,112.20184543019653,2.337046867192535
14.5,112.20184543019653,2.3370498342882158
15.0,112.20184543019653,2.3370510780594684
15.5,112.20184543019653,2.3370515828513168
16.0,112.20184543019653,2.337051781222751
16.5,112.20184543019653,2.337051856709378
17.0,112.20184543019653,2.337051884526451
17.5,112.20184543019653,2.337051894453667
18.0,112.20184543019653,2.3370518978848205
18.5,112.20184543019653,2.3370518990334226
19.0,112.20184543019653,2.337051899405844
19.5,112.20184543019653,2.337051899522808
20.0,112.20184543019653,2.33705189955839
21.0,112.20184543019653,2.3370518995718697
22.0,112.20184543019653,2.3370518995729195
23.0,112.20184543019653,2.337051899572991
24.0,112.20184543019653,2.3370518995729954
25.0,112.20184543019653,2.337051899572996
26.0,112.20184543019653,2.337051899572996
27.0,112.20184543019653,2.337051899572996
28.0,112.20184543019653,2.337051899572996
29.0,112.20184543019653,2.337051899572996
30.0,112.20184543019653,2.337051899572996
31.0,112.20184543019653,2.337051899572996
32.0,112.20184543019653,2.337051899572996
33.0,112.20184543019653,2.337051899572996
34.0,112.20184543019653,2.337051899572996
35.0,112.20184543019653,2.337051899572996
36.0,112.20184543019653,2.337051899572996
37.0,112.20184543019653,2.337051899572996
38.0,112.20184543019653,2.337051899572996
39.0,112.20184543019653,2.337051899572996
40.0,112.20184543019653,2.337051899572996
41.0,112.20184543019653,2.337051899572996
42.0,112.20184543019653,2.337051899572996
43.0,112.20184543019653,2.337051899572996
44.0,112.20184543019653,2.337051899572996
45.0,112.20184543019653,2.337051899572996
46.0,112.20184543019653,2.337051899572996
47.0,112.20184543019653,2.337051899572996
48.0,112.20184543019653,2.337051899572996
49.0,112.20184543019653,2.337051899572996
50.0,112.20184543019653,2.337051899572996
51.0,112.20184543019653,2.337051899572996
52.0,112.20184543019653,2.337051899572996
53.0,112.20184543019653,2.337051899572996
54.0,112.20184543019653,2.337051899572996
55.0,112.20184543019653,2.337051899572996
56.0,112.20184543019653,2.337051899572996
57.0,112.20184543019653,2.337051899572996
58.0,112.20184543019653,2.337051899572996
59.0,112.20184543019653,2.337051899572996
60.0,112.20184543019653,2.337051899572996
61.0,112.20184543019653,2.337051899572996
62.0,112.20184543019653,2.337051899572996
63.0,112.20184543019653,2.337051899572996
64.0,112.20184543019653,2.337051899572996
65.0,112.20184543019653,2.337051899572996
66.0,112.20184543019653,2.337051899572996
67.0,112.20184543019653,2.337051899572996
68.0,112.20184543019653,2.337051899572996
69.0,112.20184543019653,2.337051899572996
70.0,112.20184543019653,2.337051899572996
71.0,112.20184543019653,2.337051899572996
72.0,112.20184543019653,2.337051899572996
73.0,112.20184543019653,2.337051899572996
74.0,112.20184543019653,2.337051899572996
75.0,112.20184543019653,2.337051899572996
76.0,112.20184543019653,2.337051899572996
77.0,112.20184543019653,2.337051899572996
78.0,112.20184543019653,2.337051899572996
79.0,112.20184543019653,2.337051899572996
80.0,112.20184543019653,2.337051899572996
81.0,112.20184543019653,2.337051899572996
82.0,112.20184543019653,2.337051899572996
83.0,112.20184543019653,2.337051899572996
84.0,112.20184543019653,2.337051899572996
85.0,112.20184543019653,2.337051899572996
86.0,112.20184543019653,2.337051899572996
87.0,112.20184543019653,2.337051899572996
88.0,112.20184543019653,2.337051899572996
89.0,112.20184543019653,2.337051899572996
90.0,112.20184543019653,2.337051899572996
91.0,112.20184543019653,2.337051899572996
92.0,112.20184543019653,2.337051899572996
93.0,112.20184543019653,2.337051899572996
94.0,112.20184543019653,2.337051899572996
95.0,112.20184543019653,2.337051899572996
96.0,112.20184543019653,2.337051899572996
97.0,112.20184543019653,2.337051899572996
98.0,112.20184543019653,2.337051899572996
99.0,112.20184543019653,2.337051899572996
100.0,112.20184543019653,2.337051899572996
-100.0,125.89254117941701,2.535020907065317
-99.0,125.89254117941701,2.535020907065317
-98.0,125.89254117941701,2.535020907065317
-97.0,125.89254117941701,2.535020907065317
-96.0,125.89254117941701,2.535020907065317
-95.0,125.89254117941701,2.535020907065317
-94.0,125.89254117941701,2.535020907065317
-93.0,125.89254117941701,2.535020907065317
-92.0,125.89254117941701,2.535020907065317
-91.0,125.89254117941701,2.535020907065317
-90.0,125.89254117941701,2.535020907065317
-89.0,125.89254117941701,2.535020907065317
-88.0,125.89254117941701,2.535020907065317
-87.0,125.89254117941701,2.535020907065317
-86.0,125.89254117941701,2.535020907065317
-85.0,125.89254117941701,2.535020907065317
-84.0,125.89254117941701,2.535020907065317
-83.0,125.89254117941701,2.535020907065317
-82.0,125.89254117941701,2.535020907065317
-81.0,125.89254117941701,2.535020907065317
-80.0,125.89254117941701,2.535020907065317
-79.0,125.89254117941701,2.535020907065317
-78.0,125.89254117941701,2.535020907065317
-77.0,125.89254117941701,2.535020907065317
-76.0,125.89254117941701,2.535020907065317
-75.0,125.89254117941701,2.535020907065317
-74.0,125.89254117941701,2.535020907065317
-73.0,125.89254117941701,2.535020907065317
-72.0,125.89254117941701,2.535020907065317
-71.0,125.89254117941701,2.535020907065317
-70.0,125.89254117941701,2.535020907065317
-69.0,125.89254117941701,2.535020907065317
-68.0,125.89254117941701,2.535020907065317
-67.0,125.89254117941701,2.535020907065317
-66.0,125.89254117941701,2.535020907065317
-65.0,125.89254117941701,2.535020907065317
-64.0,125.89254117941701,2.535020907065317
-63.0,125.89254117941701,2.535020907065317
-62.0,125.89254117941701,2.535020907065317
-61.0,125.89254117941701,2.535020907065317
-60.0,125.89254117941701,2.535020907065317
-59.0,125.89254117941701,2.535020907065317
-58.0,125.89254117941701,2.535020907065317
-57.0,125.89254117941701,2.535020907065317
-56.0,125.89254117941701,2.535020907065317
-55.0,125.89254117941701,2.535020907065317
-54.0,125.89254117941701,2.535020907065317
-53.0,125.89254117941701,2.535020907065317
-52.0,125.89254117941701,2.535020907065317
-51.0,125.89254117941701,2.535020907065317
-50.0,125.89254117941701,2.535020907065317
-49.0,125.89254117941701,2.535020907065317
-48.0,125.89254117941701,2.535020907065317
-47.0,125.89254117941701,2.535020907065317
-46.0,125.89254117941701,2.535020907065317
-45.0,125.89254117941701,2.535020907065317
-44.0,125.89254117941701,2.535020907065317
-43.0,125.89254117941701,2.535020907065317
-42.0,125.89254117941701,2.535020907065317
-41.0,125.89254117941701,2.535020907065317
-40.0,125.89254117941701,2.535020907065317
-39.0,125.89254117941701,2.535020907065317
-38.0,125.89254117941701,2.535020907065317
-37.0,125.89254117941701,2.535020907065317
-36.0,125.89254117941701,2.535020907065317
-35.0,125.89254117941701,2.535020907065317
-34.0,125.89254117941701,2.535020907065317
-33.0,125.89254117941701,2.535020907065317
-32.0,125.89254117941701,2.535020907065317
-31.0,125.89254117941701,2.535020907065317
-30.0,125.89254117941701,2.535020907065317
-29.0,125.89254117941701,2.535020907065317
-28.0,125.89254117941701,2.535020907065317
-27.0,125.89254117941701,2.535020907065317
-26.0,125.89254117941701,2.535020907065317
-25.0,125.89254117941701,2.535020907065317
-24.0,125.89254117941701,2.5350209070653165
-23.0,125.89254117941701,2.535020907065312
-22.0,125.89254117941701,2.535020907065234
-21.0,125.89254117941701,2.535020907064095
-20.0,125.89254117941701,2.535020907049474
-19.5,125.89254117941701,2.5350209070108773
-19.0,125.89254117941701,2.5350209068840055
-18.5,125.89254117941701,2.535020906480037
-18.0,125.89254117941701,2.5350209052341377
-17.5,125.89254117941701,2.5350209015123353
-17.0,125.89254117941701,2.535020890744196
-16.5,125.89254117941701,2.5350208605707705
-16.0,125.89254117941701,2.5350207786897574
-15.5,125.89254117941701,2.535020563514505
-15.0,125.89254117941701,2.5350200159623135
-14.5,125.89254117941701,2.535018666832613
-14.0,125.89254117941701,2.5350154483976324
-13.5,125.89254117941701,2.5350080154162042
-13.0,125.89254117941701,2.5349913977866163
-12.5,125.89254117941701,2.5349554378690438
-12.0,125.89254117941701,2.5348801261702434
-11.5,125.89254117941701,2.534727494483935
-11.0,125.89254117941701,2.534428197358397
-10.5,125.89254117941701,2.533860437794481
-10.0,125.89254117941701,2.5328187233473565
-9.5,125.89254117941701,2.5309704713185037
-9.0,125.89254117941701,2.5278002246403144
-8.5,125.89254117941701,2.5225446866325236
-8.0,125.89254117941701,2.514127169686177
-7.5,125.89254117941701,2.5011070237750053
-7.0,125.89254117941701,2.4816668795544103
-6.5,125.89254117941701,2.453665730317705
-6.0,125.89254117941701,2.414785750031558
-5.5,125.89254117941701,2.3627919965390953
-5.0,125.89254117941701,2.295904745111169
-4.5,125.89254117941701,2.2132549412217477
-4.0,125.89254117941701,2.1153589734732168
-3.5,125.89254117941701,2.004518514991653
-3.0,125.89254117941701,1.8850357891344867
-2.5,125.89254117941701,1.7631444811637167
-2.0,125.89254117941701,1.6465965866791337
-1.5,125.89254117941701,1.54391195766557
-1.0,125.89254117941701,1.4633766174942255
-0.5,125.89254117941701,1.4119473342323066
0.0,125.89254117941701,1.3942614988859243
0.5,125.89254117941701,1.4119473342323066
1.0,125.89254117941701,1.4633766174942255
1.5,125.89254117941701,1.54391195766557
2.0,125.89254117941701,1.6465965866791337
2.5,125.89254117941701,1.7631444811637167
3.0,125.89254117941701,1.8850357891344867
3.5,125.89254117941701,2.004518514991653
4.0,125.89254117941701,2.1153589734732168
4.5,125.89254117941701,2.2132549412217477
5.0,125.89254117941701,2.295904745111169
5.5,125.89254117941701,2.3627919965390953
6.0,125.89254117941701,2.414785750031558
6.5,125.89254117941701,2.453665730317705
7.0,125.89254117941701,2.4816668795544103
7.5,125.89254117941701,2.5011070237750053
8.0,125.89254117941701,2.514127169686177
8.5,125.89254117941701,2.5225446866325236
9.0,125.89254117941701,2.5278002246403144
9.5,125.89254117941701,2.5309704713185037
10.0,125.89254117941701,2.5328187233473565
10.5,125.89254117941701,2.533860437794481
11.0,125.89254117941701,2.534428197358397
11.5,125.89254117941701,2.534727494483935
12.0,125.89254117941701,2.5348801261702434
12.5,125.89254117941701,2.5349554378690438
13.0,125.89254117941701,2.5349913977866163
13.5,125.89254117941701,2.5350080154162042
14.0,125.89254117941701,2.5350154483976324
14.5,125.89254117941701,2.535018666832613
15.0,125.89254117941701,2.5350200159623135
15.5,125.89254117941701,2.535020563514505
16.0,125.89254117941701,2.5350207786897574
16.5,125.89254117941701,2.5350208605707705
17.0,125.89254117941701,2.535020890744196
17.5,125.89254117941701,2.5350209015123353
18.0,125.89254117941701,2.5350209052341377
18.5,125.89254117941701,2.535020906480037
19.0,125.89254117941701,2.5350209068840055
19.5,125.89254117941701,2.5350209070108773
20.0,125.89254117941701,2.535020907049474
21.0,125.89254117941701,2.535020907064095
22.0,125.89254117941701,2.535020907065234
23.0,125.89254117941701,2.535020907065312
24.0,125.89254117941701,2.5350209070653165
25.0,125.89254117941701,2.535020907065317
26.0,125.89254117941701,2.535020907065317
27.0,125.89254117941701,2.535020907065317
28.0,125.89254117941701,2.535020907065317
29.0,125.89254117941701,2.535020907065317
30.0,125.89254117941701,2.535020907065317
31.0,125.89254117941701,2.535020907065317
32.0,125.89254117941701,2.535020907065317
33.0,125.89254117941701,2.535020907065317
34.0,125.89254117941701,2.535020907065317
35.0,125.89254117941701,2.535020907065317
36.0,125.89254117941701,2.535020907065317
37.0,125.89254117941701,2.535020907065317
38.0,125.89254117941701,2.535020907065317
39.0,125.89254117941701,2.535020907065317
40.0,125.89254117941701,2.535020907065317
41.0,125.89254117941701,2.535020907065317
42.0,125.89254117941701,2.535020907065317
43.0,125.89254117941701,2.535020907065317
44.0,125.89254117941701,2.535020907065317
45.0,125.89254117941701,2.535020907065317
46.0,125.89254117941701,2.535020907065317
47.0,125.89254117941701,2.535020907065317
48.0,125.89254117941701,2.535020907065317
49.0,125.89254117941701,2.535020907065317
50.0,125.89254117941701,2.535020907065317
51.0,125.89254117941701,2.535020907065317
52.0,125.89254117941701,2.535020907065317
53.0,125.89254117941701,2.535020907065317
54.0,125.89254117941701,2.535020907065317
55.0,125.89254117941701,2.535020907065317
56.0,125.89254117941701,2.535020907065317
57.0,125.89254117941701,2.535020907065317
58.0,125.89254117941701,2.535020907065317
59.0,125.89254117941701,2.535020907065317
60.0,125.89254117941701,2.535020907065317
61.0,125.89254117941701,2.535020907065317
62.0,125.89254117941701,2.535020907065317
63.0,125.89254117941701,2.535020907065317
64.0,125.89254117941701,2.535020907065317
65.0,125.89254117941701,2.535020907065317
66.0,125.89254117941701,2.535020907065317
67.0,125.89254117941701,2.535020907065317
68.0,125.89254117941701,2.535020907065317
69.0,125.89254117941701,2.535020907065317
70.0,125.89254117941701,2.535020907065317
71.0,125.89254117941701,2.535020907065317
72.0,125.89254117941701,2.535020907065317
73.0,125.89254117941701,2.535020907065317
74.0,125.89254117941701,2.535020907065317
75.0,125.89254117941701,2.535020907065317
76.0,125.89254117941701,2.535020907065317
77.0,125.89254117941701,2.535020907065317
78.0,125.89254117941701,2.535020907065317
79.0,125.89254117941701,2.535020907065317
80.0,125.89254117941701,2.535020907065317
81.0,125.89254117941701,2.535020907065317
82.0,125.89254117941701,2.535020907065317
83.0,125.89254117941701,2.535020907065317
84.0,125.89254117941701,2.535020907065317
85.0,125.89254117941701,2.535020907065317
86.0,125.89254117941701,2.535020907065317
87.0,125.89254117941701,2.535020907065317
88.0,125.89254117941701,2.535020907065317
89.0,125.89254117941701,2.535020907065317
90.0,125.89254117941701,2.535020907065317
91.0,125.89254117941701,2.535020907065317
92.0,125.89254117941701,2.535020907065317
93.0,125.89254117941701,2.535020907065317
94.0,125.89254117941701,2.535020907065317
95.0,125.89254117941701,2.535020907065317
96.0,125.89254117941701,2.535020907065317
97.0,125.89254117941701,2.535020907065317
98.0,125.89254117941701,2.535020907065317
99.0,125.89254117941701,2.535020907065317
100.0,125.89254117941701,2.535020907065317
-100.0,141.25375446227582,2.744089722701698
-99.0,141.25375446227582,2.744089722701698
-98.0,141.25375446227582,2.744089722701698
-97.0,141.25375446227582,2.744089722701698
-96.0,141.25375446227582,2.744089722701698
-95.0,141.25375446227582,2.744089722701698
-94.0,141.25375446227582,2.744089722701698
-93.0,141.25375446227582,2.744089722701698
-92.0,141.25375446227582,2.744089722701698
-91.0,141.25375446227582,2.744089722701698
-90.0,141.25375446227582,2.744089722701698
-89.0,141.25375446227582,2.744089722701698
-88.0,141.25375446227582,2.744089722701698
-87.0,141.25375446227582,2.744089722701698
-86.0,141.25375446227582,2.744089722701698
-85.0,141.25375446227582,2.744089722701698
-84.0,141.25375446227582,2.744089722701698
-83.0,141.25375446227582,2.744089722701698
-82.0,141.25375446227582,2.744089722701698
-81.0,141.25375446227582,2.744089722701698
-80.0,141.25375446227582,2.744089722701698
-79.0,141.25375446227582,2.744089722701698
-78.0,141.25375446227582,2.744089722701698
-77.0,141.25375446227582,2.744089722701698
-76.0,141.25375446227582,2.744089722701698
-75.0,141.25375446227582,2.744089722701698
-74.0,141.25375446227582,2.744089722701698
-73.0,141.25375446227582,2.744089722701698
-72.0,141.25375446227582,2.744089722701698
-71.0,141.25375446227582,2.744089722701698
-70.0,141.25375446227582,2.744089722701698
-69.0,141.25375446227582,2.744089722701698
-68.0,141.25375446227582,2.744089722701698
-67.0,141.25375446227582,2.744089722701698
-66.0,141.25375446227582,2.744089722701698
-65.0,141.25375446227582,2.744089722701698
-64.0,141.25375446227582,2.744089722701698
-63.0,141.25375446227582,2.744089722701698
-62.0,141.25375446227582,2.744089722701698
-61.0,141.25375446227582,2.744089722701698
-60.0,141.25375446227582,2.744089722701698
-59.0,141.25375446227582,2.744089722701698
-58.0,141.25375446227582,2.744089722701698
-57.0,141.25375446227582,2.744089722701698
-56.0,141.25375446227582,2.744089722701698
-55.0,141.25375446227582,2.744089722701698
-54.0,141.25375446227582,2.744089722701698
-53.0,141.25375446227582,2.744089722701698
-52.0,141.25375446227582,2.744089722701698
-51.0,141.25375446227582,2.744089722701698
-50.0,141.25375446227582,2.744089722701698
-49.0,141.25375446227582,2.744089722701698
-48.0,141.25375446227582,2.744089722701698
-47.0,141.25375446227582,2.744089722701698
-46.0,141.25375446227582,2.744089722701698
-45.0,141.25375446227582,2.744089722701698
-44.0,141.25375446227582,2.744089722701698
-43.0,141.25375446227582,2.744089722701698
-42.0,141.25375446227582,2.744089722701698
-41.0,141.25375446227582,2.744089722701698
-40.0,141.25375446227582,2.744089722701698
-39.0,141.25375446227582,2.744089722701698
-38.0,141.25375446227582,2.744089722701698
-37.0,141.25375446227582,2.744089722701698
-36.0,141.25375446227582,2.744089722701698
-35.0,141.25375446227582,2.744089722701698
-34.0,141.25375446227582,2.744089722701698
-33.0,141.25375446227582,2.744089722701698
-32.0,141.25375446227582,2.744089722701698
-31.0,141.25375446227582,2.744089722701698
-30.0,141.25375446227582,2.744089722701698
-29.0,141.25375446227582,2.744089722701698
-28.0,141.25375446227582,2.744089722701698
-27.0,141.25375446227582,2.744089722701698
-26.0,141.25375446227582,2.744089722701698
-25.0,141.25375446227582,2.744089722701698
-24.0,141.25375446227582,2.7440897227016974
-23.0,141.25375446227582,2.7440897227016925
-22.0,141.25375446227582,2.744089722701608
-21.0,141.25375446227582,2.7440897227003753
-20.0,141.25375446227582,2.7440897226845484
-19.5,141.25375446227582,2.7440897226427685
-19.0,141.25375446227582,2.7440897225054335
-18.5,141.25375446227582,2.7440897220681486
-18.0,141.25375446227582,2.744089720719497
-17.5,141.25375446227582,2.7440897166907496
-17.0,141.25375446227582,2.744089705034538
-16.5,141.25375446227582,2.7440896723726427
-16.0,141.25375446227582,2.7440895837387203
-15.5,141.25375446227582,2.744089350817486
-15.0,141.25375446227582,2.7440887581074467
-14.5,141.25375446227582,2.744087297712017
-14.0,141.25375446227582,2.744083813845542
-13.5,141.25375446227582,2.7440757678495937
-13.0,141.25375446227582,2.744057779727113
-12.5,141.25375446227582,2.744018854115113
-12.0,141.25375446227582,2.743937331292914
-11.5,141.25375446227582,2.7437721117317695
-11.0,141.25375446227582,2.7434481309062333
-10.5,141.25375446227582,2.74283354694759
-10.0,141.25375446227582,2.7417059199917815
-9.5,141.25375446227582,2.739705238505013
-9.0,141.25375446227582,2.7362735345282125
-8.5,141.25375446227582,2.730584560605255
-8.0,141.25375446227582,2.721472832304017
-7.5,141.25375446227582,2.707378885984543
-7.0,141.25375446227582,2.6863354698080153
-6.5,141.25375446227582,2.6560250034800545
-6.0,141.25375446227582,2.6139385046962746
-5.5,141.25375446227582,2.557656710646489
-5.0,141.25375446227582,2.4852531187425395
-4.5,141.25375446227582,2.395787001597641
-4.0,141.25375446227582,2.289817335531388
-3.5,141.25375446227582,2.1698356177747047
-3.0,141.25375446227582,2.040498885619467
-2.5,141.25375446227582,1.9085549302236626
-2.0,141.25375446227582,1.7823950715154735
-1.5,141.25375446227582,1.6712418126329833
-1.0,141.25375446227582,1.584064543734515
-0.5,141.25375446227582,1.5283937730313566
0.0,141.25375446227582,1.5092493474859339
0.5,141.25375446227582,1.5283937730313566
1.0,141.25375446227582,1.584064543734515
1.5,141.25375446227582,1.6712418126329833
2.0,141.25375446227582,1.7823950715154735
2.5,141.25375446227582,1.9085549302236626
3.0,141.25375446227582,2.040498885619467
3.5,141.25375446227582,2.1698356177747047
4.0,141.25375446227582,2.289817335531388
4.5,141.25375446227582,2.395787001597641
5.0,141.25375446227582,2.4852531187425395
5.5,141.25375446227582,2.557656710646489
6.0,141.25375446227582,2.6139385046962746
6.5,141.25375446227582,2.6560250034800545
7.0,141.25375446227582,2.6863354698080153
7.5,141.25375446227582,2.707378885984543
8.0,141.25375446227582,2.721472832304017
8.5,141.25375446227582,2.730584560605255
9.0,141.25375446227582,2.7362735345282125
9.5,141.25375446227582,2.739705238505013
10.0,141.25375446227582,2.7417059199917815
10.5,141.25375446227582,2.74283354694759
11.0,141.25375446227582,2.7434481309062333
11.5,141.25375446227582,2.7437721117317695
12.0,141.25375446227582,2.743937331292914
12.5,141.25375446227582,2.744018854115113
13.0,141.25375446227582,2.744057779727113
13.5,141.25375446227582,2.7440757678495937
14.0,141.25375446227582,2.744083813845542
14.5,141.25375446227582,2.744087297712017
15.0,141.25375446227582,2.7440887581074467
15.5,141.25375446227582,2.744089350817486
16.0,141.25375446227582,2.7440895837387203
16.5,141.25375446227582,2.7440896723726427
17.0,141.25375446227582,2.744089705034538
17.5,141.25375446227582,2.7440897166907496
18.0,141.25375446227582,2.744089720719497
18.5,141.25375446227582,2.7440897220681486
19.0,141.25375446227582,2.7440897225054335
19.5,141.25375446227582,2.7440897226427685
20.0,141.25375446227582,2.7440897226845484
21.0,141.25375446227582,2.7440897227003753
22.0,141.25375446227582,2.744089722701608
23.0,141.25375446227582,2.7440897227016925
24.0,141.25375446227582,2.7440897227016974
25.0,141.25375446227582,2.744089722701698
26.0,141.25375446227582,2.744089722701698
27.0,141.25375446227582,2.744089722701698
28.0,141.25375446227582,2.744089722701698
29.0,141.25375446227582,2.744089722701698
30.0,141.25375446227582,2.744089722701698
31.0,141.25375446227582,2.744089722701698
32.0,141.25375446227582,2.744089722701698
33.0,141.25375446227582,2.744089722701698
34.0,141.25375446227582,2.744089722701698
35.0,141.25375446227582,2.744089722701698
36.0,141.25375446227582,2.744089722701698
37.0,141.25375446227582,2.744089722701698
38.0,141.25375446227582,2.744089722701698
39.0,141.25375446227582,2.744089722701698
40.0,141.25375446227582,2.744089722701698
41.0,141.25375446227582,2.744089722701698
42.0,141.25375446227582,2.744089722701698
43.0,141.25375446227582,2.744089722701698
44.0,141.25375446227582,2.744089722701698
45.0,141.25375446227582,2.744089722701698
46.0,141.25375446227582,2.744089722701698
47.0,141.25375446227582,2.744089722701698
48.0,141.25375446227582,2.744089722701698
49.0,141.25375446227582,2.744089722701698
50.0,141.25375446227582,2.744089722701698
51.0,141.25375446227582,2.744089722701698
52.0,141.25375446227582,2.744089722701698
53.0,141.25375446227582,2.744089722701698
54.0,141.25375446227582,2.744089722701698
55.0,141.25375446227582,2.744089722701698
56.0,141.25375446227582,2.744089722701698
57.0,141.25375446227582,2.744089722701698
58.0,141.25375446227582,2.744089722701698
59.0,141.25375446227582,2.744089722701698
60.0,141.25375446227582,2.744089722701698
61.0,141.25375446227582,2.744089722701698
62.0,141.25375446227582,2.744089722701698
63.0,141.25375446227582,2.744089722701698
64.0,141.25375446227582,2.744089722701698
65.0,141.25375446227582,2.744089722701698
66.0,141.25375446227582,2.744089722701698
67.0,141.25375446227582,2.744089722701698
68.0,141.25375446227582,2.744089722701698
69.0,141.25375446227582,2.744089722701698
70.0,141.25375446227582,2.744089722701698
71.0,141.25375446227582,2.744089722701698
72.0,141.25375446227582,2.744089722701698
73.0,141.25375446227582,2.744089722701698
74.0,141.25375446227582,2.744089722701698
75.0,141.25375446227582,2.744089722701698
76.0,141.25375446227582,2.744089722701698
77.0,141.25375446227582,2.744089722701698
78.0,141.25375446227582,2.744089722701698
79.0,141.25375446227582,2.744089722701698
80.0,141.25375446227582,2.744089722701698
81.0,141.25375446227582,2.744089722701698
82.0,141.25375446227582,2.744089722701698
83.0,141.25375446227582,2.744089722701698
84.0,141.25375446227582,2.744089722701698
85.0,141.25375446227582,2.744089722701698
86.0,141.25375446227582,2.744089722701698
87.0,141.25375446227582,2.744089722701698
88.0,141.25375446227582,2.744089722701698
89.0,141.25375446227582,2.744089722701698
90.0,141.25375446227582,2.744089722701698
91.0,141.25375446227582,2.744089722701698
92.0,141.25375446227582,2.744089722701698
93.0,141.25375446227582,2.744089722701698
94.0,141.25375446227582,2.744089722701698
95.0,141.25375446227582,2.744089722701698
96.0,141.25375446227582,2.744089722701698
97.0,141.25375446227582,2.744089722701698
98.0,141.25375446227582,2.744089722701698
99.0,141.25375446227582,2.744089722701698
100.0,141.25375446227582,2.744089722701698
-100.0,158.48931924611173,2.964357493909549
-99.0,158.48931924611173,2.964357493909549
-98.0,158.48931924611173,2.964357493909549
-97.0,158.48931924611173,2.964357493909549
-96.0,158.48931924611173,2.964357493909549
-95.0,158.48931924611173,2.964357493909549
-94.0,158.48931924611173,2.964357493909549
-93.0,158.48931924611173,2.964357493909549
-92.0,158.48931924611173,2.964357493909549
-91.0,158.48931924611173,2.964357493909549
-90.0,158.48931924611173,2.964357493909549
-89.0,158.48931924611173,2.964357493909549
-88.0,158.48931924611173,2.964357493909549
-87.0,158.48931924611173,2.964357493909549
-86.0,158.48931924611173,2.964357493909549
-85.0,158.48931924611173,2.964357493909549
-84.0,158.48931924611173,2.964357493909549
-83.0,158.48931924611173,2.964357493909549
-82.0,158.48931924611173,2.964357493909549
-81.0,158.48931924611173,2.964357493909549
-80.0,158.48931924611173,2.964357493909549
-79.0,158.48931924611173,2.964357493909549
-78.0,158.48931924611173,2.964357493909549
-77.0,158.48931924611173,2.964357493909549
-76.0,158.48931924611173,2.964357493909549
-75.0,158.48931924611173,2.964357493909549
-74.0,158.48931924611173,2.964357493909549
-73.0,158.48931924611173,2.964357493909549
-72.0,158.48931924611173,2.964357493909549
-71.0,158.48931924611173,2.964357493909549
-70.0,158.48931924611173,2.964357493909549
-69.0,158.48931924611173,2.964357493909549
-68.0,158.48931924611173,2.964357493909549
-67.0,158.48931924611173,2.964357493909549
-66.0,158.48931924611173,2.964357493909549
-65.0,158.48931924611173,2.964357493909549
-64.0,158.48931924611173,2.964357493909549
-63.0,158.48931924611173,2.964357493909549
-62.0,158.48931924611173,2.964357493909549
-61.0,158.48931924611173,2.964357493909549
-60.0,158.48931924611173,2.964357493909549
-59.0,158.48931924611173,2.964357493909549
-58.0,158.48931924611173,2.964357493909549
-57.0,158.48931924611173,2.964357493909549
-56.0,158.48931924611173,2.964357493909549
-55.0,158.48931924611173,2.964357493909549
-54.0,158.48931924611173,2.964357493909549
-53.0,158.48931924611173,2.964357493909549
-52.0,158.48931924611173,2.964357493909549
-51.0,158.48931924611173,2.964357493909549
-50.0,158.48931924611173,2.964357493909549
-49.0,158.48931924611173,2.964357493909549
-48.0,158.48931924611173,2.964357493909549
-47.0,158.48931924611173,2.964357493909549
-46.0,158.48931924611173,2.964357493909549
-45.0,158.48931924611173,2.964357493909549
-44.0,158.48931924611173,2.964357493909549
-43.0,158.48931924611173,2.964357493909549
-42.0,158.48931924611173,2.964357493909549
-41.0,158.48931924611173,2.964357493909549
-40.0,158.48931924611173,2.964357493909549
-39.0,158.48931924611173,2.964357493909549
-38.0,158.48931924611173,2.964357493909549
-37.0,158.48931924611173,2.964357493909549
-36.0,158.48931924611173,2.964357493909549
-35.0,158.48931924611173,2.964357493909549
-34.0,158.48931924611173,2.964357493909549
-33.0,158.48931924611173,2.964357493909549
-32.0,158.48931924611173,2.964357493909549
-31.0,158.48931924611173,2.964357493909549
-30.0,158.48931924611173,2.964357493909549
-29.0,158.48931924611173,2.964357493909549
-28.0,158.48931924611173,2.964357493909549
-27.0,158.48931924611173,2.964357493909549
-26.0,158.48931924611173,2.964357493909549
-25.0,158.48931924611173,2.964357493909549
-24.0,158.48931924611173,2.9643574939095485
-23.0,158.48931924611173,2.964357493909543
-22.0,158.48931924611173,2.9643574939094517
-21.0,158.48931924611173,2.9643574939081203
-20.0,158.48931924611173,2.964357493891023
-19.5,158.48931924611173,2.9643574938458896
-19.0,158.48931924611173,2.9643574936975305
-18.5,158.48931924611173,2.964357493225145
-18.0,158.48931924611173,2.9643574917682374
-17.5,158.48931924611173,2.9643574874161023
-17.0,158.48931924611173,2.964357474824248
-16.5,158.48931924611173,2.9643574395405863
-16.0,158.48931924611173,2.964357343792029
-15.5,158.48931924611173,2.9643570921742333
-15.0,158.48931924611173,2.9643564518874266
-14.5,158.48931924611173,2.9643548742662214
-14.0,158.48931924611173,2.9643511107501785
-13.5,158.48931924611173,2.964342418903047
-13.0,158.48931924611173,2.964322986876012
-12.5,158.48931924611173,2.9642809367095464
-12.0,158.48931924611173,2.964192870059644
-11.5,158.48931924611173,2.9640143883430414
-11.0,158.48931924611173,2.9636644016133378
-10.5,158.48931924611173,2.9630004850699505
-10.0,158.48931924611173,2.96178234362613
-9.5,158.48931924611173,2.9596210676630434
-9.0,158.48931924611173,2.9559139011967472
-8.5,158.48931924611173,2.9497682739814053
-8.0,158.48931924611173,2.9399251482815467
-7.5,158.48931924611173,2.9246998824874835
-7.0,158.48931924611173,2.9019673136781328
-6.5,158.48931924611173,2.869223829651408
-6.0,158.48931924611173,2.823759052377551
-5.5,158.48931924611173,2.76295952509464
-5.0,158.48931924611173,2.6847441050699894
-4.5,158.48931924611173,2.588096552836035
-4.0,158.48931924611173,2.473620713678229
-3.5,158.48931924611173,2.3440080770279987
-3.0,158.48931924611173,2.204289500033121
-2.5,158.48931924611173,2.0617544182834857
-2.0,158.48931924611173,1.9254677220073944
-1.5,158.48931924611173,1.8053922036251562
-1.0,158.48931924611173,1.7112172252271067
-0.5,158.48931924611173,1.6510777680656443
0.0,158.48931924611173,1.6303966216502521
0.5,158.48931924611173,1.6510777680656443
1.0,158.48931924611173,1.7112172252271067
1.5,158.48931924611173,1.8053922036251562
2.0,158.48931924611173,1.9254677220073944
2.5,158.48931924611173,2.0617544182834857
3.0,158.48931924611173,2.204289500033121
3.5,158.48931924611173,2.3440080770279987
4.0,158.48931924611173,2.473620713678229
4.5,158.48931924611173,2.588096552836035
5.0,158.48931924611173,2.6847441050699894
5.5,158.48931924611173,2.76295952509464
6.0,158.48931924611173,2.823759052377551
6.5,158.48931924611173,2.869223829651408
7.0,158.48931924611173,2.9019673136781328
7.5,158.48931924611173,2.9246998824874835
8.0,158.48931924611173,2.9399251482815467
8.5,158.48931924611173,2.9497682739814053
9.0,158.48931924611173,2.9559139011967472
9.5,158.48931924611173,2.9596210676630434
10.0,158.48931924611173,2.96178234362613
10.5,158.48931924611173,2.9630004850699505
11.0,158.48931924611173,2.9636644016133378
11.5,158.48931924611173,2.9640143883430414
12.0,158.48931924611173,2.964192870059644
12.5,158.48931924611173,2.9642809367095464
13.0,158.48931924611173,2.964322986876012
13.5,158.48931924611173,2.964342418903047
14.0,158.48931924611173,2.9643511107501785
14.5,158.48931924611173,2.9643548742662214
15.0,158.48931924611173,2.9643564518874266
15.5,158.48931924611173,2.9643570921742333
16.0,158.48931924611173,2.964357343792029
16.5,158.48931924611173,2.9643574395405863
17.0,158.48931924611173,2.964357474824248
17.5,158.48931924611173,2.9643574874161023
18.0,158.48931924611173,2.9643574917682374
18.5,158.48931924611173,2.964357493225145
19.0,158.48931924611173,2.9643574936975305
19.5,158.48931924611173,2.9643574938458896
20.0,158.48931924611173,2.964357493891023
21.0,158.48931924611173,2.9643574939081203
22.0,158.48931924611173,2.9643574939094517
23.0,158.48931924611173,2.964357493909543
24.0,158.48931924611173,2.9643574939095485
25.0,158.48931924611173,2.964357493909549
26.0,158.48931924611173,2.964357493909549
27.0,158.48931924611173,2.964357493909549
28.0,158.48931924611173,2.964357493909549
29.0,158.48931924611173,2.964357493909549
30.0,158.48931924611173,2.964357493909549
31.0,158.48931924611173,2.964357493909549
32.0,158.48931924611173,2.964357493909549
33.0,158.48931924611173,2.964357493909549
34.0,158.48931924611173,2.964357493909549
35.0,158.48931924611173,2.964357493909549
36.0,158.48931924611173,2.964357493909549
37.0,158.48931924611173,2.964357493909549
38.0,158.48931924611173,2.964357493909549
39.0,158.48931924611173,2.964357493909549
40.0,158.48931924611173,2.964357493909549
41.0,158.48931924611173,2.964357493909549
42.0,158.48931924611173,2.964357493909549
43.0,158.48931924611173,2.964357493909549
44.0,158.48931924611173,2.964357493909549
45.0,158.48931924611173,2.964357493909549
46.0,158.48931924611173,2.964357493909549
47.0,158.48931924611173,2.964357493909549
48.0,158.48931924611173,2.964357493909549
49.0,158.48931924611173,2.964357493909549
50.0,158.48931924611173,2.964357493909549
51.0,158.48931924611173,2.964357493909549
52.0,158.48931924611173,2.964357493909549
53.0,158.48931924611173,2.964357493909549
54.0,158.48931924611173,2.964357493909549
55.0,158.48931924611173,2.964357493909549
56.0,158.48931924611173,2.964357493909549
57.0,158.48931924611173,2.964357493909549
58.0,158.48931924611173,2.964357493909549
59.0,158.48931924611173,2.964357493909549
60.0,158.48931924611173,2.964357493909549
61.0,158.48931924611173,2.964357493909549
62.0,158.48931924611173,2.964357493909549
63.0,158.48931924611173,2.964357493909549
64.0,158.48931924611173,2.964357493909549
65.0,158.48931924611173,2.964357493909549
66.0,158.48931924611173,2.964357493909549
67.0,158.48931924611173,2.964357493909549
68.0,158.48931924611173,2.964357493909549
69.0,158.48931924611173,2.964357493909549
70.0,158.48931924611173,2.964357493909549
71.0,158.48931924611173,2.964357493909549
72.0,158.48931924611173,2.964357493909549
73.0,158.48931924611173,2.964357493909549
74.0,158.48931924611173,2.964357493909549
75.0,158.48931924611173,2.964357493909549
76.0,158.48931924611173,2.964357493909549
77.0,158.48931924611173,2.964357493909549
78.0,158.48931924611173,2.964357493909549
79.0,158.48931924611173,2.964357493909549
80.0,158.48931924611173,2.964357493909549
81.0,158.48931924611173,2.964357493909549
82.0,158.48931924611173,2.964357493909549
83.0,158.48931924611173,2.964357493909549
84.0,158.48931924611173,2.964357493909549
85.0,158.48931924611173,2.964357493909549
86.0,158.48931924611173,2.964357493909549
87.0,158.48931924611173,2.964357493909549
88.0,158.48931924611173,2.964357493909549
89.0,158.48931924611173,2.964357493909549
90.0,158.48931924611173,2.964357493909549
91.0,158.48931924611173,2.964357493909549
92.0,158.48931924611173,2.964357493909549
93.0,158.48931924611173,2.964357493909549
94.0,158.48931924611173,2.964357493909549
95.0,158.48931924611173,2.964357493909549
96.0,158.48931924611173,2.964357493909549
97.0,158.48931924611173,2.964357493909549
98.0,158.48931924611173,2.964357493909549
99.0,158.48931924611173,2.964357493909549
100.0,158.48931924611173,2.964357493909549
-100.0,177.82794100389265,3.195919975430502
-99.0,177.82794100389265,3.195919975430502
-98.0,177.82794100389265,3.195919975430502
-97.0,177.82794100389265,3.195919975430502
-96.0,177.82794100389265,3.195919975430502
-95.0,177.82794100389265,3.195919975430502
-94.0,177.82794100389265,3.195919975430502
-93.0,177.82794100389265,3.195919975430502
-92.0,177.82794100389265,3.195919975430502
-91.0,177.82794100389265,3.195919975430502
-90.0,177.82794100389265,3.195919975430502
-89.0,177.82794100389265,3.195919975430502
-88.0,177.82794100389265,3.195919975430502
-87.0,177.82794100389265,3.195919975430502
-86.0,177.82794100389265,3.195919975430502
-85.0,177.82794100389265,3.195919975430502
-84.0,177.82794100389265,3.195919975430502
-83.0,177.82794100389265,3.195919975430502
-82.0,177.82794100389265,3.195919975430502
-81.0,177.82794100389265,3.195919975430502
-80.0,177.82794100389265,3.195919975430502
-79.0,177.82794100389265,3.195919975430502
-78.0,177.82794100389265,3.195919975430502
-77.0,177.82794100389265,3.195919975430502
-76.0,177.82794100389265,3.195919975430502
-75.0,177.82794100389265,3.195919975430502
-74.0,177.82794100389265,3.195919975430502
-73.0,177.82794100389265,3.195919975430502
-72.0,177.82794100389265,3.195919975430502
-71.0,177.82794100389265,3.195919975430502
-70.0,177.82794100389265,3.195919975430502
-69.0,177.82794100389265,3.195919975430502
-68.0,177.82794100389265,3.195919975430502
-67.0,177.82794100389265,3.195919975430502
-66.0,177.82794100389265,3.195919975430502
-65.0,177.82794100389265,3.195919975430502
-64.0,177.82794100389265,3.195919975430502
-63.0,177.82794100389265,3.195919975430502
-62.0,177.82794100389265,3.195919975430502
-61.0,177.82794100389265,3.195919975430502
-60.0,177.82794100389265,3.195919975430502
-59.0,177.82794100389265,3.195919975430502
-58.0,177.82794100389265,3.195919975430502
-57.0,177.82794100389265,3.195919975430502
-56.0,177.82794100389265,3.195919975430502
-55.0,177.82794100389265,3.195919975430502
-54.0,177.82794100389265,3.195919975430502
-53.0,177.82794100389265,3.195919975430502
-52.0,177.82794100389265,3.195919975430502
-51.0,177.82794100389265,3.195919975430502
-50.0,177.82794100389265,3.195919975430502
-49.0,177.82794100389265,3.195919975430502
-48.0,177.82794100389265,3.195919975430502
-47.0,177.82794100389265,3.195919975430502
-46.0,177.82794100389265,3.195919975430502
-45.0,177.82794100389265,3.195919975430502
-44.0,177.82794100389265,3.195919975430502
-43.0,177.82794100389265,3.195919975430502
-42.0,177.82794100389265,3.195919975430502
-41.0,177.82794100389265,3.195919975430502
-40.0,177.82794100389265,3.195919975430502
-39.0,177.82794100389265,3.195919975430502
-38.0,177.82794100389265,3.195919975430502
-37.0,177.82794100389265,3.195919975430502
-36.0,177.82794100389265,3.195919975430502
-35.0,177.82794100389265,3.195919975430502
-34.0,177.82794100389265,3.195919975430502
-33.0,177.82794100389265,3.195919975430502
-32.0,177.82794100389265,3.195919975430502
-31.0,177.82794100389265,3.195919975430502
-30.0,177.82794100389265,3.195919975430502
-29.0,177.82794100389265,3.195919975430502
-28.0,177.82794100389265,3.195919975430502
-27.0,177.82794100389265,3.195919975430502
-26.0,177.82794100389265,3.195919975430502
-25.0,177.82794100389265,3.195919975430502
-24.0,177.82794100389265,3.1959199754305017
-23.0,177.82794100389265,3.195919975430496
-22.0,177.82794100389265,3.1959199754303973
-21.0,177.82794100389265,3.195919975428962
-20.0,177.82794100389265,3.195919975410529
-19.5,177.82794100389265,3.19591997536187
-19.0,177.82794100389265,3.195919975201922
-18.5,177.82794100389265,3.1959199746926354
-18.0,177.82794100389265,3.1959199731219208
-17.5,177.82794100389265,3.1959199684298163
-17.0,177.82794100389265,3.195919954854342
-16.5,177.82794100389265,3.1959199168144767
-16.0,177.82794100389265,3.195919813586466
-15.5,177.82794100389265,3.1959195423134026
-15.0,177.82794100389265,3.1959188520102253
-14.5,177.82794100389265,3.1959171511522375
-14.0,177.82794100389265,3.1959130936469857
-13.5,177.82794100389265,3.1959037228312432
-13.0,177.82794100389265,3.1958827728602994
-12.5,177.82794100389265,3.1958374379210235
-12.0,177.82794100389265,3.1957424918943818
-11.5,177.82794100389265,3.195550067976379
-11.0,177.82794100389265,3.19517274183306
-10.5,177.82794100389265,3.194456963069065
-10.0,177.82794100389265,3.193143665809472
-9.5,177.82794100389265,3.1908135605380807
-9.0,177.82794100389265,3.186816806642431
-8.5,177.82794100389265,3.1801911102413003
-8.0,177.82794100389265,3.1695790831462274
-7.5,177.82794100389265,3.153164487004413
-7.0,177.82794100389265,3.1286561505774073
-6.5,177.82794100389265,3.0933548905636603
-6.0,177.82794100389265,3.044338606203036
-5.5,177.82794100389265,2.9787896890635177
-5.0,177.82794100389265,2.8944644267572515
-4.5,177.82794100389265,2.790267195689283
-4.0,177.82794100389265,2.6668490108649916
-3.5,177.82794100389265,2.52711160895252
-3.0,177.82794100389265,2.376478835383854
-2.5,177.82794100389265,2.2228095441802145
-2.0,177.82794100389265,2.0758767346560334
-1.5,177.82794100389265,1.9464214484611637
-1.0,177.82794100389265,1.8448899377488306
-0.5,177.82794100389265,1.7800526524859186
0.0,177.82794100389265,1.7577559864867762
0.5,177.82794100389265,1.7800526524859186
1.0,177.82794100389265,1.8448899377488306
1.5,177.82794100389265,1.9464214484611637
2.0,177.82794100389265,2.0758767346560334
2.5,177.82794100389265,2.2228095441802145
3.0,177.82794100389265,2.376478835383854
3.5,177.82794100389265,2.52711160895252
4.0,177.82794100389265,2.6668490108649916
4.5,177.82794100389265,2.790267195689283
5.0,177.82794100389265,2.8944644267572515
5.5,177.82794100389265,2.9787896890635177
6.0,177.82794100389265,3.044338606203036
6.5,177.82794100389265,3.0933548905636603
7.0,177.82794100389265,3.1286561505774073
7.5,177.82794100389265,3.153164487004413
8.0,177.82794100389265,3.1695790831462274
8.5,177.82794100389265,3.1801911102413003
9.0,177.82794100389265,3.186816806642431
9.5,177.82794100389265,3.1908135605380807
10.0,177.82794100389265,3.193143665809472
10.5,177.82794100389265,3.194456963069065
11.0,177.82794100389265,3.19517274183306
11.5,177.82794100389265,3.195550067976379
12.0,177.82794100389265,3.1957424918943818
12.5,177.82794100389265,3.1958374379210235
13.0,177.82794100389265,3.1958827728602994
13.5,177.82794100389265,3.1959037228312432
14.0,177.82794100389265,3.1959130936469857
14.5,177.82794100389265,3.1959171511522375
15.0,177.82794100389265,3.1959188520102253
15.5,177.82794100389265,3.1959195423134026
16.0,177.82794100389265,3.195919813586466
16.5,177.82794100389265,3.1959199168144767
17.0,177.82794100389265,3.195919954854342
17.5,177.82794100389265,3.1959199684298163
18.0,177.82794100389265,3.1959199731219208
18.5,177.82794100389265,3.1959199746926354
19.0,177.82794100389265,3.195919975201922
19.5,177.82794100389265,3.19591997536187
20.0,177.82794100389265,3.195919975410529
21.0,177.82794100389265,3.195919975428962
22.0,177.82794100389265,3.1959199754303973
23.0,177.82794100389265,3.195919975430496
24.0,177.82794100389265,3.1959199754305017
25.0,177.82794100389265,3.195919975430502
26.0,177.82794100389265,3.195919975430502
27.0,177.82794100389265,3.195919975430502
28.0,177.82794100389265,3.195919975430502
29.0,177.82794100389265,3.195919975430502
30.0,177.82794100389265,3.195919975430502
31.0,177.82794100389265,3.195919975430502
32.0,177.82794100389265,3.195919975430502
33.0,177.82794100389265,3.195919975430502
34.0,177.82794100389265,3.195919975430502
35.0,177.82794100389265,3.195919975430502
36.0,177.82794100389265,3.195919975430502
37.0,177.82794100389265,3.195919975430502
38.0,177.82794100389265,3.195919975430502
39.0,177.82794100389265,3.195919975430502
40.0,177.82794100389265,3.195919975430502
41.0,177.82794100389265,3.195919975430502
42.0,177.82794100389265,3.195919975430502
43.0,177.82794100389265,3.195919975430502
44.0,177.82794100389265,3.195919975430502
45.0,177.82794100389265,3.195919975430502
46.0,177.82794100389265,3.195919975430502
47.0,177.82794100389265,3.195919975430502
48.0,177.82794100389265,3.195919975430502
49.0,177.82794100389265,3.195919975430502
50.0,177.82794100389265,3.195919975430502
51.0,177.82794100389265,3.195919975430502
52.0,177.82794100389265,3.195919975430502
53.0,177.82794100389265,3.195919975430502
54.0,177.82794100389265,3.195919975430502
55.0,177.82794100389265,3.195919975430502
56.0,177.82794100389265,3.195919975430502
57.0,177.82794100389265,3.195919975430502
58.0,177.82794100389265,3.195919975430502
59.0,177.82794100389265,3.195919975430502
60.0,177.82794100389265,3.195919975430502
61.0,177.82794100389265,3.195919975430502
62.0,177.82794100389265,3.195919975430502
63.0,177.82794100389265,3.195919975430502
64.0,177.82794100389265,3.195919975430502
65.0,177.82794100389265,3.195919975430502
66.0,177.82794100389265,3.195919975430502
67.0,177.82794100389265,3.195919975430502
68.0,177.82794100389265,3.195919975430502
69.0,177.82794100389265,3.195919975430502
70.0,177.82794100389265,3.195919975430502
71.0,177.82794100389265,3.195919975430502
72.0,177.82794100389265,3.195919975430502
73.0,177.82794100389265,3.195919975430502
74.0,177.82794100389265,3.195919975430502
75.0,177.82794100389265,3.195919975430502
76.0,177.82794100389265,3.195919975430502
77.0,177.82794100389265,3.195919975430502
78.0,177.82794100389265,3.195919975430502
79.0,177.82794100389265,3.195919975430502
80.0,177.82794100389265,3.195919975430502
81.0,177.82794100389265,3.195919975430502
82.0,177.82794100389265,3.195919975430502
83.0,177.82794100389265,3.195919975430502
84.0,177.82794100389265,3.195919975430502
85.0,177.82794100389265,3.195919975430502
86.0,177.82794100389265,3.195919975430502
87.0,177.82794100389265,3.195919975430502
88.0,177.82794100389265,3.195919975430502
89.0,177.82794100389265,3.195919975430502
90.0,177.82794100389265,3.195919975430502
91.0,177.82794100389265,3.195919975430502
92.0,177.82794100389265,3.195919975430502
93.0,177.82794100389265,3.195919975430502
94.0,177.82794100389265,3.195919975430502
95.0,177.82794100389265,3.195919975430502
96.0,177.82794100389265,3.195919975430502
97.0,177.82794100389265,3.195919975430502
98.0,177.82794100389265,3.195919975430502
99.0,177.82794100389265,3.195919975430502
100.0,177.82794100389265,3.195919975430502
-100.0,199.5262314968885,3.4388697799276
-99.0,199.5262314968885,3.4388697799276
-98.0,199.5262314968885,3.4388697799276
-97.0,199.5262314968885,3.4388697799276
-96.0,199.5262314968885,3.4388697799276
-95.0,199.5262314968885,3.4388697799276
-94.0,199.5262314968885,3.4388697799276
-93.0,199.5262314968885,3.4388697799276
-92.0,199.5262314968885,3.4388697799276
-91.0,199.5262314968885,3.4388697799276
-90.0,199.5262314968885,3.4388697799276
-89.0,199.5262314968885,3.4388697799276
-88.0,199.5262314968885,3.4388697799276
-87.0,199.5262314968885,3.4388697799276
-86.0,199.5262314968885,3.4388697799276
-85.0,199.5262314968885,3.4388697799276
-84.0,199.5262314968885,3.4388697799276
-83.0,199.5262314968885,3.4388697799276
-82.0,199.5262314968885,3.4388697799276
-81.0,199.5262314968885,3.4388697799276
-80.0,199.5262314968885,3.4388697799276
-79.0,199.5262314968885,3.4388697799276
-78.0,199.5262314968885,3.4388697799276
-77.0,199.5262314968885,3.4388697799276
-76.0,199.5262314968885,3.4388697799276
-75.0,199.5262314968885,3.4388697799276
-74.0,199.5262314968885,3.4388697799276
-73.0,199.5262314968885,3.4388697799276
-72.0,199.5262314968885,3.4388697799276
-71.0,199.5262314968885,3.4388697799276
-70.0,199.5262314968885,3.4388697799276
-69.0,199.5262314968885,3.4388697799276
-68.0,199.5262314968885,3.4388697799276
-67.0,199.5262314968885,3.4388697799276
-66.0,199.5262314968885,3.4388697799276
-65.0,199.5262314968885,3.4388697799276
-64.0,199.5262314968885,3.4388697799276
-63.0,199.5262314968885,3.4388697799276
-62.0,199.5262314968885,3.4388697799276
-61.0,199.5262314968885,3.4388697799276
-60.0,199.5262314968885,3.4388697799276
-59.0,199.5262314968885,3.4388697799276
-58.0,199.5262314968885,3.4388697799276
-57.0,199.5262314968885,3.4388697799276
-56.0,199.5262314968885,3.4388697799276
-55.0,199.5262314968885,3.4388697799276
-54.0,199.5262314968885,3.4388697799276
-53.0,199.5262314968885,3.4388697799276
-52.0,199.5262314968885,3.4388697799276
-51.0,199.5262314968885,3.4388697799276
-50.0,199.5262314968885,3.4388697799276
-49.0,199.5262314968885,3.4388697799276
-48.0,199.5262314968885,3.4388697799276
-47.0,199.5262314968885,3.4388697799276
-46.0,199.5262314968885,3.4388697799276
-45.0,199.5262314968885,3.4388697799276
-44.0,199.5262314968885,3.4388697799276
-43.0,199.5262314968885,3.4388697799276
-42.0,199.5262314968885,3.4388697799276
-41.0,199.5262314968885,3.4388697799276
-40.0,199.5262314968885,3.4388697799276
-39.0,199.5262314968885,3.4388697799276
-38.0,199.5262314968885,3.4388697799276
-37.0,199.5262314968885,3.4388697799276
-36.0,199.5262314968885,3.4388697799276
-35.0,199.5262314968885,3.4388697799276
-34.0,199.5262314968885,3.4388697799276
-33.0,199.5262314968885,3.4388697799276
-32.0,199.5262314968885,3.4388697799276
-31.0,199.5262314968885,3.4388697799276
-30.0,199.5262314968885,3.4388697799276
-29.0,199.5262314968885,3.4388697799276
-28.0,199.5262314968885,3.4388697799276
-27.0,199.5262314968885,3.4388697799276
-26.0,199.5262314968885,3.4388697799276
-25.0,199.5262314968885,3.4388697799276
-24.0,199.5262314968885,3.4388697799275993
-23.0,199.5262314968885,3.438869779927593
-22.0,199.5262314968885,3.438869779927487
-21.0,199.5262314968885,3.4388697799259424
-20.0,199.5262314968885,3.4388697799061085
-19.5,199.5262314968885,3.4388697798537504
-19.0,199.5262314968885,3.438869779681643
-18.5,199.5262314968885,3.438869779133641
-18.0,199.5262314968885,3.4388697774435233
-17.5,199.5262314968885,3.438869772394731
-17.0,199.5262314968885,3.4388697577872662
-16.5,199.5262314968885,3.4388697168556583
-16.0,199.5262314968885,3.4388696057803845
-15.5,199.5262314968885,3.4388693138854847
-15.0,199.5262314968885,3.438868571106331
-14.5,199.5262314968885,3.4388667409512648
-14.0,199.5262314968885,3.438862374999583
-13.5,199.5262314968885,3.43885229182625
-13.0,199.5262314968885,3.438829749264946
-12.5,199.5262314968885,3.4387809680207817
-12.0,199.5262314968885,3.4386788043169805
-11.5,199.5262314968885,3.4384717525754964
-11.0,199.5262314968885,3.438065742574805
-10.5,199.5262314968885,3.437295551212211
-10.0,199.5262314968885,3.4358824187518255
-9.5,199.5262314968885,3.4333751818174094
-9.0,199.5262314968885,3.4290745997329948
-8.5,199.5262314968885,3.4219452262505587
-8.0,199.5262314968885,3.410526486244059
-7.5,199.5262314968885,3.3928640732125195
-7.0,199.5262314968885,3.366492643970529
-6.5,199.5262314968885,3.328507826707297
-6.0,199.5262314968885,3.2757653862494807
-5.5,199.5262314968885,3.205233523126812
-5.0,199.5262314968885,3.1144979607664234
-4.5,199.5262314968885,3.002379787649932
-4.0,199.5262314968885,2.8695795081220927
-3.5,199.5262314968885,2.7192194452116736
-3.0,199.5262314968885,2.55713575823757
-2.5,199.5262314968885,2.3917847213888117
-2.0,199.5262314968885,2.233682265057908
-1.5,199.5262314968885,2.0943859513298246
-1.0,199.5262314968885,1.985136143267279
-0.5,199.5262314968885,1.9153700093786672
0.0,199.5262314968885,1.8913783789601801
0.5,199.5262314968885,1.9153700093786672
1.0,199.5262314968885,1.985136143267279
1.5,199.5262314968885,2.0943859513298246
2.0,199.5262314968885,2.233682265057908
2.5,199.5262314968885,2.3917847213888117
3.0,199.5262314968885,2.55713575823757
3.5,199.5262314968885,2.7192194452116736
4.0,199.5262314968885,2.8695795081220927
4.5,199.5262314968885,3.002379787649932
5.0,199.5262314968885,3.1144979607664234
5.5,199.5262314968885,3.205233523126812
6.0,199.5262314968885,3.2757653862494807
6.5,199.5262314968885,3.328507826707297
7.0,199.5262314968885,3.366492643970529
7.5,199.5262314968885,3.3928640732125195
8.0,199.5262314968885,3.410526486244059
8.5,199.5262314968885,3.4219452262505587
9.0,199.5262314968885,3.4290745997329948
9.5,199.5262314968885,3.4333751818174094
10.0,199.5262314968885,3.4358824187518255
10.5,199.5262314968885,3.437295551212211
11.0,199.5262314968885,3.438065742574805
11.5,199.5262314968885,3.4384717525754964
12.0,199.5262314968885,3.4386788043169805
12.5,199.5262314968885,3.4387809680207817
13.0,199.5262314968885,3.438829749264946
13.5,199.5262314968885,3.43885229182625
14.0,199.5262314968885,3.438862374999583
14.5,199.5262314968885,3.4388667409512648
15.0,199.5262314968885,3.438868571106331
15.5,199.5262314968885,3.4388693138854847
16.0,199.5262314968885,3.4388696057803845
16.5,199.5262314968885,3.4388697168556583
17.0,199.5262314968885,3.4388697577872662
17.5,199.5262314968885,3.438869772394731
18.0,199.5262314968885,3.4388697774435233
18.5,199.5262314968885,3.438869779133641
19.0,199.5262314968885,3.438869779681643
19.5,199.5262314968885,3.4388697798537504
20.0,199.5262314968885,3.4388697799061085
21.0,199.5262314968885,3.4388697799259424
22.0,199.5262314968885,3.438869779927487
23.0,199.5262314968885,3.438869779927593
24.0,199.5262314968885,3.4388697799275993
25.0,199.5262314968885,3.4388697799276
26.0,199.5262314968885,3.4388697799276
27.0,199.5262314968885,3.4388697799276
28.0,199.5262314968885,3.4388697799276
29.0,199.5262314968885,3.4388697799276
30.0,199.5262314968885,3.4388697799276
31.0,199.5262314968885,3.4388697799276
32.0,199.5262314968885,3.4388697799276
33.0,199.5262314968885,3.4388697799276
34.0,199.5262314968885,3.4388697799276
35.0,199.5262314968885,3.4388697799276
36.0,199.5262314968885,3.4388697799276
37.0,199.5262314968885,3.4388697799276
38.0,199.5262314968885,3.4388697799276
39.0,199.5262314968885,3.4388697799276
40.0,199.5262314968885,3.4388697799276
41.0,199.5262314968885,3.4388697799276
42.0,199.5262314968885,3.4388697799276
43.0,199.5262314968885,3.4388697799276
44.0,199.5262314968885,3.4388697799276
45.0,199.5262314968885,3.4388697799276
46.0,199.5262314968885,3.4388697799276
47.0,199.5262314968885,3.4388697799276
48.0,199.5262314968885,3.4388697799276
49.0,199.5262314968885,3.4388697799276
50.0,199.5262314968885,3.4388697799276
51.0,199.5262314968885,3.4388697799276
52.0,199.5262314968885,3.4388697799276
53.0,199.5262314968885,3.4388697799276
54.0,199.5262314968885,3.4388697799276
55.0,199.5262314968885,3.4388697799276
56.0,199.5262314968885,3.4388697799276
57.0,199.5262314968885,3.4388697799276
58.0,199.5262314968885,3.4388697799276
59.0,199.5262314968885,3.4388697799276
60.0,199.5262314968885,3.4388697799276
61.0,199.5262314968885,3.4388697799276
62.0,199.5262314968885,3.4388697799276
63.0,199.5262314968885,3.4388697799276
64.0,199.5262314968885,3.4388697799276
65.0,199.5262314968885,3.4388697799276
66.0,199.5262314968885,3.4388697799276
67.0,199.5262314968885,3.4388697799276
68.0,199.5262314968885,3.4388697799276
69.0,199.5262314968885,3.4388697799276
70.0,199.5262314968885,3.4388697799276
71.0,199.5262314968885,3.4388697799276
72.0,199.5262314968885,3.4388697799276
73.0,199.5262314968885,3.4388697799276
74.0,199.5262314968885,3.4388697799276
75.0,199.5262314968885,3.4388697799276
76.0,199.5262314968885,3.4388697799276
77.0,199.5262314968885,3.4388697799276
78.0,199.5262314968885,3.4388697799276
79.0,199.5262314968885,3.4388697799276
80.0,199.5262314968885,3.4388697799276
81.0,199.5262314968885,3.4388697799276
82.0,199.5262314968885,3.4388697799276
83.0,199.5262314968885,3.4388697799276
84.0,199.5262314968885,3.4388697799276
85.0,199.5262314968885,3.4388697799276
86.0,199.5262314968885,3.4388697799276
87.0,199.5262314968885,3.4388697799276
88.0,199.5262314968885,3.4388697799276
89.0,199.5262314968885,3.4388697799276
90.0,199.5262314968885,3.4388697799276
91.0,199.5262314968885,3.4388697799276
92.0,199.5262314968885,3.4388697799276
93.0,199.5262314968885,3.4388697799276
94.0,199.5262314968885,3.4388697799276
95.0,199.5262314968885,3.4388697799276
96.0,199.5262314968885,3.4388697799276
97.0,199.5262314968885,3.4388697799276
98.0,199.5262314968885,3.4388697799276
99.0,199.5262314968885,3.4388697799276
100.0,199.5262314968885,3.4388697799276
-100.0,223.8721138568347,3.693296600920339
-99.0,223.8721138568347,3.693296600920339
-98.0,223.8721138568347,3.693296600920339
-97.0,223.8721138568347,3.693296600920339
-96.0,223.8721138568347,3.693296600920339
-95.0,223.8721138568347,3.693296600920339
-94.0,223.8721138568347,3.693296600920339
-93.0,223.8721138568347,3.693296600920339
-92.0,223.8721138568347,3.693296600920339
-91.0,223.8721138568347,3.693296600920339
-90.0,223.8721138568347,3.693296600920339
-89.0,223.8721138568347,3.693296600920339
-88.0,223.8721138568347,3.693296600920339
-87.0,223.8721138568347,3.693296600920339
-86.0,223.8721138568347,3.693296600920339
-85.0,223.8721138568347,3.693296600920339
-84.0,223.8721138568347,3.693296600920339
-83.0,223.8721138568347,3.693296600920339
-82.0,223.8721138568347,3.693296600920339
-81.0,223.8721138568347,3.693296600920339
-80.0,223.8721138568347,3.693296600920339
-79.0,223.8721138568347,3.693296600920339
-78.0,223.8721138568347,3.693296600920339
-77.0,223.8721138568347,3.693296600920339
-76.0,223.8721138568347,3.693296600920339
-75.0,223.8721138568347,3.693296600920339
-74.0,223.8721138568347,3.693296600920339
-73.0,223.8721138568347,3.693296600920339
-72.0,223.8721138568347,3.693296600920339
-71.0,223.8721138568347,3.693296600920339
-70.0,223.8721138568347,3.693296600920339
-69.0,223.8721138568347,3.693296600920339
-68.0,223.8721138568347,3.693296600920339
-67.0,223.8721138568347,3.693296600920339
-66.0,223.8721138568347,3.693296600920339
-65.0,223.8721138568347,3.693296600920339
-64.0,223.8721138568347,3.693296600920339
-63.0,223.8721138568347,3.693296600920339
-62.0,223.8721138568347,3.693296600920339
-61.0,223.8721138568347,3.693296600920339
-60.0,223.8721138568347,3.693296600920339
-59.0,223.8721138568347,3.693296600920339
-58.0,223.8721138568347,3.693296600920339
-57.0,223.8721138568347,3.693296600920339
-56.0,223.8721138568347,3.693296600920339
-55.0,223.8721138568347,3.693296600920339
-54.0,223.8721138568347,3.693296600920339
-53.0,223.8721138568347,3.693296600920339
-52.0,223.8721138568347,3.693296600920339
-51.0,223.8721138568347,3.693296600920339
-50.0,223.8721138568347,3.693296600920339
-49.0,223.8721138568347,3.693296600920339
-48.0,223.8721138568347,3.693296600920339
-47.0,223.8721138568347,3.693296600920339
-46.0,223.8721138568347,3.693296600920339
-45.0,223.8721138568347,3.693296600920339
-44.0,223.8721138568347,3.693296600920339
-43.0,223.8721138568347,3.693296600920339
-42.0,223.8721138568347,3.693296600920339
-41.0,223.8721138568347,3.693296600920339
-40.0,223.8721138568347,3.693296600920339
-39.0,223.8721138568347,3.693296600920339
-38.0,223.8721138568347,3.693296600920339
-37.0,223.8721138568347,3.693296600920339
-36.0,223.8721138568347,3.693296600920339
-35.0,223.8721138568347,3.693296600920339
-34.0,223.8721138568347,3.693296600920339
-33.0,223.8721138568347,3.693296600920339
-32.0,223.8721138568347,3.693296600920339
-31.0,223.8721138568347,3.693296600920339
-30.0,223.8721138568347,3.693296600920339
-29.0,223.8721138568347,3.693296600920339
-28.0,223.8721138568347,3.693296600920339
-27.0,223.8721138568347,3.693296600920339
-26.0,223.8721138568347,3.693296600920339
-25.0,223.8721138568347,3.693296600920339
-24.0,223.8721138568347,3.6932966009203385
-23.0,223.8721138568347,3.6932966009203314
-22.0,223.8721138568347,3.693296600920218
-21.0,223.8721138568347,3.693296600918559
-20.0,223.8721138568347,3.6932966008972574
-19.5,223.8721138568347,3.6932966008410255
-19.0,223.8721138568347,3.693296600656185
-18.5,223.8721138568347,3.693296600067639
-18.0,223.8721138568347,3.6932965982524766
-17.5,223.8721138568347,3.693296592830146
-17.0,223.8721138568347,3.6932965771419397
-16.5,223.8721138568347,3.6932965331819823
-16.0,223.8721138568347,3.6932964138887385
-15.5,223.8721138568347,3.6932961003978217
-15.0,223.8721138568347,3.6932953026637114
-14.5,223.8721138568347,3.693293337103537
-14.0,223.8721138568347,3.693288648134329
-13.5,223.8721138568347,3.693277818951435
-13.0,223.8721138568347,3.693253608565358
-12.5,223.8721138568347,3.6932012182119016
-12.0,223.8721138568347,3.69309149586586
-11.5,223.8721138568347,3.6928691252784356
-11.0,223.8721138568347,3.692433076386952
-10.5,223.8721138568347,3.691605901959433
-10.0,223.8721138568347,3.6900882180555357
-9.5,223.8721138568347,3.687395481708952
-9.0,223.8721138568347,3.6827767185074323
-8.5,223.8721138568347,3.675119874097951
-8.0,223.8721138568347,3.662856311837188
-7.5,223.8721138568347,3.643887134698178
-7.0,223.8721138568347,3.615564599617217
-6.5,223.8721138568347,3.574769453111894
-6.0,223.8721138568347,3.5181248319040512
-5.5,223.8721138568347,3.442374627040808
-5.0,223.8721138568347,3.344925940264633
-4.5,223.8721138568347,3.224512637588992
-4.0,223.8721138568347,3.081887050588206
-3.5,223.8721138568347,2.9204025092128383
-3.0,223.8721138568347,2.7463269644916606
-2.5,223.8721138568347,2.5687423330767927
-2.0,223.8721138568347,2.398942572710066
-1.5,223.8721138568347,2.249340338564551
-1.0,223.8721138568347,2.1320076186332098
-0.5,223.8721138568347,2.0570797959357225
0.0,223.8721138568347,2.0313131305061867
0.5,223.8721138568347,2.0570797959357225
1.0,223.8721138568347,2.1320076186332098
1.5,223.8721138568347,2.249340338564551
2.0,223.8721138568347,2.398942572710066
2.5,223.8721138568347,2.5687423330767927
3.0,223.8721138568347,2.7463269644916606
3.5,223.8721138568347,2.9204025092128383
4.0,223.8721138568347,3.081887050588206
4.5,223.8721138568347,3.224512637588992
5.0,223.8721138568347,3.344925940264633
5.5,223.8721138568347,3.442374627040808
6.0,223.8721138568347,3.5181248319040512
6.5,223.8721138568347,3.574769453111894
7.0,223.8721138568347,3.615564599617217
7.5,223.8721138568347,3.643887134698178
8.0,223.8721138568347,3.662856311837188
8.5,223.8721138568347,3.675119874097951
9.0,223.8721138568347,3.6827767185074323
9.5,223.8721138568347,3.687395481708952
10.0,223.8721138568347,3.6900882180555357
10.5,223.8721138568347,3.691605901959433
11.0,223.8721138568347,3.692433076386952
11.5,223.8721138568347,3.6928691252784356
12.0,223.8721138568347,3.69309149586586
12.5,223.8721138568347,3.6932012182119016
13.0,223.8721138568347,3.693253608565358
13.5,223.8721138568347,3.693277818951435
14.0,223.8721138568347,3.693288648134329
14.5,223.8721138568347,3.693293337103537
15.0,223.8721138568347,3.6932953026637114
15.5,223.8721138568347,3.6932961003978217
16.0,223.8721138568347,3.6932964138887385
16.5,223.8721138568347,3.6932965331819823
17.0,223.8721138568347,3.6932965771419397
17.5,223.8721138568347,3.693296592830146
18.0,223.8721138568347,3.6932965982524766
18.5,223.8721138568347,3.693296600067639
19.0,223.8721138568347,3.693296600656185
19.5,223.8721138568347,3.6932966008410255
20.0,223.8721138568347,3.6932966008972574
21.0,223.8721138568347,3.693296600918559
22.0,223.8721138568347,3.693296600920218
23.0,223.8721138568347,3.6932966009203314
24.0,223.8721138568347,3.6932966009203385
25.0,223.8721138568347,3.693296600920339
26.0,223.8721138568347,3.693296600920339
27.0,223.8721138568347,3.693296600920339
28.0,223.8721138568347,3.693296600920339
29.0,223.8721138568347,3.693296600920339
30.0,223.8721138568347,3.693296600920339
31.0,223.8721138568347,3.693296600920339
32.0,223.8721138568347,3.693296600920339
33.0,223.8721138568347,3.693296600920339
34.0,223.8721138568347,3.693296600920339
35.0,223.8721138568347,3.693296600920339
36.0,223.8721138568347,3.693296600920339
37.0,223.8721138568347,3.693296600920339
38.0,223.8721138568347,3.693296600920339
39.0,223.8721138568347,3.693296600920339
40.0,223.8721138568347,3.693296600920339
41.0,223.8721138568347,3.693296600920339
42.0,223.8721138568347,3.693296600920339
43.0,223.8721138568347,3.693296600920339
44.0,223.8721138568347,3.693296600920339
45.0,223.8721138568347,3.693296600920339
46.0,223.8721138568347,3.693296600920339
47.0,223.8721138568347,3.693296600920339
48.0,223.8721138568347,3.693296600920339
49.0,223.8721138568347,3.693296600920339
50.0,223.8721138568347,3.693296600920339
51.0,223.8721138568347,3.693296600920339
52.0,223.8721138568347,3.693296600920339
53.0,223.8721138568347,3.693296600920339
54.0,223.8721138568347,3.693296600920339
55.0,223.8721138568347,3.693296600920339
56.0,223.8721138568347,3.693296600920339
57.0,223.8721138568347,3.693296600920339
58.0,223.8721138568347,3.693296600920339
59.0,223.8721138568347,3.693296600920339
60.0,223.8721138568347,3.693296600920339
61.0,223.8721138568347,3.693296600920339
62.0,223.8721138568347,3.693296600920339
63.0,223.8721138568347,3.693296600920339
64.0,223.8721138568347,3.693296600920339
65.0,223.8721138568347,3.693296600920339
66.0,223.8721138568347,3.693296600920339
67.0,223.8721138568347,3.693296600920339
68.0,223.8721138568347,3.693296600920339
69.0,223.8721138568347,3.693296600920339
70.0,223.8721138568347,3.693296600920339
71.0,223.8721138568347,3.693296600920339
72.0,223.8721138568347,3.693296600920339
73.0,223.8721138568347,3.693296600920339
74.0,223.8721138568347,3.693296600920339
75.0,223.8721138568347,3.693296600920339
76.0,223.8721138568347,3.693296600920339
77.0,223.8721138568347,3.693296600920339
78.0,223.8721138568347,3.693296600920339
79.0,223.8721138568347,3.693296600920339
80.0,223.8721138568347,3.693296600920339
81.0,223.8721138568347,3.693296600920339
82.0,223.8721138568347,3.693296600920339
83.0,223.8721138568347,3.693296600920339
84.0,223.8721138568347,3.693296600920339
85.0,223.8721138568347,3.693296600920339
86.0,223.8721138568347,3.693296600920339
87.0,223.8721138568347,3.693296600920339
88.0,223.8721138568347,3.693296600920339
89.0,223.8721138568347,3.693296600920339
90.0,223.8721138568347,3.693296600920339
91.0,223.8721138568347,3.693296600920339
92.0,223.8721138568347,3.693296600920339
93.0,223.8721138568347,3.693296600920339
94.0,223.8721138568347,3.693296600920339
95.0,223.8721138568347,3.693296600920339
96.0,223.8721138568347,3.693296600920339
97.0,223.8721138568347,3.693296600920339
98.0,223.8721138568347,3.693296600920339
99.0,223.8721138568347,3.693296600920339
100.0,223.8721138568347,3.693296600920339
-100.0,251.18864315095874,3.9592874120386243
-99.0,251.18864315095874,3.9592874120386243
-98.0,251.18864315095874,3.9592874120386243
-97.0,251.18864315095874,3.9592874120386243
-96.0,251.18864315095874,3.9592874120386243
-95.0,251.18864315095874,3.9592874120386243
-94.0,251.18864315095874,3.9592874120386243
-93.0,251.18864315095874,3.9592874120386243
-92.0,251.18864315095874,3.9592874120386243
-91.0,251.18864315095874,3.9592874120386243
-90.0,251.18864315095874,3.9592874120386243
-89.0,251.18864315095874,3.9592874120386243
-88.0,251.18864315095874,3.9592874120386243
-87.0,251.18864315095874,3.9592874120386243
-86.0,251.18864315095874,3.9592874120386243
-85.0,251.18864315095874,3.9592874120386243
-84.0,251.18864315095874,3.9592874120386243
-83.0,251.18864315095874,3.9592874120386243
-82.0,251.18864315095874,3.9592874120386243
-81.0,251.18864315095874,3.9592874120386243
-80.0,251.18864315095874,3.9592874120386243
-79.0,251.18864315095874,3.9592874120386243
-78.0,251.18864315095874,3.9592874120386243
-77.0,251.18864315095874,3.9592874120386243
-76.0,251.18864315095874,3.9592874120386243
-75.0,251.18864315095874,3.9592874120386243
-74.0,251.18864315095874,3.9592874120386243
-73.0,251.18864315095874,3.9592874120386243
-72.0,251.18864315095874,3.9592874120386243
-71.0,251.18864315095874,3.9592874120386243
-70.0,251.18864315095874,3.9592874120386243
-69.0,251.18864315095874,3.9592874120386243
-68.0,251.18864315095874,3.9592874120386243
-67.0,251.18864315095874,3.9592874120386243
-66.0,251.18864315095874,3.9592874120386243
-65.0,251.18864315095874,3.9592874120386243
-64.0,251.18864315095874,3.9592874120386243
-63.0,251.18864315095874,3.9592874120386243
-62.0,251.18864315095874,3.9592874120386243
-61.0,251.18864315095874,3.9592874120386243
-60.0,251.18864315095874,3.9592874120386243
-59.0,251.18864315095874,3.9592874120386243
-58.0,251.18864315095874,3.9592874120386243
-57.0,251.18864315095874,3.9592874120386243
-56.0,251.18864315095874,3.9592874120386243
-55.0,251.18864315095874,3.9592874120386243
-54.0,251.18864315095874,3.9592874120386243
-53.0,251.18864315095874,3.9592874120386243
-52.0,251.18864315095874,3.9592874120386243
-51.0,251.18864315095874,3.9592874120386243
-50.0,251.18864315095874,3.9592874120386243
-49.0,251.18864315095874,3.9592874120386243
-48.0,251.18864315095874,3.9592874120386243
-47.0,251.18864315095874,3.9592874120386243
-46.0,251.18864315095874,3.9592874120386243
-45.0,251.18864315095874,3.9592874120386243
-44.0,251.18864315095874,3.9592874120386243
-43.0,251.18864315095874,3.9592874120386243
-42.0,251.18864315095874,3.9592874120386243
-41.0,251.18864315095874,3.9592874120386243
-40.0,251.18864315095874,3.9592874120386243
-39.0,251.18864315095874,3.9592874120386243
-38.0,251.18864315095874,3.9592874120386243
-37.0,251.18864315095874,3.9592874120386243
-36.0,251.18864315095874,3.9592874120386243
-35.0,251.18864315095874,3.9592874120386243
-34.0,251.18864315095874,3.9592874120386243
-33.0,251.18864315095874,3.9592874120386243
-32.0,251.18864315095874,3.9592874120386243
-31.0,251.18864315095874,3.9592874120386243
-30.0,251.18864315095874,3.9592874120386243
-29.0,251.18864315095874,3.9592874120386243
-28.0,251.18864315095874,3.9592874120386243
-27.0,251.18864315095874,3.9592874120386243
-26.0,251.18864315095874,3.9592874120386243
-25.0,251.18864315095874,3.9592874120386243
-24.0,251.18864315095874,3.959287412038624
-23.0,251.18864315095874,3.9592874120386163
-22.0,251.18864315095874,3.9592874120384947
-21.0,251.18864315095874,3.959287412036716
-20.0,251.18864315095874,3.9592874120138806
-19.5,251.18864315095874,3.959287411953599
-19.0,251.18864315095874,3.959287411755446
-18.5,251.18864315095874,3.959287411124513
-18.0,251.18864315095874,3.9592874091786228
-17.5,251.18864315095874,3.9592874033657766
-17.0,251.18864315095874,3.9592873865477074
-16.5,251.18864315095874,3.959287339421759
-16.0,251.18864315095874,3.959287211537029
-15.5,251.18864315095874,3.9592868754685306
-15.0,251.18864315095874,3.9592860202816986
-14.5,251.18864315095874,3.9592839131620985
-14.0,251.18864315095874,3.9592788864938493
-13.5,251.18864315095874,3.9592672773944053
-13.0,251.18864315095874,3.959241323379011
-12.5,251.18864315095874,3.9591851598781163
-12.0,251.18864315095874,3.9590675353408953
-11.5,251.18864315095874,3.9588291496484556
-11.0,251.18864315095874,3.958361696564223
-10.5,251.18864315095874,3.957474949126278
-10.0,251.18864315095874,3.9558479617961364
-9.5,251.18864315095874,3.9529612948768555
-9.0,251.18864315095874,3.9480098888624005
-8.5,251.18864315095874,3.9398015993687157
-8.0,251.18864315095874,3.9266548167155997
-7.5,251.18864315095874,3.9063194815452538
-7.0,251.18864315095874,3.8759571606325154
-6.5,251.18864315095874,3.8322239522055104
-6.0,251.18864315095874,3.771499791667735
-5.5,251.18864315095874,3.6902940654610585
-5.0,251.18864315095874,3.585827135083341
-4.5,251.18864315095874,3.4567416797189225
-4.0,251.18864315095874,3.303844213778571
-3.5,251.18864315095874,3.130729573663559
-3.0,251.18864315095874,2.9441171275397955
-2.5,251.18864315095874,2.7537428706882885
-2.0,251.18864315095874,2.571714150433428
-1.5,251.18864315095874,2.411337579995627
-1.0,251.18864315095874,2.285554570602704
-0.5,251.18864315095874,2.205230454434049
0.0,251.18864315095874,2.1776080766212433
0.5,251.18864315095874,2.205230454434049
1.0,251.18864315095874,2.285554570602704
1.5,251.18864315095874,2.411337579995627
2.0,251.18864315095874,2.571714150433428
2.5,251.18864315095874,2.7537428706882885
3.0,251.18864315095874,2.9441171275397955
3.5,251.18864315095874,3.130729573663559
4.0,251.18864315095874,3.303844213778571
4.5,251.18864315095874,3.4567416797189225
5.0,251.18864315095874,3.585827135083341
5.5,251.18864315095874,3.6902940654610585
6.0,251.18864315095874,3.771499791667735
6.5,251.18864315095874,3.8322239522055104
7.0,251.18864315095874,3.8759571606325154
7.5,251.18864315095874,3.9063194815452538
8.0,251.18864315095874,3.9266548167155997
8.5,251.18864315095874,3.9398015993687157
9.0,251.18864315095874,3.9480098888624005
9.5,251.18864315095874,3.9529612948768555
10.0,251.18864315095874,3.9558479617961364
10.5,251.18864315095874,3.957474949126278
11.0,251.18864315095874,3.958361696564223
11.5,251.18864315095874,3.9588291496484556
12.0,251.18864315095874,3.9590675353408953
12.5,251.18864315095874,3.9591851598781163
13.0,251.18864315095874,3.959241323379011
13.5,251.18864315095874,3.9592672773944053
14.0,251.18864315095874,3.9592788864938493
14.5,251.18864315095874,3.9592839131620985
15.0,251.18864315095874,3.9592860202816986
15.5,251.18864315095874,3.9592868754685306
16.0,251.18864315095874,3.959287211537029
16.5,251.18864315095874,3.959287339421759
17.0,251.18864315095874,3.9592873865477074
17.5,251.18864315095874,3.9592874033657766
18.0,251.18864315095874,3.9592874091786228
18.5,251.18864315095874,3.959287411124513
19.0,251.18864315095874,3.959287411755446
19.5,251.18864315095874,3.959287411953599
20.0,251.18864315095874,3.9592874120138806
21.0,251.18864315095874,3.959287412036716
22.0,251.18864315095874,3.9592874120384947
23.0,251.18864315095874,3.9592874120386163
24.0,251.18864315095874,3.959287412038624
25.0,251.18864315095874,3.9592874120386243
26.0,251.18864315095874,3.9592874120386243
27.0,251.18864315095874,3.9592874120386243
28.0,251.18864315095874,3.9592874120386243
29.0,251.18864315095874,3.9592874120386243
30.0,251.18864315095874,3.9592874120386243
31.0,251.18864315095874,3.9592874120386243
32.0,251.18864315095874,3.9592874120386243
33.0,251.18864315095874,3.9592874120386243
34.0,251.18864315095874,3.9592874120386243
35.0,251.18864315095874,3.9592874120386243
36.0,251.18864315095874,3.9592874120386243
37.0,251.18864315095874,3.9592874120386243
38.0,251.18864315095874,3.9592874120386243
39.0,251.18864315095874,3.9592874120386243
40.0,251.18864315095874,3.9592874120386243
41.0,251.18864315095874,3.9592874120386243
42.0,251.18864315095874,3.9592874120386243
43.0,251.18864315095874,3.9592874120386243
44.0,251.18864315095874,3.9592874120386243
45.0,251.18864315095874,3.9592874120386243
46.0,251.18864315095874,3.9592874120386243
47.0,251.18864315095874,3.9592874120386243
48.0,251.18864315095874,3.9592874120386243
49.0,251.18864315095874,3.9592874120386243
50.0,251.18864315095874,3.9592874120386243
51.0,251.18864315095874,3.9592874120386243
52.0,251.18864315095874,3.9592874120386243
53.0,251.18864315095874,3.9592874120386243
54.0,251.18864315095874,3.9592874120386243
55.0,251.18864315095874,3.9592874120386243
56.0,251.18864315095874,3.9592874120386243
57.0,251.18864315095874,3.9592874120386243
58.0,251.18864315095874,3.9592874120386243
59.0,251.18864315095874,3.9592874120386243
60.0,251.18864315095874,3.9592874120386243
61.0,251.18864315095874,3.9592874120386243
62.0,251.18864315095874,3.9592874120386243
63.0,251.18864315095874,3.9592874120386243
64.0,251.18864315095874,3.9592874120386243
65.0,251.18864315095874,3.9592874120386243
66.0,251.18864315095874,3.9592874120386243
67.0,251.18864315095874,3.9592874120386243
68.0,251.18864315095874,3.9592874120386243
69.0,251.18864315095874,3.9592874120386243
70.0,251.18864315095874,3.9592874120386243
71.0,251.18864315095874,3.9592874120386243
72.0,251.18864315095874,3.9592874120386243
73.0,251.18864315095874,3.9592874120386243
74.0,251.18864315095874,3.9592874120386243
75.0,251.18864315095874,3.9592874120386243
76.0,251.18864315095874,3.9592874120386243
77.0,251.18864315095874,3.9592874120386243
78.0,251.18864315095874,3.9592874120386243
79.0,251.18864315095874,3.9592874120386243
80.0,251.18864315095874,3.9592874120386243
81.0,251.18864315095874,3.9592874120386243
82.0,251.18864315095874,3.9592874120386243
83.0,251.18864315095874,3.9592874120386243
84.0,251.18864315095874,3.9592874120386243
85.0,251.18864315095874,3.9592874120386243
86.0,251.18864315095874,3.9592874120386243
87.0,251.18864315095874,3.9592874120386243
88.0,251.18864315095874,3.9592874120386243
89.0,251.18864315095874,3.9592874120386243
90.0,251.18864315095874,3.9592874120386243
91.0,251.18864315095874,3.9592874120386243
92.0,251.18864315095874,3.9592874120386243
93.0,251.18864315095874,3.9592874120386243
94.0,251.18864315095874,3.9592874120386243
95.0,251.18864315095874,3.9592874120386243
96.0,251.18864315095874,3.9592874120386243
97.0,251.18864315095874,3.9592874120386243
98.0,251.18864315095874,3.9592874120386243
99.0,251.18864315095874,3.9592874120386243
100.0,251.18864315095874,3.9592874120386243
-100.0,281.83829312644605,4.236926645885917
-99.0,281.83829312644605,4.236926645885917
-98.0,281.83829312644605,4.236926645885917
-97.0,281.83829312644605,4.236926645885917
-96.0,281.83829312644605,4.236926645885917
-95.0,281.83829312644605,4.236926645885917
-94.0,281.83829312644605,4.236926645885917
-93.0,281.83829312644605,4.236926645885917
-92.0,281.83829312644605,4.236926645885917
-91.0,281.83829312644605,4.236926645885917
-90.0,281.83829312644605,4.236926645885917
-89.0,281.83829312644605,4.236926645885917
-88.0,281.83829312644605,4.236926645885917
-87.0,281.83829312644605,4.236926645885917
-86.0,281.83829312644605,4.236926645885917
-85.0,281.83829312644605,4.236926645885917
-84.0,281.83829312644605,4.236926645885917
-83.0,281.83829312644605,4.236926645885917
-82.0,281.83829312644605,4.236926645885917
-81.0,281.83829312644605,4.236926645885917
-80.0,281.83829312644605,4.236926645885917
-79.0,281.83829312644605,4.236926645885917
-78.0,281.83829312644605,4.236926645885917
-77.0,281.83829312644605,4.236926645885917
-76.0,281.83829312644605,4.236926645885917
-75.0,281.83829312644605,4.236926645885917
-74.0,281.83829312644605,4.236926645885917
-73.0,281.83829312644605,4.236926645885917
-72.0,281.83829312644605,4.236926645885917
-71.0,281.83829312644605,4.236926645885917
-70.0,281.83829312644605,4.236926645885917
-69.0,281.83829312644605,4.236926645885917
-68.0,281.83829312644605,4.236926645885917
-67.0,281.83829312644605,4.236926645885917
-66.0,281.83829312644605,4.236926645885917
-65.0,281.83829312644605,4.236926645885917
-64.0,281.83829312644605,4.236926645885917
-63.0,281.83829312644605,4.236926645885917
-62.0,281.83829312644605,4.236926645885917
-61.0,281.83829312644605,4.236926645885917
-60.0,281.83829312644605,4.236926645885917
-59.0,281.83829312644605,4.236926645885917
-58.0,281.83829312644605,4.236926645885917
-57.0,281.83829312644605,4.236926645885917
-56.0,281.83829312644605,4.236926645885917
-55.0,281.83829312644605,4.236926645885917
-54.0,281.83829312644605,4.236926645885917
-53.0,281.83829312644605,4.236926645885917
-52.0,281.83829312644605,4.236926645885917
-51.0,281.83829312644605,4.236926645885917
-50.0,281.83829312644605,4.236926645885917
-49.0,281.83829312644605,4.236926645885917
-48.0,281.83829312644605,4.236926645885917
-47.0,281.83829312644605,4.236926645885917
-46.0,281.83829312644605,4.236926645885917
-45.0,281.83829312644605,4.236926645885917
-44.0,281.83829312644605,4.236926645885917
-43.0,281.83829312644605,4.236926645885917
-42.0,281.83829312644605,4.236926645885917
-41.0,281.83829312644605,4.236926645885917
-40.0,281.83829312644605,4.236926645885917
-39.0,281.83829312644605,4.236926645885917
-38.0,281.83829312644605,4.236926645885917
-37.0,281.83829312644605,4.236926645885917
-36.0,281.83829312644605,4.236926645885917
-35.0,281.83829312644605,4.236926645885917
-34.0,281.83829312644605,4.236926645885917
-33.0,281.83829312644605,4.236926645885917
-32.0,281.83829312644605,4.236926645885917
-31.0,281.83829312644605,4.236926645885917
-30.0,281.83829312644605,4.236926645885917
-29.0,281.83829312644605,4.236926645885917
-28.0,281.83829312644605,4.236926645885917
-27.0,281.83829312644605,4.236926645885917
-26.0,281.83829312644605,4.236926645885917
-25.0,281.83829312644605,4.236926645885917
-24.0,281.83829312644605,4.236926645885916
-23.0,281.83829312644605,4.236926645885908
-22.0,281.83829312644605,4.236926645885778
-21.0,281.83829312644605,4.236926645883875
-20.0,281.83829312644605,4.2369266458594375
-19.5,281.83829312644605,4.236926645794929
-19.0,281.83829312644605,4.236926645582881
-18.5,281.83829312644605,4.2369266449077045
-18.0,281.83829312644605,4.236926642825361
-17.5,281.83829312644605,4.236926636604898
-17.0,281.83829312644605,4.2369266186074865
-16.5,281.83829312644605,4.2369265681769
-16.0,281.83829312644605,4.236926431324441
-15.5,281.83829312644605,4.236926071689631
-15.0,281.83829312644605,4.236925156534074
-14.5,281.83829312644605,4.236922901655796
-14.0,281.83829312644605,4.236917522499795
-13.5,281.83829312644605,4.236905099329246
-13.0,281.83829312644605,4.236877325326517
-12.5,281.83829312644605,4.236817223442338
-12.0,281.83829312644605,4.236691350656632
-11.5,281.83829312644605,4.236436248516479
-11.0,281.83829312644605,4.23593601596901
-10.5,281.83829312644605,4.23498708666507
-10.0,281.83829312644605,4.2332460092301165
-9.5,281.83829312644605,4.230156919018856
-9.0,281.83829312644605,4.2248583029059015
-8.5,281.83829312644605,4.216074419127423
-8.0,281.83829312644605,4.202005737586071
-7.5,281.83829312644605,4.180244416805396
-7.0,281.83829312644605,4.147752982585448
-6.5,281.83829312644605,4.100953046937672
-6.0,281.83829312644605,4.035970693535073
-5.5,281.83829312644605,3.949070534653597
-5.0,281.83829312644605,3.837278013710199
-4.5,281.83829312644605,3.6991406297539755
-4.0,281.83829312644605,3.5355214528381094
-3.5,281.83829312644605,3.3502674020041026
-3.0,281.83829312644605,3.15056903127415
-2.5,281.83829312644605,2.946845058346011
-2.0,281.83829312644605,2.752051840551493
-1.5,281.83829312644605,2.580429097883806
-1.0,281.83829312644605,2.4458257390884444
-0.5,281.83829312644605,2.3598690118583345
0.0,281.83829312644605,2.3303096552372544
0.5,281.83829312644605,2.3598690118583345
1.0,281.83829312644605,2.4458257390884444
1.5,281.83829312644605,2.580429097883806
2.0,281.83829312644605,2.752051840551493
2.5,281.83829312644605,2.946845058346011
3.0,281.83829312644605,3.15056903127415
3.5,281.83829312644605,3.3502674020041026
4.0,281.83829312644605,3.5355214528381094
4.5,281.83829312644605,3.6991406297539755
5.0,281.83829312644605,3.837278013710199
5.5,281.83829312644605,3.949070534653597
6.0,281.83829312644605,4.035970693535073
6.5,281.83829312644605,4.100953046937672
7.0,281.83829312644605,4.147752982585448
7.5,281.83829312644605,4.180244416805396
8.0,281.83829312644605,4.202005737586071
8.5,281.83829312644605,4.216074419127423
9.0,281.83829312644605,4.2248583029059015
9.5,281.83829312644605,4.230156919018856
10.0,281.83829312644605,4.2332460092301165
10.5,281.83829312644605,4.23498708666507
11.0,281.83829312644605,4.23593601596901
11.5,281.83829312644605,4.236436248516479
12.0,281.83829312644605,4.236691350656632
12.5,281.83829312644605,4.236817223442338
13.0,281.83829312644605,4.236877325326517
13.5,281.83829312644605,4.236905099329246
14.0,281.83829312644605,4.236917522499795
14.5,281.83829312644605,4.236922901655796
15.0,281.83829312644605,4.236925156534074
15.5,281.83829312644605,4.236926071689631
16.0,281.83829312644605,4.236926431324441
16.5,281.83829312644605,4.2369265681769
17.0,281.83829312644605,4.2369266186074865
17.5,281.83829312644605,4.236926636604898
18.0,281.83829312644605,4.236926642825361
18.5,281.83829312644605,4.2369266449077045
19.0,281.83829312644605,4.236926645582881
19.5,281.83829312644605,4.236926645794929
20.0,281.83829312644605,4.2369266458594375
21.0,281.83829312644605,4.236926645883875
22.0,281.83829312644605,4.236926645885778
23.0,281.83829312644605,4.236926645885908
24.0,281.83829312644605,4.236926645885916
25.0,281.83829312644605,4.236926645885917
26.0,281.83829312644605,4.236926645885917
27.0,281.83829312644605,4.236926645885917
28.0,281.83829312644605,4.236926645885917
29.0,281.83829312644605,4.236926645885917
30.0,281.83829312644605,4.236926645885917
31.0,281.83829312644605,4.236926645885917
32.0,281.83829312644605,4.236926645885917
33.0,281.83829312644605,4.236926645885917
34.0,281.83829312644605,4.236926645885917
35.0,281.83829312644605,4.236926645885917
36.0,281.83829312644605,4.236926645885917
37.0,281.83829312644605,4.236926645885917
38.0,281.83829312644605,4.236926645885917
39.0,281.83829312644605,4.236926645885917
40.0,281.83829312644605,4.236926645885917
41.0,281.83829312644605,4.236926645885917
42.0,281.83829312644605,4.236926645885917
43.0,281.83829312644605,4.236926645885917
44.0,281.83829312644605,4.236926645885917
45.0,281.83829312644605,4.236926645885917
46.0,281.83829312644605,4.236926645885917
47.0,281.83829312644605,4.236926645885917
48.0,281.83829312644605,4.236926645885917
49.0,281.83829312644605,4.236926645885917
50.0,281.83829312644605,4.236926645885917
51.0,281.83829312644605,4.236926645885917
52.0,281.83829312644605,4.236926645885917
53.0,281.83829312644605,4.236926645885917
54.0,281.83829312644605,4.236926645885917
55.0,281.83829312644605,4.236926645885917
56.0,281.83829312644605,4.236926645885917
57.0,281.83829312644605,4.236926645885917
58.0,281.83829312644605,4.236926645885917
59.0,281.83829312644605,4.236926645885917
60.0,281.83829312644605,4.236926645885917
61.0,281.83829312644605,4.236926645885917
62.0,281.83829312644605,4.236926645885917
63.0,281.83829312644605,4.236926645885917
64.0,281.83829312644605,4.236926645885917
65.0,281.83829312644605,4.236926645885917
66.0,281.83829312644605,4.236926645885917
67.0,281.83829312644605,4.236926645885917
68.0,281.83829312644605,4.236926645885917
69.0,281.83829312644605,4.236926645885917
70.0,281.83829312644605,4.236926645885917
71.0,281.83829312644605,4.236926645885917
72.0,281.83829312644605,4.236926645885917
73.0,281.83829312644605,4.236926645885917
74.0,281.83829312644605,4.236926645885917
75.0,281.83829312644605,4.236926645885917
76.0,281.83829312644605,4.236926645885917
77.0,281.83829312644605,4.236926645885917
78.0,281.83829312644605,4.236926645885917
79.0,281.83829312644605,4.236926645885917
80.0,281.83829312644605,4.236926645885917
81.0,281.83829312644605,4.236926645885917
82.0,281.83829312644605,4.236926645885917
83.0,281.83829312644605,4.236926645885917
84.0,281.83829312644605,4.236926645885917
85.0,281.83829312644605,4.236926645885917
86.0,281.83829312644605,4.236926645885917
87.0,281.83829312644605,4.236926645885917
88.0,281.83829312644605,4.236926645885917
89.0,281.83829312644605,4.236926645885917
90.0,281.83829312644605,4.236926645885917
91.0,281.83829312644605,4.236926645885917
92.0,281.83829312644605,4.236926645885917
93.0,281.83829312644605,4.236926645885917
94.0,281.83829312644605,4.236926645885917
95.0,281.83829312644605,4.236926645885917
96.0,281.83829312644605,4.236926645885917
97.0,281.83829312644605,4.236926645885917
98.0,281.83829312644605,4.236926645885917
99.0,281.83829312644605,4.236926645885917
100.0,281.83829312644605,4.236926645885917
-100.0,316.2277660168389,4.526296355244582
-99.0,316.2277660168389,4.526296355244582
-98.0,316.2277660168389,4.526296355244582
-97.0,316.2277660168389,4.526296355244582
-96.0,316.2277660168389,4.526296355244582
-95.0,316.2277660168389,4.526296355244582
-94.0,316.2277660168389,4.526296355244582
-93.0,316.2277660168389,4.526296355244582
-92.0,316.2277660168389,4.526296355244582
-91.0,316.2277660168389,4.526296355244582
-90.0,316.2277660168389,4.526296355244582
-89.0,316.2277660168389,4.526296355244582
-88.0,316.2277660168389,4.526296355244582
-87.0,316.2277660168389,4.526296355244582
-86.0,316.2277660168389,4.526296355244582
-85.0,316.2277660168389,4.526296355244582
-84.0,316.2277660168389,4.526296355244582
-83.0,316.2277660168389,4.526296355244582
-82.0,316.2277660168389,4.526296355244582
-81.0,316.2277660168389,4.526296355244582
-80.0,316.2277660168389,4.526296355244582
-79.0,316.2277660168389,4.526296355244582
-78.0,316.2277660168389,4.526296355244582
-77.0,316.2277660168389,4.526296355244582
-76.0,316.2277660168389,4.526296355244582
-75.0,316.2277660168389,4.526296355244582
-74.0,316.2277660168389,4.526296355244582
-73.0,316.2277660168389,4.526296355244582
-72.0,316.2277660168389,4.526296355244582
-71.0,316.2277660168389,4.526296355244582
-70.0,316.2277660168389,4.526296355244582
-69.0,316.2277660168389,4.526296355244582
-68.0,316.2277660168389,4.526296355244582
-67.0,316.2277660168389,4.526296355244582
-66.0,316.2277660168389,4.526296355244582
-65.0,316.2277660168389,4.526296355244582
-64.0,316.2277660168389,4.526296355244582
-63.0,316.2277660168389,4.526296355244582
-62.0,316.2277660168389,4.526296355244582
-61.0,316.2277660168389,4.526296355244582
-60.0,316.2277660168389,4.526296355244582
-59.0,316.2277660168389,4.526296355244582
-58.0,316.2277660168389,4.526296355244582
-57.0,316.2277660168389,4.526296355244582
-56.0,316.2277660168389,4.526296355244582
-55.0,316.2277660168389,4.526296355244582
-54.0,316.2277660168389,4.526296355244582
-53.0,316.2277660168389,4.526296355244582
-52.0,316.2277660168389,4.526296355244582
-51.0,316.2277660168389,4.526296355244582
-50.0,316.2277660168389,4.526296355244582
-49.0,316.2277660168389,4.526296355244582
-48.0,316.2277660168389,4.526296355244582
-47.0,316.2277660168389,4.526296355244582
-46.0,316.2277660168389,4.526296355244582
-45.0,316.2277660168389,4.526296355244582
-44.0,316.2277660168389,4.526296355244582
-43.0,316.2277660168389,4.526296355244582
-42.0,316.2277660168389,4.526296355244582
-41.0,316.2277660168389,4.526296355244582
-40.0,316.2277660168389,4.526296355244582
-39.0,316.2277660168389,4.526296355244582
-38.0,316.2277660168389,4.526296355244582
-37.0,316.2277660168389,4.526296355244582
-36.0,316.2277660168389,4.526296355244582
-35.0,316.2277660168389,4.526296355244582
-34.0,316.2277660168389,4.526296355244582
-33.0,316.2277660168389,4.526296355244582
-32.0,316.2277660168389,4.526296355244582
-31.0,316.2277660168389,4.526296355244582
-30.0,316.2277660168389,4.526296355244582
-29.0,316.2277660168389,4.526296355244582
-28.0,316.2277660168389,4.526296355244582
-27.0,316.2277660168389,4.526296355244582
-26.0,316.2277660168389,4.526296355244582
-25.0,316.2277660168389,4.526296355244582
-24.0,316.2277660168389,4.526296355244581
-23.0,316.2277660168389,4.526296355244573
-22.0,316.2277660168389,4.526296355244433
-21.0,316.2277660168389,4.5262963552424
-20.0,316.2277660168389,4.526296355216294
-19.5,316.2277660168389,4.526296355147379
-19.0,316.2277660168389,4.5262963549208495
-18.5,316.2277660168389,4.526296354199561
-18.0,316.2277660168389,4.526296351975
-17.5,316.2277660168389,4.526296345329697
-17.0,316.2277660168389,4.526296326103115
-16.5,316.2277660168389,4.526296272228266
-16.0,316.2277660168389,4.526296126029184
-15.5,316.2277660168389,4.526295741832367
-15.0,316.2277660168389,4.52629476417436
-14.5,316.2277660168389,4.526292355294485
-14.0,316.2277660168389,4.526286608757847
-13.5,316.2277660168389,4.526273337121051
-13.0,316.2277660168389,4.526243666235092
-12.5,316.2277660168389,4.526179459567845
-12.0,316.2277660168389,4.526044990038684
-11.5,316.2277660168389,4.5257724651677815
-11.0,316.2277660168389,4.52523806819903
-10.5,316.2277660168389,4.524224329796461
-10.0,316.2277660168389,4.522364341860233
-9.5,316.2277660168389,4.519064275814051
-9.0,316.2277660168389,4.513403779703458
-8.5,316.2277660168389,4.504019982329948
-8.0,316.2277660168389,4.488990450948858
-7.5,316.2277660168389,4.4657428955467555
-7.0,316.2277660168389,4.431032391311517
-6.5,316.2277660168389,4.381036156811233
-6.0,316.2277660168389,4.311615698553594
-5.5,316.2277660168389,4.2187805127480225
-5.0,316.2277660168389,4.099352889288683
-4.5,316.2277660168389,3.9517811256540214
-4.0,316.2277660168389,3.7769872370599105
-3.5,316.2277660168389,3.579080875877457
-3.0,316.2277660168389,3.365743689957339
-2.5,316.2277660168389,3.1481059649719505
-2.0,316.2277660168389,2.9400089395996054
-1.5,316.2277660168389,2.756664865099726
-1.0,316.2277660168389,2.612868490217778
-0.5,316.2277660168389,2.5210411696885964
0.0,316.2277660168389,2.48946299538452
0.5,316.2277660168389,2.5210411696885964
1.0,316.2277660168389,2.612868490217778
1.5,316.2277660168389,2.756664865099726
2.0,316.2277660168389,2.9400089395996054
2.5,316.2277660168389,3.1481059649719505
3.0,316.2277660168389,3.365743689957339
3.5,316.2277660168389,3.579080875877457
4.0,316.2277660168389,3.7769872370599105
4.5,316.2277660168389,3.9517811256540214
5.0,316.2277660168389,4.099352889288683
5.5,316.2277660168389,4.2187805127480225
6.0,316.2277660168389,4.311615698553594
6.5,316.2277660168389,4.381036156811233
7.0,316.2277660168389,4.431032391311517
7.5,316.2277660168389,4.4657428955467555
8.0,316.2277660168389,4.488990450948858
8.5,316.2277660168389,4.504019982329948
9.0,316.2277660168389,4.513403779703458
9.5,316.2277660168389,4.519064275814051
10.0,316.2277660168389,4.522364341860233
10.5,316.2277660168389,4.524224329796461
11.0,316.2277660168389,4.52523806819903
11.5,316.2277660168389,4.5257724651677815
12.0,316.2277660168389,4.526044990038684
12.5,316.2277660168389,4.526179459567845
13.0,316.2277660168389,4.526243666235092
13.5,316.2277660168389,4.526273337121051
14.0,316.2277660168389,4.526286608757847
14.5,316.2277660168389,4.526292355294485
15.0,316.2277660168389,4.52629476417436
15.5,316.2277660168389,4.526295741832367
16.0,316.2277660168389,4.526296126029184
16.5,316.2277660168389,4.526296272228266
17.0,316.2277660168389,4.526296326103115
17.5,316.2277660168389,4.526296345329697
18.0,316.2277660168389,4.526296351975
18.5,316.2277660168389,4.526296354199561
19.0,316.2277660168389,4.5262963549208495
19.5,316.2277660168389,4.526296355147379
20.0,316.2277660168389,4.526296355216294
21.0,316.2277660168389,4.5262963552424
22.0,316.2277660168389,4.526296355244433
23.0,316.2277660168389,4.526296355244573
24.0,316.2277660168389,4.526296355244581
25.0,316.2277660168389,4.526296355244582
26.0,316.2277660168389,4.526296355244582
27.0,316.2277660168389,4.526296355244582
28.0,316.2277660168389,4.526296355244582
29.0,316.2277660168389,4.526296355244582
30.0,316.2277660168389,4.526296355244582
31.0,316.2277660168389,4.526296355244582
32.0,316.2277660168389,4.526296355244582
33.0,316.2277660168389,4.526296355244582
34.0,316.2277660168389,4.526296355244582
35.0,316.2277660168389,4.526296355244582
36.0,316.2277660168389,4.526296355244582
37.0,316.2277660168389,4.526296355244582
38.0,316.2277660168389,4.526296355244582
39.0,316.2277660168389,4.526296355244582
40.0,316.2277660168389,4.526296355244582
41.0,316.2277660168389,4.526296355244582
42.0,316.2277660168389,4.526296355244582
43.0,316.2277660168389,4.526296355244582
44.0,316.2277660168389,4.526296355244582
45.0,316.2277660168389,4.526296355244582
46.0,316.2277660168389,4.526296355244582
47.0,316.2277660168389,4.526296355244582
48.0,316.2277660168389,4.526296355244582
49.0,316.2277660168389,4.526296355244582
50.0,316.2277660168389,4.526296355244582
51.0,316.2277660168389,4.526296355244582
52.0,316.2277660168389,4.526296355244582
53.0,316.2277660168389,4.526296355244582
54.0,316.2277660168389,4.526296355244582
55.0,316.2277660168389,4.526296355244582
56.0,316.2277660168389,4.526296355244582
57.0,316.2277660168389,4.526296355244582
58.0,316.2277660168389,4.526296355244582
59.0,316.2277660168389,4.526296355244582
60.0,316.2277660168389,4.526296355244582
61.0,316.2277660168389,4.526296355244582
62.0,316.2277660168389,4.526296355244582
63.0,316.2277660168389,4.526296355244582
64.0,316.2277660168389,4.526296355244582
65.0,316.2277660168389,4.526296355244582
66.0,316.2277660168389,4.526296355244582
67.0,316.2277660168389,4.526296355244582
68.0,316.2277660168389,4.526296355244582
69.0,316.2277660168389,4.526296355244582
70.0,316.2277660168389,4.526296355244582
71.0,316.2277660168389,4.526296355244582
72.0,316.2277660168389,4.526296355244582
73.0,316.2277660168389,4.526296355244582
74.0,316.2277660168389,4.526296355244582
75.0,316.2277660168389,4.526296355244582
76.0,316.2277660168389,4.526296355244582
77.0,316.2277660168389,4.526296355244582
78.0,316.2277660168389,4.526296355244582
79.0,316.2277660168389,4.526296355244582
80.0,316.2277660168389,4.526296355244582
81.0,316.2277660168389,4.526296355244582
82.0,316.2277660168389,4.526296355244582
83.0,316.2277660168389,4.526296355244582
84.0,316.2277660168389,4.526296355244582
85.0,316.2277660168389,4.526296355244582
86.0,316.2277660168389,4.526296355244582
87.0,316.2277660168389,4.526296355244582
88.0,316.2277660168389,4.526296355244582
89.0,316.2277660168389,4.526296355244582
90.0,316.2277660168389,4.526296355244582
91.0,316.2277660168389,4.526296355244582
92.0,316.2277660168389,4.526296355244582
93.0,316.2277660168389,4.526296355244582
94.0,316.2277660168389,4.526296355244582
95.0,316.2277660168389,4.526296355244582
96.0,316.2277660168389,4.526296355244582
97.0,316.2277660168389,4.526296355244582
98.0,316.2277660168389,4.526296355244582
99.0,316.2277660168389,4.526296355244582
100.0,316.2277660168389,4.526296355244582
-100.0,354.81338923357674,4.827476358909374
-99.0,354.81338923357674,4.827476358909374
-98.0,354.81338923357674,4.827476358909374
-97.0,354.81338923357674,4.827476358909374
-96.0,354.81338923357674,4.827476358909374
-95.0,354.81338923357674,4.827476358909374
-94.0,354.81338923357674,4.827476358909374
-93.0,354.81338923357674,4.827476358909374
-92.0,354.81338923357674,4.827476358909374
-91.0,354.81338923357674,4.827476358909374
-90.0,354.81338923357674,4.827476358909374
-89.0,354.81338923357674,4.827476358909374
-88.0,354.81338923357674,4.827476358909374
-87.0,354.81338923357674,4.827476358909374
-86.0,354.81338923357674,4.827476358909374
-85.0,354.81338923357674,4.827476358909374
-84.0,354.81338923357674,4.827476358909374
-83.0,354.81338923357674,4.827476358909374
-82.0,354.81338923357674,4.827476358909374
-81.0,354.81338923357674,4.827476358909374
-80.0,354.81338923357674,4.827476358909374
-79.0,354.81338923357674,4.827476358909374
-78.0,354.81338923357674,4.827476358909374
-77.0,354.81338923357674,4.827476358909374
-76.0,354.81338923357674,4.827476358909374
-75.0,354.81338923357674,4.827476358909374
-74.0,354.81338923357674,4.827476358909374
-73.0,354.81338923357674,4.827476358909374
-72.0,354.81338923357674,4.827476358909374
-71.0,354.81338923357674,4.827476358909374
-70.0,354.81338923357674,4.827476358909374
-69.0,354.81338923357674,4.827476358909374
-68.0,354.81338923357674,4.827476358909374
-67.0,354.81338923357674,4.827476358909374
-66.0,354.81338923357674,4.827476358909374
-65.0,354.81338923357674,4.827476358909374
-64.0,354.81338923357674,4.827476358909374
-63.0,354.81338923357674,4.827476358909374
-62.0,354.81338923357674,4.827476358909374
-61.0,354.81338923357674,4.827476358909374
-60.0,354.81338923357674,4.827476358909374
-59.0,354.81338923357674,4.827476358909374
-58.0,354.81338923357674,4.827476358909374
-57.0,354.81338923357674,4.827476358909374
-56.0,354.81338923357674,4.827476358909374
-55.0,354.81338923357674,4.827476358909374
-54.0,354.81338923357674,4.827476358909374
-53.0,354.81338923357674,4.827476358909374
-52.0,354.81338923357674,4.827476358909374
-51.0,354.81338923357674,4.827476358909374
-50.0,354.81338923357674,4.827476358909374
-49.0,354.81338923357674,4.827476358909374
-48.0,354.81338923357674,4.827476358909374
-47.0,354.81338923357674,4.827476358909374
-46.0,354.81338923357674,4.827476358909374
-45.0,354.81338923357674,4.827476358909374
-44.0,354.81338923357674,4.827476358909374
-43.0,354.81338923357674,4.827476358909374
-42.0,354.81338923357674,4.827476358909374
-41.0,354.81338923357674,4.827476358909374
-40.0,354.81338923357674,4.827476358909374
-39.0,354.81338923357674,4.827476358909374
-38.0,354.81338923357674,4.827476358909374
-37.0,354.81338923357674,4.827476358909374
-36.0,354.81338923357674,4.827476358909374
-35.0,354.81338923357674,4.827476358909374
-34.0,354.81338923357674,4.827476358909374
-33.0,354.81338923357674,4.827476358909374
-32.0,354.81338923357674,4.827476358909374
-31.0,354.81338923357674,4.827476358909374
-30.0,354.81338923357674,4.827476358909374
-29.0,354.81338923357674,4.827476358909374
-28.0,354.81338923357674,4.827476358909374
-27.0,354.81338923357674,4.827476358909374
-26.0,354.81338923357674,4.827476358909374
-25.0,354.81338923357674,4.827476358909374
-24.0,354.81338923357674,4.827476358909373
-23.0,354.81338923357674,4.827476358909364
-22.0,354.81338923357674,4.827476358909216
-21.0,354.81338923357674,4.827476358907047
-20.0,354.81338923357674,4.8274763588792045
-19.5,354.81338923357674,4.827476358805704
-19.0,354.81338923357674,4.827476358564101
-18.5,354.81338923357674,4.827476357794817
-18.0,354.81338923357674,4.827476355422234
-17.5,354.81338923357674,4.827476348334752
-17.0,354.81338923357674,4.8274763278288315
-16.5,354.81338923357674,4.827476270369148
-16.0,354.81338923357674,4.827476114441971
-15.5,354.81338923357674,4.827475704680678
-15.0,354.81338923357674,4.827474661969254
-14.5,354.81338923357674,4.827472092802382
-14.0,354.81338923357674,4.8274659638908854
-13.5,354.81338923357674,4.827451809158662
-13.0,354.81338923357674,4.82742016397035
-12.5,354.81338923357674,4.827351684988002
-12.0,354.81338923357674,4.827208267849115
-11.5,354.81338923357674,4.826917609158601
-11.0,354.81338923357674,4.826347653386718
-10.5,354.81338923357674,4.825266460776152
-10.0,354.81338923357674,4.823282709142305
-9.5,354.81338923357674,4.819763056523376
-9.0,354.81338923357674,4.813725910696209
-8.5,354.81338923357674,4.803717714939224
-8.0,354.81338923357674,4.787688117729216
-7.5,354.81338923357674,4.762893668736487
-7.0,354.81338923357674,4.725873525676857
-6.5,354.81338923357674,4.672550539035703
-6.0,354.81338923357674,4.598510839740473
-5.5,354.81338923357674,4.499498395663081
-5.0,354.81338923357674,4.372124051695818
-4.5,354.81338923357674,4.214732854947633
-4.0,354.81338923357674,4.028308171576605
-3.5,354.81338923357674,3.817233110444324
-3.0,354.81338923357674,3.5897004566638637
-2.5,354.81338923357674,3.3575811057167226
-2.0,354.81338923357674,3.135637293049583
-1.5,354.81338923357674,2.940093493941347
-1.0,354.81338923357674,2.7867289005171583
-0.5,354.81338923357674,2.68879138512602
0.0,354.81338923357674,2.655111997400156
0.5,354.81338923357674,2.68879138512602
1.0,354.81338923357674,2.7867289005171583
1.5,354.81338923357674,2.940093493941347
2.0,354.81338923357674,3.135637293049583
2.5,354.81338923357674,3.3575811057167226
3.0,354.81338923357674,3.5897004566638637
3.5,354.81338923357674,3.817233110444324
4.0,354.81338923357674,4.028308171576605
4.5,354.81338923357674,4.214732854947633
5.0,354.81338923357674,4.372124051695818
5.5,354.81338923357674,4.499498395663081
6.0,354.81338923357674,4.598510839740473
6.5,354.81338923357674,4.672550539035703
7.0,354.81338923357674,4.725873525676857
7.5,354.81338923357674,4.762893668736487
8.0,354.81338923357674,4.787688117729216
8.5,354.81338923357674,4.803717714939224
9.0,354.81338923357674,4.813725910696209
9.5,354.81338923357674,4.819763056523376
10.0,354.81338923357674,4.823282709142305
10.5,354.81338923357674,4.825266460776152
11.0,354.81338923357674,4.826347653386718
11.5,354.81338923357674,4.826917609158601
12.0,354.81338923357674,4.827208267849115
12.5,354.81338923357674,4.827351684988002
13.0,354.81338923357674,4.82742016397035
13.5,354.81338923357674,4.827451809158662
14.0,354.81338923357674,4.8274659638908854
14.5,354.81338923357674,4.827472092802382
15.0,354.81338923357674,4.827474661969254
15.5,354.81338923357674,4.827475704680678
16.0,354.81338923357674,4.827476114441971
16.5,354.81338923357674,4.827476270369148
17.0,354.81338923357674,4.8274763278288315
17.5,354.81338923357674,4.827476348334752
18.0,354.81338923357674,4.827476355422234
18.5,354.81338923357674,4.827476357794817
19.0,354.81338923357674,4.827476358564101
19.5,354.81338923357674,4.827476358805704
20.0,354.81338923357674,4.8274763588792045
21.0,354.81338923357674,4.827476358907047
22.0,354.81338923357674,4.827476358909216
23.0,354.81338923357674,4.827476358909364
24.0,354.81338923357674,4.827476358909373
25.0,354.81338923357674,4.827476358909374
26.0,354.81338923357674,4.827476358909374
27.0,354.81338923357674,4.827476358909374
28.0,354.81338923357674,4.827476358909374
29.0,354.81338923357674,4.827476358909374
30.0,354.81338923357674,4.827476358909374
31.0,354.81338923357674,4.827476358909374
32.0,354.81338923357674,4.827476358909374
33.0,354.81338923357674,4.827476358909374
34.0,354.81338923357674,4.827476358909374
35.0,354.81338923357674,4.827476358909374
36.0,354.81338923357674,4.827476358909374
37.0,354.81338923357674,4.827476358909374
38.0,354.81338923357674,4.827476358909374
39.0,354.81338923357674,4.827476358909374
40.0,354.81338923357674,4.827476358909374
41.0,354.81338923357674,4.827476358909374
42.0,354.81338923357674,4.827476358909374
43.0,354.81338923357674,4.827476358909374
44.0,354.81338923357674,4.827476358909374
45.0,354.81338923357674,4.827476358909374
46.0,354.81338923357674,4.827476358909374
47.0,354.81338923357674,4.827476358909374
48.0,354.81338923357674,4.827476358909374
49.0,354.81338923357674,4.827476358909374
50.0,354.81338923357674,4.827476358909374
51.0,354.81338923357674,4.827476358909374
52.0,354.81338923357674,4.827476358909374
53.0,354.81338923357674,4.827476358909374
54.0,354.81338923357674,4.827476358909374
55.0,354.81338923357674,4.827476358909374
56.0,354.81338923357674,4.827476358909374
57.0,354.81338923357674,4.827476358909374
58.0,354.81338923357674,4.827476358909374
59.0,354.81338923357674,4.827476358909374
60.0,354.81338923357674,4.827476358909374
61.0,354.81338923357674,4.827476358909374
62.0,354.81338923357674,4.827476358909374
63.0,354.81338923357674,4.827476358909374
64.0,354.81338923357674,4.827476358909374
65.0,354.81338923357674,4.827476358909374
66.0,354.81338923357674,4.827476358909374
67.0,354.81338923357674,4.827476358909374
68.0,354.81338923357674,4.827476358909374
69.0,354.81338923357674,4.827476358909374
70.0,354.81338923357674,4.827476358909374
71.0,354.81338923357674,4.827476358909374
72.0,354.81338923357674,4.827476358909374
73.0,354.81338923357674,4.827476358909374
74.0,354.81338923357674,4.827476358909374
75.0,354.81338923357674,4.827476358909374
76.0,354.81338923357674,4.827476358909374
77.0,354.81338923357674,4.827476358909374
78.0,354.81338923357674,4.827476358909374
79.0,354.81338923357674,4.827476358909374
80.0,354.81338923357674,4.827476358909374
81.0,354.81338923357674,4.827476358909374
82.0,354.81338923357674,4.827476358909374
83.0,354.81338923357674,4.827476358909374
84.0,354.81338923357674,4.827476358909374
85.0,354.81338923357674,4.827476358909374
86.0,354.81338923357674,4.827476358909374
87.0,354.81338923357674,4.827476358909374
88.0,354.81338923357674,4.827476358909374
89.0,354.81338923357674,4.827476358909374
90.0,354.81338923357674,4.827476358909374
91.0,354.81338923357674,4.827476358909374
92.0,354.81338923357674,4.827476358909374
93.0,354.81338923357674,4.827476358909374
94.0,354.81338923357674,4.827476358909374
95.0,354.81338923357674,4.827476358909374
96.0,354.81338923357674,4.827476358909374
97.0,354.81338923357674,4.827476358909374
98.0,354.81338923357674,4.827476358909374
99.0,354.81338923357674,4.827476358909374
100.0,354.81338923357674,4.827476358909374
-100.0,398.1071705534986,5.140544374073417
-99.0,398.1071705534986,5.140544374073417
-98.0,398.1071705534986,5.140544374073417
-97.0,398.1071705534986,5.140544374073417
-96.0,398.1071705534986,5.140544374073417
-95.0,398.1071705534986,5.140544374073417
-94.0,398.1071705534986,5.140544374073417
-93.0,398.1071705534986,5.140544374073417
-92.0,398.1071705534986,5.140544374073417
-91.0,398.1071705534986,5.140544374073417
-90.0,398.1071705534986,5.140544374073417
-89.0,398.1071705534986,5.140544374073417
-88.0,398.1071705534986,5.140544374073417
-87.0,398.1071705534986,5.140544374073417
-86.0,398.1071705534986,5.140544374073417
-85.0,398.1071705534986,5.140544374073417
-84.0,398.1071705534986,5.140544374073417
-83.0,398.1071705534986,5.140544374073417
-82.0,398.1071705534986,5.140544374073417
-81.0,398.1071705534986,5.140544374073417
-80.0,398.1071705534986,5.140544374073417
-79.0,398.1071705534986,5.140544374073417
-78.0,398.1071705534986,5.140544374073417
-77.0,398.1071705534986,5.140544374073417
-76.0,398.1071705534986,5.140544374073417
-75.0,398.1071705534986,5.140544374073417
-74.0,398.1071705534986,5.140544374073417
-73.0,398.1071705534986,5.140544374073417
-72.0,398.1071705534986,5.140544374073417
-71.0,398.1071705534986,5.140544374073417
-70.0,398.1071705534986,5.140544374073417
-69.0,398.1071705534986,5.140544374073417
-68.0,398.1071705534986,5.140544374073417
-67.0,398.1071705534986,5.140544374073417
-66.0,398.1071705534986,5.140544374073417
-65.0,398.1071705534986,5.140544374073417
-64.0,398.1071705534986,5.140544374073417
-63.0,398.1071705534986,5.140544374073417
-62.0,398.1071705534986,5.140544374073417
-61.0,398.1071705534986,5.140544374073417
-60.0,398.1071705534986,5.140544374073417
-59.0,398.1071705534986,5.140544374073417
-58.0,398.1071705534986,5.140544374073417
-57.0,398.1071705534986,5.140544374073417
-56.0,398.1071705534986,5.140544374073417
-55.0,398.1071705534986,5.140544374073417
-54.0,398.1071705534986,5.140544374073417
-53.0,398.1071705534986,5.140544374073417
-52.0,398.1071705534986,5.140544374073417
-51.0,398.1071705534986,5.140544374073417
-50.0,398.1071705534986,5.140544374073417
-49.0,398.1071705534986,5.140544374073417
-48.0,398.1071705534986,5.140544374073417
-47.0,398.1071705534986,5.140544374073417
-46.0,398.1071705534986,5.140544374073417
-45.0,398.1071705534986,5.140544374073417
-44.0,398.1071705534986,5.140544374073417
-43.0,398.1071705534986,5.140544374073417
-42.0,398.1071705534986,5.140544374073417
-41.0,398.1071705534986,5.140544374073417
-40.0,398.1071705534986,5.140544374073417
-39.0,398.1071705534986,5.140544374073417
-38.0,398.1071705534986,5.140544374073417
-37.0,398.1071705534986,5.140544374073417
-36.0,398.1071705534986,5.140544374073417
-35.0,398.1071705534986,5.140544374073417
-34.0,398.1071705534986,5.140544374073417
-33.0,398.1071705534986,5.140544374073417
-32.0,398.1071705534986,5.140544374073417
-31.0,398.1071705534986,5.140544374073417
-30.0,398.1071705534986,5.140544374073417
-29.0,398.1071705534986,5.140544374073417
-28.0,398.1071705534986,5.140544374073417
-27.0,398.1071705534986,5.140544374073417
-26.0,398.1071705534986,5.140544374073417
-25.0,398.1071705534986,5.140544374073417
-24.0,398.1071705534986,5.140544374073416
-23.0,398.1071705534986,5.140544374073406
-22.0,398.1071705534986,5.140544374073248
-21.0,398.1071705534986,5.14054437407094
-20.0,398.1071705534986,5.140544374041291
-19.5,398.1071705534986,5.140544373963024
-19.0,398.1071705534986,5.140544373705752
-18.5,398.1071705534986,5.14054437288658
-18.0,398.1071705534986,5.140544370360131
-17.5,398.1071705534986,5.140544362813017
-17.0,398.1071705534986,5.140544340977262
-16.5,398.1071705534986,5.140544279791244
-16.0,398.1071705534986,5.14054411375199
-15.5,398.1071705534986,5.140543677417154
-15.0,398.1071705534986,5.14054256708456
-14.5,398.1071705534986,5.140539831303931
-14.0,398.1071705534986,5.140533304924687
-13.5,398.1071705534986,5.140518232239978
-13.0,398.1071705534986,5.140484534820737
-12.5,398.1071705534986,5.140411614888812
-12.0,398.1071705534986,5.14025889696507
-11.5,398.1071705534986,5.139949388686786
-11.0,398.1071705534986,5.139342470554249
-10.5,398.1071705534986,5.138191161220279
-10.0,398.1071705534986,5.13607876075619
-9.5,398.1071705534986,5.132330854164056
-9.0,398.1071705534986,5.125902191709806
-8.5,398.1071705534986,5.115244951659682
-8.0,398.1071705534986,5.098175814572248
-7.5,398.1071705534986,5.071773413855651
-7.0,398.1071705534986,5.03235246717792
-6.5,398.1071705534986,4.975571416664624
-6.0,398.1071705534986,4.896730148189481
-5.5,398.1071705534986,4.791296620498361
-5.0,398.1071705534986,4.655661887440831
-4.5,398.1071705534986,4.488063670314534
-4.0,398.1071705534986,4.289549107830408
-3.5,398.1071705534986,4.064785559064757
-3.0,398.1071705534986,3.8224971217220243
-2.5,398.1071705534986,3.5753245340359663
-2.0,398.1071705534986,3.33898738129966
-1.5,398.1071705534986,3.1307623167614094
-1.0,398.1071705534986,2.967451833333816
-0.5,398.1071705534986,2.863162944828853
0.0,398.1071705534986,2.8272994057403795
0.5,398.1071705534986,2.863162944828853
1.0,398.1071705534986,2.967451833333816
1.5,398.1071705534986,3.1307623167614094
2.0,398.1071705534986,3.33898738129966
2.5,398.1071705534986,3.5753245340359663
3.0,398.1071705534986,3.8224971217220243
3.5,398.1071705534986,4.064785559064757
4.0,398.1071705534986,4.289549107830408
4.5,398.1071705534986,4.488063670314534
5.0,398.1071705534986,4.655661887440831
5.5,398.1071705534986,4.791296620498361
6.0,398.1071705534986,4.896730148189481
6.5,398.1071705534986,4.975571416664624
7.0,398.1071705534986,5.03235246717792
7.5,398.1071705534986,5.071773413855651
8.0,398.1071705534986,5.098175814572248
8.5,398.1071705534986,5.115244951659682
9.0,398.1071705534986,5.125902191709806
9.5,398.1071705534986,5.132330854164056
10.0,398.1071705534986,5.13607876075619
10.5,398.1071705534986,5.138191161220279
11.0,398.1071705534986,5.139342470554249
11.5,398.1071705534986,5.139949388686786
12.0,398.1071705534986,5.14025889696507
12.5,398.1071705534986,5.140411614888812
13.0,398.1071705534986,5.140484534820737
13.5,398.1071705534986,5.140518232239978
14.0,398.1071705534986,5.140533304924687
14.5,398.1071705534986,5.140539831303931
15.0,398.1071705534986,5.14054256708456
15.5,398.1071705534986,5.140543677417154
16.0,398.1071705534986,5.14054411375199
16.5,398.1071705534986,5.140544279791244
17.0,398.1071705534986,5.140544340977262
17.5,398.1071705534986,5.140544362813017
18.0,398.1071705534986,5.140544370360131
18.5,398.1071705534986,5.14054437288658
19.0,398.1071705534986,5.140544373705752
19.5,398.1071705534986,5.140544373963024
20.0,398.1071705534986,5.140544374041291
21.0,398.1071705534986,5.14054437407094
22.0,398.1071705534986,5.140544374073248
23.0,398.1071705534986,5.140544374073406
24.0,398.1071705534986,5.140544374073416
25.0,398.1071705534986,5.140544374073417
26.0,398.1071705534986,5.140544374073417
27.0,398.1071705534986,5.140544374073417
28.0,398.1071705534986,5.140544374073417
29.0,398.1071705534986,5.140544374073417
30.0,398.1071705534986,5.140544374073417
31.0,398.1071705534986,5.140544374073417
32.0,398.1071705534986,5.140544374073417
33.0,398.1071705534986,5.140544374073417
34.0,398.1071705534986,5.140544374073417
35.0,398.1071705534986,5.140544374073417
36.0,398.1071705534986,5.140544374073417
37.0,398.1071705534986,5.140544374073417
38.0,398.1071705534986,5.140544374073417
39.0,398.1071705534986,5.140544374073417
40.0,398.1071705534986,5.140544374073417
41.0,398.1071705534986,5.140544374073417
42.0,398.1071705534986,5.140544374073417
43.0,398.1071705534986,5.140544374073417
44.0,398.1071705534986,5.140544374073417
45.0,398.1071705534986,5.140544374073417
46.0,398.1071705534986,5.140544374073417
47.0,398.1071705534986,5.140544374073417
48.0,398.1071705534986,5.140544374073417
49.0,398.1071705534986,5.140544374073417
50.0,398.1071705534986,5.140544374073417
51.0,398.1071705534986,5.140544374073417
52.0,398.1071705534986,5.140544374073417
53.0,398.1071705534986,5.140544374073417
54.0,398.1071705534986,5.140544374073417
55.0,398.1071705534986,5.140544374073417
56.0,398.1071705534986,5.140544374073417
57.0,398.1071705534986,5.140544374073417
58.0,398.1071705534986,5.140544374073417
59.0,398.1071705534986,5.140544374073417
60.0,398.1071705534986,5.140544374073417
61.0,398.1071705534986,5.140544374073417
62.0,398.1071705534986,5.140544374073417
63.0,398.1071705534986,5.140544374073417
64.0,398.1071705534986,5.140544374073417
65.0,398.1071705534986,5.140544374073417
66.0,398.1071705534986,5.140544374073417
67.0,398.1071705534986,5.140544374073417
68.0,398.1071705534986,5.140544374073417
69.0,398.1071705534986,5.140544374073417
70.0,398.1071705534986,5.140544374073417
71.0,398.1071705534986,5.140544374073417
72.0,398.1071705534986,5.140544374073417
73.0,398.1071705534986,5.140544374073417
74.0,398.1071705534986,5.140544374073417
75.0,398.1071705534986,5.140544374073417
76.0,398.1071705534986,5.140544374073417
77.0,398.1071705534986,5.140544374073417
78.0,398.1071705534986,5.140544374073417
79.0,398.1071705534986,5.140544374073417
80.0,398.1071705534986,5.140544374073417
81.0,398.1071705534986,5.140544374073417
82.0,398.1071705534986,5.140544374073417
83.0,398.1071705534986,5.140544374073417
84.0,398.1071705534986,5.140544374073417
85.0,398.1071705534986,5.140544374073417
86.0,398.1071705534986,5.140544374073417
87.0,398.1071705534986,5.140544374073417
88.0,398.1071705534986,5.140544374073417
89.0,398.1071705534986,5.140544374073417
90.0,398.1071705534986,5.140544374073417
91.0,398.1071705534986,5.140544374073417
92.0,398.1071705534986,5.140544374073417
93.0,398.1071705534986,5.140544374073417
94.0,398.1071705534986,5.140544374073417
95.0,398.1071705534986,5.140544374073417
96.0,398.1071705534986,5.140544374073417
97.0,398.1071705534986,5.140544374073417
98.0,398.1071705534986,5.140544374073417
99.0,398.1071705534986,5.140544374073417
100.0,398.1071705534986,5.140544374073417
-100.0,446.6835921509644,5.465576136896309
-99.0,446.6835921509644,5.465576136896309
-98.0,446.6835921509644,5.465576136896309
-97.0,446.6835921509644,5.465576136896309
-96.0,446.6835921509644,5.465576136896309
-95.0,446.6835921509644,5.465576136896309
-94.0,446.6835921509644,5.465576136896309
-93.0,446.6835921509644,5.465576136896309
-92.0,446.6835921509644,5.465576136896309
-91.0,446.6835921509644,5.465576136896309
-90.0,446.6835921509644,5.465576136896309
-89.0,446.6835921509644,5.465576136896309
-88.0,446.6835921509644,5.465576136896309
-87.0,446.6835921509644,5.465576136896309
-86.0,446.6835921509644,5.465576136896309
-85.0,446.6835921509644,5.465576136896309
-84.0,446.6835921509644,5.465576136896309
-83.0,446.6835921509644,5.465576136896309
-82.0,446.6835921509644,5.465576136896309
-81.0,446.6835921509644,5.465576136896309
-80.0,446.6835921509644,5.465576136896309
-79.0,446.6835921509644,5.465576136896309
-78.0,446.6835921509644,5.465576136896309
-77.0,446.6835921509644,5.465576136896309
-76.0,446.6835921509644,5.465576136896309
-75.0,446.6835921509644,5.465576136896309
-74.0,446.6835921509644,5.465576136896309
-73.0,446.6835921509644,5.465576136896309
-72.0,446.6835921509644,5.465576136896309
-71.0,446.6835921509644,5.465576136896309
-70.0,446.6835921509644,5.465576136896309
-69.0,446.6835921509644,5.465576136896309
-68.0,446.6835921509644,5.465576136896309
-67.0,446.6835921509644,5.465576136896309
-66.0,446.6835921509644,5.465576136896309
-65.0,446.6835921509644,5.465576136896309
-64.0,446.6835921509644,5.465576136896309
-63.0,446.6835921509644,5.465576136896309
-62.0,446.6835921509644,5.465576136896309
-61.0,446.6835921509644,5.465576136896309
-60.0,446.6835921509644,5.465576136896309
-59.0,446.6835921509644,5.465576136896309
-58.0,446.6835921509644,5.465576136896309
-57.0,446.6835921509644,5.465576136896309
-56.0,446.6835921509644,5.465576136896309
-55.0,446.6835921509644,5.465576136896309
-54.0,446.6835921509644,5.465576136896309
-53.0,446.6835921509644,5.465576136896309
-52.0,446.6835921509644,5.465576136896309
-51.0,446.6835921509644,5.465576136896309
-50.0,446.6835921509644,5.465576136896309
-49.0,446.6835921509644,5.465576136896309
-48.0,446.6835921509644,5.465576136896309
-47.0,446.6835921509644,5.465576136896309
-46.0,446.6835921509644,5.465576136896309
-45.0,446.6835921509644,5.465576136896309
-44.0,446.6835921509644,5.465576136896309
-43.0,446.6835921509644,5.465576136896309
-42.0,446.6835921509644,5.465576136896309
-41.0,446.6835921509644,5.465576136896309
-40.0,446.6835921509644,5.465576136896309
-39.0,446.6835921509644,5.465576136896309
-38.0,446.6835921509644,5.465576136896309
-37.0,446.6835921509644,5.465576136896309
-36.0,446.6835921509644,5.465576136896309
-35.0,446.6835921509644,5.465576136896309
-34.0,446.6835921509644,5.465576136896309
-33.0,446.6835921509644,5.465576136896309
-32.0,446.6835921509644,5.465576136896309
-31.0,446.6835921509644,5.465576136896309
-30.0,446.6835921509644,5.465576136896309
-29.0,446.6835921509644,5.465576136896309
-28.0,446.6835921509644,5.465576136896309
-27.0,446.6835921509644,5.465576136896309
-26.0,446.6835921509644,5.465576136896309
-25.0,446.6835921509644,5.465576136896309
-24.0,446.6835921509644,5.465576136896308
-23.0,446.6835921509644,5.465576136896298
-22.0,446.6835921509644,5.4655761368961295
-21.0,446.6835921509644,5.465576136893675
-20.0,446.6835921509644,5.465576136862151
-19.5,446.6835921509644,5.465576136778936
-19.0,446.6835921509644,5.465576136505397
-18.5,446.6835921509644,5.465576135634429
-18.0,446.6835921509644,5.465576132948236
-17.5,446.6835921509644,5.465576124923925
-17.0,446.6835921509644,5.465576101707515
-16.5,446.6835921509644,5.465576036652764
-16.0,446.6835921509644,5.465575860115004
-15.5,446.6835921509644,5.465575396191128
-15.0,446.6835921509644,5.4655742156532545
-14.5,446.6835921509644,5.4655713068918015
-14.0,446.6835921509644,5.465564367855765
-13.5,446.6835921509644,5.465548342139446
-13.0,446.6835921509644,5.4655125140642316
-12.5,446.6835921509644,5.465434983473923
-12.0,446.6835921509644,5.465272609340185
-11.5,446.6835921509644,5.464943531145959
-11.0,446.6835921509644,5.464298238153455
-10.5,446.6835921509644,5.463074132618314
-10.0,446.6835921509644,5.460828167069156
-9.5,446.6835921509644,5.456843283885072
-9.0,446.6835921509644,5.450008143179095
-8.5,446.6835921509644,5.438677055911974
-8.0,446.6835921509644,5.420528653417285
-7.5,446.6835921509644,5.392456853854342
-7.0,446.6835921509644,5.350543357972009
-6.5,446.6835921509644,5.290172095294346
-6.0,446.6835921509644,5.206345767920594
-5.5,446.6835921509644,5.094245777911024
-5.0,446.6835921509644,4.9500349888606605
-4.5,446.6835921509644,4.771839694850195
-4.0,446.6835921509644,4.560773244181686
-3.5,446.6835921509644,4.321798108635053
-3.0,446.6835921509644,4.0641900023680915
-2.5,446.6835921509644,3.801388925547247
-2.0,446.6835921509644,3.550108397988256
-1.5,446.6835921509644,3.32871745939742
-1.0,446.6835921509644,3.1550810084354057
-0.5,446.6835921509644,3.044198032066019
0.0,446.6835921509644,3.0060668752929702
0.5,446.6835921509644,3.044198032066019
1.0,446.6835921509644,3.1550810084354057
1.5,446.6835921509644,3.32871745939742
2.0,446.6835921509644,3.550108397988256
2.5,446.6835921509644,3.801388925547247
3.0,446.6835921509644,4.0641900023680915
3.5,446.6835921509644,4.321798108635053
4.0,446.6835921509644,4.560773244181686
4.5,446.6835921509644,4.771839694850195
5.0,446.6835921509644,4.9500349888606605
5.5,446.6835921509644,5.094245777911024
6.0,446.6835921509644,5.206345767920594
6.5,446.6835921509644,5.290172095294346
7.0,446.6835921509644,5.350543357972009
7.5,446.6835921509644,5.392456853854342
8.0,446.6835921509644,5.420528653417285
8.5,446.6835921509644,5.438677055911974
9.0,446.6835921509644,5.450008143179095
9.5,446.6835921509644,5.456843283885072
10.0,446.6835921509644,5.460828167069156
10.5,446.6835921509644,5.463074132618314
11.0,446.6835921509644,5.464298238153455
11.5,446.6835921509644,5.464943531145959
12.0,446.6835921509644,5.465272609340185
12.5,446.6835921509644,5.465434983473923
13.0,446.6835921509644,5.4655125140642316
13.5,446.6835921509644,5.465548342139446
14.0,446.6835921509644,5.465564367855765
14.5,446.6835921509644,5.4655713068918015
15.0,446.6835921509644,5.4655742156532545
15.5,446.6835921509644,5.465575396191128
16.0,446.6835921509644,5.465575860115004
16.5,446.6835921509644,5.465576036652764
17.0,446.6835921509644,5.465576101707515
17.5,446.6835921509644,5.465576124923925
18.0,446.6835921509644,5.465576132948236
18.5,446.6835921509644,5.465576135634429
19.0,446.6835921509644,5.465576136505397
19.5,446.6835921509644,5.465576136778936
20.0,446.6835921509644,5.465576136862151
21.0,446.6835921509644,5.465576136893675
22.0,446.6835921509644,5.4655761368961295
23.0,446.6835921509644,5.465576136896298
24.0,446.6835921509644,5.465576136896308
25.0,446.6835921509644,5.465576136896309
26.0,446.6835921509644,5.465576136896309
27.0,446.6835921509644,5.465576136896309
28.0,446.6835921509644,5.465576136896309
29.0,446.6835921509644,5.465576136896309
30.0,446.6835921509644,5.465576136896309
31.0,446.6835921509644,5.465576136896309
32.0,446.6835921509644,5.465576136896309
33.0,446.6835921509644,5.465576136896309
34.0,446.6835921509644,5.465576136896309
35.0,446.6835921509644,5.465576136896309
36.0,446.6835921509644,5.465576136896309
37.0,446.6835921509644,5.465576136896309
38.0,446.6835921509644,5.465576136896309
39.0,446.6835921509644,5.465576136896309
40.0,446.6835921509644,5.465576136896309
41.0,446.6835921509644,5.465576136896309
42.0,446.6835921509644,5.465576136896309
43.0,446.6835921509644,5.465576136896309
44.0,446.6835921509644,5.465576136896309
45.0,446.6835921509644,5.465576136896309
46.0,446.6835921509644,5.465576136896309
47.0,446.6835921509644,5.465576136896309
48.0,446.6835921509644,5.465576136896309
49.0,446.6835921509644,5.465576136896309
50.0,446.6835921509644,5.465576136896309
51.0,446.6835921509644,5.465576136896309
52.0,446.6835921509644,5.465576136896309
53.0,446.6835921509644,5.465576136896309
54.0,446.6835921509644,5.465576136896309
55.0,446.6835921509644,5.465576136896309
56.0,446.6835921509644,5.465576136896309
57.0,446.6835921509644,5.465576136896309
58.0,446.6835921509644,5.465576136896309
59.0,446.6835921509644,5.465576136896309
60.0,446.6835921509644,5.465576136896309
61.0,446.6835921509644,5.465576136896309
62.0,446.6835921509644,5.465576136896309
63.0,446.6835921509644,5.465576136896309
64.0,446.6835921509644,5.465576136896309
65.0,446.6835921509644,5.465576136896309
66.0,446.6835921509644,5.465576136896309
67.0,446.6835921509644,5.465576136896309
68.0,446.6835921509644,5.465576136896309
69.0,446.6835921509644,5.465576136896309
70.0,446.6835921509644,5.465576136896309
71.0,446.6835921509644,5.465576136896309
72.0,446.6835921509644,5.465576136896309
73.0,446.6835921509644,5.465576136896309
74.0,446.6835921509644,5.465576136896309
75.0,446.6835921509644,5.465576136896309
76.0,446.6835921509644,5.465576136896309
77.0,446.6835921509644,5.465576136896309
78.0,446.6835921509644,5.465576136896309
79.0,446.6835921509644,5.465576136896309
80.0,446.6835921509644,5.465576136896309
81.0,446.6835921509644,5.465576136896309
82.0,446.6835921509644,5.465576136896309
83.0,446.6835921509644,5.465576136896309
84.0,446.6835921509644,5.465576136896309
85.0,446.6835921509644,5.465576136896309
86.0,446.6835921509644,5.465576136896309
87.0,446.6835921509644,5.465576136896309
88.0,446.6835921509644,5.465576136896309
89.0,446.6835921509644,5.465576136896309
90.0,446.6835921509644,5.465576136896309
91.0,446.6835921509644,5.465576136896309
92.0,446.6835921509644,5.465576136896309
93.0,446.6835921509644,5.465576136896309
94.0,446.6835921509644,5.465576136896309
95.0,446.6835921509644,5.465576136896309
96.0,446.6835921509644,5.465576136896309
97.0,446.6835921509644,5.465576136896309
98.0,446.6835921509644,5.465576136896309
99.0,446.6835921509644,5.465576136896309
100.0,446.6835921509644,5.465576136896309
-100.0,501.18723362727405,5.802645512642224
-99.0,501.18723362727405,5.802645512642224
-98.0,501.18723362727405,5.802645512642224
-97.0,501.18723362727405,5.802645512642224
-96.0,501.18723362727405,5.802645512642224
-95.0,501.18723362727405,5.802645512642224
-94.0,501.18723362727405,5.802645512642224
-93.0,501.18723362727405,5.802645512642224
-92.0,501.18723362727405,5.802645512642224
-91.0,501.18723362727405,5.802645512642224
-90.0,501.18723362727405,5.802645512642224
-89.0,501.18723362727405,5.802645512642224
-88.0,501.18723362727405,5.802645512642224
-87.0,501.18723362727405,5.802645512642224
-86.0,501.18723362727405,5.802645512642224
-85.0,501.18723362727405,5.802645512642224
-84.0,501.18723362727405,5.802645512642224
-83.0,501.18723362727405,5.802645512642224
-82.0,501.18723362727405,5.802645512642224
-81.0,501.18723362727405,5.802645512642224
-80.0,501.18723362727405,5.802645512642224
-79.0,501.18723362727405,5.802645512642224
-78.0,501.18723362727405,5.802645512642224
-77.0,501.18723362727405,5.802645512642224
-76.0,501.18723362727405,5.802645512642224
-75.0,501.18723362727405,5.802645512642224
-74.0,501.18723362727405,5.802645512642224
-73.0,501.18723362727405,5.802645512642224
-72.0,501.18723362727405,5.802645512642224
-71.0,501.18723362727405,5.802645512642224
-70.0,501.18723362727405,5.802645512642224
-69.0,501.18723362727405,5.802645512642224
-68.0,501.18723362727405,5.802645512642224
-67.0,501.18723362727405,5.802645512642224
-66.0,501.18723362727405,5.802645512642224
-65.0,501.18723362727405,5.802645512642224
-64.0,501.18723362727405,5.802645512642224
-63.0,501.18723362727405,5.802645512642224
-62.0,501.18723362727405,5.802645512642224
-61.0,501.18723362727405,5.802645512642224
-60.0,501.18723362727405,5.802645512642224
-59.0,501.18723362727405,5.802645512642224
-58.0,501.18723362727405,5.802645512642224
-57.0,501.18723362727405,5.802645512642224
-56.0,501.18723362727405,5.802645512642224
-55.0,501.18723362727405,5.802645512642224
-54.0,501.18723362727405,5.802645512642224
-53.0,501.18723362727405,5.802645512642224
-52.0,501.18723362727405,5.802645512642224
-51.0,501.18723362727405,5.802645512642224
-50.0,501.18723362727405,5.802645512642224
-49.0,501.18723362727405,5.802645512642224
-48.0,501.18723362727405,5.802645512642224
-47.0,501.18723362727405,5.802645512642224
-46.0,501.18723362727405,5.802645512642224
-45.0,501.18723362727405,5.802645512642224
-44.0,501.18723362727405,5.802645512642224
-43.0,501.18723362727405,5.802645512642224
-42.0,501.18723362727405,5.802645512642224
-41.0,501.18723362727405,5.802645512642224
-40.0,501.18723362727405,5.802645512642224
-39.0,501.18723362727405,5.802645512642224
-38.0,501.18723362727405,5.802645512642224
-37.0,501.18723362727405,5.802645512642224
-36.0,501.18723362727405,5.802645512642224
-35.0,501.18723362727405,5.802645512642224
-34.0,501.18723362727405,5.802645512642224
-33.0,501.18723362727405,5.802645512642224
-32.0,501.18723362727405,5.802645512642224
-31.0,501.18723362727405,5.802645512642224
-30.0,501.18723362727405,5.802645512642224
-29.0,501.18723362727405,5.802645512642224
-28.0,501.18723362727405,5.802645512642224
-27.0,501.18723362727405,5.802645512642224
-26.0,501.18723362727405,5.802645512642224
-25.0,501.18723362727405,5.802645512642224
-24.0,501.18723362727405,5.802645512642223
-23.0,501.18723362727405,5.802645512642212
-22.0,501.18723362727405,5.802645512642034
-21.0,501.18723362727405,5.802645512639427
-20.0,501.18723362727405,5.8026455126059595
-19.5,501.18723362727405,5.802645512517612
-19.0,501.18723362727405,5.802645512227204
-18.5,501.18723362727405,5.802645511302522
-18.0,501.18723362727405,5.802645508450667
-17.5,501.18723362727405,5.802645499931487
-17.0,501.18723362727405,5.80264547528329
-16.5,501.18723362727405,5.802645406216525
-16.0,501.18723362727405,5.802645218791446
-15.5,501.18723362727405,5.802644726256766
-15.0,501.18723362727405,5.802643472913545
-14.5,501.18723362727405,5.802640384764891
-14.0,501.18723362727405,5.8026330177892405
-13.5,501.18723362727405,5.802616003745605
-13.0,501.18723362727405,5.802577966105169
-12.5,501.18723362727405,5.802495654099869
-12.0,501.18723362727405,5.802323266136569
-11.5,501.18723362727405,5.801973893250856
-11.0,501.18723362727405,5.801288804178174
-10.5,501.18723362727405,5.799989206420761
-10.0,501.18723362727405,5.797604729178299
-9.5,501.18723362727405,5.79337409292928
-9.0,501.18723362727405,5.786117419972503
-8.5,501.18723362727405,5.774087529429024
-8.0,501.18723362727405,5.754819890728224
-7.5,501.18723362727405,5.725016865816343
-7.0,501.18723362727405,5.680518508697331
-6.5,501.18723362727405,5.61642406966752
-6.0,501.18723362727405,5.527428060794281
-5.5,501.18723362727405,5.40841471477114
-5.0,501.18723362727405,5.25531025386926
-4.5,501.18723362727405,5.066125418224292
-4.0,501.18723362727405,4.842042217814164
-3.5,501.18723362727405,4.588329166677312
-3.0,501.18723362727405,4.314834024644749
-2.5,501.18723362727405,4.035825654632731
-2.0,501.18723362727405,3.7690483215330324
-1.5,501.18723362727405,3.534003908249409
-1.0,501.18723362727405,3.349659065588777
-0.5,501.18723362727405,3.231937788061463
0.0,501.18723362727405,3.1914550319532236
0.5,501.18723362727405,3.231937788061463
1.0,501.18723362727405,3.349659065588777
1.5,501.18723362727405,3.534003908249409
2.0,501.18723362727405,3.7690483215330324
2.5,501.18723362727405,4.035825654632731
3.0,501.18723362727405,4.314834024644749
3.5,501.18723362727405,4.588329166677312
4.0,501.18723362727405,4.842042217814164
4.5,501.18723362727405,5.066125418224292
5.0,501.18723362727405,5.25531025386926
5.5,501.18723362727405,5.40841471477114
6.0,501.18723362727405,5.527428060794281
6.5,501.18723362727405,5.61642406966752
7.0,501.18723362727405,5.680518508697331
7.5,501.18723362727405,5.725016865816343
8.0,501.18723362727405,5.754819890728224
8.5,501.18723362727405,5.774087529429024
9.0,501.18723362727405,5.786117419972503
9.5,501.18723362727405,5.79337409292928
10.0,501.18723362727405,5.797604729178299
10.5,501.18723362727405,5.799989206420761
11.0,501.18723362727405,5.801288804178174
11.5,501.18723362727405,5.801973893250856
12.0,501.18723362727405,5.802323266136569
12.5,501.18723362727405,5.802495654099869
13.0,501.18723362727405,5.802577966105169
13.5,501.18723362727405,5.802616003745605
14.0,501.18723362727405,5.8026330177892405
14.5,501.18723362727405,5.802640384764891
15.0,501.18723362727405,5.802643472913545
15.5,501.18723362727405,5.802644726256766
16.0,501.18723362727405,5.802645218791446
16.5,501.18723362727405,5.802645406216525
17.0,501.18723362727405,5.80264547528329
17.5,501.18723362727405,5.802645499931487
18.0,501.18723362727405,5.802645508450667
18.5,501.18723362727405,5.802645511302522
19.0,501.18723362727405,5.802645512227204
19.5,501.18723362727405,5.802645512517612
20.0,501.18723362727405,5.8026455126059595
21.0,501.18723362727405,5.802645512639427
22.0,501.18723362727405,5.802645512642034
23.0,501.18723362727405,5.802645512642212
24.0,501.18723362727405,5.802645512642223
25.0,501.18723362727405,5.802645512642224
26.0,501.18723362727405,5.802645512642224
27.0,501.18723362727405,5.802645512642224
28.0,501.18723362727405,5.802645512642224
29.0,501.18723362727405,5.802645512642224
30.0,501.18723362727405,5.802645512642224
31.0,501.18723362727405,5.802645512642224
32.0,501.18723362727405,5.802645512642224
33.0,501.18723362727405,5.802645512642224
34.0,501.18723362727405,5.802645512642224
35.0,501.18723362727405,5.802645512642224
36.0,501.18723362727405,5.802645512642224
37.0,501.18723362727405,5.802645512642224
38.0,501.18723362727405,5.802645512642224
39.0,501.18723362727405,5.802645512642224
40.0,501.18723362727405,5.802645512642224
41.0,501.18723362727405,5.802645512642224
42.0,501.18723362727405,5.802645512642224
43.0,501.18723362727405,5.802645512642224
44.0,501.18723362727405,5.802645512642224
45.0,501.18723362727405,5.802645512642224
46.0,501.18723362727405,5.802645512642224
47.0,501.18723362727405,5.802645512642224
48.0,501.18723362727405,5.802645512642224
49.0,501.18723362727405,5.802645512642224
50.0,501.18723362727405,5.802645512642224
51.0,501.18723362727405,5.802645512642224
52.0,501.18723362727405,5.802645512642224
53.0,501.18723362727405,5.802645512642224
54.0,501.18723362727405,5.802645512642224
55.0,501.18723362727405,5.802645512642224
56.0,501.18723362727405,5.802645512642224
57.0,501.18723362727405,5.802645512642224
58.0,501.18723362727405,5.802645512642224
59.0,501.18723362727405,5.802645512642224
60.0,501.18723362727405,5.802645512642224
61.0,501.18723362727405,5.802645512642224
62.0,501.18723362727405,5.802645512642224
63.0,501.18723362727405,5.802645512642224
64.0,501.18723362727405,5.802645512642224
65.0,501.18723362727405,5.802645512642224
66.0,501.18723362727405,5.802645512642224
67.0,501.18723362727405,5.802645512642224
68.0,501.18723362727405,5.802645512642224
69.0,501.18723362727405,5.802645512642224
70.0,501.18723362727405,5.802645512642224
71.0,501.18723362727405,5.802645512642224
72.0,501.18723362727405,5.802645512642224
73.0,501.18723362727405,5.802645512642224
74.0,501.18723362727405,5.802645512642224
75.0,501.18723362727405,5.802645512642224
76.0,501.18723362727405,5.802645512642224
77.0,501.18723362727405,5.802645512642224
78.0,501.18723362727405,5.802645512642224
79.0,501.18723362727405,5.802645512642224
80.0,501.18723362727405,5.802645512642224
81.0,501.18723362727405,5.802645512642224
82.0,501.18723362727405,5.802645512642224
83.0,501.18723362727405,5.802645512642224
84.0,501.18723362727405,5.802645512642224
85.0,501.18723362727405,5.802645512642224
86.0,501.18723362727405,5.802645512642224
87.0,501.18723362727405,5.802645512642224
88.0,501.18723362727405,5.802645512642224
89.0,501.18723362727405,5.802645512642224
90.0,501.18723362727405,5.802645512642224
91.0,501.18723362727405,5.802645512642224
92.0,501.18723362727405,5.802645512642224
93.0,501.18723362727405,5.802645512642224
94.0,501.18723362727405,5.802645512642224
95.0,501.18723362727405,5.802645512642224
96.0,501.18723362727405,5.802645512642224
97.0,501.18723362727405,5.802645512642224
98.0,501.18723362727405,5.802645512642224
99.0,501.18723362727405,5.802645512642224
100.0,501.18723362727405,5.802645512642224
-100.0,562.3413251903514,6.151824596576082
-99.0,562.3413251903514,6.151824596576082
-98.0,562.3413251903514,6.151824596576082
-97.0,562.3413251903514,6.151824596576082
-96.0,562.3413251903514,6.151824596576082
-95.0,562.3413251903514,6.151824596576082
-94.0,562.3413251903514,6.151824596576082
-93.0,562.3413251903514,6.151824596576082
-92.0,562.3413251903514,6.151824596576082
-91.0,562.3413251903514,6.151824596576082
-90.0,562.3413251903514,6.151824596576082
-89.0,562.3413251903514,6.151824596576082
-88.0,562.3413251903514,6.151824596576082
-87.0,562.3413251903514,6.151824596576082
-86.0,562.3413251903514,6.151824596576082
-85.0,562.3413251903514,6.151824596576082
-84.0,562.3413251903514,6.151824596576082
-83.0,562.3413251903514,6.151824596576082
-82.0,562.3413251903514,6.151824596576082
-81.0,562.3413251903514,6.151824596576082
-80.0,562.3413251903514,6.151824596576082
-79.0,562.3413251903514,6.151824596576082
-78.0,562.3413251903514,6.151824596576082
-77.0,562.3413251903514,6.151824596576082
-76.0,562.3413251903514,6.151824596576082
-75.0,562.3413251903514,6.151824596576082
-74.0,562.3413251903514,6.151824596576082
-73.0,562.3413251903514,6.151824596576082
-72.0,562.3413251903514,6.151824596576082
-71.0,562.3413251903514,6.151824596576082
-70.0,562.3413251903514,6.151824596576082
-69.0,562.3413251903514,6.151824596576082
-68.0,562.3413251903514,6.151824596576082
-67.0,562.3413251903514,6.151824596576082
-66.0,562.3413251903514,6.151824596576082
-65.0,562.3413251903514,6.151824596576082
-64.0,562.3413251903514,6.151824596576082
-63.0,562.3413251903514,6.151824596576082
-62.0,562.3413251903514,6.151824596576082
-61.0,562.3413251903514,6.151824596576082
-60.0,562.3413251903514,6.151824596576082
-59.0,562.3413251903514,6.151824596576082
-58.0,562.3413251903514,6.151824596576082
-57.0,562.3413251903514,6.151824596576082
-56.0,562.3413251903514,6.151824596576082
-55.0,562.3413251903514,6.151824596576082
-54.0,562.3413251903514,6.151824596576082
-53.0,562.3413251903514,6.151824596576082
-52.0,562.3413251903514,6.151824596576082
-51.0,562.3413251903514,6.151824596576082
-50.0,562.3413251903514,6.151824596576082
-49.0,562.3413251903514,6.151824596576082
-48.0,562.3413251903514,6.151824596576082
-47.0,562.3413251903514,6.151824596576082
-46.0,562.3413251903514,6.151824596576082
-45.0,562.3413251903514,6.151824596576082
-44.0,562.3413251903514,6.151824596576082
-43.0,562.3413251903514,6.151824596576082
-42.0,562.3413251903514,6.151824596576082
-41.0,562.3413251903514,6.151824596576082
-40.0,562.3413251903514,6.151824596576082
-39.0,562.3413251903514,6.151824596576082
-38.0,562.3413251903514,6.151824596576082
-37.0,562.3413251903514,6.151824596576082
-36.0,562.3413251903514,6.151824596576082
-35.0,562.3413251903514,6.151824596576082
-34.0,562.3413251903514,6.151824596576082
-33.0,562.3413251903514,6.151824596576082
-32.0,562.3413251903514,6.151824596576082
-31.0,562.3413251903514,6.151824596576082
-30.0,562.3413251903514,6.151824596576082
-29.0,562.3413251903514,6.151824596576082
-28.0,562.3413251903514,6.151824596576082
-27.0,562.3413251903514,6.151824596576082
-26.0,562.3413251903514,6.151824596576082
-25.0,562.3413251903514,6.151824596576082
-24.0,562.3413251903514,6.151824596576081
-23.0,562.3413251903514,6.15182459657607
-22.0,562.3413251903514,6.151824596575881
-21.0,562.3413251903514,6.1518245965731175
-20.0,562.3413251903514,6.151824596537636
-19.5,562.3413251903514,6.151824596443972
-19.0,562.3413251903514,6.151824596136088
-18.5,562.3413251903514,6.151824595155762
-18.0,562.3413251903514,6.151824592132296
-17.5,562.3413251903514,6.151824583100466
-17.0,562.3413251903514,6.151824556969044
-16.5,562.3413251903514,6.151824483746127
-16.0,562.3413251903514,6.151824285042587
-15.5,562.3413251903514,6.151823762869216
-15.0,562.3413251903514,6.151822434105012
-14.5,562.3413251903514,6.151819160124409
-14.0,562.3413251903514,6.151811349834791
-13.5,562.3413251903514,6.15179331195674
-13.0,562.3413251903514,6.151752985369235
-12.5,562.3413251903514,6.151665720169648
-12.0,562.3413251903514,6.151482958615374
-11.5,562.3413251903514,6.151112561921828
-11.0,562.3413251903514,6.150386247036836
-10.5,562.3413251903514,6.149008444889127
-10.0,562.3413251903514,6.146480479719068
-9.5,562.3413251903514,6.141995261368374
-9.0,562.3413251903514,6.134301912000822
-8.5,562.3413251903514,6.121548112655634
-8.0,562.3413251903514,6.101121027558109
-7.5,562.3413251903514,6.069524580505496
-7.0,562.3413251903514,6.022348497245618
-6.5,562.3413251903514,5.954397121331256
-6.0,562.3413251903514,5.860045702622207
-5.5,562.3413251903514,5.733870628202987
-5.0,562.3413251903514,5.571552977336733
-4.5,562.3413251903514,5.370983784770293
-4.0,562.3413251903514,5.133416188928168
-3.5,562.3413251903514,4.864435741121121
-3.0,562.3413251903514,4.574482798427251
-2.5,562.3413251903514,4.278684864613961
-2.0,562.3413251903514,3.9958539806669604
-1.5,562.3413251903514,3.746665571729056
-1.0,562.3413251903514,3.551227622803716
-0.5,562.3413251903514,3.4264223681909582
0.0,562.3413251903514,3.3835035281168455
0.5,562.3413251903514,3.4264223681909582
1.0,562.3413251903514,3.551227622803716
1.5,562.3413251903514,3.746665571729056
2.0,562.3413251903514,3.9958539806669604
2.5,562.3413251903514,4.278684864613961
3.0,562.3413251903514,4.574482798427251
3.5,562.3413251903514,4.864435741121121
4.0,562.3413251903514,5.133416188928168
4.5,562.3413251903514,5.370983784770293
5.0,562.3413251903514,5.571552977336733
5.5,562.3413251903514,5.733870628202987
6.0,562.3413251903514,5.860045702622207
6.5,562.3413251903514,5.954397121331256
7.0,562.3413251903514,6.022348497245618
7.5,562.3413251903514,6.069524580505496
8.0,562.3413251903514,6.101121027558109
8.5,562.3413251903514,6.121548112655634
9.0,562.3413251903514,6.134301912000822
9.5,562.3413251903514,6.141995261368374
10.0,562.3413251903514,6.146480479719068
10.5,562.3413251903514,6.149008444889127
11.0,562.3413251903514,6.150386247036836
11.5,562.3413251903514,6.151112561921828
12.0,562.3413251903514,6.151482958615374
12.5,562.3413251903514,6.151665720169648
13.0,562.3413251903514,6.151752985369235
13.5,562.3413251903514,6.15179331195674
14.0,562.3413251903514,6.151811349834791
14.5,562.3413251903514,6.151819160124409
15.0,562.3413251903514,6.151822434105012
15.5,562.3413251903514,6.151823762869216
16.0,562.3413251903514,6.151824285042587
16.5,562.3413251903514,6.151824483746127
17.0,562.3413251903514,6.151824556969044
17.5,562.3413251903514,6.151824583100466
18.0,562.3413251903514,6.151824592132296
18.5,562.3413251903514,6.151824595155762
19.0,562.3413251903514,6.151824596136088
19.5,562.3413251903514,6.151824596443972
20.0,562.3413251903514,6.151824596537636
21.0,562.3413251903514,6.1518245965731175
22.0,562.3413251903514,6.151824596575881
23.0,562.3413251903514,6.15182459657607
24.0,562.3413251903514,6.151824596576081
25.0,562.3413251903514,6.151824596576082
26.0,562.3413251903514,6.151824596576082
27.0,562.3413251903514,6.151824596576082
28.0,562.3413251903514,6.151824596576082
29.0,562.3413251903514,6.151824596576082
30.0,562.3413251903514,6.151824596576082
31.0,562.3413251903514,6.151824596576082
32.0,562.3413251903514,6.151824596576082
33.0,562.3413251903514,6.151824596576082
34.0,562.3413251903514,6.151824596576082
35.0,562.3413251903514,6.151824596576082
36.0,562.3413251903514,6.151824596576082
37.0,562.3413251903514,6.151824596576082
38.0,562.3413251903514,6.151824596576082
39.0,562.3413251903514,6.151824596576082
40.0,562.3413251903514,6.151824596576082
41.0,562.3413251903514,6.151824596576082
42.0,562.3413251903514,6.151824596576082
43.0,562.3413251903514,6.151824596576082
44.0,562.3413251903514,6.151824596576082
45.0,562.3413251903514,6.151824596576082
46.0,562.3413251903514,6.151824596576082
47.0,562.3413251903514,6.151824596576082
48.0,562.3413251903514,6.151824596576082
49.0,562.3413251903514,6.151824596576082
50.0,562.3413251903514,6.151824596576082
51.0,562.3413251903514,6.151824596576082
52.0,562.3413251903514,6.151824596576082
53.0,562.3413251903514,6.151824596576082
54.0,562.3413251903514,6.151824596576082
55.0,562.3413251903514,6.151824596576082
56.0,562.3413251903514,6.151824596576082
57.0,562.3413251903514,6.151824596576082
58.0,562.3413251903514,6.151824596576082
59.0,562.3413251903514,6.151824596576082
60.0,562.3413251903514,6.151824596576082
61.0,562.3413251903514,6.151824596576082
62.0,562.3413251903514,6.151824596576082
63.0,562.3413251903514,6.151824596576082
64.0,562.3413251903514,6.151824596576082
65.0,562.3413251903514,6.151824596576082
66.0,562.3413251903514,6.151824596576082
67.0,562.3413251903514,6.151824596576082
68.0,562.3413251903514,6.151824596576082
69.0,562.3413251903514,6.151824596576082
70.0,562.3413251903514,6.151824596576082
71.0,562.3413251903514,6.151824596576082
72.0,562.3413251903514,6.151824596576082
73.0,562.3413251903514,6.151824596576082
74.0,562.3413251903514,6.151824596576082
75.0,562.3413251903514,6.151824596576082
76.0,562.3413251903514,6.151824596576082
77.0,562.3413251903514,6.151824596576082
78.0,562.3413251903514,6.151824596576082
79.0,562.3413251903514,6.151824596576082
80.0,562.3413251903514,6.151824596576082
81.0,562.3413251903514,6.151824596576082
82.0,562.3413251903514,6.151824596576082
83.0,562.3413251903514,6.151824596576082
84.0,562.3413251903514,6.151824596576082
85.0,562.3413251903514,6.151824596576082
86.0,562.3413251903514,6.151824596576082
87.0,562.3413251903514,6.151824596576082
88.0,562.3413251903514,6.151824596576082
89.0,562.3413251903514,6.151824596576082
90.0,562.3413251903514,6.151824596576082
91.0,562.3413251903514,6.151824596576082
92.0,562.3413251903514,6.151824596576082
93.0,562.3413251903514,6.151824596576082
94.0,562.3413251903514,6.151824596576082
95.0,562.3413251903514,6.151824596576082
96.0,562.3413251903514,6.151824596576082
97.0,562.3413251903514,6.151824596576082
98.0,562.3413251903514,6.151824596576082
99.0,562.3413251903514,6.151824596576082
100.0,562.3413251903514,6.151824596576082
-100.0,630.9573444801956,6.5131838066399235
-99.0,630.9573444801956,6.5131838066399235
-98.0,630.9573444801956,6.5131838066399235
-97.0,630.9573444801956,6.5131838066399235
-96.0,630.9573444801956,6.5131838066399235
-95.0,630.9573444801956,6.5131838066399235
-94.0,630.9573444801956,6.5131838066399235
-93.0,630.9573444801956,6.5131838066399235
-92.0,630.9573444801956,6.5131838066399235
-91.0,630.9573444801956,6.5131838066399235
-90.0,630.9573444801956,6.5131838066399235
-89.0,630.9573444801956,6.5131838066399235
-88.0,630.9573444801956,6.5131838066399235
-87.0,630.9573444801956,6.5131838066399235
-86.0,630.9573444801956,6.5131838066399235
-85.0,630.9573444801956,6.5131838066399235
-84.0,630.9573444801956,6.5131838066399235
-83.0,630.9573444801956,6.5131838066399235
-82.0,630.9573444801956,6.5131838066399235
-81.0,630.9573444801956,6.5131838066399235
-80.0,630.9573444801956,6.5131838066399235
-79.0,630.9573444801956,6.5131838066399235
-78.0,630.9573444801956,6.5131838066399235
-77.0,630.9573444801956,6.5131838066399235
-76.0,630.9573444801956,6.5131838066399235
-75.0,630.9573444801956,6.5131838066399235
-74.0,630.9573444801956,6.5131838066399235
-73.0,630.9573444801956,6.5131838066399235
-72.0,630.9573444801956,6.5131838066399235
-71.0,630.9573444801956,6.5131838066399235
-70.0,630.9573444801956,6.5131838066399235
-69.0,630.9573444801956,6.5131838066399235
-68.0,630.9573444801956,6.5131838066399235
-67.0,630.9573444801956,6.5131838066399235
-66.0,630.9573444801956,6.5131838066399235
-65.0,630.9573444801956,6.5131838066399235
-64.0,630.9573444801956,6.5131838066399235
-63.0,630.9573444801956,6.5131838066399235
-62.0,630.9573444801956,6.5131838066399235
-61.0,630.9573444801956,6.5131838066399235
-60.0,630.9573444801956,6.5131838066399235
-59.0,630.9573444801956,6.5131838066399235
-58.0,630.9573444801956,6.5131838066399235
-57.0,630.9573444801956,6.5131838066399235
-56.0,630.9573444801956,6.5131838066399235
-55.0,630.9573444801956,6.5131838066399235
-54.0,630.9573444801956,6.5131838066399235
-53.0,630.9573444801956,6.5131838066399235
-52.0,630.9573444801956,6.5131838066399235
-51.0,630.9573444801956,6.5131838066399235
-50.0,630.9573444801956,6.5131838066399235
-49.0,630.9573444801956,6.5131838066399235
-48.0,630.9573444801956,6.5131838066399235
-47.0,630.9573444801956,6.5131838066399235
-46.0,630.9573444801956,6.5131838066399235
-45.0,630.9573444801956,6.5131838066399235
-44.0,630.9573444801956,6.5131838066399235
-43.0,630.9573444801956,6.5131838066399235
-42.0,630.9573444801956,6.5131838066399235
-41.0,630.9573444801956,6.5131838066399235
-40.0,630.9573444801956,6.5131838066399235
-39.0,630.9573444801956,6.5131838066399235
-38.0,630.9573444801956,6.5131838066399235
-37.0,630.9573444801956,6.5131838066399235
-36.0,630.9573444801956,6.5131838066399235
-35.0,630.9573444801956,6.5131838066399235
-34.0,630.9573444801956,6.5131838066399235
-33.0,630.9573444801956,6.5131838066399235
-32.0,630.9573444801956,6.5131838066399235
-31.0,630.9573444801956,6.5131838066399235
-30.0,630.9573444801956,6.5131838066399235
-29.0,630.9573444801956,6.5131838066399235
-28.0,630.9573444801956,6.5131838066399235
-27.0,630.9573444801956,6.5131838066399235
-26.0,630.9573444801956,6.5131838066399235
-25.0,630.9573444801956,6.5131838066399235
-24.0,630.9573444801956,6.513183806639923
-23.0,630.9573444801956,6.51318380663991
-22.0,630.9573444801956,6.51318380663971
-21.0,630.9573444801956,6.513183806636785
-20.0,630.9573444801956,6.513183806599219
-19.5,630.9573444801956,6.513183806500053
-19.0,630.9573444801956,6.513183806174084
-18.5,630.9573444801956,6.513183805136174
-18.0,630.9573444801956,6.513183801935108
-17.5,630.9573444801956,6.513183792372748
-17.0,630.9573444801956,6.51318376470636
-16.5,630.9573444801956,6.513183687182318
-16.0,630.9573444801956,6.513183476806899
-15.5,630.9573444801956,6.513182923960977
-15.0,630.9573444801956,6.513181517144939
-14.5,630.9573444801956,6.513178050850167
-14.0,630.9573444801956,6.513169781782823
-13.5,630.9573444801956,6.513150684356787
-13.0,630.9573444801956,6.513107988978758
-12.5,630.9573444801956,6.51301559780669
-12.0,630.9573444801956,6.512822100808022
-11.5,630.9573444801956,6.512429946950484
-11.0,630.9573444801956,6.511660968207155
-10.5,630.9573444801956,6.510202233729875
-10.0,630.9573444801956,6.50752577546113
-9.5,630.9573444801956,6.502777094631178
-9.0,630.9573444801956,6.494631836629601
-8.5,630.9573444801956,6.481128876968747
-8.0,630.9573444801956,6.459501901461658
-7.5,630.9573444801956,6.426049473802233
-7.0,630.9573444801956,6.376102259487971
-6.5,630.9573444801956,6.304159408339282
-6.0,630.9573444801956,6.204265771447991
-5.5,630.9573444801956,6.0706791519650105
-5.0,630.9573444801956,5.898826935023986
-4.5,630.9573444801956,5.686476274398576
-4.0,630.9573444801956,5.434953918074811
-3.5,630.9573444801956,5.150173513585601
-3.0,630.9573444801956,4.843188686337373
-2.5,630.9573444801956,4.530015532209645
-2.0,630.9573444801956,4.230571114635299
-1.5,630.9573444801956,3.966745336702676
-1.0,630.9573444801956,3.759827329831688
-0.5,630.9573444801956,3.6276909936006763
0.0,630.9573444801956,3.582251093651958
0.5,630.9573444801956,3.6276909936006763
1.0,630.9573444801956,3.759827329831688
1.5,630.9573444801956,3.966745336702676
2.0,630.9573444801956,4.230571114635299
2.5,630.9573444801956,4.530015532209645
3.0,630.9573444801956,4.843188686337373
3.5,630.9573444801956,5.150173513585601
4.0,630.9573444801956,5.434953918074811
4.5,630.9573444801956,5.686476274398576
5.0,630.9573444801956,5.898826935023986
5.5,630.9573444801956,6.0706791519650105
6.0,630.9573444801956,6.204265771447991
6.5,630.9573444801956,6.304159408339282
7.0,630.9573444801956,6.376102259487971
7.5,630.9573444801956,6.426049473802233
8.0,630.9573444801956,6.459501901461658
8.5,630.9573444801956,6.481128876968747
9.0,630.9573444801956,6.494631836629601
9.5,630.9573444801956,6.502777094631178
10.0,630.9573444801956,6.50752577546113
10.5,630.9573444801956,6.510202233729875
11.0,630.9573444801956,6.511660968207155
11.5,630.9573444801956,6.512429946950484
12.0,630.9573444801956,6.512822100808022
12.5,630.9573444801956,6.51301559780669
13.0,630.9573444801956,6.513107988978758
13.5,630.9573444801956,6.513150684356787
14.0,630.9573444801956,6.513169781782823
14.5,630.9573444801956,6.513178050850167
15.0,630.9573444801956,6.513181517144939
15.5,630.9573444801956,6.513182923960977
16.0,630.9573444801956,6.513183476806899
16.5,630.9573444801956,6.513183687182318
17.0,630.9573444801956,6.51318376470636
17.5,630.9573444801956,6.513183792372748
18.0,630.9573444801956,6.513183801935108
18.5,630.9573444801956,6.513183805136174
19.0,630.9573444801956,6.513183806174084
19.5,630.9573444801956,6.513183806500053
20.0,630.9573444801956,6.513183806599219
21.0,630.9573444801956,6.513183806636785
22.0,630.9573444801956,6.51318380663971
23.0,630.9573444801956,6.51318380663991
24.0,630.9573444801956,6.513183806639923
25.0,630.9573444801956,6.5131838066399235
26.0,630.9573444801956,6.5131838066399235
27.0,630.9573444801956,6.5131838066399235
28.0,630.9573444801956,6.5131838066399235
29.0,630.9573444801956,6.5131838066399235
30.0,630.9573444801956,6.5131838066399235
31.0,630.9573444801956,6.5131838066399235
32.0,630.9573444801956,6.5131838066399235
33.0,630.9573444801956,6.5131838066399235
34.0,630.9573444801956,6.5131838066399235
35.0,630.9573444801956,6.5131838066399235
36.0,630.9573444801956,6.5131838066399235
37.0,630.9573444801956,6.5131838066399235
38.0,630.9573444801956,6.5131838066399235
39.0,630.9573444801956,6.5131838066399235
40.0,630.9573444801956,6.5131838066399235
41.0,630.9573444801956,6.5131838066399235
42.0,630.9573444801956,6.5131838066399235
43.0,630.9573444801956,6.5131838066399235
44.0,630.9573444801956,6.5131838066399235
45.0,630.9573444801956,6.5131838066399235
46.0,630.9573444801956,6.5131838066399235
47.0,630.9573444801956,6.5131838066399235
48.0,630.9573444801956,6.5131838066399235
49.0,630.9573444801956,6.5131838066399235
50.0,630.9573444801956,6.5131838066399235
51.0,630.9573444801956,6.5131838066399235
52.0,630.9573444801956,6.5131838066399235
53.0,630.9573444801956,6.5131838066399235
54.0,630.9573444801956,6.5131838066399235
55.0,630.9573444801956,6.5131838066399235
56.0,630.9573444801956,6.5131838066399235
57.0,630.9573444801956,6.5131838066399235
58.0,630.9573444801956,6.5131838066399235
59.0,630.9573444801956,6.5131838066399235
60.0,630.9573444801956,6.5131838066399235
61.0,630.9573444801956,6.5131838066399235
62.0,630.9573444801956,6.5131838066399235
63.0,630.9573444801956,6.5131838066399235
64.0,630.9573444801956,6.5131838066399235
65.0,630.9573444801956,6.5131838066399235
66.0,630.9573444801956,6.5131838066399235
67.0,630.9573444801956,6.5131838066399235
68.0,630.9573444801956,6.5131838066399235
69.0,630.9573444801956,6.5131838066399235
70.0,630.9573444801956,6.5131838066399235
71.0,630.9573444801956,6.5131838066399235
72.0,630.9573444801956,6.5131838066399235
73.0,630.9573444801956,6.5131838066399235
74.0,630.9573444801956,6.5131838066399235
75.0,630.9573444801956,6.5131838066399235
76.0,630.9573444801956,6.5131838066399235
77.0,630.9573444801956,6.5131838066399235
78.0,630.9573444801956,6.5131838066399235
79.0,630.9573444801956,6.5131838066399235
80.0,630.9573444801956,6.5131838066399235
81.0,630.9573444801956,6.5131838066399235
82.0,630.9573444801956,6.5131838066399235
83.0,630.9573444801956,6.5131838066399235
84.0,630.9573444801956,6.5131838066399235
85.0,630.9573444801956,6.5131838066399235
86.0,630.9573444801956,6.5131838066399235
87.0,630.9573444801956,6.5131838066399235
88.0,630.9573444801956,6.5131838066399235
89.0,630.9573444801956,6.5131838066399235
90.0,630.9573444801956,6.5131838066399235
91.0,630.9573444801956,6.5131838066399235
92.0,630.9573444801956,6.5131838066399235
93.0,630.9573444801956,6.5131838066399235
94.0,630.9573444801956,6.5131838066399235
95.0,630.9573444801956,6.5131838066399235
96.0,630.9573444801956,6.5131838066399235
97.0,630.9573444801956,6.5131838066399235
98.0,630.9573444801956,6.5131838066399235
99.0,630.9573444801956,6.5131838066399235
100.0,630.9573444801956,6.5131838066399235
-100.0,707.9457843841402,6.88679196879274
-99.0,707.9457843841402,6.88679196879274
-98.0,707.9457843841402,6.88679196879274
-97.0,707.9457843841402,6.88679196879274
-96.0,707.9457843841402,6.88679196879274
-95.0,707.9457843841402,6.88679196879274
-94.0,707.9457843841402,6.88679196879274
-93.0,707.9457843841402,6.88679196879274
-92.0,707.9457843841402,6.88679196879274
-91.0,707.9457843841402,6.88679196879274
-90.0,707.9457843841402,6.88679196879274
-89.0,707.9457843841402,6.88679196879274
-88.0,707.9457843841402,6.88679196879274
-87.0,707.9457843841402,6.88679196879274
-86.0,707.9457843841402,6.88679196879274
-85.0,707.9457843841402,6.88679196879274
-84.0,707.9457843841402,6.88679196879274
-83.0,707.9457843841402,6.88679196879274
-82.0,707.9457843841402,6.88679196879274
-81.0,707.9457843841402,6.88679196879274
-80.0,707.9457843841402,6.88679196879274
-79.0,707.9457843841402,6.88679196879274
-78.0,707.9457843841402,6.88679196879274
-77.0,707.9457843841402,6.88679196879274
-76.0,707.9457843841402,6.88679196879274
-75.0,707.9457843841402,6.88679196879274
-74.0,707.9457843841402,6.88679196879274
-73.0,707.9457843841402,6.88679196879274
-72.0,707.9457843841402,6.88679196879274
-71.0,707.9457843841402,6.88679196879274
-70.0,707.9457843841402,6.88679196879274
-69.0,707.9457843841402,6.88679196879274
-68.0,707.9457843841402,6.88679196879274
-67.0,707.9457843841402,6.88679196879274
-66.0,707.9457843841402,6.88679196879274
-65.0,707.9457843841402,6.88679196879274
-64.0,707.9457843841402,6.88679196879274
-63.0,707.9457843841402,6.88679196879274
-62.0,707.9457843841402,6.88679196879274
-61.0,707.9457843841402,6.88679196879274
-60.0,707.9457843841402,6.88679196879274
-59.0,707.9457843841402,6.88679196879274
-58.0,707.9457843841402,6.88679196879274
-57.0,707.9457843841402,6.88679196879274
-56.0,707.9457843841402,6.88679196879274
-55.0,707.9457843841402,6.88679196879274
-54.0,707.9457843841402,6.88679196879274
-53.0,707.9457843841402,6.88679196879274
-52.0,707.9457843841402,6.88679196879274
-51.0,707.9457843841402,6.88679196879274
-50.0,707.9457843841402,6.88679196879274
-49.0,707.9457843841402,6.88679196879274
-48.0,707.9457843841402,6.88679196879274
-47.0,707.9457843841402,6.88679196879274
-46.0,707.9457843841402,6.88679196879274
-45.0,707.9457843841402,6.88679196879274
-44.0,707.9457843841402,6.88679196879274
-43.0,707.9457843841402,6.88679196879274
-42.0,707.9457843841402,6.88679196879274
-41.0,707.9457843841402,6.88679196879274
-40.0,707.9457843841402,6.88679196879274
-39.0,707.9457843841402,6.88679196879274
-38.0,707.9457843841402,6.88679196879274
-37.0,707.9457843841402,6.88679196879274
-36.0,707.9457843841402,6.88679196879274
-35.0,707.9457843841402,6.88679196879274
-34.0,707.9457843841402,6.88679196879274
-33.0,707.9457843841402,6.88679196879274
-32.0,707.9457843841402,6.88679196879274
-31.0,707.9457843841402,6.88679196879274
-30.0,707.9457843841402,6.88679196879274
-29.0,707.9457843841402,6.88679196879274
-28.0,707.9457843841402,6.88679196879274
-27.0,707.9457843841402,6.88679196879274
-26.0,707.9457843841402,6.88679196879274
-25.0,707.9457843841402,6.88679196879274
-24.0,707.9457843841402,6.886791968792739
-23.0,707.9457843841402,6.886791968792727
-22.0,707.9457843841402,6.886791968792514
-21.0,707.9457843841402,6.886791968789421
-20.0,707.9457843841402,6.886791968749701
-19.5,707.9457843841402,6.886791968644847
-19.0,707.9457843841402,6.886791968300179
-18.5,707.9457843841402,6.886791967202733
-18.0,707.9457843841402,6.886791963818047
-17.5,707.9457843841402,6.8867919537071725
-17.0,707.9457843841402,6.8867919244537905
-16.5,707.9457843841402,6.886791842482827
-16.0,707.9457843841402,6.8867916200398875
-15.5,707.9457843841402,6.886791035481711
-15.0,707.9457843841402,6.886789547968126
-14.5,707.9457843841402,6.886785882840332
-14.0,707.9457843841402,6.886777139444128
-13.5,707.9457843841402,6.886756946554728
-13.0,707.9457843841402,6.886711802091552
-12.5,707.9457843841402,6.886614111192497
-12.0,707.9457843841402,6.886409514851295
-11.5,707.9457843841402,6.885994866329651
-11.0,707.9457843841402,6.885181777556027
-10.5,707.9457843841402,6.883639367395193
-10.0,707.9457843841402,6.880809382574067
-9.5,707.9457843841402,6.875788308707129
-9.0,707.9457843841402,6.867175823775901
-8.5,707.9457843841402,6.8528983095972755
-8.0,707.9457843841402,6.830030771131731
-7.5,707.9457843841402,6.794659450901725
-7.0,707.9457843841402,6.741847172818561
-6.5,707.9457843841402,6.665777547853002
-6.0,707.9457843841402,6.560153828839407
-5.5,707.9457843841402,6.418904435991676
-5.0,707.9457843841402,6.237194460872881
-4.5,707.9457843841402,6.012662977104216
-4.0,707.9457843841402,5.746712837368187
-3.5,707.9457843841402,5.445596906860215
-3.0,707.9457843841402,5.1210028672019074
-2.5,707.9457843841402,4.789865526890767
-2.0,707.9457843841402,4.473244428627199
-1.5,707.9457843841402,4.194285120466017
-1.0,707.9457843841402,3.975497917429464
-0.5,707.9457843841402,3.835781998739479
0.0,707.9457843841402,3.787735582836007
0.5,707.9457843841402,3.835781998739479
1.0,707.9457843841402,3.975497917429464
1.5,707.9457843841402,4.194285120466017
2.0,707.9457843841402,4.473244428627199
2.5,707.9457843841402,4.789865526890767
3.0,707.9457843841402,5.1210028672019074
3.5,707.9457843841402,5.445596906860215
4.0,707.9457843841402,5.746712837368187
4.5,707.9457843841402,6.012662977104216
5.0,707.9457843841402,6.237194460872881
5.5,707.9457843841402,6.418904435991676
6.0,707.9457843841402,6.560153828839407
6.5,707.9457843841402,6.665777547853002
7.0,707.9457843841402,6.741847172818561
7.5,707.9457843841402,6.794659450901725
8.0,707.9457843841402,6.830030771131731
8.5,707.9457843841402,6.8528983095972755
9.0,707.9457843841402,6.867175823775901
9.5,707.9457843841402,6.875788308707129
10.0,707.9457843841402,6.880809382574067
10.5,707.9457843841402,6.883639367395193
11.0,707.9457843841402,6.885181777556027
11.5,707.9457843841402,6.885994866329651
12.0,707.9457843841402,6.886409514851295
12.5,707.9457843841402,6.886614111192497
13.0,707.9457843841402,6.886711802091552
13.5,707.9457843841402,6.886756946554728
14.0,707.9457843841402,6.886777139444128
14.5,707.9457843841402,6.886785882840332
15.0,707.9457843841402,6.886789547968126
15.5,707.9457843841402,6.886791035481711
16.0,707.9457843841402,6.8867916200398875
16.5,707.9457843841402,6.886791842482827
17.0,707.9457843841402,6.8867919244537905
17.5,707.9457843841402,6.8867919537071725
18.0,707.9457843841402,6.886791963818047
18.5,707.9457843841402,6.886791967202733
19.0,707.9457843841402,6.886791968300179
19.5,707.9457843841402,6.886791968644847
20.0,707.9457843841402,6.886791968749701
21.0,707.9457843841402,6.886791968789421
22.0,707.9457843841402,6.886791968792514
23.0,707.9457843841402,6.886791968792727
24.0,707.9457843841402,6.886791968792739
25.0,707.9457843841402,6.88679196879274
26.0,707.9457843841402,6.88679196879274
27.0,707.9457843841402,6.88679196879274
28.0,707.9457843841402,6.88679196879274
29.0,707.9457843841402,6.88679196879274
30.0,707.9457843841402,6.88679196879274
31.0,707.9457843841402,6.88679196879274
32.0,707.9457843841402,6.88679196879274
33.0,707.9457843841402,6.88679196879274
34.0,707.9457843841402,6.88679196879274
35.0,707.9457843841402,6.88679196879274
36.0,707.9457843841402,6.88679196879274
37.0,707.9457843841402,6.88679196879274
38.0,707.9457843841402,6.88679196879274
39.0,707.9457843841402,6.88679196879274
40.0,707.9457843841402,6.88679196879274
41.0,707.9457843841402,6.88679196879274
42.0,707.9457843841402,6.88679196879274
43.0,707.9457843841402,6.88679196879274
44.0,707.9457843841402,6.88679196879274
45.0,707.9457843841402,6.88679196879274
46.0,707.9457843841402,6.88679196879274
47.0,707.9457843841402,6.88679196879274
48.0,707.9457843841402,6.88679196879274
49.0,707.9457843841402,6.88679196879274
50.0,707.9457843841402,6.88679196879274
51.0,707.9457843841402,6.88679196879274
52.0,707.9457843841402,6.88679196879274
53.0,707.9457843841402,6.88679196879274
54.0,707.9457843841402,6.88679196879274
55.0,707.9457843841402,6.88679196879274
56.0,707.9457843841402,6.88679196879274
57.0,707.9457843841402,6.88679196879274
58.0,707.9457843841402,6.88679196879274
59.0,707.9457843841402,6.88679196879274
60.0,707.9457843841402,6.88679196879274
61.0,707.9457843841402,6.88679196879274
62.0,707.9457843841402,6.88679196879274
63.0,707.9457843841402,6.88679196879274
64.0,707.9457843841402,6.88679196879274
65.0,707.9457843841402,6.88679196879274
66.0,707.9457843841402,6.88679196879274
67.0,707.9457843841402,6.88679196879274
68.0,707.9457843841402,6.88679196879274
69.0,707.9457843841402,6.88679196879274
70.0,707.9457843841402,6.88679196879274
71.0,707.9457843841402,6.88679196879274
72.0,707.9457843841402,6.88679196879274
73.0,707.9457843841402,6.88679196879274
74.0,707.9457843841402,6.88679196879274
75.0,707.9457843841402,6.88679196879274
76.0,707.9457843841402,6.88679196879274
77.0,707.9457843841402,6.88679196879274
78.0,707.9457843841402,6.88679196879274
79.0,707.9457843841402,6.88679196879274
80.0,707.9457843841402,6.88679196879274
81.0,707.9457843841402,6.88679196879274
82.0,707.9457843841402,6.88679196879274
83.0,707.9457843841402,6.88679196879274
84.0,707.9457843841402,6.88679196879274
85.0,707.9457843841402,6.88679196879274
86.0,707.9457843841402,6.88679196879274
87.0,707.9457843841402,6.88679196879274
88.0,707.9457843841402,6.88679196879274
89.0,707.9457843841402,6.88679196879274
90.0,707.9457843841402,6.88679196879274
91.0,707.9457843841402,6.88679196879274
92.0,707.9457843841402,6.88679196879274
93.0,707.9457843841402,6.88679196879274
94.0,707.9457843841402,6.88679196879274
95.0,707.9457843841402,6.88679196879274
96.0,707.9457843841402,6.88679196879274
97.0,707.9457843841402,6.88679196879274
98.0,707.9457843841402,6.88679196879274
99.0,707.9457843841402,6.88679196879274
100.0,707.9457843841402,6.88679196879274
-100.0,794.3282347242846,7.272716395780468
-99.0,794.3282347242846,7.272716395780468
-98.0,794.3282347242846,7.272716395780468
-97.0,794.3282347242846,7.272716395780468
-96.0,794.3282347242846,7.272716395780468
-95.0,794.3282347242846,7.272716395780468
-94.0,794.3282347242846,7.272716395780468
-93.0,794.3282347242846,7.272716395780468
-92.0,794.3282347242846,7.272716395780468
-91.0,794.3282347242846,7.272716395780468
-90.0,794.3282347242846,7.272716395780468
-89.0,794.3282347242846,7.272716395780468
-88.0,794.3282347242846,7.272716395780468
-87.0,794.3282347242846,7.272716395780468
-86.0,794.3282347242846,7.272716395780468
-85.0,794.3282347242846,7.272716395780468
-84.0,794.3282347242846,7.272716395780468
-83.0,794.3282347242846,7.272716395780468
-82.0,794.3282347242846,7.272716395780468
-81.0,794.3282347242846,7.272716395780468
-80.0,794.3282347242846,7.272716395780468
-79.0,794.3282347242846,7.272716395780468
-78.0,794.3282347242846,7.272716395780468
-77.0,794.3282347242846,7.272716395780468
-76.0,794.3282347242846,7.272716395780468
-75.0,794.3282347242846,7.272716395780468
-74.0,794.3282347242846,7.272716395780468
-73.0,794.3282347242846,7.272716395780468
-72.0,794.3282347242846,7.272716395780468
-71.0,794.3282347242846,7.272716395780468
-70.0,794.3282347242846,7.272716395780468
-69.0,794.3282347242846,7.272716395780468
-68.0,794.3282347242846,7.272716395780468
-67.0,794.3282347242846,7.272716395780468
-66.0,794.3282347242846,7.272716395780468
-65.0,794.3282347242846,7.272716395780468
-64.0,794.3282347242846,7.272716395780468
-63.0,794.3282347242846,7.272716395780468
-62.0,794.3282347242846,7.272716395780468
-61.0,794.3282347242846,7.272716395780468
-60.0,794.3282347242846,7.272716395780468
-59.0,794.3282347242846,7.272716395780468
-58.0,794.3282347242846,7.272716395780468
-57.0,794.3282347242846,7.272716395780468
-56.0,794.3282347242846,7.272716395780468
-55.0,794.3282347242846,7.272716395780468
-54.0,794.3282347242846,7.272716395780468
-53.0,794.3282347242846,7.272716395780468
-52.0,794.3282347242846,7.272716395780468
-51.0,794.3282347242846,7.272716395780468
-50.0,794.3282347242846,7.272716395780468
-49.0,794.3282347242846,7.272716395780468
-48.0,794.3282347242846,7.272716395780468
-47.0,794.3282347242846,7.272716395780468
-46.0,794.3282347242846,7.272716395780468
-45.0,794.3282347242846,7.272716395780468
-44.0,794.3282347242846,7.272716395780468
-43.0,794.3282347242846,7.272716395780468
-42.0,794.3282347242846,7.272716395780468
-41.0,794.3282347242846,7.272716395780468
-40.0,794.3282347242846,7.272716395780468
-39.0,794.3282347242846,7.272716395780468
-38.0,794.3282347242846,7.272716395780468
-37.0,794.3282347242846,7.272716395780468
-36.0,794.3282347242846,7.272716395780468
-35.0,794.3282347242846,7.272716395780468
-34.0,794.3282347242846,7.272716395780468
-33.0,794.3282347242846,7.272716395780468
-32.0,794.3282347242846,7.272716395780468
-31.0,794.3282347242846,7.272716395780468
-30.0,794.3282347242846,7.272716395780468
-29.0,794.3282347242846,7.272716395780468
-28.0,794.3282347242846,7.272716395780468
-27.0,794.3282347242846,7.272716395780468
-26.0,794.3282347242846,7.272716395780468
-25.0,794.3282347242846,7.272716395780468
-24.0,794.3282347242846,7.272716395780467
-23.0,794.3282347242846,7.272716395780454
-22.0,794.3282347242846,7.27271639578023
-21.0,794.3282347242846,7.272716395776963
-20.0,794.3282347242846,7.272716395735016
-19.5,794.3282347242846,7.272716395624287
-19.0,794.3282347242846,7.2727163952603044
-18.5,794.3282347242846,7.2727163941013595
-18.0,794.3282347242846,7.272716390527002
-17.5,794.3282347242846,7.2727163798495305
-17.0,794.3282347242846,7.272716348956838
-16.5,794.3282347242846,7.272716262392357
-16.0,794.3282347242846,7.272716027484083
-15.5,794.3282347242846,7.2727154101682325
-15.0,794.3282347242846,7.2727138392968484
-14.5,794.3282347242846,7.272709968781357
-14.0,794.3282347242846,7.272700735419696
-13.5,794.3282347242846,7.2726794109541855
-13.0,794.3282347242846,7.27263173666999
-12.5,794.3282347242846,7.2725285713345915
-12.0,794.3282347242846,7.272312509752956
-11.5,794.3282347242846,7.271874625014239
-11.0,794.3282347242846,7.271015972091085
-10.5,794.3282347242846,7.269387127816923
-10.0,794.3282347242846,7.266398555328937
-9.5,794.3282347242846,7.261096108790407
-9.0,794.3282347242846,7.252000994453923
-8.5,794.3282347242846,7.236923392004421
-8.0,794.3282347242846,7.212774394520087
-7.5,794.3282347242846,7.175420924030073
-7.0,794.3282347242846,7.119649133266765
-6.5,794.3282347242846,7.039316692383571
-6.0,794.3282347242846,6.92777399492234
-5.5,794.3282347242846,6.7786092198118455
-5.0,794.3282347242846,6.5867165183462335
-4.5,794.3282347242846,6.349602661738838
-4.0,794.3282347242846,6.06874911621532
-3.5,794.3282347242846,5.75075914719061
-3.0,794.3282347242846,5.407975394625857
-2.5,794.3282347242846,5.058281665666285
-2.0,794.3282347242846,4.723917644939935
-1.5,794.3282347242846,4.429325918717798
-1.0,794.3282347242846,4.198278242830207
-0.5,794.3282347242846,4.05073287523196
0.0,794.3282347242846,3.9999940176792577
0.5,794.3282347242846,4.05073287523196
1.0,794.3282347242846,4.198278242830207
1.5,794.3282347242846,4.429325918717798
2.0,794.3282347242846,4.723917644939935
2.5,794.3282347242846,5.058281665666285
3.0,794.3282347242846,5.407975394625857
3.5,794.3282347242846,5.75075914719061
4.0,794.3282347242846,6.06874911621532
4.5,794.3282347242846,6.349602661738838
5.0,794.3282347242846,6.5867165183462335
5.5,794.3282347242846,6.7786092198118455
6.0,794.3282347242846,6.92777399492234
6.5,794.3282347242846,7.039316692383571
7.0,794.3282347242846,7.119649133266765
7.5,794.3282347242846,7.175420924030073
8.0,794.3282347242846,7.212774394520087
8.5,794.3282347242846,7.236923392004421
9.0,794.3282347242846,7.252000994453923
9.5,794.3282347242846,7.261096108790407
10.0,794.3282347242846,7.266398555328937
10.5,794.3282347242846,7.269387127816923
11.0,794.3282347242846,7.271015972091085
11.5,794.3282347242846,7.271874625014239
12.0,794.3282347242846,7.272312509752956
12.5,794.3282347242846,7.2725285713345915
13.0,794.3282347242846,7.27263173666999
13.5,794.3282347242846,7.2726794109541855
14.0,794.3282347242846,7.272700735419696
14.5,794.3282347242846,7.272709968781357
15.0,794.3282347242846,7.2727138392968484
15.5,794.3282347242846,7.2727154101682325
16.0,794.3282347242846,7.272716027484083
16.5,794.3282347242846,7.272716262392357
17.0,794.3282347242846,7.272716348956838
17.5,794.3282347242846,7.2727163798495305
18.0,794.3282347242846,7.272716390527002
18.5,794.3282347242846,7.2727163941013595
19.0,794.3282347242846,7.2727163952603044
19.5,794.3282347242846,7.272716395624287
20.0,794.3282347242846,7.272716395735016
21.0,794.3282347242846,7.272716395776963
22.0,794.3282347242846,7.27271639578023
23.0,794.3282347242846,7.272716395780454
24.0,794.3282347242846,7.272716395780467
25.0,794.3282347242846,7.272716395780468
26.0,794.3282347242846,7.272716395780468
27.0,794.3282347242846,7.272716395780468
28.0,794.3282347242846,7.272716395780468
29.0,794.3282347242846,7.272716395780468
30.0,794.3282347242846,7.272716395780468
31.0,794.3282347242846,7.272716395780468
32.0,794.3282347242846,7.272716395780468
33.0,794.3282347242846,7.272716395780468
34.0,794.3282347242846,7.272716395780468
35.0,794.3282347242846,7.272716395780468
36.0,794.3282347242846,7.272716395780468
37.0,794.3282347242846,7.272716395780468
38.0,794.3282347242846,7.272716395780468
39.0,794.3282347242846,7.272716395780468
40.0,794.3282347242846,7.272716395780468
41.0,794.3282347242846,7.272716395780468
42.0,794.3282347242846,7.272716395780468
43.0,794.3282347242846,7.272716395780468
44.0,794.3282347242846,7.272716395780468
45.0,794.3282347242846,7.272716395780468
46.0,794.3282347242846,7.272716395780468
47.0,794.3282347242846,7.272716395780468
48.0,794.3282347242846,7.272716395780468
49.0,794.3282347242846,7.272716395780468
50.0,794.3282347242846,7.272716395780468
51.0,794.3282347242846,7.272716395780468
52.0,794.3282347242846,7.272716395780468
53.0,794.3282347242846,7.272716395780468
54.0,794.3282347242846,7.272716395780468
55.0,794.3282347242846,7.272716395780468
56.0,794.3282347242846,7.272716395780468
57.0,794.3282347242846,7.272716395780468
58.0,794.3282347242846,7.272716395780468
59.0,794.3282347242846,7.272716395780468
60.0,794.3282347242846,7.272716395780468
61.0,794.3282347242846,7.272716395780468
62.0,794.3282347242846,7.272716395780468
63.0,794.3282347242846,7.272716395780468
64.0,794.3282347242846,7.272716395780468
65.0,794.3282347242846,7.272716395780468
66.0,794.3282347242846,7.272716395780468
67.0,794.3282347242846,7.272716395780468
68.0,794.3282347242846,7.272716395780468
69.0,794.3282347242846,7.272716395780468
70.0,794.3282347242846,7.272716395780468
71.0,794.3282347242846,7.272716395780468
72.0,794.3282347242846,7.272716395780468
73.0,794.3282347242846,7.272716395780468
74.0,794.3282347242846,7.272716395780468
75.0,794.3282347242846,7.272716395780468
76.0,794.3282347242846,7.272716395780468
77.0,794.3282347242846,7.272716395780468
78.0,794.3282347242846,7.272716395780468
79.0,794.3282347242846,7.272716395780468
80.0,794.3282347242846,7.272716395780468
81.0,794.3282347242846,7.272716395780468
82.0,794.3282347242846,7.272716395780468
83.0,794.3282347242846,7.272716395780468
84.0,794.3282347242846,7.272716395780468
85.0,794.3282347242846,7.272716395780468
86.0,794.3282347242846,7.272716395780468
87.0,794.3282347242846,7.272716395780468
88.0,794.3282347242846,7.272716395780468
89.0,794.3282347242846,7.272716395780468
90.0,794.3282347242846,7.272716395780468
91.0,794.3282347242846,7.272716395780468
92.0,794.3282347242846,7.272716395780468
93.0,794.3282347242846,7.272716395780468
94.0,794.3282347242846,7.272716395780468
95.0,794.3282347242846,7.272716395780468
96.0,794.3282347242846,7.272716395780468
97.0,794.3282347242846,7.272716395780468
98.0,794.3282347242846,7.272716395780468
99.0,794.3282347242846,7.272716395780468
100.0,794.3282347242846,7.272716395780468
-100.0,891.2509381337495,7.671022960004322
-99.0,891.2509381337495,7.671022960004322
-98.0,891.2509381337495,7.671022960004322
-97.0,891.2509381337495,7.671022960004322
-96.0,891.2509381337495,7.671022960004322
-95.0,891.2509381337495,7.671022960004322
-94.0,891.2509381337495,7.671022960004322
-93.0,891.2509381337495,7.671022960004322
-92.0,891.2509381337495,7.671022960004322
-91.0,891.2509381337495,7.671022960004322
-90.0,891.2509381337495,7.671022960004322
-89.0,891.2509381337495,7.671022960004322
-88.0,891.2509381337495,7.671022960004322
-87.0,891.2509381337495,7.671022960004322
-86.0,891.2509381337495,7.671022960004322
-85.0,891.2509381337495,7.671022960004322
-84.0,891.2509381337495,7.671022960004322
-83.0,891.2509381337495,7.671022960004322
-82.0,891.2509381337495,7.671022960004322
-81.0,891.2509381337495,7.671022960004322
-80.0,891.2509381337495,7.671022960004322
-79.0,891.2509381337495,7.671022960004322
-78.0,891.2509381337495,7.671022960004322
-77.0,891.2509381337495,7.671022960004322
-76.0,891.2509381337495,7.671022960004322
-75.0,891.2509381337495,7.671022960004322
-74.0,891.2509381337495,7.671022960004322
-73.0,891.2509381337495,7.671022960004322
-72.0,891.2509381337495,7.671022960004322
-71.0,891.2509381337495,7.671022960004322
-70.0,891.2509381337495,7.671022960004322
-69.0,891.2509381337495,7.671022960004322
-68.0,891.2509381337495,7.671022960004322
-67.0,891.2509381337495,7.671022960004322
-66.0,891.2509381337495,7.671022960004322
-65.0,891.2509381337495,7.671022960004322
-64.0,891.2509381337495,7.671022960004322
-63.0,891.2509381337495,7.671022960004322
-62.0,891.2509381337495,7.671022960004322
-61.0,891.2509381337495,7.671022960004322
-60.0,891.2509381337495,7.671022960004322
-59.0,891.2509381337495,7.671022960004322
-58.0,891.2509381337495,7.671022960004322
-57.0,891.2509381337495,7.671022960004322
-56.0,891.2509381337495,7.671022960004322
-55.0,891.2509381337495,7.671022960004322
-54.0,891.2509381337495,7.671022960004322
-53.0,891.2509381337495,7.671022960004322
-52.0,891.2509381337495,7.671022960004322
-51.0,891.2509381337495,7.671022960004322
-50.0,891.2509381337495,7.671022960004322
-49.0,891.2509381337495,7.671022960004322
-48.0,891.2509381337495,7.671022960004322
-47.0,891.2509381337495,7.671022960004322
-46.0,891.2509381337495,7.671022960004322
-45.0,891.2509381337495,7.671022960004322
-44.0,891.2509381337495,7.671022960004322
-43.0,891.2509381337495,7.671022960004322
-42.0,891.2509381337495,7.671022960004322
-41.0,891.2509381337495,7.671022960004322
-40.0,891.2509381337495,7.671022960004322
-39.0,891.2509381337495,7.671022960004322
-38.0,891.2509381337495,7.671022960004322
-37.0,891.2509381337495,7.671022960004322
-36.0,891.2509381337495,7.671022960004322
-35.0,891.2509381337495,7.671022960004322
-34.0,891.2509381337495,7.671022960004322
-33.0,891.2509381337495,7.671022960004322
-32.0,891.2509381337495,7.671022960004322
-31.0,891.2509381337495,7.671022960004322
-30.0,891.2509381337495,7.671022960004322
-29.0,891.2509381337495,7.671022960004322
-28.0,891.2509381337495,7.671022960004322
-27.0,891.2509381337495,7.671022960004322
-26.0,891.2509381337495,7.671022960004322
-25.0,891.2509381337495,7.671022960004322
-24.0,891.2509381337495,7.671022960004321
-23.0,891.2509381337495,7.671022960004307
-22.0,891.2509381337495,7.671022960004071
-21.0,891.2509381337495,7.6710229600006254
-20.0,891.2509381337495,7.671022959956382
-19.5,891.2509381337495,7.671022959839587
-19.0,891.2509381337495,7.671022959455671
-18.5,891.2509381337495,7.671022958233253
-18.0,891.2509381337495,7.6710229544631385
-17.5,891.2509381337495,7.6710229432008905
-17.0,891.2509381337495,7.671022910616291
-16.5,891.2509381337495,7.671022819310913
-16.0,891.2509381337495,7.671022571537363
-15.5,891.2509381337495,7.67102192041283
-15.0,891.2509381337495,7.671020263509165
-14.5,891.2509381337495,7.671016181016244
-14.0,891.2509381337495,7.6710064419689
-13.5,891.2509381337495,7.6709839496213865
-13.0,891.2509381337495,7.67093366434849
-12.5,891.2509381337495,7.670824848932975
-12.0,891.2509381337495,7.670596954256035
-11.5,891.2509381337495,7.670135087781153
-11.0,891.2509381337495,7.669229408812011
-10.5,891.2509381337495,7.66751135724154
-10.0,891.2509381337495,7.664359108903315
-9.5,891.2509381337495,7.658766262031841
-9.0,891.2509381337495,7.649173033435781
-8.5,891.2509381337495,7.633269672397386
-8.0,891.2509381337495,7.60779810110514
-7.5,891.2509381337495,7.5683988843378
-7.0,891.2509381337495,7.5095726268318534
-6.5,891.2509381337495,7.424840600321692
-6.0,891.2509381337495,7.307189017793002
-5.5,891.2509381337495,7.149854900466447
-5.0,891.2509381337495,6.94745276642283
-4.5,891.2509381337495,6.6973528396298905
-4.0,891.2509381337495,6.40111772212146
-3.5,891.2509381337495,6.065712321897842
-3.0,891.2509381337495,5.704155251177159
-2.5,891.2509381337495,5.335309763764126
-2.0,891.2509381337495,4.982633550309781
-1.5,891.2509381337495,4.671907849938949
-1.0,891.2509381337495,4.428206331807751
-0.5,891.2509381337495,4.272580312464401
0.0,891.2509381337495,4.219062628002377
0.5,891.2509381337495,4.272580312464401
1.0,891.2509381337495,4.428206331807751
1.5,891.2509381337495,4.671907849938949
2.0,891.2509381337495,4.982633550309781
2.5,891.2509381337495,5.335309763764126
3.0,891.2509381337495,5.704155251177159
3.5,891.2509381337495,6.065712321897842
4.0,891.2509381337495,6.40111772212146
4.5,891.2509381337495,6.6973528396298905
5.0,891.2509381337495,6.94745276642283
5.5,891.2509381337495,7.149854900466447
6.0,891.2509381337495,7.307189017793002
6.5,891.2509381337495,7.424840600321692
7.0,891.2509381337495,7.5095726268318534
7.5,891.2509381337495,7.5683988843378
8.0,891.2509381337495,7.60779810110514
8.5,891.2509381337495,7.633269672397386
9.0,891.2509381337495,7.649173033435781
9.5,891.2509381337495,7.658766262031841
10.0,891.2509381337495,7.664359108903315
10.5,891.2509381337495,7.66751135724154
11.0,891.2509381337495,7.669229408812011
11.5,891.2509381337495,7.670135087781153
12.0,891.2509381337495,7.670596954256035
12.5,891.2509381337495,7.670824848932975
13.0,891.2509381337495,7.67093366434849
13.5,891.2509381337495,7.6709839496213865
14.0,891.2509381337495,7.6710064419689
14.5,891.2509381337495,7.671016181016244
15.0,891.2509381337495,7.671020263509165
15.5,891.2509381337495,7.67102192041283
16.0,891.2509381337495,7.671022571537363
16.5,891.2509381337495,7.671022819310913
17.0,891.2509381337495,7.671022910616291
17.5,891.2509381337495,7.6710229432008905
18.0,891.2509381337495,7.6710229544631385
18.5,891.2509381337495,7.671022958233253
19.0,891.2509381337495,7.671022959455671
19.5,891.2509381337495,7.671022959839587
20.0,891.2509381337495,7.671022959956382
21.0,891.2509381337495,7.6710229600006254
22.0,891.2509381337495,7.671022960004071
23.0,891.2509381337495,7.671022960004307
24.0,891.2509381337495,7.671022960004321
25.0,891.2509381337495,7.671022960004322
26.0,891.2509381337495,7.671022960004322
27.0,891.2509381337495,7.671022960004322
28.0,891.2509381337495,7.671022960004322
29.0,891.2509381337495,7.671022960004322
30.0,891.2509381337495,7.671022960004322
31.0,891.2509381337495,7.671022960004322
32.0,891.2509381337495,7.671022960004322
33.0,891.2509381337495,7.671022960004322
34.0,891.2509381337495,7.671022960004322
35.0,891.2509381337495,7.671022960004322
36.0,891.2509381337495,7.671022960004322
37.0,891.2509381337495,7.671022960004322
38.0,891.2509381337495,7.671022960004322
39.0,891.2509381337495,7.671022960004322
40.0,891.2509381337495,7.671022960004322
41.0,891.2509381337495,7.671022960004322
42.0,891.2509381337495,7.671022960004322
43.0,891.2509381337495,7.671022960004322
44.0,891.2509381337495,7.671022960004322
45.0,891.2509381337495,7.671022960004322
46.0,891.2509381337495,7.671022960004322
47.0,891.2509381337495,7.671022960004322
48.0,891.2509381337495,7.671022960004322
49.0,891.2509381337495,7.671022960004322
50.0,891.2509381337495,7.671022960004322
51.0,891.2509381337495,7.671022960004322
52.0,891.2509381337495,7.671022960004322
53.0,891.2509381337495,7.671022960004322
54.0,891.2509381337495,7.671022960004322
55.0,891.2509381337495,7.671022960004322
56.0,891.2509381337495,7.671022960004322
57.0,891.2509381337495,7.671022960004322
58.0,891.2509381337495,7.671022960004322
59.0,891.2509381337495,7.671022960004322
60.0,891.2509381337495,7.671022960004322
61.0,891.2509381337495,7.671022960004322
62.0,891.2509381337495,7.671022960004322
63.0,891.2509381337495,7.671022960004322
64.0,891.2509381337495,7.671022960004322
65.0,891.2509381337495,7.671022960004322
66.0,891.2509381337495,7.671022960004322
67.0,891.2509381337495,7.671022960004322
68.0,891.2509381337495,7.671022960004322
69.0,891.2509381337495,7.671022960004322
70.0,891.2509381337495,7.671022960004322
71.0,891.2509381337495,7.671022960004322
72.0,891.2509381337495,7.671022960004322
73.0,891.2509381337495,7.671022960004322
74.0,891.2509381337495,7.671022960004322
75.0,891.2509381337495,7.671022960004322
76.0,891.2509381337495,7.671022960004322
77.0,891.2509381337495,7.671022960004322
78.0,891.2509381337495,7.671022960004322
79.0,891.2509381337495,7.671022960004322
80.0,891.2509381337495,7.671022960004322
81.0,891.2509381337495,7.671022960004322
82.0,891.2509381337495,7.671022960004322
83.0,891.2509381337495,7.671022960004322
84.0,891.2509381337495,7.671022960004322
85.0,891.2509381337495,7.671022960004322
86.0,891.2509381337495,7.671022960004322
87.0,891.2509381337495,7.671022960004322
88.0,891.2509381337495,7.671022960004322
89.0,891.2509381337495,7.671022960004322
90.0,891.2509381337495,7.671022960004322
91.0,891.2509381337495,7.671022960004322
92.0,891.2509381337495,7.671022960004322
93.0,891.2509381337495,7.671022960004322
94.0,891.2509381337495,7.671022960004322
95.0,891.2509381337495,7.671022960004322
96.0,891.2509381337495,7.671022960004322
97.0,891.2509381337495,7.671022960004322
98.0,891.2509381337495,7.671022960004322
99.0,891.2509381337495,7.671022960004322
100.0,891.2509381337495,7.671022960004322
-100.0,1000.0000000000041,8.081776161072
-99.0,1000.0000000000041,8.081776161072
-98.0,1000.0000000000041,8.081776161072
-97.0,1000.0000000000041,8.081776161072
-96.0,1000.0000000000041,8.081776161072
-95.0,1000.0000000000041,8.081776161072
-94.0,1000.0000000000041,8.081776161072
-93.0,1000.0000000000041,8.081776161072
-92.0,1000.0000000000041,8.081776161072
-91.0,1000.0000000000041,8.081776161072
-90.0,1000.0000000000041,8.081776161072
-89.0,1000.0000000000041,8.081776161072
-88.0,1000.0000000000041,8.081776161072
-87.0,1000.0000000000041,8.081776161072
-86.0,1000.0000000000041,8.081776161072
-85.0,1000.0000000000041,8.081776161072
-84.0,1000.0000000000041,8.081776161072
-83.0,1000.0000000000041,8.081776161072
-82.0,1000.0000000000041,8.081776161072
-81.0,1000.0000000000041,8.081776161072
-80.0,1000.0000000000041,8.081776161072
-79.0,1000.0000000000041,8.081776161072
-78.0,1000.0000000000041,8.081776161072
-77.0,1000.0000000000041,8.081776161072
-76.0,1000.0000000000041,8.081776161072
-75.0,1000.0000000000041,8.081776161072
-74.0,1000.0000000000041,8.081776161072
-73.0,1000.0000000000041,8.081776161072
-72.0,1000.0000000000041,8.081776161072
-71.0,1000.0000000000041,8.081776161072
-70.0,1000.0000000000041,8.081776161072
-69.0,1000.0000000000041,8.081776161072
-68.0,1000.0000000000041,8.081776161072
-67.0,1000.0000000000041,8.081776161072
-66.0,1000.0000000000041,8.081776161072
-65.0,1000.0000000000041,8.081776161072
-64.0,1000.0000000000041,8.081776161072
-63.0,1000.0000000000041,8.081776161072
-62.0,1000.0000000000041,8.081776161072
-61.0,1000.0000000000041,8.081776161072
-60.0,1000.0000000000041,8.081776161072
-59.0,1000.0000000000041,8.081776161072
-58.0,1000.0000000000041,8.081776161072
-57.0,1000.0000000000041,8.081776161072
-56.0,1000.0000000000041,8.081776161072
-55.0,1000.0000000000041,8.081776161072
-54.0,1000.0000000000041,8.081776161072
-53.0,1000.0000000000041,8.081776161072
-52.0,1000.0000000000041,8.081776161072
-51.0,1000.0000000000041,8.081776161072
-50.0,1000.0000000000041,8.081776161072
-49.0,1000.0000000000041,8.081776161072
-48.0,1000.0000000000041,8.081776161072
-47.0,1000.0000000000041,8.081776161072
-46.0,1000.0000000000041,8.081776161072
-45.0,1000.0000000000041,8.081776161072
-44.0,1000.0000000000041,8.081776161072
-43.0,1000.0000000000041,8.081776161072
-42.0,1000.0000000000041,8.081776161072
-41.0,1000.0000000000041,8.081776161072
-40.0,1000.0000000000041,8.081776161072
-39.0,1000.0000000000041,8.081776161072
-38.0,1000.0000000000041,8.081776161072
-37.0,1000.0000000000041,8.081776161072
-36.0,1000.0000000000041,8.081776161072
-35.0,1000.0000000000041,8.081776161072
-34.0,1000.0000000000041,8.081776161072
-33.0,1000.0000000000041,8.081776161072
-32.0,1000.0000000000041,8.081776161072
-31.0,1000.0000000000041,8.081776161072
-30.0,1000.0000000000041,8.081776161072
-29.0,1000.0000000000041,8.081776161072
-28.0,1000.0000000000041,8.081776161072
-27.0,1000.0000000000041,8.081776161072
-26.0,1000.0000000000041,8.081776161072
-25.0,1000.0000000000041,8.081776161072
-24.0,1000.0000000000041,8.081776161071998
-23.0,1000.0000000000041,8.081776161071984
-22.0,1000.0000000000041,8.081776161071735
-21.0,1000.0000000000041,8.081776161068104
-20.0,1000.0000000000041,8.081776161021493
-19.5,1000.0000000000041,8.081776160898444
-19.0,1000.0000000000041,8.08177616049397
-18.5,1000.0000000000041,8.081776159206097
-18.0,1000.0000000000041,8.081776155234108
-17.5,1000.0000000000041,8.081776143368812
-17.0,1000.0000000000041,8.081776109039433
-16.5,1000.0000000000041,8.08177601284501
-16.0,1000.0000000000041,8.081775751804159
-15.5,1000.0000000000041,8.08177506581446
-15.0,1000.0000000000041,8.0817733201901
-14.5,1000.0000000000041,8.08176901909569
-14.0,1000.0000000000041,8.081758758560548
-13.5,1000.0000000000041,8.081735061836019
-13.0,1000.0000000000041,8.08168208398393
-12.5,1000.0000000000041,8.081567441929586
-12.0,1000.0000000000041,8.08132734438628
-11.5,1000.0000000000041,8.080840746772669
-11.0,1000.0000000000041,8.07988657224594
-10.5,1000.0000000000041,8.07807652575043
-10.0,1000.0000000000041,8.074755486873807
-9.5,1000.0000000000041,8.06886316498218
-9.0,1000.0000000000041,8.0587562566103
-8.5,1000.0000000000041,8.042001332946123
-8.0,1000.0000000000041,8.015165858886402
-7.5,1000.0000000000041,7.973656968547346
-7.0,1000.0000000000041,7.911680795612469
-6.5,1000.0000000000041,7.822411701320935
-6.0,1000.0000000000041,7.698460337865202
-5.5,1000.0000000000041,7.532701595470258
-5.0,1000.0000000000041,7.319461620776861
-4.5,1000.0000000000041,7.055969823557694
-4.0,1000.0000000000041,6.743872477058466
-3.5,1000.0000000000041,6.390507432793168
-3.0,1000.0000000000041,6.009590398617612
-2.5,1000.0000000000041,5.6209946816140555
-2.0,1000.0000000000041,5.249434039789191
-1.5,1000.0000000000041,4.922070196533536
-1.0,1000.0000000000041,4.665319417671488
-0.5,1000.0000000000041,4.501360235209216
0.0,1000.0000000000041,4.444976888589601
0.5,1000.0000000000041,4.501360235209216
1.0,1000.0000000000041,4.665319417671488
1.5,1000.0000000000041,4.922070196533536
2.0,1000.0000000000041,5.249434039789191
2.5,1000.0000000000041,5.6209946816140555
3.0,1000.0000000000041,6.009590398617612
3.5,1000.0000000000041,6.390507432793168
4.0,1000.0000000000041,6.743872477058466
4.5,1000.0000000000041,7.055969823557694
5.0,1000.0000000000041,7.319461620776861
5.5,1000.0000000000041,7.532701595470258
6.0,1000.0000000000041,7.698460337865202
6.5,1000.0000000000041,7.822411701320935
7.0,1000.0000000000041,7.911680795612469
7.5,1000.0000000000041,7.973656968547346
8.0,1000.0000000000041,8.015165858886402
8.5,1000.0000000000041,8.042001332946123
9.0,1000.0000000000041,8.0587562566103
9.5,1000.0000000000041,8.06886316498218
10.0,1000.0000000000041,8.074755486873807
10.5,1000.0000000000041,8.07807652575043
11.0,1000.0000000000041,8.07988657224594
11.5,1000.0000000000041,8.080840746772669
12.0,1000.0000000000041,8.08132734438628
12.5,1000.0000000000041,8.081567441929586
13.0,1000.0000000000041,8.08168208398393
13.5,1000.0000000000041,8.081735061836019
14.0,1000.0000000000041,8.081758758560548
14.5,1000.0000000000041,8.08176901909569
15.0,1000.0000000000041,8.0817733201901
15.5,1000.0000000000041,8.08177506581446
16.0,1000.0000000000041,8.081775751804159
16.5,1000.0000000000041,8.08177601284501
17.0,1000.0000000000041,8.081776109039433
17.5,1000.0000000000041,8.081776143368812
18.0,1000.0000000000041,8.081776155234108
18.5,1000.0000000000041,8.081776159206097
19.0,1000.0000000000041,8.08177616049397
19.5,1000.0000000000041,8.081776160898444
20.0,1000.0000000000041,8.081776161021493
21.0,1000.0000000000041,8.081776161068104
22.0,1000.0000000000041,8.081776161071735
23.0,1000.0000000000041,8.081776161071984
24.0,1000.0000000000041,8.081776161071998
25.0,1000.0000000000041,8.081776161072
26.0,1000.0000000000041,8.081776161072
27.0,1000.0000000000041,8.081776161072
28.0,1000.0000000000041,8.081776161072
29.0,1000.0000000000041,8.081776161072
30.0,1000.0000000000041,8.081776161072
31.0,1000.0000000000041,8.081776161072
32.0,1000.0000000000041,8.081776161072
33.0,1000.0000000000041,8.081776161072
34.0,1000.0000000000041,8.081776161072
35.0,1000.0000000000041,8.081776161072
36.0,1000.0000000000041,8.081776161072
37.0,1000.0000000000041,8.081776161072
38.0,1000.0000000000041,8.081776161072
39.0,1000.0000000000041,8.081776161072
40.0,1000.0000000000041,8.081776161072
41.0,1000.0000000000041,8.081776161072
42.0,1000.0000000000041,8.081776161072
43.0,1000.0000000000041,8.081776161072
44.0,1000.0000000000041,8.081776161072
45.0,1000.0000000000041,8.081776161072
46.0,1000.0000000000041,8.081776161072
47.0,1000.0000000000041,8.081776161072
48.0,1000.0000000000041,8.081776161072
49.0,1000.0000000000041,8.081776161072
50.0,1000.0000000000041,8.081776161072
51.0,1000.0000000000041,8.081776161072
52.0,1000.0000000000041,8.081776161072
53.0,1000.0000000000041,8.081776161072
54.0,1000.0000000000041,8.081776161072
55.0,1000.0000000000041,8.081776161072
56.0,1000.0000000000041,8.081776161072
57.0,1000.0000000000041,8.081776161072
58.0,1000.0000000000041,8.081776161072
59.0,1000.0000000000041,8.081776161072
60.0,1000.0000000000041,8.081776161072
61.0,1000.0000000000041,8.081776161072
62.0,1000.0000000000041,8.081776161072
63.0,1000.0000000000041,8.081776161072
64.0,1000.0000000000041,8.081776161072
65.0,1000.0000000000041,8.081776161072
66.0,1000.0000000000041,8.081776161072
67.0,1000.0000000000041,8.081776161072
68.0,1000.0000000000041,8.081776161072
69.0,1000.0000000000041,8.081776161072
70.0,1000.0000000000041,8.081776161072
71.0,1000.0000000000041,8.081776161072
72.0,1000.0000000000041,8.081776161072
73.0,1000.0000000000041,8.081776161072
74.0,1000.0000000000041,8.081776161072
75.0,1000.0000000000041,8.081776161072
76.0,1000.0000000000041,8.081776161072
77.0,1000.0000000000041,8.081776161072
78.0,1000.0000000000041,8.081776161072
79.0,1000.0000000000041,8.081776161072
80.0,1000.0000000000041,8.081776161072
81.0,1000.0000000000041,8.081776161072
82.0,1000.0000000000041,8.081776161072
83.0,1000.0000000000041,8.081776161072
84.0,1000.0000000000041,8.081776161072
85.0,1000.0000000000041,8.081776161072
86.0,1000.0000000000041,8.081776161072
87.0,1000.0000000000041,8.081776161072
88.0,1000.0000000000041,8.081776161072
89.0,1000.0000000000041,8.081776161072
90.0,1000.0000000000041,8.081776161072
91.0,1000.0000000000041,8.081776161072
92.0,1000.0000000000041,8.081776161072
93.0,1000.0000000000041,8.081776161072
94.0,1000.0000000000041,8.081776161072
95.0,1000.0000000000041,8.081776161072
96.0,1000.0000000000041,8.081776161072
97.0,1000.0000000000041,8.081776161072
98.0,1000.0000000000041,8.081776161072
99.0,1000.0000000000041,8.081776161072
100.0,1000.0000000000041,8.081776161072
-100.0,1122.0184543019675,8.505039188545075
-99.0,1122.0184543019675,8.505039188545075
-98.0,1122.0184543019675,8.505039188545075
-97.0,1122.0184543019675,8.505039188545075
-96.0,1122.0184543019675,8.505039188545075
-95.0,1122.0184543019675,8.505039188545075
-94.0,1122.0184543019675,8.505039188545075
-93.0,1122.0184543019675,8.505039188545075
-92.0,1122.0184543019675,8.505039188545075
-91.0,1122.0184543019675,8.505039188545075
-90.0,1122.0184543019675,8.505039188545075
-89.0,1122.0184543019675,8.505039188545075
-88.0,1122.0184543019675,8.505039188545075
-87.0,1122.0184543019675,8.505039188545075
-86.0,1122.0184543019675,8.505039188545075
-85.0,1122.0184543019675,8.505039188545075
-84.0,1122.0184543019675,8.505039188545075
-83.0,1122.0184543019675,8.505039188545075
-82.0,1122.0184543019675,8.505039188545075
-81.0,1122.0184543019675,8.505039188545075
-80.0,1122.0184543019675,8.505039188545075
-79.0,1122.0184543019675,8.505039188545075
-78.0,1122.0184543019675,8.505039188545075
-77.0,1122.0184543019675,8.505039188545075
-76.0,1122.0184543019675,8.505039188545075
-75.0,1122.0184543019675,8.505039188545075
-74.0,1122.0184543019675,8.505039188545075
-73.0,1122.0184543019675,8.505039188545075
-72.0,1122.0184543019675,8.505039188545075
-71.0,1122.0184543019675,8.505039188545075
-70.0,1122.0184543019675,8.505039188545075
-69.0,1122.0184543019675,8.505039188545075
-68.0,1122.0184543019675,8.505039188545075
-67.0,1122.0184543019675,8.505039188545075
-66.0,1122.0184543019675,8.505039188545075
-65.0,1122.0184543019675,8.505039188545075
-64.0,1122.0184543019675,8.505039188545075
-63.0,1122.0184543019675,8.505039188545075
-62.0,1122.0184543019675,8.505039188545075
-61.0,1122.0184543019675,8.505039188545075
-60.0,1122.0184543019675,8.505039188545075
-59.0,1122.0184543019675,8.505039188545075
-58.0,1122.0184543019675,8.505039188545075
-57.0,1122.0184543019675,8.505039188545075
-56.0,1122.0184543019675,8.505039188545075
-55.0,1122.0184543019675,8.505039188545075
-54.0,1122.0184543019675,8.505039188545075
-53.0,1122.0184543019675,8.505039188545075
-52.0,1122.0184543019675,8.505039188545075
-51.0,1122.0184543019675,8.505039188545075
-50.0,1122.0184543019675,8.505039188545075
-49.0,1122.0184543019675,8.505039188545075
-48.0,1122.0184543019675,8.505039188545075
-47.0,1122.0184543019675,8.505039188545075
-46.0,1122.0184543019675,8.505039188545075
-45.0,1122.0184543019675,8.505039188545075
-44.0,1122.0184543019675,8.505039188545075
-43.0,1122.0184543019675,8.505039188545075
-42.0,1122.0184543019675,8.505039188545075
-41.0,1122.0184543019675,8.505039188545075
-40.0,1122.0184543019675,8.505039188545075
-39.0,1122.0184543019675,8.505039188545075
-38.0,1122.0184543019675,8.505039188545075
-37.0,1122.0184543019675,8.505039188545075
-36.0,1122.0184543019675,8.505039188545075
-35.0,1122.0184543019675,8.505039188545075
-34.0,1122.0184543019675,8.505039188545075
-33.0,1122.0184543019675,8.505039188545075
-32.0,1122.0184543019675,8.505039188545075
-31.0,1122.0184543019675,8.505039188545075
-30.0,1122.0184543019675,8.505039188545075
-29.0,1122.0184543019675,8.505039188545075
-28.0,1122.0184543019675,8.505039188545075
-27.0,1122.0184543019675,8.505039188545075
-26.0,1122.0184543019675,8.505039188545075
-25.0,1122.0184543019675,8.505039188545075
-24.0,1122.0184543019675,8.505039188545073
-23.0,1122.0184543019675,8.505039188545057
-22.0,1122.0184543019675,8.505039188544796
-21.0,1122.0184543019675,8.505039188540975
-20.0,1122.0184543019675,8.505039188491923
-19.5,1122.0184543019675,8.50503918836243
-19.0,1122.0184543019675,8.505039187936772
-18.5,1122.0184543019675,8.50503918658145
-18.0,1122.0184543019675,8.505039182401438
-17.5,1122.0184543019675,8.505039169914724
-17.0,1122.0184543019675,8.505039133787431
-16.5,1122.0184543019675,8.505039032555064
-16.0,1122.0184543019675,8.505038757842842
-15.5,1122.0184543019675,8.505038035926132
-15.0,1122.0184543019675,8.505036198879015
-14.5,1122.0184543019675,8.50503167252543
-14.0,1122.0184543019675,8.50502087462015
-13.5,1122.0184543019675,8.504995936838313
-13.0,1122.0184543019675,8.504940184402317
-12.5,1122.0184543019675,8.504819538254068
-12.0,1122.0184543019675,8.50456686619607
-11.5,1122.0184543019675,8.504054784236569
-11.0,1122.0184543019675,8.503050637180179
-10.5,1122.0184543019675,8.501145793978562
-10.0,1122.0184543019675,8.497650823908938
-9.5,1122.0184543019675,8.49144990623923
-9.0,1122.0184543019675,8.480813673551678
-8.5,1122.0184543019675,8.46318125222191
-8.0,1122.0184543019675,8.434940336614709
-7.5,1122.0184543019675,8.391257520861018
-7.0,1122.0184543019675,8.32603549923338
-6.5,1122.0184543019675,8.232091157031414
-6.0,1122.0184543019675,8.101648147641662
-5.5,1122.0184543019675,7.92720820129626
-5.0,1122.0184543019675,7.702800310606654
-4.5,1122.0184543019675,7.425508782538406
-4.0,1122.0184543019675,7.0970661098246435
-3.5,1122.0184543019675,6.725194445794335
-3.0,1122.0184543019675,6.32432782456169
-2.5,1122.0184543019675,5.915380368489406
-2.0,1122.0184543019675,5.5243601575037244
-1.5,1122.0184543019675,5.179851443044011
-1.0,1122.0184543019675,4.909653977488179
-0.5,1122.0184543019675,4.737107838573777
0.0,1122.0184543019675,4.677771553699792
0.5,1122.0184543019675,4.737107838573777
1.0,1122.0184543019675,4.909653977488179
1.5,1122.0184543019675,5.179851443044011
2.0,1122.0184543019675,5.5243601575037244
2.5,1122.0184543019675,5.915380368489406
3.0,1122.0184543019675,6.32432782456169
3.5,1122.0184543019675,6.725194445794335
4.0,1122.0184543019675,7.0970661098246435
4.5,1122.0184543019675,7.425508782538406
5.0,1122.0184543019675,7.702800310606654
5.5,1122.0184543019675,7.92720820129626
6.0,1122.0184543019675,8.101648147641662
6.5,1122.0184543019675,8.232091157031414
7.0,1122.0184543019675,8.32603549923338
7.5,1122.0184543019675,8.391257520861018
8.0,1122.0184543019675,8.434940336614709
8.5,1122.0184543019675,8.46318125222191
9.0,1122.0184543019675,8.480813673551678
9.5,1122.0184543019675,8.49144990623923
10.0,1122.0184543019675,8.497650823908938
10.5,1122.0184543019675,8.501145793978562
11.0,1122.0184543019675,8.503050637180179
11.5,1122.0184543019675,8.504054784236569
12.0,1122.0184543019675,8.50456686619607
12.5,1122.0184543019675,8.504819538254068
13.0,1122.0184543019675,8.504940184402317
13.5,1122.0184543019675,8.504995936838313
14.0,1122.0184543019675,8.50502087462015
14.5,1122.0184543019675,8.50503167252543
15.0,1122.0184543019675,8.505036198879015
15.5,1122.0184543019675,8.505038035926132
16.0,1122.0184543019675,8.505038757842842
16.5,1122.0184543019675,8.505039032555064
17.0,1122.0184543019675,8.505039133787431
17.5,1122.0184543019675,8.505039169914724
18.0,1122.0184543019675,8.505039182401438
18.5,1122.0184543019675,8.50503918658145
19.0,1122.0184543019675,8.505039187936772
19.5,1122.0184543019675,8.50503918836243
20.0,1122.0184543019675,8.505039188491923
21.0,1122.0184543019675,8.505039188540975
22.0,1122.0184543019675,8.505039188544796
23.0,1122.0184543019675,8.505039188545057
24.0,1122.0184543019675,8.505039188545073
25.0,1122.0184543019675,8.505039188545075
26.0,1122.0184543019675,8.505039188545075
27.0,1122.0184543019675,8.505039188545075
28.0,1122.0184543019675,8.505039188545075
29.0,1122.0184543019675,8.505039188545075
30.0,1122.0184543019675,8.505039188545075
31.0,1122.0184543019675,8.505039188545075
32.0,1122.0184543019675,8.505039188545075
33.0,1122.0184543019675,8.505039188545075
34.0,1122.0184543019675,8.505039188545075
35.0,1122.0184543019675,8.505039188545075
36.0,1122.0184543019675,8.505039188545075
37.0,1122.0184543019675,8.505039188545075
38.0,1122.0184543019675,8.505039188545075
39.0,1122.0184543019675,8.505039188545075
40.0,1122.0184543019675,8.505039188545075
41.0,1122.0184543019675,8.505039188545075
42.0,1122.0184543019675,8.505039188545075
43.0,1122.0184543019675,8.505039188545075
44.0,1122.0184543019675,8.505039188545075
45.0,1122.0184543019675,8.505039188545075
46.0,1122.0184543019675,8.505039188545075
47.0,1122.0184543019675,8.505039188545075
48.0,1122.0184543019675,8.505039188545075
49.0,1122.0184543019675,8.505039188545075
50.0,1122.0184543019675,8.505039188545075
51.0,1122.0184543019675,8.505039188545075
52.0,1122.0184543019675,8.505039188545075
53.0,1122.0184543019675,8.505039188545075
54.0,1122.0184543019675,8.505039188545075
55.0,1122.0184543019675,8.505039188545075
56.0,1122.0184543019675,8.505039188545075
57.0,1122.0184543019675,8.505039188545075
58.0,1122.0184543019675,8.505039188545075
59.0,1122.0184543019675,8.505039188545075
60.0,1122.0184543019675,8.505039188545075
61.0,1122.0184543019675,8.505039188545075
62.0,1122.0184543019675,8.505039188545075
63.0,1122.0184543019675,8.505039188545075
64.0,1122.0184543019675,8.505039188545075
65.0,1122.0184543019675,8.505039188545075
66.0,1122.0184543019675,8.505039188545075
67.0,1122.0184543019675,8.505039188545075
68.0,1122.0184543019675,8.505039188545075
69.0,1122.0184543019675,8.505039188545075
70.0,1122.0184543019675,8.505039188545075
71.0,1122.0184543019675,8.505039188545075
72.0,1122.0184543019675,8.505039188545075
73.0,1122.0184543019675,8.505039188545075
74.0,1122.0184543019675,8.505039188545075
75.0,1122.0184543019675,8.505039188545075
76.0,1122.0184543019675,8.505039188545075
77.0,1122.0184543019675,8.505039188545075
78.0,1122.0184543019675,8.505039188545075
79.0,1122.0184543019675,8.505039188545075
80.0,1122.0184543019675,8.505039188545075
81.0,1122.0184543019675,8.505039188545075
82.0,1122.0184543019675,8.505039188545075
83.0,1122.0184543019675,8.505039188545075
84.0,1122.0184543019675,8.505039188545075
85.0,1122.0184543019675,8.505039188545075
86.0,1122.0184543019675,8.505039188545075
87.0,1122.0184543019675,8.505039188545075
88.0,1122.0184543019675,8.505039188545075
89.0,1122.0184543019675,8.505039188545075
90.0,1122.0184543019675,8.505039188545075
91.0,1122.0184543019675,8.505039188545075
92.0,1122.0184543019675,8.505039188545075
93.0,1122.0184543019675,8.505039188545075
94.0,1122.0184543019675,8.505039188545075
95.0,1122.0184543019675,8.505039188545075
96.0,1122.0184543019675,8.505039188545075
97.0,1122.0184543019675,8.505039188545075
98.0,1122.0184543019675,8.505039188545075
99.0,1122.0184543019675,8.505039188545075
100.0,1122.0184543019675,8.505039188545075
-100.0,1258.9254117941725,8.94087398033472
-99.0,1258.9254117941725,8.94087398033472
-98.0,1258.9254117941725,8.94087398033472
-97.0,1258.9254117941725,8.94087398033472
-96.0,1258.9254117941725,8.94087398033472
-95.0,1258.9254117941725,8.94087398033472
-94.0,1258.9254117941725,8.94087398033472
-93.0,1258.9254117941725,8.94087398033472
-92.0,1258.9254117941725,8.94087398033472
-91.0,1258.9254117941725,8.94087398033472
-90.0,1258.9254117941725,8.94087398033472
-89.0,1258.9254117941725,8.94087398033472
-88.0,1258.9254117941725,8.94087398033472
-87.0,1258.9254117941725,8.94087398033472
-86.0,1258.9254117941725,8.94087398033472
-85.0,1258.9254117941725,8.94087398033472
-84.0,1258.9254117941725,8.94087398033472
-83.0,1258.9254117941725,8.94087398033472
-82.0,1258.9254117941725,8.94087398033472
-81.0,1258.9254117941725,8.94087398033472
-80.0,1258.9254117941725,8.94087398033472
-79.0,1258.9254117941725,8.94087398033472
-78.0,1258.9254117941725,8.94087398033472
-77.0,1258.9254117941725,8.94087398033472
-76.0,1258.9254117941725,8.94087398033472
-75.0,1258.9254117941725,8.94087398033472
-74.0,1258.9254117941725,8.94087398033472
-73.0,1258.9254117941725,8.94087398033472
-72.0,1258.9254117941725,8.94087398033472
-71.0,1258.9254117941725,8.94087398033472
-70.0,1258.9254117941725,8.94087398033472
-69.0,1258.9254117941725,8.94087398033472
-68.0,1258.9254117941725,8.94087398033472
-67.0,1258.9254117941725,8.94087398033472
-66.0,1258.9254117941725,8.94087398033472
-65.0,1258.9254117941725,8.94087398033472
-64.0,1258.9254117941725,8.94087398033472
-63.0,1258.9254117941725,8.94087398033472
-62.0,1258.9254117941725,8.94087398033472
-61.0,1258.9254117941725,8.94087398033472
-60.0,1258.9254117941725,8.94087398033472
-59.0,1258.9254117941725,8.94087398033472
-58.0,1258.9254117941725,8.94087398033472
-57.0,1258.9254117941725,8.94087398033472
-56.0,1258.9254117941725,8.94087398033472
-55.0,1258.9254117941725,8.94087398033472
-54.0,1258.9254117941725,8.94087398033472
-53.0,1258.9254117941725,8.94087398033472
-52.0,1258.9254117941725,8.94087398033472
-51.0,1258.9254117941725,8.94087398033472
-50.0,1258.9254117941725,8.94087398033472
-49.0,1258.9254117941725,8.94087398033472
-48.0,1258.9254117941725,8.94087398033472
-47.0,1258.9254117941725,8.94087398033472
-46.0,1258.9254117941725,8.94087398033472
-45.0,1258.9254117941725,8.94087398033472
-44.0,1258.9254117941725,8.94087398033472
-43.0,1258.9254117941725,8.94087398033472
-42.0,1258.9254117941725,8.94087398033472
-41.0,1258.9254117941725,8.94087398033472
-40.0,1258.9254117941725,8.94087398033472
-39.0,1258.9254117941725,8.94087398033472
-38.0,1258.9254117941725,8.94087398033472
-37.0,1258.9254117941725,8.94087398033472
-36.0,1258.9254117941725,8.94087398033472
-35.0,1258.9254117941725,8.94087398033472
-34.0,1258.9254117941725,8.94087398033472
-33.0,1258.9254117941725,8.94087398033472
-32.0,1258.9254117941725,8.94087398033472
-31.0,1258.9254117941725,8.94087398033472
-30.0,1258.9254117941725,8.94087398033472
-29.0,1258.9254117941725,8.94087398033472
-28.0,1258.9254117941725,8.94087398033472
-27.0,1258.9254117941725,8.94087398033472
-26.0,1258.9254117941725,8.94087398033472
-25.0,1258.9254117941725,8.94087398033472
-24.0,1258.9254117941725,8.940873980334718
-23.0,1258.9254117941725,8.940873980334702
-22.0,1258.9254117941725,8.940873980334427
-21.0,1258.9254117941725,8.94087398033041
-20.0,1258.9254117941725,8.940873980278843
-19.5,1258.9254117941725,8.940873980142715
-19.0,1258.9254117941725,8.940873979695246
-18.5,1258.9254117941725,8.94087397827047
-18.0,1258.9254117941725,8.940873973876256
-17.5,1258.9254117941725,8.940873960749672
-17.0,1258.9254117941725,8.94087392277106
-16.5,1258.9254117941725,8.94087381635111
-16.0,1258.9254117941725,8.940873527561452
-15.5,1258.9254117941725,8.940872768650625
-15.0,1258.9254117941725,8.940870837465312
-14.5,1258.9254117941725,8.940866079161898
-14.0,1258.9254117941725,8.940854727925506
-13.5,1258.9254117941725,8.94082851222446
-13.0,1258.9254117941725,8.94076990279383
-12.5,1258.9254117941725,8.940643074217993
-12.0,1258.9254117941725,8.940377454156895
-11.5,1258.9254117941725,8.939839130915107
-11.0,1258.9254117941725,8.938783527044286
-10.5,1258.9254117941725,8.936781071483484
-10.0,1258.9254117941725,8.933107004114147
-9.5,1258.9254117941725,8.926588324750277
-9.0,1258.9254117941725,8.915407045748882
-8.5,1258.9254117941725,8.896871063305678
-8.0,1258.9254117941725,8.86718296170665
-7.5,1258.9254117941725,8.821261650575483
-7.0,1258.9254117941725,8.752697372012161
-6.5,1258.9254117941725,8.653938917621442
-6.0,1258.9254117941725,8.516811447340038
-5.5,1258.9254117941725,8.333432447803952
-5.0,1258.9254117941725,8.097524931522218
-4.5,1258.9254117941725,7.8060237928076806
-4.0,1258.9254117941725,7.460750304773298
-3.5,1258.9254117941725,7.06982233710086
-3.0,1258.9254117941725,6.648413585899473
-2.5,1258.9254117941725,6.218509903122175
-2.0,1258.9254117941725,5.807452134582378
-1.5,1258.9254117941725,5.445289311716144
-1.0,1258.9254117941725,5.161245765791721
-0.5,1258.9254117941725,4.979857620525467
0.0,1258.9254117941725,4.917480689184097
0.5,1258.9254117941725,4.979857620525467
1.0,1258.9254117941725,5.161245765791721
1.5,1258.9254117941725,5.445289311716144
2.0,1258.9254117941725,5.807452134582378
2.5,1258.9254117941725,6.218509903122175
3.0,1258.9254117941725,6.648413585899473
3.5,1258.9254117941725,7.06982233710086
4.0,1258.9254117941725,7.460750304773298
4.5,1258.9254117941725,7.8060237928076806
5.0,1258.9254117941725,8.097524931522218
5.5,1258.9254117941725,8.333432447803952
6.0,1258.9254117941725,8.516811447340038
6.5,1258.9254117941725,8.653938917621442
7.0,1258.9254117941725,8.752697372012161
7.5,1258.9254117941725,8.821261650575483
8.0,1258.9254117941725,8.86718296170665
8.5,1258.9254117941725,8.896871063305678
9.0,1258.9254117941725,8.915407045748882
9.5,1258.9254117941725,8.926588324750277
10.0,1258.9254117941725,8.933107004114147
10.5,1258.9254117941725,8.936781071483484
11.0,1258.9254117941725,8.938783527044286
11.5,1258.9254117941725,8.939839130915107
12.0,1258.9254117941725,8.940377454156895
12.5,1258.9254117941725,8.940643074217993
13.0,1258.9254117941725,8.94076990279383
13.5,1258.9254117941725,8.94082851222446
14.0,1258.9254117941725,8.940854727925506
14.5,1258.9254117941725,8.940866079161898
15.0,1258.9254117941725,8.940870837465312
15.5,1258.9254117941725,8.940872768650625
16.0,1258.9254117941725,8.940873527561452
16.5,1258.9254117941725,8.94087381635111
17.0,1258.9254117941725,8.94087392277106
17.5,1258.9254117941725,8.940873960749672
18.0,1258.9254117941725,8.940873973876256
18.5,1258.9254117941725,8.94087397827047
19.0,1258.9254117941725,8.940873979695246
19.5,1258.9254117941725,8.940873980142715
20.0,1258.9254117941725,8.940873980278843
21.0,1258.9254117941725,8.94087398033041
22.0,1258.9254117941725,8.940873980334427
23.0,1258.9254117941725,8.940873980334702
24.0,1258.9254117941725,8.940873980334718
25.0,1258.9254117941725,8.94087398033472
26.0,1258.9254117941725,8.94087398033472
27.0,1258.9254117941725,8.94087398033472
28.0,1258.9254117941725,8.94087398033472
29.0,1258.9254117941725,8.94087398033472
30.0,1258.9254117941725,8.94087398033472
31.0,1258.9254117941725,8.94087398033472
32.0,1258.9254117941725,8.94087398033472
33.0,1258.9254117941725,8.94087398033472
34.0,1258.9254117941725,8.94087398033472
35.0,1258.9254117941725,8.94087398033472
36.0,1258.9254117941725,8.94087398033472
37.0,1258.9254117941725,8.94087398033472
38.0,1258.9254117941725,8.94087398033472
39.0,1258.9254117941725,8.94087398033472
40.0,1258.9254117941725,8.94087398033472
41.0,1258.9254117941725,8.94087398033472
42.0,1258.9254117941725,8.94087398033472
43.0,1258.9254117941725,8.94087398033472
44.0,1258.9254117941725,8.94087398033472
45.0,1258.9254117941725,8.94087398033472
46.0,1258.9254117941725,8.94087398033472
47.0,1258.9254117941725,8.94087398033472
48.0,1258.9254117941725,8.94087398033472
49.0,1258.9254117941725,8.94087398033472
50.0,1258.9254117941725,8.94087398033472
51.0,1258.9254117941725,8.94087398033472
52.0,1258.9254117941725,8.94087398033472
53.0,1258.9254117941725,8.94087398033472
54.0,1258.9254117941725,8.94087398033472
55.0,1258.9254117941725,8.94087398033472
56.0,1258.9254117941725,8.94087398033472
57.0,1258.9254117941725,8.94087398033472
58.0,1258.9254117941725,8.94087398033472
59.0,1258.9254117941725,8.94087398033472
60.0,1258.9254117941725,8.94087398033472
61.0,1258.9254117941725,8.94087398033472
62.0,1258.9254117941725,8.94087398033472
63.0,1258.9254117941725,8.94087398033472
64.0,1258.9254117941725,8.94087398033472
65.0,1258.9254117941725,8.94087398033472
66.0,1258.9254117941725,8.94087398033472
67.0,1258.9254117941725,8.94087398033472
68.0,1258.9254117941725,8.94087398033472
69.0,1258.9254117941725,8.94087398033472
70.0,1258.9254117941725,8.94087398033472
71.0,1258.9254117941725,8.94087398033472
72.0,1258.9254117941725,8.94087398033472
73.0,1258.9254117941725,8.94087398033472
74.0,1258.9254117941725,8.94087398033472
75.0,1258.9254117941725,8.94087398033472
76.0,1258.9254117941725,8.94087398033472
77.0,1258.9254117941725,8.94087398033472
78.0,1258.9254117941725,8.94087398033472
79.0,1258.9254117941725,8.94087398033472
80.0,1258.9254117941725,8.94087398033472
81.0,1258.9254117941725,8.94087398033472
82.0,1258.9254117941725,8.94087398033472
83.0,1258.9254117941725,8.94087398033472
84.0,1258.9254117941725,8.94087398033472
85.0,1258.9254117941725,8.94087398033472
86.0,1258.9254117941725,8.94087398033472
87.0,1258.9254117941725,8.94087398033472
88.0,1258.9254117941725,8.94087398033472
89.0,1258.9254117941725,8.94087398033472
90.0,1258.9254117941725,8.94087398033472
91.0,1258.9254117941725,8.94087398033472
92.0,1258.9254117941725,8.94087398033472
93.0,1258.9254117941725,8.94087398033472
94.0,1258.9254117941725,8.94087398033472
95.0,1258.9254117941725,8.94087398033472
96.0,1258.9254117941725,8.94087398033472
97.0,1258.9254117941725,8.94087398033472
98.0,1258.9254117941725,8.94087398033472
99.0,1258.9254117941725,8.94087398033472
100.0,1258.9254117941725,8.94087398033472
-100.0,1412.5375446227613,9.389341277145547
-99.0,1412.5375446227613,9.389341277145547
-98.0,1412.5375446227613,9.389341277145547
-97.0,1412.5375446227613,9.389341277145547
-96.0,1412.5375446227613,9.389341277145547
-95.0,1412.5375446227613,9.389341277145547
-94.0,1412.5375446227613,9.389341277145547
-93.0,1412.5375446227613,9.389341277145547
-92.0,1412.5375446227613,9.389341277145547
-91.0,1412.5375446227613,9.389341277145547
-90.0,1412.5375446227613,9.389341277145547
-89.0,1412.5375446227613,9.389341277145547
-88.0,1412.5375446227613,9.389341277145547
-87.0,1412.5375446227613,9.389341277145547
-86.0,1412.5375446227613,9.389341277145547
-85.0,1412.5375446227613,9.389341277145547
-84.0,1412.5375446227613,9.389341277145547
-83.0,1412.5375446227613,9.389341277145547
-82.0,1412.5375446227613,9.389341277145547
-81.0,1412.5375446227613,9.389341277145547
-80.0,1412.5375446227613,9.389341277145547
-79.0,1412.5375446227613,9.389341277145547
-78.0,1412.5375446227613,9.389341277145547
-77.0,1412.5375446227613,9.389341277145547
-76.0,1412.5375446227613,9.389341277145547
-75.0,1412.5375446227613,9.389341277145547
-74.0,1412.5375446227613,9.389341277145547
-73.0,1412.5375446227613,9.389341277145547
-72.0,1412.5375446227613,9.389341277145547
-71.0,1412.5375446227613,9.389341277145547
-70.0,1412.5375446227613,9.389341277145547
-69.0,1412.5375446227613,9.389341277145547
-68.0,1412.5375446227613,9.389341277145547
-67.0,1412.5375446227613,9.389341277145547
-66.0,1412.5375446227613,9.389341277145547
-65.0,1412.5375446227613,9.389341277145547
-64.0,1412.5375446227613,9.389341277145547
-63.0,1412.5375446227613,9.389341277145547
-62.0,1412.5375446227613,9.389341277145547
-61.0,1412.5375446227613,9.389341277145547
-60.0,1412.5375446227613,9.389341277145547
-59.0,1412.5375446227613,9.389341277145547
-58.0,1412.5375446227613,9.389341277145547
-57.0,1412.5375446227613,9.389341277145547
-56.0,1412.5375446227613,9.389341277145547
-55.0,1412.5375446227613,9.389341277145547
-54.0,1412.5375446227613,9.389341277145547
-53.0,1412.5375446227613,9.389341277145547
-52.0,1412.5375446227613,9.389341277145547
-51.0,1412.5375446227613,9.389341277145547
-50.0,1412.5375446227613,9.389341277145547
-49.0,1412.5375446227613,9.389341277145547
-48.0,1412.5375446227613,9.389341277145547
-47.0,1412.5375446227613,9.389341277145547
-46.0,1412.5375446227613,9.389341277145547
-45.0,1412.5375446227613,9.389341277145547
-44.0,1412.5375446227613,9.389341277145547
-43.0,1412.5375446227613,9.389341277145547
-42.0,1412.5375446227613,9.389341277145547
-41.0,1412.5375446227613,9.389341277145547
-40.0,1412.5375446227613,9.389341277145547
-39.0,1412.5375446227613,9.389341277145547
-38.0,1412.5375446227613,9.389341277145547
-37.0,1412.5375446227613,9.389341277145547
-36.0,1412.5375446227613,9.389341277145547
-35.0,1412.5375446227613,9.389341277145547
-34.0,1412.5375446227613,9.389341277145547
-33.0,1412.5375446227613,9.389341277145547
-32.0,1412.5375446227613,9.389341277145547
-31.0,1412.5375446227613,9.389341277145547
-30.0,1412.5375446227613,9.389341277145547
-29.0,1412.5375446227613,9.389341277145547
-28.0,1412.5375446227613,9.389341277145547
-27.0,1412.5375446227613,9.389341277145547
-26.0,1412.5375446227613,9.389341277145547
-25.0,1412.5375446227613,9.389341277145547
-24.0,1412.5375446227613,9.389341277145546
-23.0,1412.5375446227613,9.389341277145528
-22.0,1412.5375446227613,9.38934127714524
-21.0,1412.5375446227613,9.389341277141023
-20.0,1412.5375446227613,9.389341277086869
-19.5,1412.5375446227613,9.389341276943911
-19.0,1412.5375446227613,9.389341276473997
-18.5,1412.5375446227613,9.389341274977758
-18.0,1412.5375446227613,9.389341270363133
-17.5,1412.5375446227613,9.389341256578128
-17.0,1412.5375446227613,9.389341216694538
-16.5,1412.5375446227613,9.389341104936646
-16.0,1412.5375446227613,9.389340801661525
-15.5,1412.5375446227613,9.389340004684318
-15.0,1412.5375446227613,9.38933797663225
-14.5,1412.5375446227613,9.389332979656032
-14.0,1412.5375446227613,9.389321059050436
-13.5,1412.5375446227613,9.38929352839018
-13.0,1412.5375446227613,9.389231979156015
-12.5,1412.5375446227613,9.38909878895729
-12.0,1412.5375446227613,9.388819845600166
-11.5,1412.5375446227613,9.388254520482544
-11.0,1412.5375446227613,9.387145968341175
-10.5,1412.5375446227613,9.385043071164228
-10.0,1412.5375446227613,9.381184715428333
-9.5,1412.5375446227613,9.374339064168927
-9.0,1412.5375446227613,9.362596940894404
-8.5,1412.5375446227613,9.343131207963907
-8.0,1412.5375446227613,9.31195397423967
-7.5,1412.5375446227613,9.26372928579726
-7.0,1412.5375446227613,9.191725876257175
-6.5,1412.5375446227613,9.08801377447413
-6.0,1412.5375446227613,8.944008096754517
-5.5,1412.5375446227613,8.7514309489843
-5.0,1412.5375446227613,8.503690494853656
-4.5,1412.5375446227613,8.197567885354035
-4.0,1412.5375446227613,7.83497574724363
-3.5,1412.5375446227613,7.424439136244442
-3.0,1412.5375446227613,6.981892849280959
-2.5,1412.5375446227613,6.530425531569514
-2.0,1412.5375446227613,6.09874942452102
-1.5,1412.5375446227613,5.718420795657137
-1.0,1412.5375446227613,5.420129846011616
-0.5,1412.5375446227613,5.229643412215627
0.0,1412.5375446227613,5.164137702430051
0.5,1412.5375446227613,5.229643412215627
1.0,1412.5375446227613,5.420129846011616
1.5,1412.5375446227613,5.718420795657137
2.0,1412.5375446227613,6.09874942452102
2.5,1412.5375446227613,6.530425531569514
3.0,1412.5375446227613,6.981892849280959
3.5,1412.5375446227613,7.424439136244442
4.0,1412.5375446227613,7.83497574724363
4.5,1412.5375446227613,8.197567885354035
5.0,1412.5375446227613,8.503690494853656
5.5,1412.5375446227613,8.7514309489843
6.0,1412.5375446227613,8.944008096754517
6.5,1412.5375446227613,9.08801377447413
7.0,1412.5375446227613,9.191725876257175
7.5,1412.5375446227613,9.26372928579726
8.0,1412.5375446227613,9.31195397423967
8.5,1412.5375446227613,9.343131207963907
9.0,1412.5375446227613,9.362596940894404
9.5,1412.5375446227613,9.374339064168927
10.0,1412.5375446227613,9.381184715428333
10.5,1412.5375446227613,9.385043071164228
11.0,1412.5375446227613,9.387145968341175
11.5,1412.5375446227613,9.388254520482544
12.0,1412.5375446227613,9.388819845600166
12.5,1412.5375446227613,9.38909878895729
13.0,1412.5375446227613,9.389231979156015
13.5,1412.5375446227613,9.38929352839018
14.0,1412.5375446227613,9.389321059050436
14.5,1412.5375446227613,9.389332979656032
15.0,1412.5375446227613,9.38933797663225
15.5,1412.5375446227613,9.389340004684318
16.0,1412.5375446227613,9.389340801661525
16.5,1412.5375446227613,9.389341104936646
17.0,1412.5375446227613,9.389341216694538
17.5,1412.5375446227613,9.389341256578128
18.0,1412.5375446227613,9.389341270363133
18.5,1412.5375446227613,9.389341274977758
19.0,1412.5375446227613,9.389341276473997
19.5,1412.5375446227613,9.389341276943911
20.0,1412.5375446227613,9.389341277086869
21.0,1412.5375446227613,9.389341277141023
22.0,1412.5375446227613,9.38934127714524
23.0,1412.5375446227613,9.389341277145528
24.0,1412.5375446227613,9.389341277145546
25.0,1412.5375446227613,9.389341277145547
26.0,1412.5375446227613,9.389341277145547
27.0,1412.5375446227613,9.389341277145547
28.0,1412.5375446227613,9.389341277145547
29.0,1412.5375446227613,9.389341277145547
30.0,1412.5375446227613,9.389341277145547
31.0,1412.5375446227613,9.389341277145547
32.0,1412.5375446227613,9.389341277145547
33.0,1412.5375446227613,9.389341277145547
34.0,1412.5375446227613,9.389341277145547
35.0,1412.5375446227613,9.389341277145547
36.0,1412.5375446227613,9.389341277145547
37.0,1412.5375446227613,9.389341277145547
38.0,1412.5375446227613,9.389341277145547
39.0,1412.5375446227613,9.389341277145547
40.0,1412.5375446227613,9.389341277145547
41.0,1412.5375446227613,9.389341277145547
42.0,1412.5375446227613,9.389341277145547
43.0,1412.5375446227613,9.389341277145547
44.0,1412.5375446227613,9.389341277145547
45.0,1412.5375446227613,9.389341277145547
46.0,1412.5375446227613,9.389341277145547
47.0,1412.5375446227613,9.389341277145547
48.0,1412.5375446227613,9.389341277145547
49.0,1412.5375446227613,9.389341277145547
50.0,1412.5375446227613,9.389341277145547
51.0,1412.5375446227613,9.389341277145547
52.0,1412.5375446227613,9.389341277145547
53.0,1412.5375446227613,9.389341277145547
54.0,1412.5375446227613,9.389341277145547
55.0,1412.5375446227613,9.389341277145547
56.0,1412.5375446227613,9.389341277145547
57.0,1412.5375446227613,9.389341277145547
58.0,1412.5375446227613,9.389341277145547
59.0,1412.5375446227613,9.389341277145547
60.0,1412.5375446227613,9.389341277145547
61.0,1412.5375446227613,9.389341277145547
62.0,1412.5375446227613,9.389341277145547
63.0,1412.5375446227613,9.389341277145547
64.0,1412.5375446227613,9.389341277145547
65.0,1412.5375446227613,9.389341277145547
66.0,1412.5375446227613,9.389341277145547
67.0,1412.5375446227613,9.389341277145547
68.0,1412.5375446227613,9.389341277145547
69.0,1412.5375446227613,9.389341277145547
70.0,1412.5375446227613,9.389341277145547
71.0,1412.5375446227613,9.389341277145547
72.0,1412.5375446227613,9.389341277145547
73.0,1412.5375446227613,9.389341277145547
74.0,1412.5375446227613,9.389341277145547
75.0,1412.5375446227613,9.389341277145547
76.0,1412.5375446227613,9.389341277145547
77.0,1412.5375446227613,9.389341277145547
78.0,1412.5375446227613,9.389341277145547
79.0,1412.5375446227613,9.389341277145547
80.0,1412.5375446227613,9.389341277145547
81.0,1412.5375446227613,9.389341277145547
82.0,1412.5375446227613,9.389341277145547
83.0,1412.5375446227613,9.389341277145547
84.0,1412.5375446227613,9.389341277145547
85.0,1412.5375446227613,9.389341277145547
86.0,1412.5375446227613,9.389341277145547
87.0,1412.5375446227613,9.389341277145547
88.0,1412.5375446227613,9.389341277145547
89.0,1412.5375446227613,9.389341277145547
90.0,1412.5375446227613,9.389341277145547
91.0,1412.5375446227613,9.389341277145547
92.0,1412.5375446227613,9.389341277145547
93.0,1412.5375446227613,9.389341277145547
94.0,1412.5375446227613,9.389341277145547
95.0,1412.5375446227613,9.389341277145547
96.0,1412.5375446227613,9.389341277145547
97.0,1412.5375446227613,9.389341277145547
98.0,1412.5375446227613,9.389341277145547
99.0,1412.5375446227613,9.389341277145547
100.0,1412.5375446227613,9.389341277145547
-100.0,1584.8931924611206,9.850500673322015
-99.0,1584.8931924611206,9.850500673322015
-98.0,1584.8931924611206,9.850500673322015
-97.0,1584.8931924611206,9.850500673322015
-96.0,1584.8931924611206,9.850500673322015
-95.0,1584.8931924611206,9.850500673322015
-94.0,1584.8931924611206,9.850500673322015
-93.0,1584.8931924611206,9.850500673322015
-92.0,1584.8931924611206,9.850500673322015
-91.0,1584.8931924611206,9.850500673322015
-90.0,1584.8931924611206,9.850500673322015
-89.0,1584.8931924611206,9.850500673322015
-88.0,1584.8931924611206,9.850500673322015
-87.0,1584.8931924611206,9.850500673322015
-86.0,1584.8931924611206,9.850500673322015
-85.0,1584.8931924611206,9.850500673322015
-84.0,1584.8931924611206,9.850500673322015
-83.0,1584.8931924611206,9.850500673322015
-82.0,1584.8931924611206,9.850500673322015
-81.0,1584.8931924611206,9.850500673322015
-80.0,1584.8931924611206,9.850500673322015
-79.0,1584.8931924611206,9.850500673322015
-78.0,1584.8931924611206,9.850500673322015
-77.0,1584.8931924611206,9.850500673322015
-76.0,1584.8931924611206,9.850500673322015
-75.0,1584.8931924611206,9.850500673322015
-74.0,1584.8931924611206,9.850500673322015
-73.0,1584.8931924611206,9.850500673322015
-72.0,1584.8931924611206,9.850500673322015
-71.0,1584.8931924611206,9.850500673322015
-70.0,1584.8931924611206,9.850500673322015
-69.0,1584.8931924611206,9.850500673322015
-68.0,1584.8931924611206,9.850500673322015
-67.0,1584.8931924611206,9.850500673322015
-66.0,1584.8931924611206,9.850500673322015
-65.0,1584.8931924611206,9.850500673322015
-64.0,1584.8931924611206,9.850500673322015
-63.0,1584.8931924611206,9.850500673322015
-62.0,1584.8931924611206,9.850500673322015
-61.0,1584.8931924611206,9.850500673322015
-60.0,1584.8931924611206,9.850500673322015
-59.0,1584.8931924611206,9.850500673322015
-58.0,1584.8931924611206,9.850500673322015
-57.0,1584.8931924611206,9.850500673322015
-56.0,1584.8931924611206,9.850500673322015
-55.0,1584.8931924611206,9.850500673322015
-54.0,1584.8931924611206,9.850500673322015
-53.0,1584.8931924611206,9.850500673322015
-52.0,1584.8931924611206,9.850500673322015
-51.0,1584.8931924611206,9.850500673322015
-50.0,1584.8931924611206,9.850500673322015
-49.0,1584.8931924611206,9.850500673322015
-48.0,1584.8931924611206,9.850500673322015
-47.0,1584.8931924611206,9.850500673322015
-46.0,1584.8931924611206,9.850500673322015
-45.0,1584.8931924611206,9.850500673322015
-44.0,1584.8931924611206,9.850500673322015
-43.0,1584.8931924611206,9.850500673322015
-42.0,1584.8931924611206,9.850500673322015
-41.0,1584.8931924611206,9.850500673322015
-40.0,1584.8931924611206,9.850500673322015
-39.0,1584.8931924611206,9.850500673322015
-38.0,1584.8931924611206,9.850500673322015
-37.0,1584.8931924611206,9.850500673322015
-36.0,1584.8931924611206,9.850500673322015
-35.0,1584.8931924611206,9.850500673322015
-34.0,1584.8931924611206,9.850500673322015
-33.0,1584.8931924611206,9.850500673322015
-32.0,1584.8931924611206,9.850500673322015
-31.0,1584.8931924611206,9.850500673322015
-30.0,1584.8931924611206,9.850500673322015
-29.0,1584.8931924611206,9.850500673322015
-28.0,1584.8931924611206,9.850500673322015
-27.0,1584.8931924611206,9.850500673322015
-26.0,1584.8931924611206,9.850500673322015
-25.0,1584.8931924611206,9.850500673322015
-24.0,1584.8931924611206,9.850500673322014
-23.0,1584.8931924611206,9.850500673321996
-22.0,1584.8931924611206,9.850500673321692
-21.0,1584.8931924611206,9.850500673317267
-20.0,1584.8931924611206,9.850500673260454
-19.5,1584.8931924611206,9.850500673110476
-19.0,1584.8931924611206,9.850500672617482
-18.5,1584.8931924611206,9.850500671047755
-18.0,1584.8931924611206,9.85050066620648
-17.5,1584.8931924611206,9.850500651744422
-17.0,1584.8931924611206,9.850500609901943
-16.5,1584.8931924611206,9.850500492655039
-16.0,1584.8931924611206,9.850500174484498
-15.5,1584.8931924611206,9.850499338363596
-15.0,1584.8931924611206,9.85049721070334
-14.5,1584.8931924611206,9.850491968299623
-14.0,1584.8931924611206,9.850479462211073
-13.5,1584.8931924611206,9.850450579376869
-13.0,1584.8931924611206,9.850386007139619
-12.5,1584.8931924611206,9.850246275277339
-12.0,1584.8931924611206,9.849953631560803
-11.5,1584.8931924611206,9.849360540385671
-11.0,1584.8931924611206,9.848197541481632
-10.5,1584.8931924611206,9.845991360084447
-10.0,1584.8931924611206,9.841943500426087
-9.5,1584.8931924611206,9.834761623620285
-9.0,1584.8931924611206,9.822442783585842
-8.5,1584.8931924611206,9.802020987244784
-8.0,1584.8931924611206,9.769312477379406
-7.5,1584.8931924611206,9.718719223608879
-7.0,1584.8931924611206,9.643179352043822
-6.5,1584.8931924611206,9.534373409402004
-6.0,1584.8931924611206,9.383294863690598
-5.5,1584.8931924611206,9.181259250351632
-5.0,1584.8931924611206,8.921350973701482
-4.5,1584.8931924611206,8.60019309031141
-4.0,1584.8931924611206,8.219792165989736
-3.5,1584.8931924611206,7.789091966294763
-3.0,1584.8931924611206,7.324809928925341
-2.5,1584.8931924611206,6.851168702578155
-2.0,1584.8931924611206,6.398290736209152
-1.5,1584.8931924611206,5.999282189802766
-1.0,1584.8931924611206,5.686340619824777
-0.5,1584.8931924611206,5.486498406299811
0.0,1584.8931924611206,5.417775370327109
0.5,1584.8931924611206,5.486498406299811
1.0,1584.8931924611206,5.686340619824777
1.5,1584.8931924611206,5.999282189802766
2.0,1584.8931924611206,6.398290736209152
2.5,1584.8931924611206,6.851168702578155
3.0,1584.8931924611206,7.324809928925341
3.5,1584.8931924611206,7.789091966294763
4.0,1584.8931924611206,8.219792165989736
4.5,1584.8931924611206,8.60019309031141
5.0,1584.8931924611206,8.921350973701482
5.5,1584.8931924611206,9.181259250351632
6.0,1584.8931924611206,9.383294863690598
6.5,1584.8931924611206,9.534373409402004
7.0,1584.8931924611206,9.643179352043822
7.5,1584.8931924611206,9.718719223608879
8.0,1584.8931924611206,9.769312477379406
8.5,1584.8931924611206,9.802020987244784
9.0,1584.8931924611206,9.822442783585842
9.5,1584.8931924611206,9.834761623620285
10.0,1584.8931924611206,9.841943500426087
10.5,1584.8931924611206,9.845991360084447
11.0,1584.8931924611206,9.848197541481632
11.5,1584.8931924611206,9.849360540385671
12.0,1584.8931924611206,9.849953631560803
12.5,1584.8931924611206,9.850246275277339
13.0,1584.8931924611206,9.850386007139619
13.5,1584.8931924611206,9.850450579376869
14.0,1584.8931924611206,9.850479462211073
14.5,1584.8931924611206,9.850491968299623
15.0,1584.8931924611206,9.85049721070334
15.5,1584.8931924611206,9.850499338363596
16.0,1584.8931924611206,9.850500174484498
16.5,1584.8931924611206,9.850500492655039
17.0,1584.8931924611206,9.850500609901943
17.5,1584.8931924611206,9.850500651744422
18.0,1584.8931924611206,9.85050066620648
18.5,1584.8931924611206,9.850500671047755
19.0,1584.8931924611206,9.850500672617482
19.5,1584.8931924611206,9.850500673110476
20.0,1584.8931924611206,9.850500673260454
21.0,1584.8931924611206,9.850500673317267
22.0,1584.8931924611206,9.850500673321692
23.0,1584.8931924611206,9.850500673321996
24.0,1584.8931924611206,9.850500673322014
25.0,1584.8931924611206,9.850500673322015
26.0,1584.8931924611206,9.850500673322015
27.0,1584.8931924611206,9.850500673322015
28.0,1584.8931924611206,9.850500673322015
29.0,1584.8931924611206,9.850500673322015
30.0,1584.8931924611206,9.850500673322015
31.0,1584.8931924611206,9.850500673322015
32.0,1584.8931924611206,9.850500673322015
33.0,1584.8931924611206,9.850500673322015
34.0,1584.8931924611206,9.850500673322015
35.0,1584.8931924611206,9.850500673322015
36.0,1584.8931924611206,9.850500673322015
37.0,1584.8931924611206,9.850500673322015
38.0,1584.8931924611206,9.850500673322015
39.0,1584.8931924611206,9.850500673322015
40.0,1584.8931924611206,9.850500673322015
41.0,1584.8931924611206,9.850500673322015
42.0,1584.8931924611206,9.850500673322015
43.0,1584.8931924611206,9.850500673322015
44.0,1584.8931924611206,9.850500673322015
45.0,1584.8931924611206,9.850500673322015
46.0,1584.8931924611206,9.850500673322015
47.0,1584.8931924611206,9.850500673322015
48.0,1584.8931924611206,9.850500673322015
49.0,1584.8931924611206,9.850500673322015
50.0,1584.8931924611206,9.850500673322015
51.0,1584.8931924611206,9.850500673322015
52.0,1584.8931924611206,9.850500673322015
53.0,1584.8931924611206,9.850500673322015
54.0,1584.8931924611206,9.850500673322015
55.0,1584.8931924611206,9.850500673322015
56.0,1584.8931924611206,9.850500673322015
57.0,1584.8931924611206,9.850500673322015
58.0,1584.8931924611206,9.850500673322015
59.0,1584.8931924611206,9.850500673322015
60.0,1584.8931924611206,9.850500673322015
61.0,1584.8931924611206,9.850500673322015
62.0,1584.8931924611206,9.850500673322015
63.0,1584.8931924611206,9.850500673322015
64.0,1584.8931924611206,9.850500673322015
65.0,1584.8931924611206,9.850500673322015
66.0,1584.8931924611206,9.850500673322015
67.0,1584.8931924611206,9.850500673322015
68.0,1584.8931924611206,9.850500673322015
69.0,1584.8931924611206,9.850500673322015
70.0,1584.8931924611206,9.850500673322015
71.0,1584.8931924611206,9.850500673322015
72.0,1584.8931924611206,9.850500673322015
73.0,1584.8931924611206,9.850500673322015
74.0,1584.8931924611206,9.850500673322015
75.0,1584.8931924611206,9.850500673322015
76.0,1584.8931924611206,9.850500673322015
77.0,1584.8931924611206,9.850500673322015
78.0,1584.8931924611206,9.850500673322015
79.0,1584.8931924611206,9.850500673322015
80.0,1584.8931924611206,9.850500673322015
81.0,1584.8931924611206,9.850500673322015
82.0,1584.8931924611206,9.850500673322015
83.0,1584.8931924611206,9.850500673322015
84.0,1584.8931924611206,9.850500673322015
85.0,1584.8931924611206,9.850500673322015
86.0,1584.8931924611206,9.850500673322015
87.0,1584.8931924611206,9.850500673322015
88.0,1584.8931924611206,9.850500673322015
89.0,1584.8931924611206,9.850500673322015
90.0,1584.8931924611206,9.850500673322015
91.0,1584.8931924611206,9.850500673322015
92.0,1584.8931924611206,9.850500673322015
93.0,1584.8931924611206,9.850500673322015
94.0,1584.8931924611206,9.850500673322015
95.0,1584.8931924611206,9.850500673322015
96.0,1584.8931924611206,9.850500673322015
97.0,1584.8931924611206,9.850500673322015
98.0,1584.8931924611206,9.850500673322015
99.0,1584.8931924611206,9.850500673322015
100.0,1584.8931924611206,9.850500673322015
-100.0,1778.27941003893,10.324410664412587
-99.0,1778.27941003893,10.324410664412587
-98.0,1778.27941003893,10.324410664412587
-97.0,1778.27941003893,10.324410664412587
-96.0,1778.27941003893,10.324410664412587
-95.0,1778.27941003893,10.324410664412587
-94.0,1778.27941003893,10.324410664412587
-93.0,1778.27941003893,10.324410664412587
-92.0,1778.27941003893,10.324410664412587
-91.0,1778.27941003893,10.324410664412587
-90.0,1778.27941003893,10.324410664412587
-89.0,1778.27941003893,10.324410664412587
-88.0,1778.27941003893,10.324410664412587
-87.0,1778.27941003893,10.324410664412587
-86.0,1778.27941003893,10.324410664412587
-85.0,1778.27941003893,10.324410664412587
-84.0,1778.27941003893,10.324410664412587
-83.0,1778.27941003893,10.324410664412587
-82.0,1778.27941003893,10.324410664412587
-81.0,1778.27941003893,10.324410664412587
-80.0,1778.27941003893,10.324410664412587
-79.0,1778.27941003893,10.324410664412587
-78.0,1778.27941003893,10.324410664412587
-77.0,1778.27941003893,10.324410664412587
-76.0,1778.27941003893,10.324410664412587
-75.0,1778.27941003893,10.324410664412587
-74.0,1778.27941003893,10.324410664412587
-73.0,1778.27941003893,10.324410664412587
-72.0,1778.27941003893,10.324410664412587
-71.0,1778.27941003893,10.324410664412587
-70.0,1778.27941003893,10.324410664412587
-69.0,1778.27941003893,10.324410664412587
-68.0,1778.27941003893,10.324410664412587
-67.0,1778.27941003893,10.324410664412587
-66.0,1778.27941003893,10.324410664412587
-65.0,1778.27941003893,10.324410664412587
-64.0,1778.27941003893,10.324410664412587
-63.0,1778.27941003893,10.324410664412587
-62.0,1778.27941003893,10.324410664412587
-61.0,1778.27941003893,10.324410664412587
-60.0,1778.27941003893,10.324410664412587
-59.0,1778.27941003893,10.324410664412587
-58.0,1778.27941003893,10.324410664412587
-57.0,1778.27941003893,10.324410664412587
-56.0,1778.27941003893,10.324410664412587
-55.0,1778.27941003893,10.324410664412587
-54.0,1778.27941003893,10.324410664412587
-53.0,1778.27941003893,10.324410664412587
-52.0,1778.27941003893,10.324410664412587
-51.0,1778.27941003893,10.324410664412587
-50.0,1778.27941003893,10.324410664412587
-49.0,1778.27941003893,10.324410664412587
-48.0,1778.27941003893,10.324410664412587
-47.0,1778.27941003893,10.324410664412587
-46.0,1778.27941003893,10.324410664412587
-45.0,1778.27941003893,10.324410664412587
-44.0,1778.27941003893,10.324410664412587
-43.0,1778.27941003893,10.324410664412587
-42.0,1778.27941003893,10.324410664412587
-41.0,1778.27941003893,10.324410664412587
-40.0,1778.27941003893,10.324410664412587
-39.0,1778.27941003893,10.324410664412587
-38.0,1778.27941003893,10.324410664412587
-37.0,1778.27941003893,10.324410664412587
-36.0,1778.27941003893,10.324410664412587
-35.0,1778.27941003893,10.324410664412587
-34.0,1778.27941003893,10.324410664412587
-33.0,1778.27941003893,10.324410664412587
-32.0,1778.27941003893,10.324410664412587
-31.0,1778.27941003893,10.324410664412587
-30.0,1778.27941003893,10.324410664412587
-29.0,1778.27941003893,10.324410664412587
-28.0,1778.27941003893,10.324410664412587
-27.0,1778.27941003893,10.324410664412587
-26.0,1778.27941003893,10.324410664412587
-25.0,1778.27941003893,10.324410664412587
-24.0,1778.27941003893,10.324410664412586
-23.0,1778.27941003893,10.324410664412566
-22.0,1778.27941003893,10.32441066441225
-21.0,1778.27941003893,10.324410664407612
-20.0,1778.27941003893,10.324410664348065
-19.5,1778.27941003893,10.324410664190872
-19.0,1778.27941003893,10.32441066367416
-18.5,1778.27941003893,10.32441066202891
-18.0,1778.27941003893,10.324410656954722
-17.5,1778.27941003893,10.324410641796891
-17.0,1778.27941003893,10.324410597941359
-16.5,1778.27941003893,10.324410475053678
-16.0,1778.27941003893,10.324410141575877
-15.5,1778.27941003893,10.324409265228992
-15.0,1778.27941003893,10.324407035206482
-14.5,1778.27941003893,10.324401540589445
-14.0,1778.27941003893,10.324388432829922
-13.5,1778.27941003893,10.324358160435516
-13.0,1778.27941003893,10.324290481612175
-12.5,1778.27941003893,10.324144027215905
-12.0,1778.27941003893,10.323837304338754
-11.5,1778.27941003893,10.323215679402464
-11.0,1778.27941003893,10.321996728337359
-10.5,1778.27941003893,10.319684407014808
-10.0,1778.27941003893,10.315441803840534
-9.5,1778.27941003893,10.307914405189099
-9.0,1778.27941003893,10.295002902754584
-8.5,1778.27941003893,10.273598608808276
-8.0,1778.27941003893,10.239316484551818
-7.5,1778.27941003893,10.18628917699674
-7.0,1778.27941003893,10.107115063777616
-6.5,1778.27941003893,9.993074440684719
-6.0,1778.27941003893,9.83472746927329
-5.5,1778.27941003893,9.62297187327631
-5.0,1778.27941003893,9.350559346014288
-4.5,1778.27941003893,9.013950478486093
-4.0,1778.27941003893,8.615248372870726
-3.5,1778.27941003893,8.16382708146993
-3.0,1778.27941003893,7.677208321989606
-2.5,1778.27941003893,7.18078010066599
-2.0,1778.27941003893,6.7061140648247095
-1.5,1778.27941003893,6.287909119885542
-1.0,1778.27941003893,5.9599118546126135
-0.5,1778.27941003893,5.750455183429913
0.0,1778.27941003893,5.678425865426924
0.5,1778.27941003893,5.750455183429913
1.0,1778.27941003893,5.9599118546126135
1.5,1778.27941003893,6.287909119885542
2.0,1778.27941003893,6.7061140648247095
2.5,1778.27941003893,7.18078010066599
3.0,1778.27941003893,7.677208321989606
3.5,1778.27941003893,8.16382708146993
4.0,1778.27941003893,8.615248372870726
4.5,1778.27941003893,9.013950478486093
5.0,1778.27941003893,9.350559346014288
5.5,1778.27941003893,9.62297187327631
6.0,1778.27941003893,9.83472746927329
6.5,1778.27941003893,9.993074440684719
7.0,1778.27941003893,10.107115063777616
7.5,1778.27941003893,10.18628917699674
8.0,1778.27941003893,10.239316484551818
8.5,1778.27941003893,10.273598608808276
9.0,1778.27941003893,10.295002902754584
9.5,1778.27941003893,10.307914405189099
10.0,1778.27941003893,10.315441803840534
10.5,1778.27941003893,10.319684407014808
11.0,1778.27941003893,10.321996728337359
11.5,1778.27941003893,10.323215679402464
12.0,1778.27941003893,10.323837304338754
12.5,1778.27941003893,10.324144027215905
13.0,1778.27941003893,10.324290481612175
13.5,1778.27941003893,10.324358160435516
14.0,1778.27941003893,10.324388432829922
14.5,1778.27941003893,10.324401540589445
15.0,1778.27941003893,10.324407035206482
15.5,1778.27941003893,10.324409265228992
16.0,1778.27941003893,10.324410141575877
16.5,1778.27941003893,10.324410475053678
17.0,1778.27941003893,10.324410597941359
17.5,1778.27941003893,10.324410641796891
18.0,1778.27941003893,10.324410656954722
18.5,1778.27941003893,10.32441066202891
19.0,1778.27941003893,10.32441066367416
19.5,1778.27941003893,10.324410664190872
20.0,1778.27941003893,10.324410664348065
21.0,1778.27941003893,10.324410664407612
22.0,1778.27941003893,10.32441066441225
23.0,1778.27941003893,10.324410664412566
24.0,1778.27941003893,10.324410664412586
25.0,1778.27941003893,10.324410664412587
26.0,1778.27941003893,10.324410664412587
27.0,1778.27941003893,10.324410664412587
28.0,1778.27941003893,10.324410664412587
29.0,1778.27941003893,10.324410664412587
30.0,1778.27941003893,10.324410664412587
31.0,1778.27941003893,10.324410664412587
32.0,1778.27941003893,10.324410664412587
33.0,1778.27941003893,10.324410664412587
34.0,1778.27941003893,10.324410664412587
35.0,1778.27941003893,10.324410664412587
36.0,1778.27941003893,10.324410664412587
37.0,1778.27941003893,10.324410664412587
38.0,1778.27941003893,10.324410664412587
39.0,1778.27941003893,10.324410664412587
40.0,1778.27941003893,10.324410664412587
41.0,1778.27941003893,10.324410664412587
42.0,1778.27941003893,10.324410664412587
43.0,1778.27941003893,10.324410664412587
44.0,1778.27941003893,10.324410664412587
45.0,1778.27941003893,10.324410664412587
46.0,1778.27941003893,10.324410664412587
47.0,1778.27941003893,10.324410664412587
48.0,1778.27941003893,10.324410664412587
49.0,1778.27941003893,10.324410664412587
50.0,1778.27941003893,10.324410664412587
51.0,1778.27941003893,10.324410664412587
52.0,1778.27941003893,10.324410664412587
53.0,1778.27941003893,10.324410664412587
54.0,1778.27941003893,10.324410664412587
55.0,1778.27941003893,10.324410664412587
56.0,1778.27941003893,10.324410664412587
57.0,1778.27941003893,10.324410664412587
58.0,1778.27941003893,10.324410664412587
59.0,1778.27941003893,10.324410664412587
60.0,1778.27941003893,10.324410664412587
61.0,1778.27941003893,10.324410664412587
62.0,1778.27941003893,10.324410664412587
63.0,1778.27941003893,10.324410664412587
64.0,1778.27941003893,10.324410664412587
65.0,1778.27941003893,10.324410664412587
66.0,1778.27941003893,10.324410664412587
67.0,1778.27941003893,10.324410664412587
68.0,1778.27941003893,10.324410664412587
69.0,1778.27941003893,10.324410664412587
70.0,1778.27941003893,10.324410664412587
71.0,1778.27941003893,10.324410664412587
72.0,1778.27941003893,10.324410664412587
73.0,1778.27941003893,10.324410664412587
74.0,1778.27941003893,10.324410664412587
75.0,1778.27941003893,10.324410664412587
76.0,1778.27941003893,10.324410664412587
77.0,1778.27941003893,10.324410664412587
78.0,1778.27941003893,10.324410664412587
79.0,1778.27941003893,10.324410664412587
80.0,1778.27941003893,10.324410664412587
81.0,1778.27941003893,10.324410664412587
82.0,1778.27941003893,10.324410664412587
83.0,1778.27941003893,10.324410664412587
84.0,1778.27941003893,10.324410664412587
85.0,1778.27941003893,10.324410664412587
86.0,1778.27941003893,10.324410664412587
87.0,1778.27941003893,10.324410664412587
88.0,1778.27941003893,10.324410664412587
89.0,1778.27941003893,10.324410664412587
90.0,1778.27941003893,10.324410664412587
91.0,1778.27941003893,10.324410664412587
92.0,1778.27941003893,10.324410664412587
93.0,1778.27941003893,10.324410664412587
94.0,1778.27941003893,10.324410664412587
95.0,1778.27941003893,10.324410664412587
96.0,1778.27941003893,10.324410664412587
97.0,1778.27941003893,10.324410664412587
98.0,1778.27941003893,10.324410664412587
99.0,1778.27941003893,10.324410664412587
100.0,1778.27941003893,10.324410664412587
-100.0,1995.262314968889,10.811128691732769
-99.0,1995.262314968889,10.811128691732769
-98.0,1995.262314968889,10.811128691732769
-97.0,1995.262314968889,10.811128691732769
-96.0,1995.262314968889,10.811128691732769
-95.0,1995.262314968889,10.811128691732769
-94.0,1995.262314968889,10.811128691732769
-93.0,1995.262314968889,10.811128691732769
-92.0,1995.262314968889,10.811128691732769
-91.0,1995.262314968889,10.811128691732769
-90.0,1995.262314968889,10.811128691732769
-89.0,1995.262314968889,10.811128691732769
-88.0,1995.262314968889,10.811128691732769
-87.0,1995.262314968889,10.811128691732769
-86.0,1995.262314968889,10.811128691732769
-85.0,1995.262314968889,10.811128691732769
-84.0,1995.262314968889,10.811128691732769
-83.0,1995.262314968889,10.811128691732769
-82.0,1995.262314968889,10.811128691732769
-81.0,1995.262314968889,10.811128691732769
-80.0,1995.262314968889,10.811128691732769
-79.0,1995.262314968889,10.811128691732769
-78.0,1995.262314968889,10.811128691732769
-77.0,1995.262314968889,10.811128691732769
-76.0,1995.262314968889,10.811128691732769
-75.0,1995.262314968889,10.811128691732769
-74.0,1995.262314968889,10.811128691732769
-73.0,1995.262314968889,10.811128691732769
-72.0,1995.262314968889,10.811128691732769
-71.0,1995.262314968889,10.811128691732769
-70.0,1995.262314968889,10.811128691732769
-69.0,1995.262314968889,10.811128691732769
-68.0,1995.262314968889,10.811128691732769
-67.0,1995.262314968889,10.811128691732769
-66.0,1995.262314968889,10.811128691732769
-65.0,1995.262314968889,10.811128691732769
-64.0,1995.262314968889,10.811128691732769
-63.0,1995.262314968889,10.811128691732769
-62.0,1995.262314968889,10.811128691732769
-61.0,1995.262314968889,10.811128691732769
-60.0,1995.262314968889,10.811128691732769
-59.0,1995.262314968889,10.811128691732769
-58.0,1995.262314968889,10.811128691732769
-57.0,1995.262314968889,10.811128691732769
-56.0,1995.262314968889,10.811128691732769
-55.0,1995.262314968889,10.811128691732769
-54.0,1995.262314968889,10.811128691732769
-53.0,1995.262314968889,10.811128691732769
-52.0,1995.262314968889,10.811128691732769
-51.0,1995.262314968889,10.811128691732769
-50.0,1995.262314968889,10.811128691732769
-49.0,1995.262314968889,10.811128691732769
-48.0,1995.262314968889,10.811128691732769
-47.0,1995.262314968889,10.811128691732769
-46.0,1995.262314968889,10.811128691732769
-45.0,1995.262314968889,10.811128691732769
-44.0,1995.262314968889,10.811128691732769
-43.0,1995.262314968889,10.811128691732769
-42.0,1995.262314968889,10.811128691732769
-41.0,1995.262314968889,10.811128691732769
-40.0,1995.262314968889,10.811128691732769
-39.0,1995.262314968889,10.811128691732769
-38.0,1995.262314968889,10.811128691732769
-37.0,1995.262314968889,10.811128691732769
-36.0,1995.262314968889,10.811128691732769
-35.0,1995.262314968889,10.811128691732769
-34.0,1995.262314968889,10.811128691732769
-33.0,1995.262314968889,10.811128691732769
-32.0,1995.262314968889,10.811128691732769
-31.0,1995.262314968889,10.811128691732769
-30.0,1995.262314968889,10.811128691732769
-29.0,1995.262314968889,10.811128691732769
-28.0,1995.262314968889,10.811128691732769
-27.0,1995.262314968889,10.811128691732769
-26.0,1995.262314968889,10.811128691732769
-25.0,1995.262314968889,10.811128691732769
-24.0,1995.262314968889,10.811128691732767
-23.0,1995.262314968889,10.811128691732748
-22.0,1995.262314968889,10.811128691732415
-21.0,1995.262314968889,10.811128691727559
-20.0,1995.262314968889,10.811128691665203
-19.5,1995.262314968889,10.8111286915006
-19.0,1995.262314968889,10.81112869095953
-18.5,1995.262314968889,10.81112868923672
-18.0,1995.262314968889,10.811128683923322
-17.5,1995.262314968889,10.811128668050914
-17.0,1995.262314968889,10.811128622127924
-16.5,1995.262314968889,10.811128493447018
-16.0,1995.262314968889,10.811128144248254
-15.5,1995.262314968889,10.81112722658823
-15.0,1995.262314968889,10.811124891436991
-14.5,1995.262314968889,10.811119137790238
-14.0,1995.262314968889,10.811105412098799
-13.5,1995.262314968889,10.811073712589513
-13.0,1995.262314968889,10.811002843220535
-12.5,1995.262314968889,10.810849484605017
-12.0,1995.262314968889,10.810528302059558
-11.5,1995.262314968889,10.809877372199958
-11.0,1995.262314968889,10.808600956793585
-10.5,1995.262314968889,10.806179626975613
-10.0,1995.262314968889,10.801737017087659
-9.5,1995.262314968889,10.79385475841161
-9.0,1995.262314968889,10.780334576101902
-8.5,1995.262314968889,10.75792123126985
-8.0,1995.262314968889,10.722022963638935
-7.5,1995.262314968889,10.666495818817959
-7.0,1995.262314968889,10.58358924381933
-6.5,1995.262314968889,10.464172466201948
-6.0,1995.262314968889,10.298360630396548
-5.5,1995.262314968889,10.07662235652015
-5.0,1995.262314968889,9.791367634948356
-4.5,1995.262314968889,9.43889020026344
-4.0,1995.262314968889,9.02139230003653
-3.5,1995.262314968889,8.54868990237383
-3.0,1995.262314968889,8.039130741705508
-2.5,1995.262314968889,7.519299677116314
-2.0,1995.262314968889,7.022256720779524
-1.5,1995.262314968889,6.584336569575078
-1.0,1995.262314968889,6.240876709185671
-0.5,1995.262314968889,6.021545737074735
0.0,1995.262314968889,5.946120780453024
0.5,1995.262314968889,6.021545737074735
1.0,1995.262314968889,6.240876709185671
1.5,1995.262314968889,6.584336569575078
2.0,1995.262314968889,7.022256720779524
2.5,1995.262314968889,7.519299677116314
3.0,1995.262314968889,8.039130741705508
3.5,1995.262314968889,8.54868990237383
4.0,1995.262314968889,9.02139230003653
4.5,1995.262314968889,9.43889020026344
5.0,1995.262314968889,9.791367634948356
5.5,1995.262314968889,10.07662235652015
6.0,1995.262314968889,10.298360630396548
6.5,1995.262314968889,10.464172466201948
7.0,1995.262314968889,10.58358924381933
7.5,1995.262314968889,10.666495818817959
8.0,1995.262314968889,10.722022963638935
8.5,1995.262314968889,10.75792123126985
9.0,1995.262314968889,10.780334576101902
9.5,1995.262314968889,10.79385475841161
10.0,1995.262314968889,10.801737017087659
10.5,1995.262314968889,10.806179626975613
11.0,1995.262314968889,10.808600956793585
11.5,1995.262314968889,10.809877372199958
12.0,1995.262314968889,10.810528302059558
12.5,1995.262314968889,10.810849484605017
13.0,1995.262314968889,10.811002843220535
13.5,1995.262314968889,10.811073712589513
14.0,1995.262314968889,10.811105412098799
14.5,1995.262314968889,10.811119137790238
15.0,1995.262314968889,10.811124891436991
15.5,1995.262314968889,10.81112722658823
16.0,1995.262314968889,10.811128144248254
16.5,1995.262314968889,10.811128493447018
17.0,1995.262314968889,10.811128622127924
17.5,1995.262314968889,10.811128668050914
18.0,1995.262314968889,10.811128683923322
18.5,1995.262314968889,10.81112868923672
19.0,1995.262314968889,10.81112869095953
19.5,1995.262314968889,10.8111286915006
20.0,1995.262314968889,10.811128691665203
21.0,1995.262314968889,10.811128691727559
22.0,1995.262314968889,10.811128691732415
23.0,1995.262314968889,10.811128691732748
24.0,1995.262314968889,10.811128691732767
25.0,1995.262314968889,10.811128691732769
26.0,1995.262314968889,10.811128691732769
27.0,1995.262314968889,10.811128691732769
28.0,1995.262314968889,10.811128691732769
29.0,1995.262314968889,10.811128691732769
30.0,1995.262314968889,10.811128691732769
31.0,1995.262314968889,10.811128691732769
32.0,1995.262314968889,10.811128691732769
33.0,1995.262314968889,10.811128691732769
34.0,1995.262314968889,10.811128691732769
35.0,1995.262314968889,10.811128691732769
36.0,1995.262314968889,10.811128691732769
37.0,1995.262314968889,10.811128691732769
38.0,1995.262314968889,10.811128691732769
39.0,1995.262314968889,10.811128691732769
40.0,1995.262314968889,10.811128691732769
41.0,1995.262314968889,10.811128691732769
42.0,1995.262314968889,10.811128691732769
43.0,1995.262314968889,10.811128691732769
44.0,1995.262314968889,10.811128691732769
45.0,1995.262314968889,10.811128691732769
46.0,1995.262314968889,10.811128691732769
47.0,1995.262314968889,10.811128691732769
48.0,1995.262314968889,10.811128691732769
49.0,1995.262314968889,10.811128691732769
50.0,1995.262314968889,10.811128691732769
51.0,1995.262314968889,10.811128691732769
52.0,1995.262314968889,10.811128691732769
53.0,1995.262314968889,10.811128691732769
54.0,1995.262314968889,10.811128691732769
55.0,1995.262314968889,10.811128691732769
56.0,1995.262314968889,10.811128691732769
57.0,1995.262314968889,10.811128691732769
58.0,1995.262314968889,10.811128691732769
59.0,1995.262314968889,10.811128691732769
60.0,1995.262314968889,10.811128691732769
61.0,1995.262314968889,10.811128691732769
62.0,1995.262314968889,10.811128691732769
63.0,1995.262314968889,10.811128691732769
64.0,1995.262314968889,10.811128691732769
65.0,1995.262314968889,10.811128691732769
66.0,1995.262314968889,10.811128691732769
67.0,1995.262314968889,10.811128691732769
68.0,1995.262314968889,10.811128691732769
69.0,1995.262314968889,10.811128691732769
70.0,1995.262314968889,10.811128691732769
71.0,1995.262314968889,10.811128691732769
72.0,1995.262314968889,10.811128691732769
73.0,1995.262314968889,10.811128691732769
74.0,1995.262314968889,10.811128691732769
75.0,1995.262314968889,10.811128691732769
76.0,1995.262314968889,10.811128691732769
77.0,1995.262314968889,10.811128691732769
78.0,1995.262314968889,10.811128691732769
79.0,1995.262314968889,10.811128691732769
80.0,1995.262314968889,10.811128691732769
81.0,1995.262314968889,10.811128691732769
82.0,1995.262314968889,10.811128691732769
83.0,1995.262314968889,10.811128691732769
84.0,1995.262314968889,10.811128691732769
85.0,1995.262314968889,10.811128691732769
86.0,1995.262314968889,10.811128691732769
87.0,1995.262314968889,10.811128691732769
88.0,1995.262314968889,10.811128691732769
89.0,1995.262314968889,10.811128691732769
90.0,1995.262314968889,10.811128691732769
91.0,1995.262314968889,10.811128691732769
92.0,1995.262314968889,10.811128691732769
93.0,1995.262314968889,10.811128691732769
94.0,1995.262314968889,10.811128691732769
95.0,1995.262314968889,10.811128691732769
96.0,1995.262314968889,10.811128691732769
97.0,1995.262314968889,10.811128691732769
98.0,1995.262314968889,10.811128691732769
99.0,1995.262314968889,10.811128691732769
100.0,1995.262314968889,10.811128691732769
-100.0,2238.7211385683513,11.310711184178311
-99.0,2238.7211385683513,11.310711184178311
-98.0,2238.7211385683513,11.310711184178311
-97.0,2238.7211385683513,11.310711184178311
-96.0,2238.7211385683513,11.310711184178311
-95.0,2238.7211385683513,11.310711184178311
-94.0,2238.7211385683513,11.310711184178311
-93.0,2238.7211385683513,11.310711184178311
-92.0,2238.7211385683513,11.310711184178311
-91.0,2238.7211385683513,11.310711184178311
-90.0,2238.7211385683513,11.310711184178311
-89.0,2238.7211385683513,11.310711184178311
-88.0,2238.7211385683513,11.310711184178311
-87.0,2238.7211385683513,11.310711184178311
-86.0,2238.7211385683513,11.310711184178311
-85.0,2238.7211385683513,11.310711184178311
-84.0,2238.7211385683513,11.310711184178311
-83.0,2238.7211385683513,11.310711184178311
-82.0,2238.7211385683513,11.310711184178311
-81.0,2238.7211385683513,11.310711184178311
-80.0,2238.7211385683513,11.310711184178311
-79.0,2238.7211385683513,11.310711184178311
-78.0,2238.7211385683513,11.310711184178311
-77.0,2238.7211385683513,11.310711184178311
-76.0,2238.7211385683513,11.310711184178311
-75.0,2238.7211385683513,11.310711184178311
-74.0,2238.7211385683513,11.310711184178311
-73.0,2238.7211385683513,11.310711184178311
-72.0,2238.7211385683513,11.310711184178311
-71.0,2238.7211385683513,11.310711184178311
-70.0,2238.7211385683513,11.310711184178311
-69.0,2238.7211385683513,11.310711184178311
-68.0,2238.7211385683513,11.310711184178311
-67.0,2238.7211385683513,11.310711184178311
-66.0,2238.7211385683513,11.310711184178311
-65.0,2238.7211385683513,11.310711184178311
-64.0,2238.7211385683513,11.310711184178311
-63.0,2238.7211385683513,11.310711184178311
-62.0,2238.7211385683513,11.310711184178311
-61.0,2238.7211385683513,11.310711184178311
-60.0,2238.7211385683513,11.310711184178311
-59.0,2238.7211385683513,11.310711184178311
-58.0,2238.7211385683513,11.310711184178311
-57.0,2238.7211385683513,11.310711184178311
-56.0,2238.7211385683513,11.310711184178311
-55.0,2238.7211385683513,11.310711184178311
-54.0,2238.7211385683513,11.310711184178311
-53.0,2238.7211385683513,11.310711184178311
-52.0,2238.7211385683513,11.310711184178311
-51.0,2238.7211385683513,11.310711184178311
-50.0,2238.7211385683513,11.310711184178311
-49.0,2238.7211385683513,11.310711184178311
-48.0,2238.7211385683513,11.310711184178311
-47.0,2238.7211385683513,11.310711184178311
-46.0,2238.7211385683513,11.310711184178311
-45.0,2238.7211385683513,11.310711184178311
-44.0,2238.7211385683513,11.310711184178311
-43.0,2238.7211385683513,11.310711184178311
-42.0,2238.7211385683513,11.310711184178311
-41.0,2238.7211385683513,11.310711184178311
-40.0,2238.7211385683513,11.310711184178311
-39.0,2238.7211385683513,11.310711184178311
-38.0,2238.7211385683513,11.310711184178311
-37.0,2238.7211385683513,11.310711184178311
-36.0,2238.7211385683513,11.310711184178311
-35.0,2238.7211385683513,11.310711184178311
-34.0,2238.7211385683513,11.310711184178311
-33.0,2238.7211385683513,11.310711184178311
-32.0,2238.7211385683513,11.310711184178311
-31.0,2238.7211385683513,11.310711184178311
-30.0,2238.7211385683513,11.310711184178311
-29.0,2238.7211385683513,11.310711184178311
-28.0,2238.7211385683513,11.310711184178311
-27.0,2238.7211385683513,11.310711184178311
-26.0,2238.7211385683513,11.310711184178311
-25.0,2238.7211385683513,11.310711184178311
-24.0,2238.7211385683513,11.31071118417831
-23.0,2238.7211385683513,11.310711184178288
-22.0,2238.7211385683513,11.31071118417794
-21.0,2238.7211385683513,11.31071118417286
-20.0,2238.7211385683513,11.310711184107625
-19.5,2238.7211385683513,11.310711183935414
-19.0,2238.7211385683513,11.31071118336934
-18.5,2238.7211385683513,11.31071118156692
-18.0,2238.7211385683513,11.31071117600799
-17.5,2238.7211385683513,11.310711159402116
-17.0,2238.7211385683513,11.310711111357024
-16.5,2238.7211385683513,11.310710976729771
-16.0,2238.7211385683513,11.310710611394525
-15.5,2238.7211385683513,11.310709651329411
-15.0,2238.7211385683513,11.310707208270783
-14.5,2238.7211385683513,11.310701188747887
-14.0,2238.7211385683513,11.31068682879195
-13.5,2238.7211385683513,11.310653664447647
-13.0,2238.7211385683513,11.310579520203586
-12.5,2238.7211385683513,11.3104190748831
-12.0,2238.7211385683513,11.310083050485217
-11.5,2238.7211385683513,11.30940204114262
-11.0,2238.7211385683513,11.308066642552502
-10.5,2238.7211385683513,11.305533423030877
-10.0,2238.7211385683513,11.300885520043183
-9.5,2238.7211385683513,11.292639022021941
-9.0,2238.7211385683513,11.278494071793064
-8.5,2238.7211385683513,11.255045005807881
-8.0,2238.7211385683513,11.217487878447432
-7.5,2238.7211385683513,11.159394823054209
-7.0,2238.7211385683513,11.07265713341816
-6.5,2238.7211385683513,10.947722103904699
-6.0,2238.7211385683513,10.774248099553292
-5.5,2238.7211385683513,10.542263295208853
-5.0,2238.7211385683513,10.243826946736839
-4.5,2238.7211385683513,9.875061522113798
-4.0,2238.7211385683513,9.438271034819115
-3.5,2238.7211385683513,8.943725049059097
-3.0,2238.7211385683513,8.410619148471769
-2.5,2238.7211385683513,7.866766679059536
-2.0,2238.7211385683513,7.346755356878657
-1.5,2238.7211385683513,6.888598905943718
-1.0,2238.7211385683513,6.529267757920898
-0.5,2238.7211385683513,6.299801496808965
0.0,2238.7211385683513,6.220891151298072
0.5,2238.7211385683513,6.299801496808965
1.0,2238.7211385683513,6.529267757920898
1.5,2238.7211385683513,6.888598905943718
2.0,2238.7211385683513,7.346755356878657
2.5,2238.7211385683513,7.866766679059536
3.0,2238.7211385683513,8.410619148471769
3.5,2238.7211385683513,8.943725049059097
4.0,2238.7211385683513,9.438271034819115
4.5,2238.7211385683513,9.875061522113798
5.0,2238.7211385683513,10.243826946736839
5.5,2238.7211385683513,10.542263295208853
6.0,2238.7211385683513,10.774248099553292
6.5,2238.7211385683513,10.947722103904699
7.0,2238.7211385683513,11.07265713341816
7.5,2238.7211385683513,11.159394823054209
8.0,2238.7211385683513,11.217487878447432
8.5,2238.7211385683513,11.255045005807881
9.0,2238.7211385683513,11.278494071793064
9.5,2238.7211385683513,11.292639022021941
10.0,2238.7211385683513,11.300885520043183
10.5,2238.7211385683513,11.305533423030877
11.0,2238.7211385683513,11.308066642552502
11.5,2238.7211385683513,11.30940204114262
12.0,2238.7211385683513,11.310083050485217
12.5,2238.7211385683513,11.3104190748831
13.0,2238.7211385683513,11.310579520203586
13.5,2238.7211385683513,11.310653664447647
14.0,2238.7211385683513,11.31068682879195
14.5,2238.7211385683513,11.310701188747887
15.0,2238.7211385683513,11.310707208270783
15.5,2238.7211385683513,11.310709651329411
16.0,2238.7211385683513,11.310710611394525
16.5,2238.7211385683513,11.310710976729771
17.0,2238.7211385683513,11.310711111357024
17.5,2238.7211385683513,11.310711159402116
18.0,2238.7211385683513,11.31071117600799
18.5,2238.7211385683513,11.31071118156692
19.0,2238.7211385683513,11.31071118336934
19.5,2238.7211385683513,11.310711183935414
20.0,2238.7211385683513,11.310711184107625
21.0,2238.7211385683513,11.31071118417286
22.0,2238.7211385683513,11.31071118417794
23.0,2238.7211385683513,11.310711184178288
24.0,2238.7211385683513,11.31071118417831
25.0,2238.7211385683513,11.310711184178311
26.0,2238.7211385683513,11.310711184178311
27.0,2238.7211385683513,11.310711184178311
28.0,2238.7211385683513,11.310711184178311
29.0,2238.7211385683513,11.310711184178311
30.0,2238.7211385683513,11.310711184178311
31.0,2238.7211385683513,11.310711184178311
32.0,2238.7211385683513,11.310711184178311
33.0,2238.7211385683513,11.310711184178311
34.0,2238.7211385683513,11.310711184178311
35.0,2238.7211385683513,11.310711184178311
36.0,2238.7211385683513,11.310711184178311
37.0,2238.7211385683513,11.310711184178311
38.0,2238.7211385683513,11.310711184178311
39.0,2238.7211385683513,11.310711184178311
40.0,2238.7211385683513,11.310711184178311
41.0,2238.7211385683513,11.310711184178311
42.0,2238.7211385683513,11.310711184178311
43.0,2238.7211385683513,11.310711184178311
44.0,2238.7211385683513,11.310711184178311
45.0,2238.7211385683513,11.310711184178311
46.0,2238.7211385683513,11.310711184178311
47.0,2238.7211385683513,11.310711184178311
48.0,2238.7211385683513,11.310711184178311
49.0,2238.7211385683513,11.310711184178311
50.0,2238.7211385683513,11.310711184178311
51.0,2238.7211385683513,11.310711184178311
52.0,2238.7211385683513,11.310711184178311
53.0,2238.7211385683513,11.310711184178311
54.0,2238.7211385683513,11.310711184178311
55.0,2238.7211385683513,11.310711184178311
56.0,2238.7211385683513,11.310711184178311
57.0,2238.7211385683513,11.310711184178311
58.0,2238.7211385683513,11.310711184178311
59.0,2238.7211385683513,11.310711184178311
60.0,2238.7211385683513,11.310711184178311
61.0,2238.7211385683513,11.310711184178311
62.0,2238.7211385683513,11.310711184178311
63.0,2238.7211385683513,11.310711184178311
64.0,2238.7211385683513,11.310711184178311
65.0,2238.7211385683513,11.310711184178311
66.0,2238.7211385683513,11.310711184178311
67.0,2238.7211385683513,11.310711184178311
68.0,2238.7211385683513,11.310711184178311
69.0,2238.7211385683513,11.310711184178311
70.0,2238.7211385683513,11.310711184178311
71.0,2238.7211385683513,11.310711184178311
72.0,2238.7211385683513,11.310711184178311
73.0,2238.7211385683513,11.310711184178311
74.0,2238.7211385683513,11.310711184178311
75.0,2238.7211385683513,11.310711184178311
76.0,2238.7211385683513,11.310711184178311
77.0,2238.7211385683513,11.310711184178311
78.0,2238.7211385683513,11.310711184178311
79.0,2238.7211385683513,11.310711184178311
80.0,2238.7211385683513,11.310711184178311
81.0,2238.7211385683513,11.310711184178311
82.0,2238.7211385683513,11.310711184178311
83.0,2238.7211385683513,11.310711184178311
84.0,2238.7211385683513,11.310711184178311
85.0,2238.7211385683513,11.310711184178311
86.0,2238.7211385683513,11.310711184178311
87.0,2238.7211385683513,11.310711184178311
88.0,2238.7211385683513,11.310711184178311
89.0,2238.7211385683513,11.310711184178311
90.0,2238.7211385683513,11.310711184178311
91.0,2238.7211385683513,11.310711184178311
92.0,2238.7211385683513,11.310711184178311
93.0,2238.7211385683513,11.310711184178311
94.0,2238.7211385683513,11.310711184178311
95.0,2238.7211385683513,11.310711184178311
96.0,2238.7211385683513,11.310711184178311
97.0,2238.7211385683513,11.310711184178311
98.0,2238.7211385683513,11.310711184178311
99.0,2238.7211385683513,11.310711184178311
100.0,2238.7211385683513,11.310711184178311
-100.0,2511.8864315095925,11.823213597514059
-99.0,2511.8864315095925,11.823213597514059
-98.0,2511.8864315095925,11.823213597514059
-97.0,2511.8864315095925,11.823213597514059
-96.0,2511.8864315095925,11.823213597514059
-95.0,2511.8864315095925,11.823213597514059
-94.0,2511.8864315095925,11.823213597514059
-93.0,2511.8864315095925,11.823213597514059
-92.0,2511.8864315095925,11.823213597514059
-91.0,2511.8864315095925,11.823213597514059
-90.0,2511.8864315095925,11.823213597514059
-89.0,2511.8864315095925,11.823213597514059
-88.0,2511.8864315095925,11.823213597514059
-87.0,2511.8864315095925,11.823213597514059
-86.0,2511.8864315095925,11.823213597514059
-85.0,2511.8864315095925,11.823213597514059
-84.0,2511.8864315095925,11.823213597514059
-83.0,2511.8864315095925,11.823213597514059
-82.0,2511.8864315095925,11.823213597514059
-81.0,2511.8864315095925,11.823213597514059
-80.0,2511.8864315095925,11.823213597514059
-79.0,2511.8864315095925,11.823213597514059
-78.0,2511.8864315095925,11.823213597514059
-77.0,2511.8864315095925,11.823213597514059
-76.0,2511.8864315095925,11.823213597514059
-75.0,2511.8864315095925,11.823213597514059
-74.0,2511.8864315095925,11.823213597514059
-73.0,2511.8864315095925,11.823213597514059
-72.0,2511.8864315095925,11.823213597514059
-71.0,2511.8864315095925,11.823213597514059
-70.0,2511.8864315095925,11.823213597514059
-69.0,2511.8864315095925,11.823213597514059
-68.0,2511.8864315095925,11.823213597514059
-67.0,2511.8864315095925,11.823213597514059
-66.0,2511.8864315095925,11.823213597514059
-65.0,2511.8864315095925,11.823213597514059
-64.0,2511.8864315095925,11.823213597514059
-63.0,2511.8864315095925,11.823213597514059
-62.0,2511.8864315095925,11.823213597514059
-61.0,2511.8864315095925,11.823213597514059
-60.0,2511.8864315095925,11.823213597514059
-59.0,2511.8864315095925,11.823213597514059
-58.0,2511.8864315095925,11.823213597514059
-57.0,2511.8864315095925,11.823213597514059
-56.0,2511.8864315095925,11.823213597514059
-55.0,2511.8864315095925,11.823213597514059
-54.0,2511.8864315095925,11.823213597514059
-53.0,2511.8864315095925,11.823213597514059
-52.0,2511.8864315095925,11.823213597514059
-51.0,2511.8864315095925,11.823213597514059
-50.0,2511.8864315095925,11.823213597514059
-49.0,2511.8864315095925,11.823213597514059
-48.0,2511.8864315095925,11.823213597514059
-47.0,2511.8864315095925,11.823213597514059
-46.0,2511.8864315095925,11.823213597514059
-45.0,2511.8864315095925,11.823213597514059
-44.0,2511.8864315095925,11.823213597514059
-43.0,2511.8864315095925,11.823213597514059
-42.0,2511.8864315095925,11.823213597514059
-41.0,2511.8864315095925,11.823213597514059
-40.0,2511.8864315095925,11.823213597514059
-39.0,2511.8864315095925,11.823213597514059
-38.0,2511.8864315095925,11.823213597514059
-37.0,2511.8864315095925,11.823213597514059
-36.0,2511.8864315095925,11.823213597514059
-35.0,2511.8864315095925,11.823213597514059
-34.0,2511.8864315095925,11.823213597514059
-33.0,2511.8864315095925,11.823213597514059
-32.0,2511.8864315095925,11.823213597514059
-31.0,2511.8864315095925,11.823213597514059
-30.0,2511.8864315095925,11.823213597514059
-29.0,2511.8864315095925,11.823213597514059
-28.0,2511.8864315095925,11.823213597514059
-27.0,2511.8864315095925,11.823213597514059
-26.0,2511.8864315095925,11.823213597514059
-25.0,2511.8864315095925,11.823213597514059
-24.0,2511.8864315095925,11.823213597514057
-23.0,2511.8864315095925,11.823213597514036
-22.0,2511.8864315095925,11.823213597513671
-21.0,2511.8864315095925,11.82321359750836
-20.0,2511.8864315095925,11.82321359744017
-19.5,2511.8864315095925,11.823213597260155
-19.0,2511.8864315095925,11.823213596668433
-18.5,2511.8864315095925,11.823213594784342
-18.0,2511.8864315095925,11.823213588973529
-17.5,2511.8864315095925,11.823213571615224
-17.0,2511.8864315095925,11.82321352139315
-16.5,2511.8864315095925,11.823213380665766
-16.0,2511.8864315095925,11.823212998776725
-15.5,2511.8864315095925,11.823211995209865
-15.0,2511.8864315095925,11.823209441453209
-14.5,2511.8864315095925,11.823203149178232
-14.0,2511.8864315095925,11.823188138554801
-13.5,2511.8864315095925,11.823153471492748
-13.0,2511.8864315095925,11.823075967680627
-12.5,2511.8864315095925,11.822908252382806
-12.0,2511.8864315095925,11.822557002300874
-11.5,2511.8864315095925,11.821845135576641
-11.0,2511.8864315095925,11.820449228412919
-10.5,2511.8864315095925,11.817801225559174
-10.0,2511.8864315095925,11.812942720297288
-9.5,2511.8864315095925,11.804322563178166
-9.0,2511.8864315095925,11.78953668763427
-8.5,2511.8864315095925,11.765025115259153
-8.0,2511.8864315095925,11.725766227673661
-7.5,2511.8864315095925,11.665040903574937
-7.0,2511.8864315095925,11.57437302117366
-6.5,2511.8864315095925,11.44377702984328
-6.0,2511.8864315095925,11.262442702260786
-5.5,2511.8864315095925,11.019946377451566
-5.0,2511.8864315095925,10.70798750627267
-4.5,2511.8864315095925,10.322512860894488
-4.0,2511.8864315095925,9.865930852517227
-3.5,2511.8864315095925,9.34897637209402
-3.0,2511.8864315095925,8.79171477906918
-2.5,2511.8864315095925,8.223219676799143
-2.0,2511.8864315095925,7.679645993840065
-1.5,2511.8864315095925,7.200729903394753
-1.0,2511.8864315095925,6.825117013441681
-0.5,2511.8864315095925,6.585253350196139
0.0,2511.8864315095925,6.502767478632733
0.5,2511.8864315095925,6.585253350196139
1.0,2511.8864315095925,6.825117013441681
1.5,2511.8864315095925,7.200729903394753
2.0,2511.8864315095925,7.679645993840065
2.5,2511.8864315095925,8.223219676799143
3.0,2511.8864315095925,8.79171477906918
3.5,2511.8864315095925,9.34897637209402
4.0,2511.8864315095925,9.865930852517227
4.5,2511.8864315095925,10.322512860894488
5.0,2511.8864315095925,10.70798750627267
5.5,2511.8864315095925,11.019946377451566
6.0,2511.8864315095925,11.262442702260786
6.5,2511.8864315095925,11.44377702984328
7.0,2511.8864315095925,11.57437302117366
7.5,2511.8864315095925,11.665040903574937
8.0,2511.8864315095925,11.725766227673661
8.5,2511.8864315095925,11.765025115259153
9.0,2511.8864315095925,11.78953668763427
9.5,2511.8864315095925,11.804322563178166
10.0,2511.8864315095925,11.812942720297288
10.5,2511.8864315095925,11.817801225559174
11.0,2511.8864315095925,11.820449228412919
11.5,2511.8864315095925,11.821845135576641
12.0,2511.8864315095925,11.822557002300874
12.5,2511.8864315095925,11.822908252382806
13.0,2511.8864315095925,11.823075967680627
13.5,2511.8864315095925,11.823153471492748
14.0,2511.8864315095925,11.823188138554801
14.5,2511.8864315095925,11.823203149178232
15.0,2511.8864315095925,11.823209441453209
15.5,2511.8864315095925,11.823211995209865
16.0,2511.8864315095925,11.823212998776725
16.5,2511.8864315095925,11.823213380665766
17.0,2511.8864315095925,11.82321352139315
17.5,2511.8864315095925,11.823213571615224
18.0,2511.8864315095925,11.823213588973529
18.5,2511.8864315095925,11.823213594784342
19.0,2511.8864315095925,11.823213596668433
19.5,2511.8864315095925,11.823213597260155
20.0,2511.8864315095925,11.82321359744017
21.0,2511.8864315095925,11.82321359750836
22.0,2511.8864315095925,11.823213597513671
23.0,2511.8864315095925,11.823213597514036
24.0,2511.8864315095925,11.823213597514057
25.0,2511.8864315095925,11.823213597514059
26.0,2511.8864315095925,11.823213597514059
27.0,2511.8864315095925,11.823213597514059
28.0,2511.8864315095925,11.823213597514059
29.0,2511.8864315095925,11.823213597514059
30.0,2511.8864315095925,11.823213597514059
31.0,2511.8864315095925,11.823213597514059
32.0,2511.8864315095925,11.823213597514059
33.0,2511.8864315095925,11.823213597514059
34.0,2511.8864315095925,11.823213597514059
35.0,2511.8864315095925,11.823213597514059
36.0,2511.8864315095925,11.823213597514059
37.0,2511.8864315095925,11.823213597514059
38.0,2511.8864315095925,11.823213597514059
39.0,2511.8864315095925,11.823213597514059
40.0,2511.8864315095925,11.823213597514059
41.0,2511.8864315095925,11.823213597514059
42.0,2511.8864315095925,11.823213597514059
43.0,2511.8864315095925,11.823213597514059
44.0,2511.8864315095925,11.823213597514059
45.0,2511.8864315095925,11.823213597514059
46.0,2511.8864315095925,11.823213597514059
47.0,2511.8864315095925,11.823213597514059
48.0,2511.8864315095925,11.823213597514059
49.0,2511.8864315095925,11.823213597514059
50.0,2511.8864315095925,11.823213597514059
51.0,2511.8864315095925,11.823213597514059
52.0,2511.8864315095925,11.823213597514059
53.0,2511.8864315095925,11.823213597514059
54.0,2511.8864315095925,11.823213597514059
55.0,2511.8864315095925,11.823213597514059
56.0,2511.8864315095925,11.823213597514059
57.0,2511.8864315095925,11.823213597514059
58.0,2511.8864315095925,11.823213597514059
59.0,2511.8864315095925,11.823213597514059
60.0,2511.8864315095925,11.823213597514059
61.0,2511.8864315095925,11.823213597514059
62.0,2511.8864315095925,11.823213597514059
63.0,2511.8864315095925,11.823213597514059
64.0,2511.8864315095925,11.823213597514059
65.0,2511.8864315095925,11.823213597514059
66.0,2511.8864315095925,11.823213597514059
67.0,2511.8864315095925,11.823213597514059
68.0,2511.8864315095925,11.823213597514059
69.0,2511.8864315095925,11.823213597514059
70.0,2511.8864315095925,11.823213597514059
71.0,2511.8864315095925,11.823213597514059
72.0,2511.8864315095925,11.823213597514059
73.0,2511.8864315095925,11.823213597514059
74.0,2511.8864315095925,11.823213597514059
75.0,2511.8864315095925,11.823213597514059
76.0,2511.8864315095925,11.823213597514059
77.0,2511.8864315095925,11.823213597514059
78.0,2511.8864315095925,11.823213597514059
79.0,2511.8864315095925,11.823213597514059
80.0,2511.8864315095925,11.823213597514059
81.0,2511.8864315095925,11.823213597514059
82.0,2511.8864315095925,11.823213597514059
83.0,2511.8864315095925,11.823213597514059
84.0,2511.8864315095925,11.823213597514059
85.0,2511.8864315095925,11.823213597514059
86.0,2511.8864315095925,11.823213597514059
87.0,2511.8864315095925,11.823213597514059
88.0,2511.8864315095925,11.823213597514059
89.0,2511.8864315095925,11.823213597514059
90.0,2511.8864315095925,11.823213597514059
91.0,2511.8864315095925,11.823213597514059
92.0,2511.8864315095925,11.823213597514059
93.0,2511.8864315095925,11.823213597514059
94.0,2511.8864315095925,11.823213597514059
95.0,2511.8864315095925,11.823213597514059
96.0,2511.8864315095925,11.823213597514059
97.0,2511.8864315095925,11.823213597514059
98.0,2511.8864315095925,11.823213597514059
99.0,2511.8864315095925,11.823213597514059
100.0,2511.8864315095925,11.823213597514059
-100.0,2818.3829312644666,12.348690451340815
-99.0,2818.3829312644666,12.348690451340815
-98.0,2818.3829312644666,12.348690451340815
-97.0,2818.3829312644666,12.348690451340815
-96.0,2818.3829312644666,12.348690451340815
-95.0,2818.3829312644666,12.348690451340815
-94.0,2818.3829312644666,12.348690451340815
-93.0,2818.3829312644666,12.348690451340815
-92.0,2818.3829312644666,12.348690451340815
-91.0,2818.3829312644666,12.348690451340815
-90.0,2818.3829312644666,12.348690451340815
-89.0,2818.3829312644666,12.348690451340815
-88.0,2818.3829312644666,12.348690451340815
-87.0,2818.3829312644666,12.348690451340815
-86.0,2818.3829312644666,12.348690451340815
-85.0,2818.3829312644666,12.348690451340815
-84.0,2818.3829312644666,12.348690451340815
-83.0,2818.3829312644666,12.348690451340815
-82.0,2818.3829312644666,12.348690451340815
-81.0,2818.3829312644666,12.348690451340815
-80.0,2818.3829312644666,12.348690451340815
-79.0,2818.3829312644666,12.348690451340815
-78.0,2818.3829312644666,12.348690451340815
-77.0,2818.3829312644666,12.348690451340815
-76.0,2818.3829312644666,12.348690451340815
-75.0,2818.3829312644666,12.348690451340815
-74.0,2818.3829312644666,12.348690451340815
-73.0,2818.3829312644666,12.348690451340815
-72.0,2818.3829312644666,12.348690451340815
-71.0,2818.3829312644666,12.348690451340815
-70.0,2818.3829312644666,12.348690451340815
-69.0,2818.3829312644666,12.348690451340815
-68.0,2818.3829312644666,12.348690451340815
-67.0,2818.3829312644666,12.348690451340815
-66.0,2818.3829312644666,12.348690451340815
-65.0,2818.3829312644666,12.348690451340815
-64.0,2818.3829312644666,12.348690451340815
-63.0,2818.3829312644666,12.348690451340815
-62.0,2818.3829312644666,12.348690451340815
-61.0,2818.3829312644666,12.348690451340815
-60.0,2818.3829312644666,12.348690451340815
-59.0,2818.3829312644666,12.348690451340815
-58.0,2818.3829312644666,12.348690451340815
-57.0,2818.3829312644666,12.348690451340815
-56.0,2818.3829312644666,12.348690451340815
-55.0,2818.3829312644666,12.348690451340815
-54.0,2818.3829312644666,12.348690451340815
-53.0,2818.3829312644666,12.348690451340815
-52.0,2818.3829312644666,12.348690451340815
-51.0,2818.3829312644666,12.348690451340815
-50.0,2818.3829312644666,12.348690451340815
-49.0,2818.3829312644666,12.348690451340815
-48.0,2818.3829312644666,12.348690451340815
-47.0,2818.3829312644666,12.348690451340815
-46.0,2818.3829312644666,12.348690451340815
-45.0,2818.3829312644666,12.348690451340815
-44.0,2818.3829312644666,12.348690451340815
-43.0,2818.3829312644666,12.348690451340815
-42.0,2818.3829312644666,12.348690451340815
-41.0,2818.3829312644666,12.348690451340815
-40.0,2818.3829312644666,12.348690451340815
-39.0,2818.3829312644666,12.348690451340815
-38.0,2818.3829312644666,12.348690451340815
-37.0,2818.3829312644666,12.348690451340815
-36.0,2818.3829312644666,12.348690451340815
-35.0,2818.3829312644666,12.348690451340815
-34.0,2818.3829312644666,12.348690451340815
-33.0,2818.3829312644666,12.348690451340815
-32.0,2818.3829312644666,12.348690451340815
-31.0,2818.3829312644666,12.348690451340815
-30.0,2818.3829312644666,12.348690451340815
-29.0,2818.3829312644666,12.348690451340815
-28.0,2818.3829312644666,12.348690451340815
-27.0,2818.3829312644666,12.348690451340815
-26.0,2818.3829312644666,12.348690451340815
-25.0,2818.3829312644666,12.348690451340815
-24.0,2818.3829312644666,12.348690451340813
-23.0,2818.3829312644666,12.34869045134079
-22.0,2818.3829312644666,12.34869045134041
-21.0,2818.3829312644666,12.348690451334864
-20.0,2818.3829312644666,12.348690451263641
-19.5,2818.3829312644666,12.348690451075628
-19.0,2818.3829312644666,12.348690450457605
-18.5,2818.3829312644666,12.348690448489776
-18.0,2818.3829312644666,12.348690442420706
-17.5,2818.3829312644666,12.34869042429092
-17.0,2818.3829312644666,12.34869037183675
-16.5,2818.3829312644666,12.348690224854808
-16.0,2818.3829312644666,12.348689825992897
-15.5,2818.3829312644666,12.348688777823007
-15.0,2818.3829312644666,12.348686110565906
-14.5,2818.3829312644666,12.348679538633894
-14.0,2818.3829312644666,12.348663860870763
-13.5,2818.3829312644666,12.34862765304836
-13.0,2818.3829312644666,12.348546704617819
-12.5,2818.3829312644666,12.348371535296918
-12.0,2818.3829312644666,12.348004674079617
-11.5,2818.3829312644666,12.347261168792526
-11.0,2818.3829312644666,12.345803221228488
-10.5,2818.3829312644666,12.343037529203603
-10.0,2818.3829312644666,12.33796309008936
-9.5,2818.3829312644666,12.328959814370116
-9.0,2818.3829312644666,12.31351678793422
-8.5,2818.3829312644666,12.287915810903781
-8.0,2818.3829312644666,12.246912081565831
-7.5,2818.3829312644666,12.183487850609694
-7.0,2818.3829312644666,12.088790279224588
-6.5,2818.3829312644666,11.952390013947817
-6.0,2818.3829312644666,11.762996372274197
-5.5,2818.3829312644666,11.509722418796226
-5.0,2818.3829312644666,11.183898690588537
-4.5,2818.3829312644666,10.781291816124524
-4.0,2818.3829312644666,10.30441724724354
-3.5,2818.3829312644666,9.764486981793365
-3.0,2818.3829312644666,9.18245817414908
-2.5,2818.3829312644666,8.588696589522705
-2.0,2818.3829312644666,8.020964044306043
-1.5,2818.3829312644666,7.520762766176467
-1.0,2818.3829312644666,7.128455947957495
-0.5,2818.3829312644666,6.877931663378332
0.0,2818.3829312644666,6.791779748237449
0.5,2818.3829312644666,6.877931663378332
1.0,2818.3829312644666,7.128455947957495
1.5,2818.3829312644666,7.520762766176467
2.0,2818.3829312644666,8.020964044306043
2.5,2818.3829312644666,8.588696589522705
3.0,2818.3829312644666,9.18245817414908
3.5,2818.3829312644666,9.764486981793365
4.0,2818.3829312644666,10.30441724724354
4.5,2818.3829312644666,10.781291816124524
5.0,2818.3829312644666,11.183898690588537
5.5,2818.3829312644666,11.509722418796226
6.0,2818.3829312644666,11.762996372274197
6.5,2818.3829312644666,11.952390013947817
7.0,2818.3829312644666,12.088790279224588
7.5,2818.3829312644666,12.183487850609694
8.0,2818.3829312644666,12.246912081565831
8.5,2818.3829312644666,12.287915810903781
9.0,2818.3829312644666,12.31351678793422
9.5,2818.3829312644666,12.328959814370116
10.0,2818.3829312644666,12.33796309008936
10.5,2818.3829312644666,12.343037529203603
11.0,2818.3829312644666,12.345803221228488
11.5,2818.3829312644666,12.347261168792526
12.0,2818.3829312644666,12.348004674079617
12.5,2818.3829312644666,12.348371535296918
13.0,2818.3829312644666,12.348546704617819
13.5,2818.3829312644666,12.34862765304836
14.0,2818.3829312644666,12.348663860870763
14.5,2818.3829312644666,12.348679538633894
15.0,2818.3829312644666,12.348686110565906
15.5,2818.3829312644666,12.348688777823007
16.0,2818.3829312644666,12.348689825992897
16.5,2818.3829312644666,12.348690224854808
17.0,2818.3829312644666,12.34869037183675
17.5,2818.3829312644666,12.34869042429092
18.0,2818.3829312644666,12.348690442420706
18.5,2818.3829312644666,12.348690448489776
19.0,2818.3829312644666,12.348690450457605
19.5,2818.3829312644666,12.348690451075628
20.0,2818.3829312644666,12.348690451263641
21.0,2818.3829312644666,12.348690451334864
22.0,2818.3829312644666,12.34869045134041
23.0,2818.3829312644666,12.34869045134079
24.0,2818.3829312644666,12.348690451340813
25.0,2818.3829312644666,12.348690451340815
26.0,2818.3829312644666,12.348690451340815
27.0,2818.3829312644666,12.348690451340815
28.0,2818.3829312644666,12.348690451340815
29.0,2818.3829312644666,12.348690451340815
30.0,2818.3829312644666,12.348690451340815
31.0,2818.3829312644666,12.348690451340815
32.0,2818.3829312644666,12.348690451340815
33.0,2818.3829312644666,12.348690451340815
34.0,2818.3829312644666,12.348690451340815
35.0,2818.3829312644666,12.348690451340815
36.0,2818.3829312644666,12.348690451340815
37.0,2818.3829312644666,12.348690451340815
38.0,2818.3829312644666,12.348690451340815
39.0,2818.3829312644666,12.348690451340815
40.0,2818.3829312644666,12.348690451340815
41.0,2818.3829312644666,12.348690451340815
42.0,2818.3829312644666,12.348690451340815
43.0,2818.3829312644666,12.348690451340815
44.0,2818.3829312644666,12.348690451340815
45.0,2818.3829312644666,12.348690451340815
46.0,2818.3829312644666,12.348690451340815
47.0,2818.3829312644666,12.348690451340815
48.0,2818.3829312644666,12.348690451340815
49.0,2818.3829312644666,12.348690451340815
50.0,2818.3829312644666,12.348690451340815
51.0,2818.3829312644666,12.348690451340815
52.0,2818.3829312644666,12.348690451340815
53.0,2818.3829312644666,12.348690451340815
54.0,2818.3829312644666,12.348690451340815
55.0,2818.3829312644666,12.348690451340815
56.0,2818.3829312644666,12.348690451340815
57.0,2818.3829312644666,12.348690451340815
58.0,2818.3829312644666,12.348690451340815
59.0,2818.3829312644666,12.348690451340815
60.0,2818.3829312644666,12.348690451340815
61.0,2818.3829312644666,12.348690451340815
62.0,2818.3829312644666,12.348690451340815
63.0,2818.3829312644666,12.348690451340815
64.0,2818.3829312644666,12.348690451340815
65.0,2818.3829312644666,12.348690451340815
66.0,2818.3829312644666,12.348690451340815
67.0,2818.3829312644666,12.348690451340815
68.0,2818.3829312644666,12.348690451340815
69.0,2818.3829312644666,12.348690451340815
70.0,2818.3829312644666,12.348690451340815
71.0,2818.3829312644666,12.348690451340815
72.0,2818.3829312644666,12.348690451340815
73.0,2818.3829312644666,12.348690451340815
74.0,2818.3829312644666,12.348690451340815
75.0,2818.3829312644666,12.348690451340815
76.0,2818.3829312644666,12.348690451340815
77.0,2818.3829312644666,12.348690451340815
78.0,2818.3829312644666,12.348690451340815
79.0,2818.3829312644666,12.348690451340815
80.0,2818.3829312644666,12.348690451340815
81.0,2818.3829312644666,12.348690451340815
82.0,2818.3829312644666,12.348690451340815
83.0,2818.3829312644666,12.348690451340815
84.0,2818.3829312644666,12.348690451340815
85.0,2818.3829312644666,12.348690451340815
86.0,2818.3829312644666,12.348690451340815
87.0,2818.3829312644666,12.348690451340815
88.0,2818.3829312644666,12.348690451340815
89.0,2818.3829312644666,12.348690451340815
90.0,2818.3829312644666,12.348690451340815
91.0,2818.3829312644666,12.348690451340815
92.0,2818.3829312644666,12.348690451340815
93.0,2818.3829312644666,12.348690451340815
94.0,2818.3829312644666,12.348690451340815
95.0,2818.3829312644666,12.348690451340815
96.0,2818.3829312644666,12.348690451340815
97.0,2818.3829312644666,12.348690451340815
98.0,2818.3829312644666,12.348690451340815
99.0,2818.3829312644666,12.348690451340815
100.0,2818.3829312644666,12.348690451340815
-100.0,3162.2776601683954,12.887195363922665
-99.0,3162.2776601683954,12.887195363922665
-98.0,3162.2776601683954,12.887195363922665
-97.0,3162.2776601683954,12.887195363922665
-96.0,3162.2776601683954,12.887195363922665
-95.0,3162.2776601683954,12.887195363922665
-94.0,3162.2776601683954,12.887195363922665
-93.0,3162.2776601683954,12.887195363922665
-92.0,3162.2776601683954,12.887195363922665
-91.0,3162.2776601683954,12.887195363922665
-90.0,3162.2776601683954,12.887195363922665
-89.0,3162.2776601683954,12.887195363922665
-88.0,3162.2776601683954,12.887195363922665
-87.0,3162.2776601683954,12.887195363922665
-86.0,3162.2776601683954,12.887195363922665
-85.0,3162.2776601683954,12.887195363922665
-84.0,3162.2776601683954,12.887195363922665
-83.0,3162.2776601683954,12.887195363922665
-82.0,3162.2776601683954,12.887195363922665
-81.0,3162.2776601683954,12.887195363922665
-80.0,3162.2776601683954,12.887195363922665
-79.0,3162.2776601683954,12.887195363922665
-78.0,3162.2776601683954,12.887195363922665
-77.0,3162.2776601683954,12.887195363922665
-76.0,3162.2776601683954,12.887195363922665
-75.0,3162.2776601683954,12.887195363922665
-74.0,3162.2776601683954,12.887195363922665
-73.0,3162.2776601683954,12.887195363922665
-72.0,3162.2776601683954,12.887195363922665
-71.0,3162.2776601683954,12.887195363922665
-70.0,3162.2776601683954,12.887195363922665
-69.0,3162.2776601683954,12.887195363922665
-68.0,3162.2776601683954,12.887195363922665
-67.0,3162.2776601683954,12.887195363922665
-66.0,3162.2776601683954,12.887195363922665
-65.0,3162.2776601683954,12.887195363922665
-64.0,3162.2776601683954,12.887195363922665
-63.0,3162.2776601683954,12.887195363922665
-62.0,3162.2776601683954,12.887195363922665
-61.0,3162.2776601683954,12.887195363922665
-60.0,3162.2776601683954,12.887195363922665
-59.0,3162.2776601683954,12.887195363922665
-58.0,3162.2776601683954,12.887195363922665
-57.0,3162.2776601683954,12.887195363922665
-56.0,3162.2776601683954,12.887195363922665
-55.0,3162.2776601683954,12.887195363922665
-54.0,3162.2776601683954,12.887195363922665
-53.0,3162.2776601683954,12.887195363922665
-52.0,3162.2776601683954,12.887195363922665
-51.0,3162.2776601683954,12.887195363922665
-50.0,3162.2776601683954,12.887195363922665
-49.0,3162.2776601683954,12.887195363922665
-48.0,3162.2776601683954,12.887195363922665
-47.0,3162.2776601683954,12.887195363922665
-46.0,3162.2776601683954,12.887195363922665
-45.0,3162.2776601683954,12.887195363922665
-44.0,3162.2776601683954,12.887195363922665
-43.0,3162.2776601683954,12.887195363922665
-42.0,3162.2776601683954,12.887195363922665
-41.0,3162.2776601683954,12.887195363922665
-40.0,3162.2776601683954,12.887195363922665
-39.0,3162.2776601683954,12.887195363922665
-38.0,3162.2776601683954,12.887195363922665
-37.0,3162.2776601683954,12.887195363922665
-36.0,3162.2776601683954,12.887195363922665
-35.0,3162.2776601683954,12.887195363922665
-34.0,3162.2776601683954,12.887195363922665
-33.0,3162.2776601683954,12.887195363922665
-32.0,3162.2776601683954,12.887195363922665
-31.0,3162.2776601683954,12.887195363922665
-30.0,3162.2776601683954,12.887195363922665
-29.0,3162.2776601683954,12.887195363922665
-28.0,3162.2776601683954,12.887195363922665
-27.0,3162.2776601683954,12.887195363922665
-26.0,3162.2776601683954,12.887195363922665
-25.0,3162.2776601683954,12.887195363922665
-24.0,3162.2776601683954,12.887195363922663
-23.0,3162.2776601683954,12.88719536392264
-22.0,3162.2776601683954,12.887195363922242
-21.0,3162.2776601683954,12.887195363916454
-20.0,3162.2776601683954,12.887195363842125
-19.5,3162.2776601683954,12.887195363645914
-19.0,3162.2776601683954,12.88719536300094
-18.5,3162.2776601683954,12.887195360947297
-18.0,3162.2776601683954,12.887195354613565
-17.5,3162.2776601683954,12.88719533569317
-17.0,3162.2776601683954,12.887195280951566
-16.5,3162.2776601683954,12.887195127559997
-16.0,3162.2776601683954,12.887194711304412
-15.5,3162.2776601683954,12.887193617425655
-15.0,3162.2776601683954,12.887190833854111
-14.5,3162.2776601683954,12.887183975331574
-14.0,3162.2776601683954,12.887167613888462
-13.5,3162.2776601683954,12.887129827105902
-13.0,3162.2776601683954,12.887045348655096
-12.5,3162.2776601683954,12.886862540504783
-12.0,3162.2776601683954,12.886479681107874
-11.5,3162.2776601683954,12.885703752848388
-11.0,3162.2776601683954,12.88418222672688
-10.5,3162.2776601683954,12.88129592768314
-10.0,3162.2776601683954,12.876000201105068
-9.5,3162.2776601683954,12.866604308191048
-9.0,3162.2776601683954,12.850487838232246
-8.5,3162.2776601683954,12.82377044712113
-8.0,3162.2776601683954,12.780978616464285
-7.5,3162.2776601683954,12.714788565109524
-7.0,3162.2776601683954,12.615961397343215
-6.5,3162.2776601683954,12.473612953737863
-6.0,3162.2776601683954,12.275960184762049
-5.5,3162.2776601683954,12.01164139469073
-5.0,3162.2776601683954,11.671609060399103
-4.5,3162.2776601683954,11.25144520039137
-4.0,3162.2776601683954,10.753774960986481
-3.5,3162.2776601683954,10.190299275757402
-3.0,3162.2776601683954,9.582889204130865
-2.5,3162.2776601683954,8.963234709524796
-2.0,3162.2776601683954,8.370744335464948
-1.5,3162.2776601683954,7.8487301495931385
-1.0,3162.2776601683954,7.4393155133684665
-0.5,3162.2776601683954,7.1778663004741485
0.0,3162.2776601683954,7.087957450157466
0.5,3162.2776601683954,7.1778663004741485
1.0,3162.2776601683954,7.4393155133684665
1.5,3162.2776601683954,7.8487301495931385
2.0,3162.2776601683954,8.370744335464948
2.5,3162.2776601683954,8.963234709524796
3.0,3162.2776601683954,9.582889204130865
3.5,3162.2776601683954,10.190299275757402
4.0,3162.2776601683954,10.753774960986481
4.5,3162.2776601683954,11.25144520039137
5.0,3162.2776601683954,11.671609060399103
5.5,3162.2776601683954,12.01164139469073
6.0,3162.2776601683954,12.275960184762049
6.5,3162.2776601683954,12.473612953737863
7.0,3162.2776601683954,12.615961397343215
7.5,3162.2776601683954,12.714788565109524
8.0,3162.2776601683954,12.780978616464285
8.5,3162.2776601683954,12.82377044712113
9.0,3162.2776601683954,12.850487838232246
9.5,3162.2776601683954,12.866604308191048
10.0,3162.2776601683954,12.876000201105068
10.5,3162.2776601683954,12.88129592768314
11.0,3162.2776601683954,12.88418222672688
11.5,3162.2776601683954,12.885703752848388
12.0,3162.2776601683954,12.886479681107874
12.5,3162.2776601683954,12.886862540504783
13.0,3162.2776601683954,12.887045348655096
13.5,3162.2776601683954,12.887129827105902
14.0,3162.2776601683954,12.887167613888462
14.5,3162.2776601683954,12.887183975331574
15.0,3162.2776601683954,12.887190833854111
15.5,3162.2776601683954,12.887193617425655
16.0,3162.2776601683954,12.887194711304412
16.5,3162.2776601683954,12.887195127559997
17.0,3162.2776601683954,12.887195280951566
17.5,3162.2776601683954,12.88719533569317
18.0,3162.2776601683954,12.887195354613565
18.5,3162.2776601683954,12.887195360947297
19.0,3162.2776601683954,12.88719536300094
19.5,3162.2776601683954,12.887195363645914
20.0,3162.2776601683954,12.887195363842125
21.0,3162.2776601683954,12.887195363916454
22.0,3162.2776601683954,12.887195363922242
23.0,3162.2776601683954,12.88719536392264
24.0,3162.2776601683954,12.887195363922663
25.0,3162.2776601683954,12.887195363922665
26.0,3162.2776601683954,12.887195363922665
27.0,3162.2776601683954,12.887195363922665
28.0,3162.2776601683954,12.887195363922665
29.0,3162.2776601683954,12.887195363922665
30.0,3162.2776601683954,12.887195363922665
31.0,3162.2776601683954,12.887195363922665
32.0,3162.2776601683954,12.887195363922665
33.0,3162.2776601683954,12.887195363922665
34.0,3162.2776601683954,12.887195363922665
35.0,3162.2776601683954,12.887195363922665
36.0,3162.2776601683954,12.887195363922665
37.0,3162.2776601683954,12.887195363922665
38.0,3162.2776601683954,12.887195363922665
39.0,3162.2776601683954,12.887195363922665
40.0,3162.2776601683954,12.887195363922665
41.0,3162.2776601683954,12.887195363922665
42.0,3162.2776601683954,12.887195363922665
43.0,3162.2776601683954,12.887195363922665
44.0,3162.2776601683954,12.887195363922665
45.0,3162.2776601683954,12.887195363922665
46.0,3162.2776601683954,12.887195363922665
47.0,3162.2776601683954,12.887195363922665
48.0,3162.2776601683954,12.887195363922665
49.0,3162.2776601683954,12.887195363922665
50.0,3162.2776601683954,12.887195363922665
51.0,3162.2776601683954,12.887195363922665
52.0,3162.2776601683954,12.887195363922665
53.0,3162.2776601683954,12.887195363922665
54.0,3162.2776601683954,12.887195363922665
55.0,3162.2776601683954,12.887195363922665
56.0,3162.2776601683954,12.887195363922665
57.0,3162.2776601683954,12.887195363922665
58.0,3162.2776601683954,12.887195363922665
59.0,3162.2776601683954,12.887195363922665
60.0,3162.2776601683954,12.887195363922665
61.0,3162.2776601683954,12.887195363922665
62.0,3162.2776601683954,12.887195363922665
63.0,3162.2776601683954,12.887195363922665
64.0,3162.2776601683954,12.887195363922665
65.0,3162.2776601683954,12.887195363922665
66.0,3162.2776601683954,12.887195363922665
67.0,3162.2776601683954,12.887195363922665
68.0,3162.2776601683954,12.887195363922665
69.0,3162.2776601683954,12.887195363922665
70.0,3162.2776601683954,12.887195363922665
71.0,3162.2776601683954,12.887195363922665
72.0,3162.2776601683954,12.887195363922665
73.0,3162.2776601683954,12.887195363922665
74.0,3162.2776601683954,12.887195363922665
75.0,3162.2776601683954,12.887195363922665
76.0,3162.2776601683954,12.887195363922665
77.0,3162.2776601683954,12.887195363922665
78.0,3162.2776601683954,12.887195363922665
79.0,3162.2776601683954,12.887195363922665
80.0,3162.2776601683954,12.887195363922665
81.0,3162.2776601683954,12.887195363922665
82.0,3162.2776601683954,12.887195363922665
83.0,3162.2776601683954,12.887195363922665
84.0,3162.2776601683954,12.887195363922665
85.0,3162.2776601683954,12.887195363922665
86.0,3162.2776601683954,12.887195363922665
87.0,3162.2776601683954,12.887195363922665
88.0,3162.2776601683954,12.887195363922665
89.0,3162.2776601683954,12.887195363922665
90.0,3162.2776601683954,12.887195363922665
91.0,3162.2776601683954,12.887195363922665
92.0,3162.2776601683954,12.887195363922665
93.0,3162.2776601683954,12.887195363922665
94.0,3162.2776601683954,12.887195363922665
95.0,3162.2776601683954,12.887195363922665
96.0,3162.2776601683954,12.887195363922665
97.0,3162.2776601683954,12.887195363922665
98.0,3162.2776601683954,12.887195363922665
99.0,3162.2776601683954,12.887195363922665
100.0,3162.2776601683954,12.887195363922665
-100.0,3548.133892335775,13.438781085039444
-99.0,3548.133892335775,13.438781085039444
-98.0,3548.133892335775,13.438781085039444
-97.0,3548.133892335775,13.438781085039444
-96.0,3548.133892335775,13.438781085039444
-95.0,3548.133892335775,13.438781085039444
-94.0,3548.133892335775,13.438781085039444
-93.0,3548.133892335775,13.438781085039444
-92.0,3548.133892335775,13.438781085039444
-91.0,3548.133892335775,13.438781085039444
-90.0,3548.133892335775,13.438781085039444
-89.0,3548.133892335775,13.438781085039444
-88.0,3548.133892335775,13.438781085039444
-87.0,3548.133892335775,13.438781085039444
-86.0,3548.133892335775,13.438781085039444
-85.0,3548.133892335775,13.438781085039444
-84.0,3548.133892335775,13.438781085039444
-83.0,3548.133892335775,13.438781085039444
-82.0,3548.133892335775,13.438781085039444
-81.0,3548.133892335775,13.438781085039444
-80.0,3548.133892335775,13.438781085039444
-79.0,3548.133892335775,13.438781085039444
-78.0,3548.133892335775,13.438781085039444
-77.0,3548.133892335775,13.438781085039444
-76.0,3548.133892335775,13.438781085039444
-75.0,3548.133892335775,13.438781085039444
-74.0,3548.133892335775,13.438781085039444
-73.0,3548.133892335775,13.438781085039444
-72.0,3548.133892335775,13.438781085039444
-71.0,3548.133892335775,13.438781085039444
-70.0,3548.133892335775,13.438781085039444
-69.0,3548.133892335775,13.438781085039444
-68.0,3548.133892335775,13.438781085039444
-67.0,3548.133892335775,13.438781085039444
-66.0,3548.133892335775,13.438781085039444
-65.0,3548.133892335775,13.438781085039444
-64.0,3548.133892335775,13.438781085039444
-63.0,3548.133892335775,13.438781085039444
-62.0,3548.133892335775,13.438781085039444
-61.0,3548.133892335775,13.438781085039444
-60.0,3548.133892335775,13.438781085039444
-59.0,3548.133892335775,13.438781085039444
-58.0,3548.133892335775,13.438781085039444
-57.0,3548.133892335775,13.438781085039444
-56.0,3548.133892335775,13.438781085039444
-55.0,3548.133892335775,13.438781085039444
-54.0,3548.133892335775,13.438781085039444
-53.0,3548.133892335775,13.438781085039444
-52.0,3548.133892335775,13.438781085039444
-51.0,3548.133892335775,13.438781085039444
-50.0,3548.133892335775,13.438781085039444
-49.0,3548.133892335775,13.438781085039444
-48.0,3548.133892335775,13.438781085039444
-47.0,3548.133892335775,13.438781085039444
-46.0,3548.133892335775,13.438781085039444
-45.0,3548.133892335775,13.438781085039444
-44.0,3548.133892335775,13.438781085039444
-43.0,3548.133892335775,13.438781085039444
-42.0,3548.133892335775,13.438781085039444
-41.0,3548.133892335775,13.438781085039444
-40.0,3548.133892335775,13.438781085039444
-39.0,3548.133892335775,13.438781085039444
-38.0,3548.133892335775,13.438781085039444
-37.0,3548.133892335775,13.438781085039444
-36.0,3548.133892335775,13.438781085039444
-35.0,3548.133892335775,13.438781085039444
-34.0,3548.133892335775,13.438781085039444
-33.0,3548.133892335775,13.438781085039444
-32.0,3548.133892335775,13.438781085039444
-31.0,3548.133892335775,13.438781085039444
-30.0,3548.133892335775,13.438781085039444
-29.0,3548.133892335775,13.438781085039444
-28.0,3548.133892335775,13.438781085039444
-27.0,3548.133892335775,13.438781085039444
-26.0,3548.133892335775,13.438781085039444
-25.0,3548.133892335775,13.438781085039444
-24.0,3548.133892335775,13.438781085039443
-23.0,3548.133892335775,13.438781085039418
-22.0,3548.133892335775,13.438781085039004
-21.0,3548.133892335775,13.438781085032968
-20.0,3548.133892335775,13.438781084955458
-19.5,3548.133892335775,13.438781084750847
-19.0,3548.133892335775,13.438781084078268
-18.5,3548.133892335775,13.438781081936728
-18.0,3548.133892335775,13.438781075331907
-17.5,3548.133892335775,13.438781055601698
-17.0,3548.133892335775,13.438780998517094
-16.5,3548.133892335775,13.438780838560202
-16.0,3548.133892335775,13.438780404488435
-15.5,3548.133892335775,13.438779263790499
-15.0,3548.133892335775,13.43877636107912
-14.5,3548.133892335775,13.438769209004496
-14.0,3548.133892335775,13.43875214727415
-13.5,3548.133892335775,13.438712743176952
-13.0,3548.133892335775,13.438624648958255
-12.5,3548.133892335775,13.438434016423924
-12.0,3548.133892335775,13.438034770236053
-11.5,3548.133892335775,13.437225631418608
-11.0,3548.133892335775,13.43563898235458
-10.5,3548.133892335775,13.432629146630095
-10.0,3548.133892335775,13.427106757300281
-9.5,3548.133892335775,13.417308710137632
-9.0,3548.133892335775,13.400502438057185
-8.5,3548.133892335775,13.372641514080598
-8.0,3548.133892335775,13.328018147383194
-7.5,3548.133892335775,13.258995091159935
-7.0,3548.133892335775,13.155938015096364
-6.5,3548.133892335775,13.007496906120569
-6.0,3548.133892335775,12.801384387600532
-5.5,3548.133892335775,12.5257524711034
-5.0,3548.133892335775,12.17116638985467
-4.5,3548.133892335775,11.733019068033487
-4.0,3548.133892335775,11.214048011024097
-3.5,3548.133892335775,10.626454964849367
-3.0,3548.133892335775,9.993047093631022
-2.5,3548.133892335775,9.346870725056364
-2.0,3548.133892335775,8.729021130390189
-1.5,3548.133892335775,8.184664180013284
-1.0,3548.133892335775,7.757726160229924
-0.5,3548.133892335775,7.485086641876791
0.0,3548.133892335775,7.391329596771695
0.5,3548.133892335775,7.485086641876791
1.0,3548.133892335775,7.757726160229924
1.5,3548.133892335775,8.184664180013284
2.0,3548.133892335775,8.729021130390189
2.5,3548.133892335775,9.346870725056364
3.0,3548.133892335775,9.993047093631022
3.5,3548.133892335775,10.626454964849367
4.0,3548.133892335775,11.214048011024097
4.5,3548.133892335775,11.733019068033487
5.0,3548.133892335775,12.17116638985467
5.5,3548.133892335775,12.5257524711034
6.0,3548.133892335775,12.801384387600532
6.5,3548.133892335775,13.007496906120569
7.0,3548.133892335775,13.155938015096364
7.5,3548.133892335775,13.258995091159935
8.0,3548.133892335775,13.328018147383194
8.5,3548.133892335775,13.372641514080598
9.0,3548.133892335775,13.400502438057185
9.5,3548.133892335775,13.417308710137632
10.0,3548.133892335775,13.427106757300281
10.5,3548.133892335775,13.432629146630095
11.0,3548.133892335775,13.43563898235458
11.5,3548.133892335775,13.437225631418608
12.0,3548.133892335775,13.438034770236053
12.5,3548.133892335775,13.438434016423924
13.0,3548.133892335775,13.438624648958255
13.5,3548.133892335775,13.438712743176952
14.0,3548.133892335775,13.43875214727415
14.5,3548.133892335775,13.438769209004496
15.0,3548.133892335775,13.43877636107912
15.5,3548.133892335775,13.438779263790499
16.0,3548.133892335775,13.438780404488435
16.5,3548.133892335775,13.438780838560202
17.0,3548.133892335775,13.438780998517094
17.5,3548.133892335775,13.438781055601698
18.0,3548.133892335775,13.438781075331907
18.5,3548.133892335775,13.438781081936728
19.0,3548.133892335775,13.438781084078268
19.5,3548.133892335775,13.438781084750847
20.0,3548.133892335775,13.438781084955458
21.0,3548.133892335775,13.438781085032968
22.0,3548.133892335775,13.438781085039004
23.0,3548.133892335775,13.438781085039418
24.0,3548.133892335775,13.438781085039443
25.0,3548.133892335775,13.438781085039444
26.0,3548.133892335775,13.438781085039444
27.0,3548.133892335775,13.438781085039444
28.0,3548.133892335775,13.438781085039444
29.0,3548.133892335775,13.438781085039444
30.0,3548.133892335775,13.438781085039444
31.0,3548.133892335775,13.438781085039444
32.0,3548.133892335775,13.438781085039444
33.0,3548.133892335775,13.438781085039444
34.0,3548.133892335775,13.438781085039444
35.0,3548.133892335775,13.438781085039444
36.0,3548.133892335775,13.438781085039444
37.0,3548.133892335775,13.438781085039444
38.0,3548.133892335775,13.438781085039444
39.0,3548.133892335775,13.438781085039444
40.0,3548.133892335775,13.438781085039444
41.0,3548.133892335775,13.438781085039444
42.0,3548.133892335775,13.438781085039444
43.0,3548.133892335775,13.438781085039444
44.0,3548.133892335775,13.438781085039444
45.0,3548.133892335775,13.438781085039444
46.0,3548.133892335775,13.438781085039444
47.0,3548.133892335775,13.438781085039444
48.0,3548.133892335775,13.438781085039444
49.0,3548.133892335775,13.438781085039444
50.0,3548.133892335775,13.438781085039444
51.0,3548.133892335775,13.438781085039444
52.0,3548.133892335775,13.438781085039444
53.0,3548.133892335775,13.438781085039444
54.0,3548.133892335775,13.438781085039444
55.0,3548.133892335775,13.438781085039444
56.0,3548.133892335775,13.438781085039444
57.0,3548.133892335775,13.438781085039444
58.0,3548.133892335775,13.438781085039444
59.0,3548.133892335775,13.438781085039444
60.0,3548.133892335775,13.438781085039444
61.0,3548.133892335775,13.438781085039444
62.0,3548.133892335775,13.438781085039444
63.0,3548.133892335775,13.438781085039444
64.0,3548.133892335775,13.438781085039444
65.0,3548.133892335775,13.438781085039444
66.0,3548.133892335775,13.438781085039444
67.0,3548.133892335775,13.438781085039444
68.0,3548.133892335775,13.438781085039444
69.0,3548.133892335775,13.438781085039444
70.0,3548.133892335775,13.438781085039444
71.0,3548.133892335775,13.438781085039444
72.0,3548.133892335775,13.438781085039444
73.0,3548.133892335775,13.438781085039444
74.0,3548.133892335775,13.438781085039444
75.0,3548.133892335775,13.438781085039444
76.0,3548.133892335775,13.438781085039444
77.0,3548.133892335775,13.438781085039444
78.0,3548.133892335775,13.438781085039444
79.0,3548.133892335775,13.438781085039444
80.0,3548.133892335775,13.438781085039444
81.0,3548.133892335775,13.438781085039444
82.0,3548.133892335775,13.438781085039444
83.0,3548.133892335775,13.438781085039444
84.0,3548.133892335775,13.438781085039444
85.0,3548.133892335775,13.438781085039444
86.0,3548.133892335775,13.438781085039444
87.0,3548.133892335775,13.438781085039444
88.0,3548.133892335775,13.438781085039444
89.0,3548.133892335775,13.438781085039444
90.0,3548.133892335775,13.438781085039444
91.0,3548.133892335775,13.438781085039444
92.0,3548.133892335775,13.438781085039444
93.0,3548.133892335775,13.438781085039444
94.0,3548.133892335775,13.438781085039444
95.0,3548.133892335775,13.438781085039444
96.0,3548.133892335775,13.438781085039444
97.0,3548.133892335775,13.438781085039444
98.0,3548.133892335775,13.438781085039444
99.0,3548.133892335775,13.438781085039444
100.0,3548.133892335775,13.438781085039444
-100.0,3981.0717055349937,14.00349952701333
-99.0,3981.0717055349937,14.00349952701333
-98.0,3981.0717055349937,14.00349952701333
-97.0,3981.0717055349937,14.00349952701333
-96.0,3981.0717055349937,14.00349952701333
-95.0,3981.0717055349937,14.00349952701333
-94.0,3981.0717055349937,14.00349952701333
-93.0,3981.0717055349937,14.00349952701333
-92.0,3981.0717055349937,14.00349952701333
-91.0,3981.0717055349937,14.00349952701333
-90.0,3981.0717055349937,14.00349952701333
-89.0,3981.0717055349937,14.00349952701333
-88.0,3981.0717055349937,14.00349952701333
-87.0,3981.0717055349937,14.00349952701333
-86.0,3981.0717055349937,14.00349952701333
-85.0,3981.0717055349937,14.00349952701333
-84.0,3981.0717055349937,14.00349952701333
-83.0,3981.0717055349937,14.00349952701333
-82.0,3981.0717055349937,14.00349952701333
-81.0,3981.0717055349937,14.00349952701333
-80.0,3981.0717055349937,14.00349952701333
-79.0,3981.0717055349937,14.00349952701333
-78.0,3981.0717055349937,14.00349952701333
-77.0,3981.0717055349937,14.00349952701333
-76.0,3981.0717055349937,14.00349952701333
-75.0,3981.0717055349937,14.00349952701333
-74.0,3981.0717055349937,14.00349952701333
-73.0,3981.0717055349937,14.00349952701333
-72.0,3981.0717055349937,14.00349952701333
-71.0,3981.0717055349937,14.00349952701333
-70.0,3981.0717055349937,14.00349952701333
-69.0,3981.0717055349937,14.00349952701333
-68.0,3981.0717055349937,14.00349952701333
-67.0,3981.0717055349937,14.00349952701333
-66.0,3981.0717055349937,14.00349952701333
-65.0,3981.0717055349937,14.00349952701333
-64.0,3981.0717055349937,14.00349952701333
-63.0,3981.0717055349937,14.00349952701333
-62.0,3981.0717055349937,14.00349952701333
-61.0,3981.0717055349937,14.00349952701333
-60.0,3981.0717055349937,14.00349952701333
-59.0,3981.0717055349937,14.00349952701333
-58.0,3981.0717055349937,14.00349952701333
-57.0,3981.0717055349937,14.00349952701333
-56.0,3981.0717055349937,14.00349952701333
-55.0,3981.0717055349937,14.00349952701333
-54.0,3981.0717055349937,14.00349952701333
-53.0,3981.0717055349937,14.00349952701333
-52.0,3981.0717055349937,14.00349952701333
-51.0,3981.0717055349937,14.00349952701333
-50.0,3981.0717055349937,14.00349952701333
-49.0,3981.0717055349937,14.00349952701333
-48.0,3981.0717055349937,14.00349952701333
-47.0,3981.0717055349937,14.00349952701333
-46.0,3981.0717055349937,14.00349952701333
-45.0,3981.0717055349937,14.00349952701333
-44.0,3981.0717055349937,14.00349952701333
-43.0,3981.0717055349937,14.00349952701333
-42.0,3981.0717055349937,14.00349952701333
-41.0,3981.0717055349937,14.00349952701333
-40.0,3981.0717055349937,14.00349952701333
-39.0,3981.0717055349937,14.00349952701333
-38.0,3981.0717055349937,14.00349952701333
-37.0,3981.0717055349937,14.00349952701333
-36.0,3981.0717055349937,14.00349952701333
-35.0,3981.0717055349937,14.00349952701333
-34.0,3981.0717055349937,14.00349952701333
-33.0,3981.0717055349937,14.00349952701333
-32.0,3981.0717055349937,14.00349952701333
-31.0,3981.0717055349937,14.00349952701333
-30.0,3981.0717055349937,14.00349952701333
-29.0,3981.0717055349937,14.00349952701333
-28.0,3981.0717055349937,14.00349952701333
-27.0,3981.0717055349937,14.00349952701333
-26.0,3981.0717055349937,14.00349952701333
-25.0,3981.0717055349937,14.00349952701333
-24.0,3981.0717055349937,14.003499527013329
-23.0,3981.0717055349937,14.003499527013302
-22.0,3981.0717055349937,14.003499527012872
-21.0,3981.0717055349937,14.003499527006582
-20.0,3981.0717055349937,14.003499526925815
-19.5,3981.0717055349937,14.003499526712606
-19.0,3981.0717055349937,14.003499526011764
-18.5,3981.0717055349937,14.003499523780233
-18.0,3981.0717055349937,14.003499516897866
-17.5,3981.0717055349937,14.003499496338563
-17.0,3981.0717055349937,14.003499436855176
-16.5,3981.0717055349937,14.003499270176649
-16.0,3981.0717055349937,14.00349881786451
-15.5,3981.0717055349937,14.003497629232678
-15.0,3981.0717055349937,14.00349460454486
-14.5,3981.0717055349937,14.003487151928958
-14.0,3981.0717055349937,14.003469373238218
-13.5,3981.0717055349937,14.00342831331969
-13.0,3981.0717055349937,14.003336517245176
-12.5,3981.0717055349937,14.003137874035838
-12.0,3981.0717055349937,14.00272185090341
-11.5,3981.0717055349937,14.001878710816843
-11.0,3981.0717055349937,14.000225388296219
-10.5,3981.0717055349937,13.997089074602476
-10.0,3981.0717055349937,13.991334625900716
-9.5,3981.0717055349937,13.981124849586958
-9.0,3981.0717055349937,13.963612351865615
-8.5,3981.0717055349937,13.934580668615515
-8.0,3981.0717055349937,13.88808215878143
-7.5,3981.0717055349937,13.816158646592408
-7.0,3981.0717055349937,13.70877095221898
-6.5,3981.0717055349937,13.554092117421533
-6.0,3981.0717055349937,13.339318430928493
-5.5,3981.0717055349937,13.052104033441639
-5.0,3981.0717055349937,12.682617694641177
-4.5,3981.0717055349937,12.226058742228783
-4.0,3981.0717055349937,11.68527971581433
-3.5,3981.0717055349937,11.072995097729118
-3.0,3981.0717055349937,10.412970444534421
-2.5,3981.0717055349937,9.739640741904187
-2.0,3981.0717055349937,9.095828148193219
-1.5,3981.0717055349937,8.528596473765877
-1.0,3981.0717055349937,8.083717855662936
-0.5,3981.0717055349937,7.799621601535136
0.0,3981.0717055349937,7.701924739857333
0.5,3981.0717055349937,7.799621601535136
1.0,3981.0717055349937,8.083717855662936
1.5,3981.0717055349937,8.528596473765877
2.0,3981.0717055349937,9.095828148193219
2.5,3981.0717055349937,9.739640741904187
3.0,3981.0717055349937,10.412970444534421
3.5,3981.0717055349937,11.072995097729118
4.0,3981.0717055349937,11.68527971581433
4.5,3981.0717055349937,12.226058742228783
5.0,3981.0717055349937,12.682617694641177
5.5,3981.0717055349937,13.052104033441639
6.0,3981.0717055349937,13.339318430928493
6.5,3981.0717055349937,13.554092117421533
7.0,3981.0717055349937,13.70877095221898
7.5,3981.0717055349937,13.816158646592408
8.0,3981.0717055349937,13.88808215878143
8.5,3981.0717055349937,13.934580668615515
9.0,3981.0717055349937,13.963612351865615
9.5,3981.0717055349937,13.981124849586958
10.0,3981.0717055349937,13.991334625900716
10.5,3981.0717055349937,13.997089074602476
11.0,3981.0717055349937,14.000225388296219
11.5,3981.0717055349937,14.001878710816843
12.0,3981.0717055349937,14.00272185090341
12.5,3981.0717055349937,14.003137874035838
13.0,3981.0717055349937,14.003336517245176
13.5,3981.0717055349937,14.00342831331969
14.0,3981.0717055349937,14.003469373238218
14.5,3981.0717055349937,14.003487151928958
15.0,3981.0717055349937,14.00349460454486
15.5,3981.0717055349937,14.003497629232678
16.0,3981.0717055349937,14.00349881786451
16.5,3981.0717055349937,14.003499270176649
17.0,3981.0717055349937,14.003499436855176
17.5,3981.0717055349937,14.003499496338563
18.0,3981.0717055349937,14.003499516897866
18.5,3981.0717055349937,14.003499523780233
19.0,3981.0717055349937,14.003499526011764
19.5,3981.0717055349937,14.003499526712606
20.0,3981.0717055349937,14.003499526925815
21.0,3981.0717055349937,14.003499527006582
22.0,3981.0717055349937,14.003499527012872
23.0,3981.0717055349937,14.003499527013302
24.0,3981.0717055349937,14.003499527013329
25.0,3981.0717055349937,14.00349952701333
26.0,3981.0717055349937,14.00349952701333
27.0,3981.0717055349937,14.00349952701333
28.0,3981.0717055349937,14.00349952701333
29.0,3981.0717055349937,14.00349952701333
30.0,3981.0717055349937,14.00349952701333
31.0,3981.0717055349937,14.00349952701333
32.0,3981.0717055349937,14.00349952701333
33.0,3981.0717055349937,14.00349952701333
34.0,3981.0717055349937,14.00349952701333
35.0,3981.0717055349937,14.00349952701333
36.0,3981.0717055349937,14.00349952701333
37.0,3981.0717055349937,14.00349952701333
38.0,3981.0717055349937,14.00349952701333
39.0,3981.0717055349937,14.00349952701333
40.0,3981.0717055349937,14.00349952701333
41.0,3981.0717055349937,14.00349952701333
42.0,3981.0717055349937,14.00349952701333
43.0,3981.0717055349937,14.00349952701333
44.0,3981.0717055349937,14.00349952701333
45.0,3981.0717055349937,14.00349952701333
46.0,3981.0717055349937,14.00349952701333
47.0,3981.0717055349937,14.00349952701333
48.0,3981.0717055349937,14.00349952701333
49.0,3981.0717055349937,14.00349952701333
50.0,3981.0717055349937,14.00349952701333
51.0,3981.0717055349937,14.00349952701333
52.0,3981.0717055349937,14.00349952701333
53.0,3981.0717055349937,14.00349952701333
54.0,3981.0717055349937,14.00349952701333
55.0,3981.0717055349937,14.00349952701333
56.0,3981.0717055349937,14.00349952701333
57.0,3981.0717055349937,14.00349952701333
58.0,3981.0717055349937,14.00349952701333
59.0,3981.0717055349937,14.00349952701333
60.0,3981.0717055349937,14.00349952701333
61.0,3981.0717055349937,14.00349952701333
62.0,3981.0717055349937,14.00349952701333
63.0,3981.0717055349937,14.00349952701333
64.0,3981.0717055349937,14.00349952701333
65.0,3981.0717055349937,14.00349952701333
66.0,3981.0717055349937,14.00349952701333
67.0,3981.0717055349937,14.00349952701333
68.0,3981.0717055349937,14.00349952701333
69.0,3981.0717055349937,14.00349952701333
70.0,3981.0717055349937,14.00349952701333
71.0,3981.0717055349937,14.00349952701333
72.0,3981.0717055349937,14.00349952701333
73.0,3981.0717055349937,14.00349952701333
74.0,3981.0717055349937,14.00349952701333
75.0,3981.0717055349937,14.00349952701333
76.0,3981.0717055349937,14.00349952701333
77.0,3981.0717055349937,14.00349952701333
78.0,3981.0717055349937,14.00349952701333
79.0,3981.0717055349937,14.00349952701333
80.0,3981.0717055349937,14.00349952701333
81.0,3981.0717055349937,14.00349952701333
82.0,3981.0717055349937,14.00349952701333
83.0,3981.0717055349937,14.00349952701333
84.0,3981.0717055349937,14.00349952701333
85.0,3981.0717055349937,14.00349952701333
86.0,3981.0717055349937,14.00349952701333
87.0,3981.0717055349937,14.00349952701333
88.0,3981.0717055349937,14.00349952701333
89.0,3981.0717055349937,14.00349952701333
90.0,3981.0717055349937,14.00349952701333
91.0,3981.0717055349937,14.00349952701333
92.0,3981.0717055349937,14.00349952701333
93.0,3981.0717055349937,14.00349952701333
94.0,3981.0717055349937,14.00349952701333
95.0,3981.0717055349937,14.00349952701333
96.0,3981.0717055349937,14.00349952701333
97.0,3981.0717055349937,14.00349952701333
98.0,3981.0717055349937,14.00349952701333
99.0,3981.0717055349937,14.00349952701333
100.0,3981.0717055349937,14.00349952701333
-100.0,4466.835921509653,14.581401794044611
-99.0,4466.835921509653,14.581401794044611
-98.0,4466.835921509653,14.581401794044611
-97.0,4466.835921509653,14.581401794044611
-96.0,4466.835921509653,14.581401794044611
-95.0,4466.835921509653,14.581401794044611
-94.0,4466.835921509653,14.581401794044611
-93.0,4466.835921509653,14.581401794044611
-92.0,4466.835921509653,14.581401794044611
-91.0,4466.835921509653,14.581401794044611
-90.0,4466.835921509653,14.581401794044611
-89.0,4466.835921509653,14.581401794044611
-88.0,4466.835921509653,14.581401794044611
-87.0,4466.835921509653,14.581401794044611
-86.0,4466.835921509653,14.581401794044611
-85.0,4466.835921509653,14.581401794044611
-84.0,4466.835921509653,14.581401794044611
-83.0,4466.835921509653,14.581401794044611
-82.0,4466.835921509653,14.581401794044611
-81.0,4466.835921509653,14.581401794044611
-80.0,4466.835921509653,14.581401794044611
-79.0,4466.835921509653,14.581401794044611
-78.0,4466.835921509653,14.581401794044611
-77.0,4466.835921509653,14.581401794044611
-76.0,4466.835921509653,14.581401794044611
-75.0,4466.835921509653,14.581401794044611
-74.0,4466.835921509653,14.581401794044611
-73.0,4466.835921509653,14.581401794044611
-72.0,4466.835921509653,14.581401794044611
-71.0,4466.835921509653,14.581401794044611
-70.0,4466.835921509653,14.581401794044611
-69.0,4466.835921509653,14.581401794044611
-68.0,4466.835921509653,14.581401794044611
-67.0,4466.835921509653,14.581401794044611
-66.0,4466.835921509653,14.581401794044611
-65.0,4466.835921509653,14.581401794044611
-64.0,4466.835921509653,14.581401794044611
-63.0,4466.835921509653,14.581401794044611
-62.0,4466.835921509653,14.581401794044611
-61.0,4466.835921509653,14.581401794044611
-60.0,4466.835921509653,14.581401794044611
-59.0,4466.835921509653,14.581401794044611
-58.0,4466.835921509653,14.581401794044611
-57.0,4466.835921509653,14.581401794044611
-56.0,4466.835921509653,14.581401794044611
-55.0,4466.835921509653,14.581401794044611
-54.0,4466.835921509653,14.581401794044611
-53.0,4466.835921509653,14.581401794044611
-52.0,4466.835921509653,14.581401794044611
-51.0,4466.835921509653,14.581401794044611
-50.0,4466.835921509653,14.581401794044611
-49.0,4466.835921509653,14.581401794044611
-48.0,4466.835921509653,14.581401794044611
-47.0,4466.835921509653,14.581401794044611
-46.0,4466.835921509653,14.581401794044611
-45.0,4466.835921509653,14.581401794044611
-44.0,4466.835921509653,14.581401794044611
-43.0,4466.835921509653,14.581401794044611
-42.0,4466.835921509653,14.581401794044611
-41.0,4466.835921509653,14.581401794044611
-40.0,4466.835921509653,14.581401794044611
-39.0,4466.835921509653,14.581401794044611
-38.0,4466.835921509653,14.581401794044611
-37.0,4466.835921509653,14.581401794044611
-36.0,4466.835921509653,14.581401794044611
-35.0,4466.835921509653,14.581401794044611
-34.0,4466.835921509653,14.581401794044611
-33.0,4466.835921509653,14.581401794044611
-32.0,4466.835921509653,14.581401794044611
-31.0,4466.835921509653,14.581401794044611
-30.0,4466.835921509653,14.581401794044611
-29.0,4466.835921509653,14.581401794044611
-28.0,4466.835921509653,14.581401794044611
-27.0,4466.835921509653,14.581401794044611
-26.0,4466.835921509653,14.581401794044611
-25.0,4466.835921509653,14.581401794044611
-24.0,4466.835921509653,14.58140179404461
-23.0,4466.835921509653,14.581401794044583
-22.0,4466.835921509653,14.581401794044133
-21.0,4466.835921509653,14.581401794037584
-20.0,4466.835921509653,14.581401793953484
-19.5,4466.835921509653,14.581401793731477
-19.0,4466.835921509653,14.581401793001712
-18.5,4466.835921509653,14.58140179067809
-18.0,4466.835921509653,14.581401783511698
-17.5,4466.835921509653,14.581401762103946
-17.0,4466.835921509653,14.581401700165772
-16.5,4466.835921509653,14.581401526608685
-16.0,4466.835921509653,14.58140105563034
-15.5,4466.835921509653,14.581399817945552
-15.0,4466.835921509653,14.581396668433655
-14.5,4466.835921509653,14.581388908260088
-14.0,4466.835921509653,14.581370395870914
-13.5,4466.835921509653,14.581327641474518
-13.0,4466.835921509653,14.581232057121264
-12.5,4466.835921509653,14.581025216220999
-12.0,4466.835921509653,14.58059202447219
-11.5,4466.835921509653,14.579714089328395
-11.0,4466.835921509653,14.57799253680348
-10.5,4466.835921509653,14.574726792406345
-10.0,4466.835921509653,14.568734866712221
-9.5,4466.835921509653,14.558103749085442
-9.0,4466.835921509653,14.539868538294051
-8.5,4466.835921509653,14.509638763414529
-8.0,4466.835921509653,14.461221333656544
-7.5,4466.835921509653,14.386329651927708
-7.0,4466.835921509653,14.274510237332493
-6.5,4466.835921509653,14.11344805177913
-6.0,4466.835921509653,13.889810995091835
-5.5,4466.835921509653,13.590743713894627
-5.0,4466.835921509653,13.206009258548873
-4.5,4466.835921509653,12.730608840606838
-4.0,4466.835921509653,12.16751271947438
-3.5,4466.835921509653,11.529960084049842
-3.0,4466.835921509653,10.842697257808332
-2.5,4466.835921509653,10.141580303794337
-2.0,4466.835921509653,9.471198583078284
-1.5,4466.835921509653,8.880558155006813
-1.0,4466.835921509653,8.417320100288798
-0.5,4466.835921509653,8.121499643293076
0.0,4466.835921509653,8.019770986724536
0.5,4466.835921509653,8.121499643293076
1.0,4466.835921509653,8.417320100288798
1.5,4466.835921509653,8.880558155006813
2.0,4466.835921509653,9.471198583078284
2.5,4466.835921509653,10.141580303794337
3.0,4466.835921509653,10.842697257808332
3.5,4466.835921509653,11.529960084049842
4.0,4466.835921509653,12.16751271947438
4.5,4466.835921509653,12.730608840606838
5.0,4466.835921509653,13.206009258548873
5.5,4466.835921509653,13.590743713894627
6.0,4466.835921509653,13.889810995091835
6.5,4466.835921509653,14.11344805177913
7.0,4466.835921509653,14.274510237332493
7.5,4466.835921509653,14.386329651927708
8.0,4466.835921509653,14.461221333656544
8.5,4466.835921509653,14.509638763414529
9.0,4466.835921509653,14.539868538294051
9.5,4466.835921509653,14.558103749085442
10.0,4466.835921509653,14.568734866712221
10.5,4466.835921509653,14.574726792406345
11.0,4466.835921509653,14.57799253680348
11.5,4466.835921509653,14.579714089328395
12.0,4466.835921509653,14.58059202447219
12.5,4466.835921509653,14.581025216220999
13.0,4466.835921509653,14.581232057121264
13.5,4466.835921509653,14.581327641474518
14.0,4466.835921509653,14.581370395870914
14.5,4466.835921509653,14.581388908260088
15.0,4466.835921509653,14.581396668433655
15.5,4466.835921509653,14.581399817945552
16.0,4466.835921509653,14.58140105563034
16.5,4466.835921509653,14.581401526608685
17.0,4466.835921509653,14.581401700165772
17.5,4466.835921509653,14.581401762103946
18.0,4466.835921509653,14.581401783511698
18.5,4466.835921509653,14.58140179067809
19.0,4466.835921509653,14.581401793001712
19.5,4466.835921509653,14.581401793731477
20.0,4466.835921509653,14.581401793953484
21.0,4466.835921509653,14.581401794037584
22.0,4466.835921509653,14.581401794044133
23.0,4466.835921509653,14.581401794044583
24.0,4466.835921509653,14.58140179404461
25.0,4466.835921509653,14.581401794044611
26.0,4466.835921509653,14.581401794044611
27.0,4466.835921509653,14.581401794044611
28.0,4466.835921509653,14.581401794044611
29.0,4466.835921509653,14.581401794044611
30.0,4466.835921509653,14.581401794044611
31.0,4466.835921509653,14.581401794044611
32.0,4466.835921509653,14.581401794044611
33.0,4466.835921509653,14.581401794044611
34.0,4466.835921509653,14.581401794044611
35.0,4466.835921509653,14.581401794044611
36.0,4466.835921509653,14.581401794044611
37.0,4466.835921509653,14.581401794044611
38.0,4466.835921509653,14.581401794044611
39.0,4466.835921509653,14.581401794044611
40.0,4466.835921509653,14.581401794044611
41.0,4466.835921509653,14.581401794044611
42.0,4466.835921509653,14.581401794044611
43.0,4466.835921509653,14.581401794044611
44.0,4466.835921509653,14.581401794044611
45.0,4466.835921509653,14.581401794044611
46.0,4466.835921509653,14.581401794044611
47.0,4466.835921509653,14.581401794044611
48.0,4466.835921509653,14.581401794044611
49.0,4466.835921509653,14.581401794044611
50.0,4466.835921509653,14.581401794044611
51.0,4466.835921509653,14.581401794044611
52.0,4466.835921509653,14.581401794044611
53.0,4466.835921509653,14.581401794044611
54.0,4466.835921509653,14.581401794044611
55.0,4466.835921509653,14.581401794044611
56.0,4466.835921509653,14.581401794044611
57.0,4466.835921509653,14.581401794044611
58.0,4466.835921509653,14.581401794044611
59.0,4466.835921509653,14.581401794044611
60.0,4466.835921509653,14.581401794044611
61.0,4466.835921509653,14.581401794044611
62.0,4466.835921509653,14.581401794044611
63.0,4466.835921509653,14.581401794044611
64.0,4466.835921509653,14.581401794044611
65.0,4466.835921509653,14.581401794044611
66.0,4466.835921509653,14.581401794044611
67.0,4466.835921509653,14.581401794044611
68.0,4466.835921509653,14.581401794044611
69.0,4466.835921509653,14.581401794044611
70.0,4466.835921509653,14.581401794044611
71.0,4466.835921509653,14.581401794044611
72.0,4466.835921509653,14.581401794044611
73.0,4466.835921509653,14.581401794044611
74.0,4466.835921509653,14.581401794044611
75.0,4466.835921509653,14.581401794044611
76.0,4466.835921509653,14.581401794044611
77.0,4466.835921509653,14.581401794044611
78.0,4466.835921509653,14.581401794044611
79.0,4466.835921509653,14.581401794044611
80.0,4466.835921509653,14.581401794044611
81.0,4466.835921509653,14.581401794044611
82.0,4466.835921509653,14.581401794044611
83.0,4466.835921509653,14.581401794044611
84.0,4466.835921509653,14.581401794044611
85.0,4466.835921509653,14.581401794044611
86.0,4466.835921509653,14.581401794044611
87.0,4466.835921509653,14.581401794044611
88.0,4466.835921509653,14.581401794044611
89.0,4466.835921509653,14.581401794044611
90.0,4466.835921509653,14.581401794044611
91.0,4466.835921509653,14.581401794044611
92.0,4466.835921509653,14.581401794044611
93.0,4466.835921509653,14.581401794044611
94.0,4466.835921509653,14.581401794044611
95.0,4466.835921509653,14.581401794044611
96.0,4466.835921509653,14.581401794044611
97.0,4466.835921509653,14.581401794044611
98.0,4466.835921509653,14.581401794044611
99.0,4466.835921509653,14.581401794044611
100.0,4466.835921509653,14.581401794044611
-100.0,5011.8723362727505,15.172538209979265
-99.0,5011.8723362727505,15.172538209979265
-98.0,5011.8723362727505,15.172538209979265
-97.0,5011.8723362727505,15.172538209979265
-96.0,5011.8723362727505,15.172538209979265
-95.0,5011.8723362727505,15.172538209979265
-94.0,5011.8723362727505,15.172538209979265
-93.0,5011.8723362727505,15.172538209979265
-92.0,5011.8723362727505,15.172538209979265
-91.0,5011.8723362727505,15.172538209979265
-90.0,5011.8723362727505,15.172538209979265
-89.0,5011.8723362727505,15.172538209979265
-88.0,5011.8723362727505,15.172538209979265
-87.0,5011.8723362727505,15.172538209979265
-86.0,5011.8723362727505,15.172538209979265
-85.0,5011.8723362727505,15.172538209979265
-84.0,5011.8723362727505,15.172538209979265
-83.0,5011.8723362727505,15.172538209979265
-82.0,5011.8723362727505,15.172538209979265
-81.0,5011.8723362727505,15.172538209979265
-80.0,5011.8723362727505,15.172538209979265
-79.0,5011.8723362727505,15.172538209979265
-78.0,5011.8723362727505,15.172538209979265
-77.0,5011.8723362727505,15.172538209979265
-76.0,5011.8723362727505,15.172538209979265
-75.0,5011.8723362727505,15.172538209979265
-74.0,5011.8723362727505,15.172538209979265
-73.0,5011.8723362727505,15.172538209979265
-72.0,5011.8723362727505,15.172538209979265
-71.0,5011.8723362727505,15.172538209979265
-70.0,5011.8723362727505,15.172538209979265
-69.0,5011.8723362727505,15.172538209979265
-68.0,5011.8723362727505,15.172538209979265
-67.0,5011.8723362727505,15.172538209979265
-66.0,5011.8723362727505,15.172538209979265
-65.0,5011.8723362727505,15.172538209979265
-64.0,5011.8723362727505,15.172538209979265
-63.0,5011.8723362727505,15.172538209979265
-62.0,5011.8723362727505,15.172538209979265
-61.0,5011.8723362727505,15.172538209979265
-60.0,5011.8723362727505,15.172538209979265
-59.0,5011.8723362727505,15.172538209979265
-58.0,5011.8723362727505,15.172538209979265
-57.0,5011.8723362727505,15.172538209979265
-56.0,5011.8723362727505,15.172538209979265
-55.0,5011.8723362727505,15.172538209979265
-54.0,5011.8723362727505,15.172538209979265
-53.0,5011.8723362727505,15.172538209979265
-52.0,5011.8723362727505,15.172538209979265
-51.0,5011.8723362727505,15.172538209979265
-50.0,5011.8723362727505,15.172538209979265
-49.0,5011.8723362727505,15.172538209979265
-48.0,5011.8723362727505,15.172538209979265
-47.0,5011.8723362727505,15.172538209979265
-46.0,5011.8723362727505,15.172538209979265
-45.0,5011.8723362727505,15.172538209979265
-44.0,5011.8723362727505,15.172538209979265
-43.0,5011.8723362727505,15.172538209979265
-42.0,5011.8723362727505,15.172538209979265
-41.0,5011.8723362727505,15.172538209979265
-40.0,5011.8723362727505,15.172538209979265
-39.0,5011.8723362727505,15.172538209979265
-38.0,5011.8723362727505,15.172538209979265
-37.0,5011.8723362727505,15.172538209979265
-36.0,5011.8723362727505,15.172538209979265
-35.0,5011.8723362727505,15.172538209979265
-34.0,5011.8723362727505,15.172538209979265
-33.0,5011.8723362727505,15.172538209979265
-32.0,5011.8723362727505,15.172538209979265
-31.0,5011.8723362727505,15.172538209979265
-30.0,5011.8723362727505,15.172538209979265
-29.0,5011.8723362727505,15.172538209979265
-28.0,5011.8723362727505,15.172538209979265
-27.0,5011.8723362727505,15.172538209979265
-26.0,5011.8723362727505,15.172538209979265
-25.0,5011.8723362727505,15.172538209979265
-24.0,5011.8723362727505,15.172538209979264
-23.0,5011.8723362727505,15.172538209979235
-22.0,5011.8723362727505,15.172538209978768
-21.0,5011.8723362727505,15.172538209971954
-20.0,5011.8723362727505,15.172538209884443
-19.5,5011.8723362727505,15.172538209653435
-19.0,5011.8723362727505,15.172538208894087
-18.5,5011.8723362727505,15.172538206476263
-18.0,5011.8723362727505,15.172538199019343
-17.5,5011.8723362727505,15.17253817674371
-17.0,5011.8723362727505,15.172538112294538
-16.5,5011.8723362727505,15.17253793170137
-16.0,5011.8723362727505,15.172537441629357
-15.5,5011.8723362727505,15.172536153768286
-15.0,5011.8723362727505,15.172532876573797
-14.5,5011.8723362727505,15.172524801799394
-14.0,5011.8723362727505,15.172505538909853
-13.5,5011.8723362727505,15.1724610512315
-13.0,5011.8723362727505,15.172361591846695
-12.5,5011.8723362727505,15.172146365525728
-12.0,5011.8723362727505,15.17169561199367
-11.5,5011.8723362727505,15.170782084974576
-11.0,5011.8723362727505,15.168990739956197
-10.5,5011.8723362727505,15.165592600850681
-10.0,5011.8723362727505,15.159357759864228
-9.5,5011.8723362727505,15.14829565207203
-9.0,5011.8723362727505,15.129321177847446
-8.5,5011.8723362727505,15.097865874652525
-8.0,5011.8723362727505,15.04748558108349
-7.5,5011.8723362727505,14.969557757771986
-7.0,5011.8723362727505,14.853205135127958
-6.5,5011.8723362727505,14.68561341802095
-6.0,5011.8723362727505,14.452910017094084
-5.5,5011.8723362727505,14.141718417314388
-5.0,5011.8723362727505,13.74138665862071
-4.5,5011.8723362727505,13.246713299491988
-4.0,5011.8723362727505,12.660789014951478
-3.5,5011.8723362727505,11.99738971641472
-3.0,5011.8723362727505,11.282264954150333
-2.5,5011.8723362727505,10.552724411704935
-2.0,5011.8723362727505,9.855165122378567
-1.5,5011.8723362727505,9.240579872630292
-1.0,5011.8723362727505,8.758561944258263
-0.5,5011.8723362727505,8.450748796355414
0.0,5011.8723362727505,8.344896015488597
0.5,5011.8723362727505,8.450748796355414
1.0,5011.8723362727505,8.758561944258263
1.5,5011.8723362727505,9.240579872630292
2.0,5011.8723362727505,9.855165122378567
2.5,5011.8723362727505,10.552724411704935
3.0,5011.8723362727505,11.282264954150333
3.5,5011.8723362727505,11.99738971641472
4.0,5011.8723362727505,12.660789014951478
4.5,5011.8723362727505,13.246713299491988
5.0,5011.8723362727505,13.74138665862071
5.5,5011.8723362727505,14.141718417314388
6.0,5011.8723362727505,14.452910017094084
6.5,5011.8723362727505,14.68561341802095
7.0,5011.8723362727505,14.853205135127958
7.5,5011.8723362727505,14.969557757771986
8.0,5011.8723362727505,15.04748558108349
8.5,5011.8723362727505,15.097865874652525
9.0,5011.8723362727505,15.129321177847446
9.5,5011.8723362727505,15.14829565207203
10.0,5011.8723362727505,15.159357759864228
10.5,5011.8723362727505,15.165592600850681
11.0,5011.8723362727505,15.168990739956197
11.5,5011.8723362727505,15.170782084974576
12.0,5011.8723362727505,15.17169561199367
12.5,5011.8723362727505,15.172146365525728
13.0,5011.8723362727505,15.172361591846695
13.5,5011.8723362727505,15.1724610512315
14.0,5011.8723362727505,15.172505538909853
14.5,5011.8723362727505,15.172524801799394
15.0,5011.8723362727505,15.172532876573797
15.5,5011.8723362727505,15.172536153768286
16.0,5011.8723362727505,15.172537441629357
16.5,5011.8723362727505,15.17253793170137
17.0,5011.8723362727505,15.172538112294538
17.5,5011.8723362727505,15.17253817674371
18.0,5011.8723362727505,15.172538199019343
18.5,5011.8723362727505,15.172538206476263
19.0,5011.8723362727505,15.172538208894087
19.5,5011.8723362727505,15.172538209653435
20.0,5011.8723362727505,15.172538209884443
21.0,5011.8723362727505,15.172538209971954
22.0,5011.8723362727505,15.172538209978768
23.0,5011.8723362727505,15.172538209979235
24.0,5011.8723362727505,15.172538209979264
25.0,5011.8723362727505,15.172538209979265
26.0,5011.8723362727505,15.172538209979265
27.0,5011.8723362727505,15.172538209979265
28.0,5011.8723362727505,15.172538209979265
29.0,5011.8723362727505,15.172538209979265
30.0,5011.8723362727505,15.172538209979265
31.0,5011.8723362727505,15.172538209979265
32.0,5011.8723362727505,15.172538209979265
33.0,5011.8723362727505,15.172538209979265
34.0,5011.8723362727505,15.172538209979265
35.0,5011.8723362727505,15.172538209979265
36.0,5011.8723362727505,15.172538209979265
37.0,5011.8723362727505,15.172538209979265
38.0,5011.8723362727505,15.172538209979265
39.0,5011.8723362727505,15.172538209979265
40.0,5011.8723362727505,15.172538209979265
41.0,5011.8723362727505,15.172538209979265
42.0,5011.8723362727505,15.172538209979265
43.0,5011.8723362727505,15.172538209979265
44.0,5011.8723362727505,15.172538209979265
45.0,5011.8723362727505,15.172538209979265
46.0,5011.8723362727505,15.172538209979265
47.0,5011.8723362727505,15.172538209979265
48.0,5011.8723362727505,15.172538209979265
49.0,5011.8723362727505,15.172538209979265
50.0,5011.8723362727505,15.172538209979265
51.0,5011.8723362727505,15.172538209979265
52.0,5011.8723362727505,15.172538209979265
53.0,5011.8723362727505,15.172538209979265
54.0,5011.8723362727505,15.172538209979265
55.0,5011.8723362727505,15.172538209979265
56.0,5011.8723362727505,15.172538209979265
57.0,5011.8723362727505,15.172538209979265
58.0,5011.8723362727505,15.172538209979265
59.0,5011.8723362727505,15.172538209979265
60.0,5011.8723362727505,15.172538209979265
61.0,5011.8723362727505,15.172538209979265
62.0,5011.8723362727505,15.172538209979265
63.0,5011.8723362727505,15.172538209979265
64.0,5011.8723362727505,15.172538209979265
65.0,5011.8723362727505,15.172538209979265
66.0,5011.8723362727505,15.172538209979265
67.0,5011.8723362727505,15.172538209979265
68.0,5011.8723362727505,15.172538209979265
69.0,5011.8723362727505,15.172538209979265
70.0,5011.8723362727505,15.172538209979265
71.0,5011.8723362727505,15.172538209979265
72.0,5011.8723362727505,15.172538209979265
73.0,5011.8723362727505,15.172538209979265
74.0,5011.8723362727505,15.172538209979265
75.0,5011.8723362727505,15.172538209979265
76.0,5011.8723362727505,15.172538209979265
77.0,5011.8723362727505,15.172538209979265
78.0,5011.8723362727505,15.172538209979265
79.0,5011.8723362727505,15.172538209979265
80.0,5011.8723362727505,15.172538209979265
81.0,5011.8723362727505,15.172538209979265
82.0,5011.8723362727505,15.172538209979265
83.0,5011.8723362727505,15.172538209979265
84.0,5011.8723362727505,15.172538209979265
85.0,5011.8723362727505,15.172538209979265
86.0,5011.8723362727505,15.172538209979265
87.0,5011.8723362727505,15.172538209979265
88.0,5011.8723362727505,15.172538209979265
89.0,5011.8723362727505,15.172538209979265
90.0,5011.8723362727505,15.172538209979265
91.0,5011.8723362727505,15.172538209979265
92.0,5011.8723362727505,15.172538209979265
93.0,5011.8723362727505,15.172538209979265
94.0,5011.8723362727505,15.172538209979265
95.0,5011.8723362727505,15.172538209979265
96.0,5011.8723362727505,15.172538209979265
97.0,5011.8723362727505,15.172538209979265
98.0,5011.8723362727505,15.172538209979265
99.0,5011.8723362727505,15.172538209979265
100.0,5011.8723362727505,15.172538209979265
-100.0,5623.413251903526,15.776958344620052
-99.0,5623.413251903526,15.776958344620052
-98.0,5623.413251903526,15.776958344620052
-97.0,5623.413251903526,15.776958344620052
-96.0,5623.413251903526,15.776958344620052
-95.0,5623.413251903526,15.776958344620052
-94.0,5623.413251903526,15.776958344620052
-93.0,5623.413251903526,15.776958344620052
-92.0,5623.413251903526,15.776958344620052
-91.0,5623.413251903526,15.776958344620052
-90.0,5623.413251903526,15.776958344620052
-89.0,5623.413251903526,15.776958344620052
-88.0,5623.413251903526,15.776958344620052
-87.0,5623.413251903526,15.776958344620052
-86.0,5623.413251903526,15.776958344620052
-85.0,5623.413251903526,15.776958344620052
-84.0,5623.413251903526,15.776958344620052
-83.0,5623.413251903526,15.776958344620052
-82.0,5623.413251903526,15.776958344620052
-81.0,5623.413251903526,15.776958344620052
-80.0,5623.413251903526,15.776958344620052
-79.0,5623.413251903526,15.776958344620052
-78.0,5623.413251903526,15.776958344620052
-77.0,5623.413251903526,15.776958344620052
-76.0,5623.413251903526,15.776958344620052
-75.0,5623.413251903526,15.776958344620052
-74.0,5623.413251903526,15.776958344620052
-73.0,5623.413251903526,15.776958344620052
-72.0,5623.413251903526,15.776958344620052
-71.0,5623.413251903526,15.776958344620052
-70.0,5623.413251903526,15.776958344620052
-69.0,5623.413251903526,15.776958344620052
-68.0,5623.413251903526,15.776958344620052
-67.0,5623.413251903526,15.776958344620052
-66.0,5623.413251903526,15.776958344620052
-65.0,5623.413251903526,15.776958344620052
-64.0,5623.413251903526,15.776958344620052
-63.0,5623.413251903526,15.776958344620052
-62.0,5623.413251903526,15.776958344620052
-61.0,5623.413251903526,15.776958344620052
-60.0,5623.413251903526,15.776958344620052
-59.0,5623.413251903526,15.776958344620052
-58.0,5623.413251903526,15.776958344620052
-57.0,5623.413251903526,15.776958344620052
-56.0,5623.413251903526,15.776958344620052
-55.0,5623.413251903526,15.776958344620052
-54.0,5623.413251903526,15.776958344620052
-53.0,5623.413251903526,15.776958344620052
-52.0,5623.413251903526,15.776958344620052
-51.0,5623.413251903526,15.776958344620052
-50.0,5623.413251903526,15.776958344620052
-49.0,5623.413251903526,15.776958344620052
-48.0,5623.413251903526,15.776958344620052
-47.0,5623.413251903526,15.776958344620052
-46.0,5623.413251903526,15.776958344620052
-45.0,5623.413251903526,15.776958344620052
-44.0,5623.413251903526,15.776958344620052
-43.0,5623.413251903526,15.776958344620052
-42.0,5623.413251903526,15.776958344620052
-41.0,5623.413251903526,15.776958344620052
-40.0,5623.413251903526,15.776958344620052
-39.0,5623.413251903526,15.776958344620052
-38.0,5623.413251903526,15.776958344620052
-37.0,5623.413251903526,15.776958344620052
-36.0,5623.413251903526,15.776958344620052
-35.0,5623.413251903526,15.776958344620052
-34.0,5623.413251903526,15.776958344620052
-33.0,5623.413251903526,15.776958344620052
-32.0,5623.413251903526,15.776958344620052
-31.0,5623.413251903526,15.776958344620052
-30.0,5623.413251903526,15.776958344620052
-29.0,5623.413251903526,15.776958344620052
-28.0,5623.413251903526,15.776958344620052
-27.0,5623.413251903526,15.776958344620052
-26.0,5623.413251903526,15.776958344620052
-25.0,5623.413251903526,15.776958344620052
-24.0,5623.413251903526,15.77695834462005
-23.0,5623.413251903526,15.77695834462002
-22.0,5623.413251903526,15.776958344619535
-21.0,5623.413251903526,15.77695834461245
-20.0,5623.413251903526,15.776958344521454
-19.5,5623.413251903526,15.776958344281242
-19.0,5623.413251903526,15.776958343491643
-18.5,5623.413251903526,15.776958340977503
-18.0,5623.413251903526,15.776958333223526
-17.5,5623.413251903526,15.776958310060511
-17.0,5623.413251903526,15.77695824304391
-16.5,5623.413251903526,15.776958055256552
-16.0,5623.413251903526,15.776957545661809
-15.5,5623.413251903526,15.776956206496918
-15.0,5623.413251903526,15.776952798750617
-14.5,5623.413251903526,15.776944402305828
-14.0,5623.413251903526,15.776924372051056
-13.5,5623.413251903526,15.776878112141308
-13.0,5623.413251903526,15.776774690647201
-12.5,5623.413251903526,15.7765508904726
-12.0,5623.413251903526,15.776082180517776
-11.5,5623.413251903526,15.775132261820755
-11.0,5623.413251903526,15.773269555967278
-10.5,5623.413251903526,15.769736047046425
-10.0,5623.413251903526,15.763252832097994
-9.5,5623.413251903526,15.751750049147251
-9.0,5623.413251903526,15.73201969913532
-8.5,5623.413251903526,15.699311328172229
-8.0,5623.413251903526,15.646924062308855
-7.5,5623.413251903526,15.565891870775872
-7.0,5623.413251903526,15.4449041721234
-6.5,5623.413251903526,15.270636195130495
-6.0,5623.413251903526,15.028662715659548
-5.5,5623.413251903526,14.705074345739297
-5.0,5623.413251903526,14.28879478898165
-4.5,5623.413251903526,13.774415396874796
-4.0,5623.413251903526,13.165149965978275
-3.5,5623.413251903526,12.475323191181912
-3.0,5623.413251903526,11.731710393553179
-2.5,5623.413251903526,10.973107542165907
-2.0,5623.413251903526,10.247759963646288
-1.5,5623.413251903526,9.60869181629313
-1.0,5623.413251903526,9.107472002439984
-0.5,5623.413251903526,8.787396669942519
0.0,5623.413251903526,8.677327089541029
0.5,5623.413251903526,8.787396669942519
1.0,5623.413251903526,9.107472002439984
1.5,5623.413251903526,9.60869181629313
2.0,5623.413251903526,10.247759963646288
2.5,5623.413251903526,10.973107542165907
3.0,5623.413251903526,11.731710393553179
3.5,5623.413251903526,12.475323191181912
4.0,5623.413251903526,13.165149965978275
4.5,5623.413251903526,13.774415396874796
5.0,5623.413251903526,14.28879478898165
5.5,5623.413251903526,14.705074345739297
6.0,5623.413251903526,15.028662715659548
6.5,5623.413251903526,15.270636195130495
7.0,5623.413251903526,15.4449041721234
7.5,5623.413251903526,15.565891870775872
8.0,5623.413251903526,15.646924062308855
8.5,5623.413251903526,15.699311328172229
9.0,5623.413251903526,15.73201969913532
9.5,5623.413251903526,15.751750049147251
10.0,5623.413251903526,15.763252832097994
10.5,5623.413251903526,15.769736047046425
11.0,5623.413251903526,15.773269555967278
11.5,5623.413251903526,15.775132261820755
12.0,5623.413251903526,15.776082180517776
12.5,5623.413251903526,15.7765508904726
13.0,5623.413251903526,15.776774690647201
13.5,5623.413251903526,15.776878112141308
14.0,5623.413251903526,15.776924372051056
14.5,5623.413251903526,15.776944402305828
15.0,5623.413251903526,15.776952798750617
15.5,5623.413251903526,15.776956206496918
16.0,5623.413251903526,15.776957545661809
16.5,5623.413251903526,15.776958055256552
17.0,5623.413251903526,15.77695824304391
17.5,5623.413251903526,15.776958310060511
18.0,5623.413251903526,15.776958333223526
18.5,5623.413251903526,15.776958340977503
19.0,5623.413251903526,15.776958343491643
19.5,5623.413251903526,15.776958344281242
20.0,5623.413251903526,15.776958344521454
21.0,5623.413251903526,15.77695834461245
22.0,5623.413251903526,15.776958344619535
23.0,5623.413251903526,15.77695834462002
24.0,5623.413251903526,15.77695834462005
25.0,5623.413251903526,15.776958344620052
26.0,5623.413251903526,15.776958344620052
27.0,5623.413251903526,15.776958344620052
28.0,5623.413251903526,15.776958344620052
29.0,5623.413251903526,15.776958344620052
30.0,5623.413251903526,15.776958344620052
31.0,5623.413251903526,15.776958344620052
32.0,5623.413251903526,15.776958344620052
33.0,5623.413251903526,15.776958344620052
34.0,5623.413251903526,15.776958344620052
35.0,5623.413251903526,15.776958344620052
36.0,5623.413251903526,15.776958344620052
37.0,5623.413251903526,15.776958344620052
38.0,5623.413251903526,15.776958344620052
39.0,5623.413251903526,15.776958344620052
40.0,5623.413251903526,15.776958344620052
41.0,5623.413251903526,15.776958344620052
42.0,5623.413251903526,15.776958344620052
43.0,5623.413251903526,15.776958344620052
44.0,5623.413251903526,15.776958344620052
45.0,5623.413251903526,15.776958344620052
46.0,5623.413251903526,15.776958344620052
47.0,5623.413251903526,15.776958344620052
48.0,5623.413251903526,15.776958344620052
49.0,5623.413251903526,15.776958344620052
50.0,5623.413251903526,15.776958344620052
51.0,5623.413251903526,15.776958344620052
52.0,5623.413251903526,15.776958344620052
53.0,5623.413251903526,15.776958344620052
54.0,5623.413251903526,15.776958344620052
55.0,5623.413251903526,15.776958344620052
56.0,5623.413251903526,15.776958344620052
57.0,5623.413251903526,15.776958344620052
58.0,5623.413251903526,15.776958344620052
59.0,5623.413251903526,15.776958344620052
60.0,5623.413251903526,15.776958344620052
61.0,5623.413251903526,15.776958344620052
62.0,5623.413251903526,15.776958344620052
63.0,5623.413251903526,15.776958344620052
64.0,5623.413251903526,15.776958344620052
65.0,5623.413251903526,15.776958344620052
66.0,5623.413251903526,15.776958344620052
67.0,5623.413251903526,15.776958344620052
68.0,5623.413251903526,15.776958344620052
69.0,5623.413251903526,15.776958344620052
70.0,5623.413251903526,15.776958344620052
71.0,5623.413251903526,15.776958344620052
72.0,5623.413251903526,15.776958344620052
73.0,5623.413251903526,15.776958344620052
74.0,5623.413251903526,15.776958344620052
75.0,5623.413251903526,15.776958344620052
76.0,5623.413251903526,15.776958344620052
77.0,5623.413251903526,15.776958344620052
78.0,5623.413251903526,15.776958344620052
79.0,5623.413251903526,15.776958344620052
80.0,5623.413251903526,15.776958344620052
81.0,5623.413251903526,15.776958344620052
82.0,5623.413251903526,15.776958344620052
83.0,5623.413251903526,15.776958344620052
84.0,5623.413251903526,15.776958344620052
85.0,5623.413251903526,15.776958344620052
86.0,5623.413251903526,15.776958344620052
87.0,5623.413251903526,15.776958344620052
88.0,5623.413251903526,15.776958344620052
89.0,5623.413251903526,15.776958344620052
90.0,5623.413251903526,15.776958344620052
91.0,5623.413251903526,15.776958344620052
92.0,5623.413251903526,15.776958344620052
93.0,5623.413251903526,15.776958344620052
94.0,5623.413251903526,15.776958344620052
95.0,5623.413251903526,15.776958344620052
96.0,5623.413251903526,15.776958344620052
97.0,5623.413251903526,15.776958344620052
98.0,5623.413251903526,15.776958344620052
99.0,5623.413251903526,15.776958344620052
100.0,5623.413251903526,15.776958344620052
-100.0,6309.573444801968,16.39471103868288
-99.0,6309.573444801968,16.39471103868288
-98.0,6309.573444801968,16.39471103868288
-97.0,6309.573444801968,16.39471103868288
-96.0,6309.573444801968,16.39471103868288
-95.0,6309.573444801968,16.39471103868288
-94.0,6309.573444801968,16.39471103868288
-93.0,6309.573444801968,16.39471103868288
-92.0,6309.573444801968,16.39471103868288
-91.0,6309.573444801968,16.39471103868288
-90.0,6309.573444801968,16.39471103868288
-89.0,6309.573444801968,16.39471103868288
-88.0,6309.573444801968,16.39471103868288
-87.0,6309.573444801968,16.39471103868288
-86.0,6309.573444801968,16.39471103868288
-85.0,6309.573444801968,16.39471103868288
-84.0,6309.573444801968,16.39471103868288
-83.0,6309.573444801968,16.39471103868288
-82.0,6309.573444801968,16.39471103868288
-81.0,6309.573444801968,16.39471103868288
-80.0,6309.573444801968,16.39471103868288
-79.0,6309.573444801968,16.39471103868288
-78.0,6309.573444801968,16.39471103868288
-77.0,6309.573444801968,16.39471103868288
-76.0,6309.573444801968,16.39471103868288
-75.0,6309.573444801968,16.39471103868288
-74.0,6309.573444801968,16.39471103868288
-73.0,6309.573444801968,16.39471103868288
-72.0,6309.573444801968,16.39471103868288
-71.0,6309.573444801968,16.39471103868288
-70.0,6309.573444801968,16.39471103868288
-69.0,6309.573444801968,16.39471103868288
-68.0,6309.573444801968,16.39471103868288
-67.0,6309.573444801968,16.39471103868288
-66.0,6309.573444801968,16.39471103868288
-65.0,6309.573444801968,16.39471103868288
-64.0,6309.573444801968,16.39471103868288
-63.0,6309.573444801968,16.39471103868288
-62.0,6309.573444801968,16.39471103868288
-61.0,6309.573444801968,16.39471103868288
-60.0,6309.573444801968,16.39471103868288
-59.0,6309.573444801968,16.39471103868288
-58.0,6309.573444801968,16.39471103868288
-57.0,6309.573444801968,16.39471103868288
-56.0,6309.573444801968,16.39471103868288
-55.0,6309.573444801968,16.39471103868288
-54.0,6309.573444801968,16.39471103868288
-53.0,6309.573444801968,16.39471103868288
-52.0,6309.573444801968,16.39471103868288
-51.0,6309.573444801968,16.39471103868288
-50.0,6309.573444801968,16.39471103868288
-49.0,6309.573444801968,16.39471103868288
-48.0,6309.573444801968,16.39471103868288
-47.0,6309.573444801968,16.39471103868288
-46.0,6309.573444801968,16.39471103868288
-45.0,6309.573444801968,16.39471103868288
-44.0,6309.573444801968,16.39471103868288
-43.0,6309.573444801968,16.39471103868288
-42.0,6309.573444801968,16.39471103868288
-41.0,6309.573444801968,16.39471103868288
-40.0,6309.573444801968,16.39471103868288
-39.0,6309.573444801968,16.39471103868288
-38.0,6309.573444801968,16.39471103868288
-37.0,6309.573444801968,16.39471103868288
-36.0,6309.573444801968,16.39471103868288
-35.0,6309.573444801968,16.39471103868288
-34.0,6309.573444801968,16.39471103868288
-33.0,6309.573444801968,16.39471103868288
-32.0,6309.573444801968,16.39471103868288
-31.0,6309.573444801968,16.39471103868288
-30.0,6309.573444801968,16.39471103868288
-29.0,6309.573444801968,16.39471103868288
-28.0,6309.573444801968,16.39471103868288
-27.0,6309.573444801968,16.39471103868288
-26.0,6309.573444801968,16.39471103868288
-25.0,6309.573444801968,16.39471103868288
-24.0,6309.573444801968,16.394711038682875
-23.0,6309.573444801968,16.394711038682846
-22.0,6309.573444801968,16.394711038682342
-21.0,6309.573444801968,16.394711038674977
-20.0,6309.573444801968,16.394711038580418
-19.5,6309.573444801968,16.394711038330804
-19.0,6309.573444801968,16.394711037510287
-18.5,6309.573444801968,16.394711034897703
-18.0,6309.573444801968,16.394711026840117
-17.5,6309.573444801968,16.394711002770144
-17.0,6309.573444801968,16.394710933129485
-16.5,6309.573444801968,16.394710737989243
-16.0,6309.573444801968,16.394710208441126
-15.5,6309.573444801968,16.394708816840733
-15.0,6309.573444801968,16.394705275662854
-14.5,6309.573444801968,16.394696550452135
-14.0,6309.573444801968,16.39467573590526
-13.5,6309.573444801968,16.394627664671475
-13.0,6309.573444801968,16.394520193670157
-12.5,6309.573444801968,16.394287630516168
-12.0,6309.573444801968,16.393800568048075
-11.5,6309.573444801968,16.392813454929833
-11.0,6309.573444801968,16.390877814133255
-10.5,6309.573444801968,16.387205949351426
-10.0,6309.573444801968,16.38046888170128
-9.5,6309.573444801968,16.36851570298972
-9.0,6309.573444801968,16.348012803757054
-8.5,6309.573444801968,16.31402372431775
-8.0,6309.573444801968,16.25958521550153
-7.5,6309.573444801968,16.175380178256983
-7.0,6309.573444801968,16.04965516109492
-6.5,6309.573444801968,15.868563656402648
-6.0,6309.573444801968,15.617115615006023
-5.5,6309.573444801968,15.280857021654915
-5.0,6309.573444801968,14.848277883440998
-4.5,6309.573444801968,14.313757774200747
-4.0,6309.573444801968,13.680636327897806
-3.5,6309.573444801968,12.963799128198318
-3.0,6309.573444801968,12.19106989386229
-2.5,6309.573444801968,11.40276366461651
-2.0,6309.573444801968,10.649014830862845
-1.5,6309.573444801968,9.984923731614032
-1.0,6309.573444801968,9.464078468826935
-0.5,6309.573444801968,9.13147046719044
0.0,6309.573444801968,9.017091071275583
0.5,6309.573444801968,9.13147046719044
1.0,6309.573444801968,9.464078468826935
1.5,6309.573444801968,9.984923731614032
2.0,6309.573444801968,10.649014830862845
2.5,6309.573444801968,11.40276366461651
3.0,6309.573444801968,12.19106989386229
3.5,6309.573444801968,12.963799128198318
4.0,6309.573444801968,13.680636327897806
4.5,6309.573444801968,14.313757774200747
5.0,6309.573444801968,14.848277883440998
5.5,6309.573444801968,15.280857021654915
6.0,6309.573444801968,15.617115615006023
6.5,6309.573444801968,15.868563656402648
7.0,6309.573444801968,16.04965516109492
7.5,6309.573444801968,16.175380178256983
8.0,6309.573444801968,16.25958521550153
8.5,6309.573444801968,16.31402372431775
9.0,6309.573444801968,16.348012803757054
9.5,6309.573444801968,16.36851570298972
10.0,6309.573444801968,16.38046888170128
10.5,6309.573444801968,16.387205949351426
11.0,6309.573444801968,16.390877814133255
11.5,6309.573444801968,16.392813454929833
12.0,6309.573444801968,16.393800568048075
12.5,6309.573444801968,16.394287630516168
13.0,6309.573444801968,16.394520193670157
13.5,6309.573444801968,16.394627664671475
14.0,6309.573444801968,16.39467573590526
14.5,6309.573444801968,16.394696550452135
15.0,6309.573444801968,16.394705275662854
15.5,6309.573444801968,16.394708816840733
16.0,6309.573444801968,16.394710208441126
16.5,6309.573444801968,16.394710737989243
17.0,6309.573444801968,16.394710933129485
17.5,6309.573444801968,16.394711002770144
18.0,6309.573444801968,16.394711026840117
18.5,6309.573444801968,16.394711034897703
19.0,6309.573444801968,16.394711037510287
19.5,6309.573444801968,16.394711038330804
20.0,6309.573444801968,16.394711038580418
21.0,6309.573444801968,16.394711038674977
22.0,6309.573444801968,16.394711038682342
23.0,6309.573444801968,16.394711038682846
24.0,6309.573444801968,16.394711038682875
25.0,6309.573444801968,16.39471103868288
26.0,6309.573444801968,16.39471103868288
27.0,6309.573444801968,16.39471103868288
28.0,6309.573444801968,16.39471103868288
29.0,6309.573444801968,16.39471103868288
30.0,6309.573444801968,16.39471103868288
31.0,6309.573444801968,16.39471103868288
32.0,6309.573444801968,16.39471103868288
33.0,6309.573444801968,16.39471103868288
34.0,6309.573444801968,16.39471103868288
35.0,6309.573444801968,16.39471103868288
36.0,6309.573444801968,16.39471103868288
37.0,6309.573444801968,16.39471103868288
38.0,6309.573444801968,16.39471103868288
39.0,6309.573444801968,16.39471103868288
40.0,6309.573444801968,16.39471103868288
41.0,6309.573444801968,16.39471103868288
42.0,6309.573444801968,16.39471103868288
43.0,6309.573444801968,16.39471103868288
44.0,6309.573444801968,16.39471103868288
45.0,6309.573444801968,16.39471103868288
46.0,6309.573444801968,16.39471103868288
47.0,6309.573444801968,16.39471103868288
48.0,6309.573444801968,16.39471103868288
49.0,6309.573444801968,16.39471103868288
50.0,6309.573444801968,16.39471103868288
51.0,6309.573444801968,16.39471103868288
52.0,6309.573444801968,16.39471103868288
53.0,6309.573444801968,16.39471103868288
54.0,6309.573444801968,16.39471103868288
55.0,6309.573444801968,16.39471103868288
56.0,6309.573444801968,16.39471103868288
57.0,6309.573444801968,16.39471103868288
58.0,6309.573444801968,16.39471103868288
59.0,6309.573444801968,16.39471103868288
60.0,6309.573444801968,16.39471103868288
61.0,6309.573444801968,16.39471103868288
62.0,6309.573444801968,16.39471103868288
63.0,6309.573444801968,16.39471103868288
64.0,6309.573444801968,16.39471103868288
65.0,6309.573444801968,16.39471103868288
66.0,6309.573444801968,16.39471103868288
67.0,6309.573444801968,16.39471103868288
68.0,6309.573444801968,16.39471103868288
69.0,6309.573444801968,16.39471103868288
70.0,6309.573444801968,16.39471103868288
71.0,6309.573444801968,16.39471103868288
72.0,6309.573444801968,16.39471103868288
73.0,6309.573444801968,16.39471103868288
74.0,6309.573444801968,16.39471103868288
75.0,6309.573444801968,16.39471103868288
76.0,6309.573444801968,16.39471103868288
77.0,6309.573444801968,16.39471103868288
78.0,6309.573444801968,16.39471103868288
79.0,6309.573444801968,16.39471103868288
80.0,6309.573444801968,16.39471103868288
81.0,6309.573444801968,16.39471103868288
82.0,6309.573444801968,16.39471103868288
83.0,6309.573444801968,16.39471103868288
84.0,6309.573444801968,16.39471103868288
85.0,6309.573444801968,16.39471103868288
86.0,6309.573444801968,16.39471103868288
87.0,6309.573444801968,16.39471103868288
88.0,6309.573444801968,16.39471103868288
89.0,6309.573444801968,16.39471103868288
90.0,6309.573444801968,16.39471103868288
91.0,6309.573444801968,16.39471103868288
92.0,6309.573444801968,16.39471103868288
93.0,6309.573444801968,16.39471103868288
94.0,6309.573444801968,16.39471103868288
95.0,6309.573444801968,16.39471103868288
96.0,6309.573444801968,16.39471103868288
97.0,6309.573444801968,16.39471103868288
98.0,6309.573444801968,16.39471103868288
99.0,6309.573444801968,16.39471103868288
100.0,6309.573444801968,16.39471103868288
-100.0,7079.457843841416,17.02584442749141
-99.0,7079.457843841416,17.02584442749141
-98.0,7079.457843841416,17.02584442749141
-97.0,7079.457843841416,17.02584442749141
-96.0,7079.457843841416,17.02584442749141
-95.0,7079.457843841416,17.02584442749141
-94.0,7079.457843841416,17.02584442749141
-93.0,7079.457843841416,17.02584442749141
-92.0,7079.457843841416,17.02584442749141
-91.0,7079.457843841416,17.02584442749141
-90.0,7079.457843841416,17.02584442749141
-89.0,7079.457843841416,17.02584442749141
-88.0,7079.457843841416,17.02584442749141
-87.0,7079.457843841416,17.02584442749141
-86.0,7079.457843841416,17.02584442749141
-85.0,7079.457843841416,17.02584442749141
-84.0,7079.457843841416,17.02584442749141
-83.0,7079.457843841416,17.02584442749141
-82.0,7079.457843841416,17.02584442749141
-81.0,7079.457843841416,17.02584442749141
-80.0,7079.457843841416,17.02584442749141
-79.0,7079.457843841416,17.02584442749141
-78.0,7079.457843841416,17.02584442749141
-77.0,7079.457843841416,17.02584442749141
-76.0,7079.457843841416,17.02584442749141
-75.0,7079.457843841416,17.02584442749141
-74.0,7079.457843841416,17.02584442749141
-73.0,7079.457843841416,17.02584442749141
-72.0,7079.457843841416,17.02584442749141
-71.0,7079.457843841416,17.02584442749141
-70.0,7079.457843841416,17.02584442749141
-69.0,7079.457843841416,17.02584442749141
-68.0,7079.457843841416,17.02584442749141
-67.0,7079.457843841416,17.02584442749141
-66.0,7079.457843841416,17.02584442749141
-65.0,7079.457843841416,17.02584442749141
-64.0,7079.457843841416,17.02584442749141
-63.0,7079.457843841416,17.02584442749141
-62.0,7079.457843841416,17.02584442749141
-61.0,7079.457843841416,17.02584442749141
-60.0,7079.457843841416,17.02584442749141
-59.0,7079.457843841416,17.02584442749141
-58.0,7079.457843841416,17.02584442749141
-57.0,7079.457843841416,17.02584442749141
-56.0,7079.457843841416,17.02584442749141
-55.0,7079.457843841416,17.02584442749141
-54.0,7079.457843841416,17.02584442749141
-53.0,7079.457843841416,17.02584442749141
-52.0,7079.457843841416,17.02584442749141
-51.0,7079.457843841416,17.02584442749141
-50.0,7079.457843841416,17.02584442749141
-49.0,7079.457843841416,17.02584442749141
-48.0,7079.457843841416,17.02584442749141
-47.0,7079.457843841416,17.02584442749141
-46.0,7079.457843841416,17.02584442749141
-45.0,7079.457843841416,17.02584442749141
-44.0,7079.457843841416,17.02584442749141
-43.0,7079.457843841416,17.02584442749141
-42.0,7079.457843841416,17.02584442749141
-41.0,7079.457843841416,17.02584442749141
-40.0,7079.457843841416,17.02584442749141
-39.0,7079.457843841416,17.02584442749141
-38.0,7079.457843841416,17.02584442749141
-37.0,7079.457843841416,17.02584442749141
-36.0,7079.457843841416,17.02584442749141
-35.0,7079.457843841416,17.02584442749141
-34.0,7079.457843841416,17.02584442749141
-33.0,7079.457843841416,17.02584442749141
-32.0,7079.457843841416,17.02584442749141
-31.0,7079.457843841416,17.02584442749141
-30.0,7079.457843841416,17.02584442749141
-29.0,7079.457843841416,17.02584442749141
-28.0,7079.457843841416,17.02584442749141
-27.0,7079.457843841416,17.02584442749141
-26.0,7079.457843841416,17.02584442749141
-25.0,7079.457843841416,17.02584442749141
-24.0,7079.457843841416,17.025844427491407
-23.0,7079.457843841416,17.025844427491375
-22.0,7079.457843841416,17.025844427490853
-21.0,7079.457843841416,17.025844427483204
-20.0,7079.457843841416,17.025844427385007
-19.5,7079.457843841416,17.025844427125783
-19.0,7079.457843841416,17.02584442627368
-18.5,7079.457843841416,17.02584442356052
-18.0,7079.457843841416,17.025844415192747
-17.5,7079.457843841416,17.025844390196177
-17.0,7079.457843841416,17.02584431787462
-16.5,7079.457843841416,17.025844115222224
-16.0,7079.457843841416,17.02584356528854
-15.5,7079.457843841416,17.02584212011688
-15.0,7079.457843841416,17.025838442617257
-14.5,7079.457843841416,17.025829381519447
-14.0,7079.457843841416,17.02580776569248
-13.5,7079.457843841416,17.02575784390088
-13.0,7079.457843841416,17.0256462356789
-12.5,7079.457843841416,17.025404719736954
-12.0,7079.457843841416,17.024898907235066
-11.5,7079.457843841416,17.023873794054126
-11.0,7079.457843841416,17.021863638523335
-10.5,7079.457843841416,17.0180504210542
-10.0,7079.457843841416,17.01105400218239
-9.5,7079.457843841416,16.998640672012872
-9.0,7079.457843841416,16.977348489929014
-8.5,7079.457843841416,16.94205096151257
-8.0,7079.457843841416,16.885516779252047
-7.5,7079.457843841416,16.798070171577525
-7.0,7079.457843841416,16.667505224272606
-6.5,7079.457843841416,16.47944239237785
-6.0,7079.457843841416,16.21831456741557
-5.5,7079.457843841416,15.869111310078807
-5.0,7079.457843841416,15.419879536952042
-4.5,7079.457843841416,14.864782457057345
-4.0,7079.457843841416,14.207288267435555
-3.5,7079.457843841416,13.462855589535632
-3.0,7079.457843841416,12.660379248395026
-2.5,7079.457843841416,11.84172625788527
-2.0,7079.457843841416,11.05896098982941
-1.5,7079.457843841416,10.369304934604395
-1.0,7079.457843841416,9.828409130214455
-0.5,7079.457843841416,9.482996998348256
0.0,7079.457843841416,9.364214435120276
0.5,7079.457843841416,9.482996998348256
1.0,7079.457843841416,9.828409130214455
1.5,7079.457843841416,10.369304934604395
2.0,7079.457843841416,11.05896098982941
2.5,7079.457843841416,11.84172625788527
3.0,7079.457843841416,12.660379248395026
3.5,7079.457843841416,13.462855589535632
4.0,7079.457843841416,14.207288267435555
4.5,7079.457843841416,14.864782457057345
5.0,7079.457843841416,15.419879536952042
5.5,7079.457843841416,15.869111310078807
6.0,7079.457843841416,16.21831456741557
6.5,7079.457843841416,16.47944239237785
7.0,7079.457843841416,16.667505224272606
7.5,7079.457843841416,16.798070171577525
8.0,7079.457843841416,16.885516779252047
8.5,7079.457843841416,16.94205096151257
9.0,7079.457843841416,16.977348489929014
9.5,7079.457843841416,16.998640672012872
10.0,7079.457843841416,17.01105400218239
10.5,7079.457843841416,17.0180504210542
11.0,7079.457843841416,17.021863638523335
11.5,7079.457843841416,17.023873794054126
12.0,7079.457843841416,17.024898907235066
12.5,7079.457843841416,17.025404719736954
13.0,7079.457843841416,17.0256462356789
13.5,7079.457843841416,17.02575784390088
14.0,7079.457843841416,17.02580776569248
14.5,7079.457843841416,17.025829381519447
15.0,7079.457843841416,17.025838442617257
15.5,7079.457843841416,17.02584212011688
16.0,7079.457843841416,17.02584356528854
16.5,7079.457843841416,17.025844115222224
17.0,7079.457843841416,17.02584431787462
17.5,7079.457843841416,17.025844390196177
18.0,7079.457843841416,17.025844415192747
18.5,7079.457843841416,17.02584442356052
19.0,7079.457843841416,17.02584442627368
19.5,7079.457843841416,17.025844427125783
20.0,7079.457843841416,17.025844427385007
21.0,7079.457843841416,17.025844427483204
22.0,7079.457843841416,17.025844427490853
23.0,7079.457843841416,17.025844427491375
24.0,7079.457843841416,17.025844427491407
25.0,7079.457843841416,17.02584442749141
26.0,7079.457843841416,17.02584442749141
27.0,7079.457843841416,17.02584442749141
28.0,7079.457843841416,17.02584442749141
29.0,7079.457843841416,17.02584442749141
30.0,7079.457843841416,17.02584442749141
31.0,7079.457843841416,17.02584442749141
32.0,7079.457843841416,17.02584442749141
33.0,7079.457843841416,17.02584442749141
34.0,7079.457843841416,17.02584442749141
35.0,7079.457843841416,17.02584442749141
36.0,7079.457843841416,17.02584442749141
37.0,7079.457843841416,17.02584442749141
38.0,7079.457843841416,17.02584442749141
39.0,7079.457843841416,17.02584442749141
40.0,7079.457843841416,17.02584442749141
41.0,7079.457843841416,17.02584442749141
42.0,7079.457843841416,17.02584442749141
43.0,7079.457843841416,17.02584442749141
44.0,7079.457843841416,17.02584442749141
45.0,7079.457843841416,17.02584442749141
46.0,7079.457843841416,17.02584442749141
47.0,7079.457843841416,17.02584442749141
48.0,7079.457843841416,17.02584442749141
49.0,7079.457843841416,17.02584442749141
50.0,7079.457843841416,17.02584442749141
51.0,7079.457843841416,17.02584442749141
52.0,7079.457843841416,17.02584442749141
53.0,7079.457843841416,17.02584442749141
54.0,7079.457843841416,17.02584442749141
55.0,7079.457843841416,17.02584442749141
56.0,7079.457843841416,17.02584442749141
57.0,7079.457843841416,17.02584442749141
58.0,7079.457843841416,17.02584442749141
59.0,7079.457843841416,17.02584442749141
60.0,7079.457843841416,17.02584442749141
61.0,7079.457843841416,17.02584442749141
62.0,7079.457843841416,17.02584442749141
63.0,7079.457843841416,17.02584442749141
64.0,7079.457843841416,17.02584442749141
65.0,7079.457843841416,17.02584442749141
66.0,7079.457843841416,17.02584442749141
67.0,7079.457843841416,17.02584442749141
68.0,7079.457843841416,17.02584442749141
69.0,7079.457843841416,17.02584442749141
70.0,7079.457843841416,17.02584442749141
71.0,7079.457843841416,17.02584442749141
72.0,7079.457843841416,17.02584442749141
73.0,7079.457843841416,17.02584442749141
74.0,7079.457843841416,17.02584442749141
75.0,7079.457843841416,17.02584442749141
76.0,7079.457843841416,17.02584442749141
77.0,7079.457843841416,17.02584442749141
78.0,7079.457843841416,17.02584442749141
79.0,7079.457843841416,17.02584442749141
80.0,7079.457843841416,17.02584442749141
81.0,7079.457843841416,17.02584442749141
82.0,7079.457843841416,17.02584442749141
83.0,7079.457843841416,17.02584442749141
84.0,7079.457843841416,17.02584442749141
85.0,7079.457843841416,17.02584442749141
86.0,7079.457843841416,17.02584442749141
87.0,7079.457843841416,17.02584442749141
88.0,7079.457843841416,17.02584442749141
89.0,7079.457843841416,17.02584442749141
90.0,7079.457843841416,17.02584442749141
91.0,7079.457843841416,17.02584442749141
92.0,7079.457843841416,17.02584442749141
93.0,7079.457843841416,17.02584442749141
94.0,7079.457843841416,17.02584442749141
95.0,7079.457843841416,17.02584442749141
96.0,7079.457843841416,17.02584442749141
97.0,7079.457843841416,17.02584442749141
98.0,7079.457843841416,17.02584442749141
99.0,7079.457843841416,17.02584442749141
100.0,7079.457843841416,17.02584442749141
-100.0,7943.282347242862,17.67040596349497
-99.0,7943.282347242862,17.67040596349497
-98.0,7943.282347242862,17.67040596349497
-97.0,7943.282347242862,17.67040596349497
-96.0,7943.282347242862,17.67040596349497
-95.0,7943.282347242862,17.67040596349497
-94.0,7943.282347242862,17.67040596349497
-93.0,7943.282347242862,17.67040596349497
-92.0,7943.282347242862,17.67040596349497
-91.0,7943.282347242862,17.67040596349497
-90.0,7943.282347242862,17.67040596349497
-89.0,7943.282347242862,17.67040596349497
-88.0,7943.282347242862,17.67040596349497
-87.0,7943.282347242862,17.67040596349497
-86.0,7943.282347242862,17.67040596349497
-85.0,7943.282347242862,17.67040596349497
-84.0,7943.282347242862,17.67040596349497
-83.0,7943.282347242862,17.67040596349497
-82.0,7943.282347242862,17.67040596349497
-81.0,7943.282347242862,17.67040596349497
-80.0,7943.282347242862,17.67040596349497
-79.0,7943.282347242862,17.67040596349497
-78.0,7943.282347242862,17.67040596349497
-77.0,7943.282347242862,17.67040596349497
-76.0,7943.282347242862,17.67040596349497
-75.0,7943.282347242862,17.67040596349497
-74.0,7943.282347242862,17.67040596349497
-73.0,7943.282347242862,17.67040596349497
-72.0,7943.282347242862,17.67040596349497
-71.0,7943.282347242862,17.67040596349497
-70.0,7943.282347242862,17.67040596349497
-69.0,7943.282347242862,17.67040596349497
-68.0,7943.282347242862,17.67040596349497
-67.0,7943.282347242862,17.67040596349497
-66.0,7943.282347242862,17.67040596349497
-65.0,7943.282347242862,17.67040596349497
-64.0,7943.282347242862,17.67040596349497
-63.0,7943.282347242862,17.67040596349497
-62.0,7943.282347242862,17.67040596349497
-61.0,7943.282347242862,17.67040596349497
-60.0,7943.282347242862,17.67040596349497
-59.0,7943.282347242862,17.67040596349497
-58.0,7943.282347242862,17.67040596349497
-57.0,7943.282347242862,17.67040596349497
-56.0,7943.282347242862,17.67040596349497
-55.0,7943.282347242862,17.67040596349497
-54.0,7943.282347242862,17.67040596349497
-53.0,7943.282347242862,17.67040596349497
-52.0,7943.282347242862,17.67040596349497
-51.0,7943.282347242862,17.67040596349497
-50.0,7943.282347242862,17.67040596349497
-49.0,7943.282347242862,17.67040596349497
-48.0,7943.282347242862,17.67040596349497
-47.0,7943.282347242862,17.67040596349497
-46.0,7943.282347242862,17.67040596349497
-45.0,7943.282347242862,17.67040596349497
-44.0,7943.282347242862,17.67040596349497
-43.0,7943.282347242862,17.67040596349497
-42.0,7943.282347242862,17.67040596349497
-41.0,7943.282347242862,17.67040596349497
-40.0,7943.282347242862,17.67040596349497
-39.0,7943.282347242862,17.67040596349497
-38.0,7943.282347242862,17.67040596349497
-37.0,7943.282347242862,17.67040596349497
-36.0,7943.282347242862,17.67040596349497
-35.0,7943.282347242862,17.67040596349497
-34.0,7943.282347242862,17.67040596349497
-33.0,7943.282347242862,17.67040596349497
-32.0,7943.282347242862,17.67040596349497
-31.0,7943.282347242862,17.67040596349497
-30.0,7943.282347242862,17.67040596349497
-29.0,7943.282347242862,17.67040596349497
-28.0,7943.282347242862,17.67040596349497
-27.0,7943.282347242862,17.67040596349497
-26.0,7943.282347242862,17.67040596349497
-25.0,7943.282347242862,17.67040596349497
-24.0,7943.282347242862,17.670405963494968
-23.0,7943.282347242862,17.670405963494936
-22.0,7943.282347242862,17.670405963494392
-21.0,7943.282347242862,17.670405963486456
-20.0,7943.282347242862,17.67040596338454
-19.5,7943.282347242862,17.6704059631155
-19.0,7943.282347242862,17.67040596223114
-18.5,7943.282347242862,17.670405959415266
-18.0,7943.282347242862,17.670405950730707
-17.5,7943.282347242862,17.67040592478782
-17.0,7943.282347242862,17.670405849728326
-16.5,7943.282347242862,17.670405639403953
-16.0,7943.282347242862,17.67040506865097
-15.5,7943.282347242862,17.670403568768247
-15.0,7943.282347242862,17.670399752046464
-14.5,7943.282347242862,17.67039034791515
-14.0,7943.282347242862,17.670367913759865
-13.5,7943.282347242862,17.67031610203753
-13.0,7943.282347242862,17.670200268570376
-12.5,7943.282347242862,17.669949609358788
-12.0,7943.282347242862,17.669424647892832
-11.5,7943.282347242862,17.668360726150627
-11.0,7943.282347242862,17.66627447049206
-10.5,7943.282347242862,17.662316892881517
-10.0,7943.282347242862,17.6550556047685
-9.5,7943.282347242862,17.642172332846894
-9.0,7943.282347242862,17.62007407493829
-8.5,7943.282347242862,17.583440258666634
-8.0,7943.282347242862,17.524765814904853
-7.5,7943.282347242862,17.434008668360967
-7.0,7943.282347242862,17.298500815384525
-6.5,7943.282347242862,17.103318332637357
-6.0,7943.282347242862,16.832304774684403
-5.5,7943.282347242862,16.46988143954856
-5.0,7943.282347242862,16.003642726005925
-4.5,7943.282347242862,15.427530874833847
-4.0,7943.282347242862,14.745145381489598
-3.5,7943.282347242862,13.972530097295937
-3.0,7943.282347242862,13.13967374268493
-2.5,7943.282347242862,12.29002832585153
-2.0,7943.282347242862,11.477629262793196
-1.5,7943.282347242862,10.761864325382447
-1.0,7943.282347242862,10.200491379199027
-0.5,7943.282347242862,9.842002693320008
0.0,7943.282347242862,9.718723279922235
0.5,7943.282347242862,9.842002693320008
1.0,7943.282347242862,10.200491379199027
1.5,7943.282347242862,10.761864325382447
2.0,7943.282347242862,11.477629262793196
2.5,7943.282347242862,12.29002832585153
3.0,7943.282347242862,13.13967374268493
3.5,7943.282347242862,13.972530097295937
4.0,7943.282347242862,14.745145381489598
4.5,7943.282347242862,15.427530874833847
5.0,7943.282347242862,16.003642726005925
5.5,7943.282347242862,16.46988143954856
6.0,7943.282347242862,16.832304774684403
6.5,7943.282347242862,17.103318332637357
7.0,7943.282347242862,17.298500815384525
7.5,7943.282347242862,17.434008668360967
8.0,7943.282347242862,17.524765814904853
8.5,7943.282347242862,17.583440258666634
9.0,7943.282347242862,17.62007407493829
9.5,7943.282347242862,17.642172332846894
10.0,7943.282347242862,17.6550556047685
10.5,7943.282347242862,17.662316892881517
11.0,7943.282347242862,17.66627447049206
11.5,7943.282347242862,17.668360726150627
12.0,7943.282347242862,17.669424647892832
12.5,7943.282347242862,17.669949609358788
13.0,7943.282347242862,17.670200268570376
13.5,7943.282347242862,17.67031610203753
14.0,7943.282347242862,17.670367913759865
14.5,7943.282347242862,17.67039034791515
15.0,7943.282347242862,17.670399752046464
15.5,7943.282347242862,17.670403568768247
16.0,7943.282347242862,17.67040506865097
16.5,7943.282347242862,17.670405639403953
17.0,7943.282347242862,17.670405849728326
17.5,7943.282347242862,17.67040592478782
18.0,7943.282347242862,17.670405950730707
18.5,7943.282347242862,17.670405959415266
19.0,7943.282347242862,17.67040596223114
19.5,7943.282347242862,17.6704059631155
20.0,7943.282347242862,17.67040596338454
21.0,7943.282347242862,17.670405963486456
22.0,7943.282347242862,17.670405963494392
23.0,7943.282347242862,17.670405963494936
24.0,7943.282347242862,17.670405963494968
25.0,7943.282347242862,17.67040596349497
26.0,7943.282347242862,17.67040596349497
27.0,7943.282347242862,17.67040596349497
28.0,7943.282347242862,17.67040596349497
29.0,7943.282347242862,17.67040596349497
30.0,7943.282347242862,17.67040596349497
31.0,7943.282347242862,17.67040596349497
32.0,7943.282347242862,17.67040596349497
33.0,7943.282347242862,17.67040596349497
34.0,7943.282347242862,17.67040596349497
35.0,7943.282347242862,17.67040596349497
36.0,7943.282347242862,17.67040596349497
37.0,7943.282347242862,17.67040596349497
38.0,7943.282347242862,17.67040596349497
39.0,7943.282347242862,17.67040596349497
40.0,7943.282347242862,17.67040596349497
41.0,7943.282347242862,17.67040596349497
42.0,7943.282347242862,17.67040596349497
43.0,7943.282347242862,17.67040596349497
44.0,7943.282347242862,17.67040596349497
45.0,7943.282347242862,17.67040596349497
46.0,7943.282347242862,17.67040596349497
47.0,7943.282347242862,17.67040596349497
48.0,7943.282347242862,17.67040596349497
49.0,7943.282347242862,17.67040596349497
50.0,7943.282347242862,17.67040596349497
51.0,7943.282347242862,17.67040596349497
52.0,7943.282347242862,17.67040596349497
53.0,7943.282347242862,17.67040596349497
54.0,7943.282347242862,17.67040596349497
55.0,7943.282347242862,17.67040596349497
56.0,7943.282347242862,17.67040596349497
57.0,7943.282347242862,17.67040596349497
58.0,7943.282347242862,17.67040596349497
59.0,7943.282347242862,17.67040596349497
60.0,7943.282347242862,17.67040596349497
61.0,7943.282347242862,17.67040596349497
62.0,7943.282347242862,17.67040596349497
63.0,7943.282347242862,17.67040596349497
64.0,7943.282347242862,17.67040596349497
65.0,7943.282347242862,17.67040596349497
66.0,7943.282347242862,17.67040596349497
67.0,7943.282347242862,17.67040596349497
68.0,7943.282347242862,17.67040596349497
69.0,7943.282347242862,17.67040596349497
70.0,7943.282347242862,17.67040596349497
71.0,7943.282347242862,17.67040596349497
72.0,7943.282347242862,17.67040596349497
73.0,7943.282347242862,17.67040596349497
74.0,7943.282347242862,17.67040596349497
75.0,7943.282347242862,17.67040596349497
76.0,7943.282347242862,17.67040596349497
77.0,7943.282347242862,17.67040596349497
78.0,7943.282347242862,17.67040596349497
79.0,7943.282347242862,17.67040596349497
80.0,7943.282347242862,17.67040596349497
81.0,7943.282347242862,17.67040596349497
82.0,7943.282347242862,17.67040596349497
83.0,7943.282347242862,17.67040596349497
84.0,7943.282347242862,17.67040596349497
85.0,7943.282347242862,17.67040596349497
86.0,7943.282347242862,17.67040596349497
87.0,7943.282347242862,17.67040596349497
88.0,7943.282347242862,17.67040596349497
89.0,7943.282347242862,17.67040596349497
90.0,7943.282347242862,17.67040596349497
91.0,7943.282347242862,17.67040596349497
92.0,7943.282347242862,17.67040596349497
93.0,7943.282347242862,17.67040596349497
94.0,7943.282347242862,17.67040596349497
95.0,7943.282347242862,17.67040596349497
96.0,7943.282347242862,17.67040596349497
97.0,7943.282347242862,17.67040596349497
98.0,7943.282347242862,17.67040596349497
99.0,7943.282347242862,17.67040596349497
100.0,7943.282347242862,17.67040596349497
-100.0,8912.509381337513,18.32844243768762
-99.0,8912.509381337513,18.32844243768762
-98.0,8912.509381337513,18.32844243768762
-97.0,8912.509381337513,18.32844243768762
-96.0,8912.509381337513,18.32844243768762
-95.0,8912.509381337513,18.32844243768762
-94.0,8912.509381337513,18.32844243768762
-93.0,8912.509381337513,18.32844243768762
-92.0,8912.509381337513,18.32844243768762
-91.0,8912.509381337513,18.32844243768762
-90.0,8912.509381337513,18.32844243768762
-89.0,8912.509381337513,18.32844243768762
-88.0,8912.509381337513,18.32844243768762
-87.0,8912.509381337513,18.32844243768762
-86.0,8912.509381337513,18.32844243768762
-85.0,8912.509381337513,18.32844243768762
-84.0,8912.509381337513,18.32844243768762
-83.0,8912.509381337513,18.32844243768762
-82.0,8912.509381337513,18.32844243768762
-81.0,8912.509381337513,18.32844243768762
-80.0,8912.509381337513,18.32844243768762
-79.0,8912.509381337513,18.32844243768762
-78.0,8912.509381337513,18.32844243768762
-77.0,8912.509381337513,18.32844243768762
-76.0,8912.509381337513,18.32844243768762
-75.0,8912.509381337513,18.32844243768762
-74.0,8912.509381337513,18.32844243768762
-73.0,8912.509381337513,18.32844243768762
-72.0,8912.509381337513,18.32844243768762
-71.0,8912.509381337513,18.32844243768762
-70.0,8912.509381337513,18.32844243768762
-69.0,8912.509381337513,18.32844243768762
-68.0,8912.509381337513,18.32844243768762
-67.0,8912.509381337513,18.32844243768762
-66.0,8912.509381337513,18.32844243768762
-65.0,8912.509381337513,18.32844243768762
-64.0,8912.509381337513,18.32844243768762
-63.0,8912.509381337513,18.32844243768762
-62.0,8912.509381337513,18.32844243768762
-61.0,8912.509381337513,18.32844243768762
-60.0,8912.509381337513,18.32844243768762
-59.0,8912.509381337513,18.32844243768762
-58.0,8912.509381337513,18.32844243768762
-57.0,8912.509381337513,18.32844243768762
-56.0,8912.509381337513,18.32844243768762
-55.0,8912.509381337513,18.32844243768762
-54.0,8912.509381337513,18.32844243768762
-53.0,8912.509381337513,18.32844243768762
-52.0,8912.509381337513,18.32844243768762
-51.0,8912.509381337513,18.32844243768762
-50.0,8912.509381337513,18.32844243768762
-49.0,8912.509381337513,18.32844243768762
-48.0,8912.509381337513,18.32844243768762
-47.0,8912.509381337513,18.32844243768762
-46.0,8912.509381337513,18.32844243768762
-45.0,8912.509381337513,18.32844243768762
-44.0,8912.509381337513,18.32844243768762
-43.0,8912.509381337513,18.32844243768762
-42.0,8912.509381337513,18.32844243768762
-41.0,8912.509381337513,18.32844243768762
-40.0,8912.509381337513,18.32844243768762
-39.0,8912.509381337513,18.32844243768762
-38.0,8912.509381337513,18.32844243768762
-37.0,8912.509381337513,18.32844243768762
-36.0,8912.509381337513,18.32844243768762
-35.0,8912.509381337513,18.32844243768762
-34.0,8912.509381337513,18.32844243768762
-33.0,8912.509381337513,18.32844243768762
-32.0,8912.509381337513,18.32844243768762
-31.0,8912.509381337513,18.32844243768762
-30.0,8912.509381337513,18.32844243768762
-29.0,8912.509381337513,18.32844243768762
-28.0,8912.509381337513,18.32844243768762
-27.0,8912.509381337513,18.32844243768762
-26.0,8912.509381337513,18.32844243768762
-25.0,8912.509381337513,18.32844243768762
-24.0,8912.509381337513,18.328442437687617
-23.0,8912.509381337513,18.328442437687585
-22.0,8912.509381337513,18.32844243768702
-21.0,8912.509381337513,18.32844243767879
-20.0,8912.509381337513,18.328442437573077
-19.5,8912.509381337513,18.32844243729402
-19.0,8912.509381337513,18.328442436376722
-18.5,8912.509381337513,18.32844243345599
-18.0,8912.509381337513,18.32844242444802
-17.5,8912.509381337513,18.328442397539035
-17.0,8912.509381337513,18.328442319684363
-16.5,8912.509381337513,18.328442101527624
-16.0,8912.509381337513,18.328441509520108
-15.5,8912.509381337513,18.328439953782553
-15.0,8912.509381337513,18.328435994928093
-14.5,8912.509381337513,18.32842624059195
-14.0,8912.509381337513,18.328402971000713
-13.5,8912.509381337513,18.328349229837528
-13.0,8912.509381337513,18.328229082793964
-12.5,8912.509381337513,18.3279690891673
-12.0,8912.509381337513,18.327424578416917
-11.5,8912.509381337513,18.326321036797644
-11.0,8912.509381337513,18.32415709009334
-10.5,8912.509381337513,18.3200521344077
-10.0,8912.509381337513,18.312520439806118
-9.5,8912.509381337513,18.299157401723576
-9.0,8912.509381337513,18.276236216500795
-8.5,8912.509381337513,18.238238176489997
-8.0,8912.509381337513,18.177378727800885
-7.5,8912.509381337513,18.083241833624548
-7.0,8912.509381337513,17.942687740624972
-6.5,8912.509381337513,17.74023676653491
-6.0,8912.509381337513,17.45913080852605
-5.5,8912.509381337513,17.08321102208566
-5.0,8912.509381337513,16.59960982803038
-4.5,8912.509381337513,16.00204387942166
-4.0,8912.509381337513,15.294246715003858
-3.5,8912.509381337513,14.492859650548416
-3.0,8912.509381337513,13.62898817040892
-2.5,8912.509381337513,12.747702412342726
-2.0,8912.509381337513,11.905050042359992
-1.5,8912.509381337513,11.162630401218186
-1.0,8912.509381337513,10.580352226542741
-0.5,8912.509381337513,10.208513613594638
0.0,8912.509381337513,10.080643340728193
0.5,8912.509381337513,10.208513613594638
1.0,8912.509381337513,10.580352226542741
1.5,8912.509381337513,11.162630401218186
2.0,8912.509381337513,11.905050042359992
2.5,8912.509381337513,12.747702412342726
3.0,8912.509381337513,13.62898817040892
3.5,8912.509381337513,14.492859650548416
4.0,8912.509381337513,15.294246715003858
4.5,8912.509381337513,16.00204387942166
5.0,8912.509381337513,16.59960982803038
5.5,8912.509381337513,17.08321102208566
6.0,8912.509381337513,17.45913080852605
6.5,8912.509381337513,17.74023676653491
7.0,8912.509381337513,17.942687740624972
7.5,8912.509381337513,18.083241833624548
8.0,8912.509381337513,18.177378727800885
8.5,8912.509381337513,18.238238176489997
9.0,8912.509381337513,18.276236216500795
9.5,8912.509381337513,18.299157401723576
10.0,8912.509381337513,18.312520439806118
10.5,8912.509381337513,18.3200521344077
11.0,8912.509381337513,18.32415709009334
11.5,8912.509381337513,18.326321036797644
12.0,8912.509381337513,18.327424578416917
12.5,8912.509381337513,18.3279690891673
13.0,8912.509381337513,18.328229082793964
13.5,8912.509381337513,18.328349229837528
14.0,8912.509381337513,18.328402971000713
14.5,8912.509381337513,18.32842624059195
15.0,8912.509381337513,18.328435994928093
15.5,8912.509381337513,18.328439953782553
16.0,8912.509381337513,18.328441509520108
16.5,8912.509381337513,18.328442101527624
17.0,8912.509381337513,18.328442319684363
17.5,8912.509381337513,18.328442397539035
18.0,8912.509381337513,18.32844242444802
18.5,8912.509381337513,18.32844243345599
19.0,8912.509381337513,18.328442436376722
19.5,8912.509381337513,18.32844243729402
20.0,8912.509381337513,18.328442437573077
21.0,8912.509381337513,18.32844243767879
22.0,8912.509381337513,18.32844243768702
23.0,8912.509381337513,18.328442437687585
24.0,8912.509381337513,18.328442437687617
25.0,8912.509381337513,18.32844243768762
26.0,8912.509381337513,18.32844243768762
27.0,8912.509381337513,18.32844243768762
28.0,8912.509381337513,18.32844243768762
29.0,8912.509381337513,18.32844243768762
30.0,8912.509381337513,18.32844243768762
31.0,8912.509381337513,18.32844243768762
32.0,8912.509381337513,18.32844243768762
33.0,8912.509381337513,18.32844243768762
34.0,8912.509381337513,18.32844243768762
35.0,8912.509381337513,18.32844243768762
36.0,8912.509381337513,18.32844243768762
37.0,8912.509381337513,18.32844243768762
38.0,8912.509381337513,18.32844243768762
39.0,8912.509381337513,18.32844243768762
40.0,8912.509381337513,18.32844243768762
41.0,8912.509381337513,18.32844243768762
42.0,8912.509381337513,18.32844243768762
43.0,8912.509381337513,18.32844243768762
44.0,8912.509381337513,18.32844243768762
45.0,8912.509381337513,18.32844243768762
46.0,8912.509381337513,18.32844243768762
47.0,8912.509381337513,18.32844243768762
48.0,8912.509381337513,18.32844243768762
49.0,8912.509381337513,18.32844243768762
50.0,8912.509381337513,18.32844243768762
51.0,8912.509381337513,18.32844243768762
52.0,8912.509381337513,18.32844243768762
53.0,8912.509381337513,18.32844243768762
54.0,8912.509381337513,18.32844243768762
55.0,8912.509381337513,18.32844243768762
56.0,8912.509381337513,18.32844243768762
57.0,8912.509381337513,18.32844243768762
58.0,8912.509381337513,18.32844243768762
59.0,8912.509381337513,18.32844243768762
60.0,8912.509381337513,18.32844243768762
61.0,8912.509381337513,18.32844243768762
62.0,8912.509381337513,18.32844243768762
63.0,8912.509381337513,18.32844243768762
64.0,8912.509381337513,18.32844243768762
65.0,8912.509381337513,18.32844243768762
66.0,8912.509381337513,18.32844243768762
67.0,8912.509381337513,18.32844243768762
68.0,8912.509381337513,18.32844243768762
69.0,8912.509381337513,18.32844243768762
70.0,8912.509381337513,18.32844243768762
71.0,8912.509381337513,18.32844243768762
72.0,8912.509381337513,18.32844243768762
73.0,8912.509381337513,18.32844243768762
74.0,8912.509381337513,18.32844243768762
75.0,8912.509381337513,18.32844243768762
76.0,8912.509381337513,18.32844243768762
77.0,8912.509381337513,18.32844243768762
78.0,8912.509381337513,18.32844243768762
79.0,8912.509381337513,18.32844243768762
80.0,8912.509381337513,18.32844243768762
81.0,8912.509381337513,18.32844243768762
82.0,8912.509381337513,18.32844243768762
83.0,8912.509381337513,18.32844243768762
84.0,8912.509381337513,18.32844243768762
85.0,8912.509381337513,18.32844243768762
86.0,8912.509381337513,18.32844243768762
87.0,8912.509381337513,18.32844243768762
88.0,8912.509381337513,18.32844243768762
89.0,8912.509381337513,18.32844243768762
90.0,8912.509381337513,18.32844243768762
91.0,8912.509381337513,18.32844243768762
92.0,8912.509381337513,18.32844243768762
93.0,8912.509381337513,18.32844243768762
94.0,8912.509381337513,18.32844243768762
95.0,8912.509381337513,18.32844243768762
96.0,8912.509381337513,18.32844243768762
97.0,8912.509381337513,18.32844243768762
98.0,8912.509381337513,18.32844243768762
99.0,8912.509381337513,18.32844243768762
100.0,8912.509381337513,18.32844243768762
-100.0,10000.000000000062,19.000000000000036
-99.0,10000.000000000062,19.000000000000036
-98.0,10000.000000000062,19.000000000000036
-97.0,10000.000000000062,19.000000000000036
-96.0,10000.000000000062,19.000000000000036
-95.0,10000.000000000062,19.000000000000036
-94.0,10000.000000000062,19.000000000000036
-93.0,10000.000000000062,19.000000000000036
-92.0,10000.000000000062,19.000000000000036
-91.0,10000.000000000062,19.000000000000036
-90.0,10000.000000000062,19.000000000000036
-89.0,10000.000000000062,19.000000000000036
-88.0,10000.000000000062,19.000000000000036
-87.0,10000.000000000062,19.000000000000036
-86.0,10000.000000000062,19.000000000000036
-85.0,10000.000000000062,19.000000000000036
-84.0,10000.000000000062,19.000000000000036
-83.0,10000.000000000062,19.000000000000036
-82.0,10000.000000000062,19.000000000000036
-81.0,10000.000000000062,19.000000000000036
-80.0,10000.000000000062,19.000000000000036
-79.0,10000.000000000062,19.000000000000036
-78.0,10000.000000000062,19.000000000000036
-77.0,10000.000000000062,19.000000000000036
-76.0,10000.000000000062,19.000000000000036
-75.0,10000.000000000062,19.000000000000036
-74.0,10000.000000000062,19.000000000000036
-73.0,10000.000000000062,19.000000000000036
-72.0,10000.000000000062,19.000000000000036
-71.0,10000.000000000062,19.000000000000036
-70.0,10000.000000000062,19.000000000000036
-69.0,10000.000000000062,19.000000000000036
-68.0,10000.000000000062,19.000000000000036
-67.0,10000.000000000062,19.000000000000036
-66.0,10000.000000000062,19.000000000000036
-65.0,10000.000000000062,19.000000000000036
-64.0,10000.000000000062,19.000000000000036
-63.0,10000.000000000062,19.000000000000036
-62.0,10000.000000000062,19.000000000000036
-61.0,10000.000000000062,19.000000000000036
-60.0,10000.000000000062,19.000000000000036
-59.0,10000.000000000062,19.000000000000036
-58.0,10000.000000000062,19.000000000000036
-57.0,10000.000000000062,19.000000000000036
-56.0,10000.000000000062,19.000000000000036
-55.0,10000.000000000062,19.000000000000036
-54.0,10000.000000000062,19.000000000000036
-53.0,10000.000000000062,19.000000000000036
-52.0,10000.000000000062,19.000000000000036
-51.0,10000.000000000062,19.000000000000036
-50.0,10000.000000000062,19.000000000000036
-49.0,10000.000000000062,19.000000000000036
-48.0,10000.000000000062,19.000000000000036
-47.0,10000.000000000062,19.000000000000036
-46.0,10000.000000000062,19.000000000000036
-45.0,10000.000000000062,19.000000000000036
-44.0,10000.000000000062,19.000000000000036
-43.0,10000.000000000062,19.000000000000036
-42.0,10000.000000000062,19.000000000000036
-41.0,10000.000000000062,19.000000000000036
-40.0,10000.000000000062,19.000000000000036
-39.0,10000.000000000062,19.000000000000036
-38.0,10000.000000000062,19.000000000000036
-37.0,10000.000000000062,19.000000000000036
-36.0,10000.000000000062,19.000000000000036
-35.0,10000.000000000062,19.000000000000036
-34.0,10000.000000000062,19.000000000000036
-33.0,10000.000000000062,19.000000000000036
-32.0,10000.000000000062,19.000000000000036
-31.0,10000.000000000062,19.000000000000036
-30.0,10000.000000000062,19.000000000000036
-29.0,10000.000000000062,19.000000000000036
-28.0,10000.000000000062,19.000000000000036
-27.0,10000.000000000062,19.000000000000036
-26.0,10000.000000000062,19.000000000000036
-25.0,10000.000000000062,19.000000000000036
-24.0,10000.000000000062,19.000000000000032
-23.0,10000.000000000062,18.999999999999996
-22.0,10000.000000000062,18.999999999999414
-21.0,10000.000000000062,18.99999999999088
-20.0,10000.000000000062,18.999999999881293
-19.5,10000.000000000062,18.999999999592013
-19.0,10000.000000000062,18.99999999864111
-18.5,10000.000000000062,18.999999995613358
-18.0,10000.000000000062,18.999999986275334
-17.5,10000.000000000062,18.9999999583804
-17.0,10000.000000000062,18.99999987767312
-16.5,10000.000000000062,18.999999651523073
-16.0,10000.000000000062,18.999999037824292
-15.5,10000.000000000062,18.99999742508422
-15.0,10000.000000000062,18.999993321176593
-14.5,10000.000000000062,18.999983209439748
-14.0,10000.000000000062,18.99995908724633
-13.5,10000.000000000062,18.999903376996865
-13.0,10000.000000000062,18.999778827743132
-12.5,10000.000000000062,18.999509307901313
-12.0,10000.000000000062,18.998944846175092
-11.5,10000.000000000062,18.99780087058429
-11.0,10000.000000000062,18.995557636467613
-10.5,10000.000000000062,18.99130227443713
-10.0,10000.000000000062,18.98349461713529
-9.5,10000.000000000062,18.969641954835613
-9.0,10000.000000000062,18.945880933095033
-8.5,10000.000000000062,18.906490637784366
-8.0,10000.000000000062,18.843401287501358
-7.5,10000.000000000062,18.745815199898377
-7.0,10000.000000000062,18.600111178617187
-6.5,10000.000000000062,18.390242362934202
-6.0,10000.000000000062,18.098836629996093
-5.5,10000.000000000062,17.709143072201964
-5.0,10000.000000000062,17.207822639858147
-4.5,10000.000000000062,16.58836176301791
-4.0,10000.000000000062,15.854630777984196
-3.5,10000.000000000062,15.023880741453848
-3.0,10000.000000000062,14.128356848550634
-2.5,10000.000000000062,13.21478061531724
-2.0,10000.000000000062,12.341253304739512
-1.5,10000.000000000062,11.57163126895271
-1.0,10000.000000000062,10.968018312944801
-0.5,10000.000000000062,10.582555463603779
0.0,10000.000000000062,10.45000000000002
0.5,10000.000000000062,10.582555463603779
1.0,10000.000000000062,10.968018312944801
1.5,10000.000000000062,11.57163126895271
2.0,10000.000000000062,12.341253304739512
2.5,10000.000000000062,13.21478061531724
3.0,10000.000000000062,14.128356848550634
3.5,10000.000000000062,15.023880741453848
4.0,10000.000000000062,15.854630777984196
4.5,10000.000000000062,16.58836176301791
5.0,10000.000000000062,17.207822639858147
5.5,10000.000000000062,17.709143072201964
6.0,10000.000000000062,18.098836629996093
6.5,10000.000000000062,18.390242362934202
7.0,10000.000000000062,18.600111178617187
7.5,10000.000000000062,18.745815199898377
8.0,10000.000000000062,18.843401287501358
8.5,10000.000000000062,18.906490637784366
9.0,10000.000000000062,18.945880933095033
9.5,10000.000000000062,18.969641954835613
10.0,10000.000000000062,18.98349461713529
10.5,10000.000000000062,18.99130227443713
11.0,10000.000000000062,18.995557636467613
11.5,10000.000000000062,18.99780087058429
12.0,10000.000000000062,18.998944846175092
12.5,10000.000000000062,18.999509307901313
13.0,10000.000000000062,18.999778827743132
13.5,10000.000000000062,18.999903376996865
14.0,10000.000000000062,18.99995908724633
14.5,10000.000000000062,18.999983209439748
15.0,10000.000000000062,18.999993321176593
15.5,10000.000000000062,18.99999742508422
16.0,10000.000000000062,18.999999037824292
16.5,10000.000000000062,18.999999651523073
17.0,10000.000000000062,18.99999987767312
17.5,10000.000000000062,18.9999999583804
18.0,10000.000000000062,18.999999986275334
18.5,10000.000000000062,18.999999995613358
19.0,10000.000000000062,18.99999999864111
19.5,10000.000000000062,18.999999999592013
20.0,10000.000000000062,18.999999999881293
21.0,10000.000000000062,18.99999999999088
22.0,10000.000000000062,18.999999999999414
23.0,10000.000000000062,18.999999999999996
24.0,10000.000000000062,19.000000000000032
25.0,10000.000000000062,19.000000000000036
26.0,10000.000000000062,19.000000000000036
27.0,10000.000000000062,19.000000000000036
28.0,10000.000000000062,19.000000000000036
29.0,10000.000000000062,19.000000000000036
30.0,10000.000000000062,19.000000000000036
31.0,10000.000000000062,19.000000000000036
32.0,10000.000000000062,19.000000000000036
33.0,10000.000000000062,19.000000000000036
34.0,10000.000000000062,19.000000000000036
35.0,10000.000000000062,19.000000000000036
36.0,10000.000000000062,19.000000000000036
37.0,10000.000000000062,19.000000000000036
38.0,10000.000000000062,19.000000000000036
39.0,10000.000000000062,19.000000000000036
40.0,10000.000000000062,19.000000000000036
41.0,10000.000000000062,19.000000000000036
42.0,10000.000000000062,19.000000000000036
43.0,10000.000000000062,19.000000000000036
44.0,10000.000000000062,19.000000000000036
45.0,10000.000000000062,19.000000000000036
46.0,10000.000000000062,19.000000000000036
47.0,10000.000000000062,19.000000000000036
48.0,10000.000000000062,19.000000000000036
49.0,10000.000000000062,19.000000000000036
50.0,10000.000000000062,19.000000000000036
51.0,10000.000000000062,19.000000000000036
52.0,10000.000000000062,19.000000000000036
53.0,10000.000000000062,19.000000000000036
54.0,10000.000000000062,19.000000000000036
55.0,10000.000000000062,19.000000000000036
56.0,10000.000000000062,19.000000000000036
57.0,10000.000000000062,19.000000000000036
58.0,10000.000000000062,19.000000000000036
59.0,10000.000000000062,19.000000000000036
60.0,10000.000000000062,19.000000000000036
61.0,10000.000000000062,19.000000000000036
62.0,10000.000000000062,19.000000000000036
63.0,10000.000000000062,19.000000000000036
64.0,10000.000000000062,19.000000000000036
65.0,10000.000000000062,19.000000000000036
66.0,10000.000000000062,19.000000000000036
67.0,10000.000000000062,19.000000000000036
68.0,10000.000000000062,19.000000000000036
69.0,10000.000000000062,19.000000000000036
70.0,10000.000000000062,19.000000000000036
71.0,10000.000000000062,19.000000000000036
72.0,10000.000000000062,19.000000000000036
73.0,10000.000000000062,19.000000000000036
74.0,10000.000000000062,19.000000000000036
75.0,10000.000000000062,19.000000000000036
76.0,10000.000000000062,19.000000000000036
77.0,10000.000000000062,19.000000000000036
78.0,10000.000000000062,19.000000000000036
79.0,10000.000000000062,19.000000000000036
80.0,10000.000000000062,19.000000000000036
81.0,10000.000000000062,19.000000000000036
82.0,10000.000000000062,19.000000000000036
83.0,10000.000000000062,19.000000000000036
84.0,10000.000000000062,19.000000000000036
85.0,10000.000000000062,19.000000000000036
86.0,10000.000000000062,19.000000000000036
87.0,10000.000000000062,19.000000000000036
88.0,10000.000000000062,19.000000000000036
89.0,10000.000000000062,19.000000000000036
90.0,10000.000000000062,19.000000000000036
91.0,10000.000000000062,19.000000000000036
92.0,10000.000000000062,19.000000000000036
93.0,10000.000000000062,19.000000000000036
94.0,10000.000000000062,19.000000000000036
95.0,10000.000000000062,19.000000000000036
96.0,10000.000000000062,19.000000000000036
97.0,10000.000000000062,19.000000000000036
98.0,10000.000000000062,19.000000000000036
99.0,10000.000000000062,19.000000000000036
100.0,10000.000000000062,19.000000000000036
